老磊,家阿贸府樊(沛/老),ph,bod,cod,ss,tn,tp
20260909,null,null,null,null,null,null,null
20260908,null,null,null,null,null,null,null
20260907,null,null,null,null,null,null,null
20260906,null,null,null,null,null,null,null
20260905,null,null,null,null,null,null,null
20260904,null,null,null,null,null,null,null
20260903,null,null,null,null,null,null,null
20260902,null,null,null,null,null,null,null
20260901,null,null,null,null,null,null,null
20260831,null,null,null,null,null,null,null
20260830,null,null,null,null,null,null,null
20260829,null,null,null,null,null,null,null
20260828,null,null,null,null,null,null,null
20260827,null,null,null,null,null,null,null
20260826,null,null,null,null,null,null,null
20260825,null,null,null,null,null,null,null
20260824,null,null,null,null,null,null,null
20260823,null,null,null,null,null,null,null
20260822,null,null,null,null,null,null,null
20260821,null,null,null,null,null,null,null
20260820,null,null,null,null,null,null,null
20260819,null,null,null,null,null,null,null
20260818,null,null,null,null,null,null,null
20260817,null,null,null,null,null,null,null
20260816,null,null,null,null,null,null,null
20260815,null,null,null,null,null,null,null
20260814,null,null,null,null,null,null,null
20260813,null,null,null,null,null,null,null
20260812,null,null,null,null,null,null,null
20260811,null,null,null,null,null,null,null
20260810,null,null,null,null,null,null,null
20260809,null,null,null,null,null,null,null
20260808,null,null,null,null,null,null,null
20260807,null,null,null,null,null,null,null
20260806,null,null,null,null,null,null,null
20260805,null,null,null,null,null,null,null
20260804,null,null,null,null,null,null,null
20260803,null,null,null,null,null,null,null
20260802,null,null,null,null,null,null,null
20260801,null,null,null,null,null,null,null
20260731,null,null,null,null,null,null,null
20260730,null,null,null,null,null,null,null
20260729,null,null,null,null,null,null,null
20260728,null,null,null,null,null,null,null
20260727,null,null,null,null,null,null,null
20260726,null,null,null,null,null,null,null
20260725,null,null,null,null,null,null,null
20260724,null,null,null,null,null,null,null
20260723,null,null,null,null,null,null,null
20260722,null,null,null,null,null,null,null
20260721,null,null,null,null,null,null,null
20260720,null,null,null,null,null,null,null
20260719,null,null,null,null,null,null,null
20260718,null,null,null,null,null,null,null
20260717,null,null,null,null,null,null,null
20260716,null,null,null,null,null,null,null
20260715,null,null,null,null,null,null,null
20260714,null,null,null,null,null,null,null
20260713,null,null,null,null,null,null,null
20260712,null,null,null,null,null,null,null
20260711,null,null,null,null,null,null,null
20260710,null,null,null,null,null,null,null
20260709,null,null,null,null,null,null,null
20260708,null,null,null,null,null,null,null
20260707,null,null,null,null,null,null,null
20260706,null,null,null,null,null,null,null
20260705,null,null,null,null,null,null,null
20260704,null,null,null,null,null,null,null
20260703,null,null,null,null,null,null,null
20260702,null,null,null,null,null,null,null
20260701,null,null,null,null,null,null,null
20260630,null,null,null,null,null,null,null
20260629,null,null,null,null,null,null,null
20260628,null,null,null,null,null,null,null
20260627,null,null,null,null,null,null,null
20260626,null,null,null,null,null,null,null
20260625,null,null,null,null,null,null,null
20260624,null,null,null,null,null,null,null
20260623,null,null,null,null,null,null,null
20260622,null,null,null,null,null,null,null
20260621,null,null,null,null,null,null,null
20260620,null,null,null,null,null,null,null
20260619,null,null,null,null,null,null,null
20260618,null,null,null,null,null,null,null
20260617,null,null,null,null,null,null,null
20260616,null,null,null,null,null,null,null
20260615,null,null,null,null,null,null,null
20260614,null,null,null,null,null,null,null
20260613,null,null,null,null,null,null,null
20260612,null,null,null,null,null,null,null
20260611,null,null,null,null,null,null,null
20260610,null,null,null,null,null,null,null
20260609,null,null,null,null,null,null,null
20260608,null,null,null,null,null,null,null
20260607,null,null,null,null,null,null,null
20260606,null,null,null,null,null,null,null
20260605,null,null,null,null,null,null,null
20260604,null,null,null,null,null,null,null
20260603,null,null,null,null,null,null,null
20260602,null,null,null,null,null,null,null
20260601,null,null,null,null,null,null,null
20260531,null,null,null,null,null,null,null
20260530,null,null,null,null,null,null,null
20260529,null,null,null,null,null,null,null
20260528,null,null,null,null,null,null,null
20260527,null,null,null,null,null,null,null
20260526,null,null,null,null,null,null,null
20260525,null,null,null,null,null,null,null
20260524,null,null,null,null,null,null,null
20260523,null,null,null,null,null,null,null
20260522,null,null,null,null,null,null,null
20260521,null,null,null,null,null,null,null
20260520,null,null,null,null,null,null,null
20260519,null,null,null,null,null,null,null
20260518,null,null,null,null,null,null,null
20260517,null,null,null,null,null,null,null
20260516,null,null,null,null,null,null,null
20260515,null,null,null,null,null,null,null
20260514,null,null,null,null,null,null,null
20260513,null,null,null,null,null,null,null
20260512,null,null,null,null,null,null,null
20260511,null,null,null,null,null,null,null
20260510,null,null,null,null,null,null,null
20260509,null,null,null,null,null,null,null
20260508,null,null,null,null,null,null,null
20260507,null,null,null,null,null,null,null
20260506,null,null,null,null,null,null,null
20260505,null,null,null,null,null,null,null
20260504,null,null,null,null,null,null,null
20260503,null,null,null,null,null,null,null
20260502,null,null,null,null,null,null,null
20260501,null,null,null,null,null,null,null
20260430,null,null,null,null,null,null,null
20260429,null,null,null,null,null,null,null
20260428,null,null,null,null,null,null,null
20260427,null,null,null,null,null,null,null
20260426,null,null,null,null,null,null,null
20260425,null,null,null,null,null,null,null
20260424,null,null,null,null,null,null,null
20260423,null,null,null,null,null,null,null
20260422,null,null,null,null,null,null,null
20260421,null,null,null,null,null,null,null
20260420,null,null,null,null,null,null,null
20260419,null,null,null,null,null,null,null
20260418,null,null,null,null,null,null,null
20260417,null,null,null,null,null,null,null
20260416,null,null,null,null,null,null,null
20260415,null,null,null,null,null,null,null
20260414,null,null,null,null,null,null,null
20260413,null,null,null,null,null,null,null
20260412,null,null,null,null,null,null,null
20260411,null,null,null,null,null,null,null
20260410,null,null,null,null,null,null,null
20260409,null,null,null,null,null,null,null
20260408,null,null,null,null,null,null,null
20260407,null,null,null,null,null,null,null
20260406,null,null,null,null,null,null,null
20260405,null,null,null,null,null,null,null
20260404,null,null,null,null,null,null,null
20260403,null,null,null,null,null,null,null
20260402,null,null,null,null,null,null,null
20260401,null,null,null,null,null,null,null
20260331,null,null,null,null,null,null,null
20260330,null,null,null,null,null,null,null
20260329,null,null,null,null,null,null,null
20260328,null,null,null,null,null,null,null
20260327,null,null,null,null,null,null,null
20260326,null,null,null,null,null,null,null
20260325,null,null,null,null,null,null,null
20260324,null,null,null,null,null,null,null
20260323,null,null,null,null,null,null,null
20260322,null,null,null,null,null,null,null
20260321,null,null,null,null,null,null,null
20260320,null,null,null,null,null,null,null
20260319,null,null,null,null,null,null,null
20260318,null,null,null,null,null,null,null
20260317,null,null,null,null,null,null,null
20260316,null,null,null,null,null,null,null
20260315,null,null,null,null,null,null,null
20260314,null,null,null,null,null,null,null
20260313,null,null,null,null,null,null,null
20260312,null,null,null,null,null,null,null
20260311,null,null,null,null,null,null,null
20260310,null,null,null,null,null,null,null
20260309,null,null,null,null,null,null,null
20260308,null,null,null,null,null,null,null
20260307,null,null,null,null,null,null,null
20260306,null,null,null,null,null,null,null
20260305,null,null,null,null,null,null,null
20260304,null,null,null,null,null,null,null
20260303,null,null,null,null,null,null,null
20260302,null,null,null,null,null,null,null
20260301,null,null,null,null,null,null,null
20260228,null,null,null,null,null,null,null
20260227,null,null,null,null,null,null,null
20260226,null,null,null,null,null,null,null
20260225,null,null,null,null,null,null,null
20260224,null,null,null,null,null,null,null
20260223,null,null,null,null,null,null,null
20260222,null,null,null,null,null,null,null
20260221,null,null,null,null,null,null,null
20260220,null,null,null,null,null,null,null
20260219,null,null,null,null,null,null,null
20260218,null,null,null,null,null,null,null
20260217,null,null,null,null,null,null,null
20260216,null,null,null,null,null,null,null
20260215,null,null,null,null,null,null,null
20260214,null,null,null,null,null,null,null
20260213,null,null,null,null,null,null,null
20260212,null,null,null,null,null,null,null
20260211,null,null,null,null,null,null,null
20260210,null,null,null,null,null,null,null
20260209,null,null,null,null,null,null,null
20260208,null,null,null,null,null,null,null
20260207,null,null,null,null,null,null,null
20260206,null,null,null,null,null,null,null
20260205,null,null,null,null,null,null,null
20260204,null,null,null,null,null,null,null
20260203,null,null,null,null,null,null,null
20260202,null,null,null,null,null,null,null
20260201,null,null,null,null,null,null,null
20260131,null,null,null,null,null,null,null
20260130,null,6.8,null,7.7,2.7,8.430,1.080
20260129,27290,7,7.3,7.1,2.5,8.439,.763
20260128,28230,6.8,8,7,2.6,8.228,.743
20260127,28700,6.7,5.9,7.1,2.7,8.731,.670
20260126,29770,6.7,7.1,7,3,8.015,.924
20260125,30330,6.8,6.8,6.9,2.6,8.257,.959
20260124,29790,6.7,5.9,7.2,2.5,8.931,.677
20260123,29400,6.8,7,7.8,2.8,8.614,.828
20260122,29300,6.8,4.7,7.6,2.6,7.327,.947
20260121,29160,6.8,6.8,7.2,2.5,7.8,.753
20260120,29930,6.9,4.1,7.3,2.5,8.035,.963
20260119,30770,6.7,6.1,7.4,2.4,8.676,.852
20260118,30980,6.7,8.6,7.9,2.6,8.025,.723
20260117,30870,6.7,5.1,7.2,2.4,8.123,.992
20260116,29860,6.7,6.2,7.5,2.7,8.147,0.916
20260115,28740,6.8,6.5,6.7,5.7,9.153,.482
20260114,28570,6.8,5.6,7,2.7,8.871,.840
20260113,28500,6.9,4.2,7,4.7,9.367,.945
20260112,29590,6.8,7.5,7.4,3.8,7.969,.841
20260111,29560,6.7,7.7,7.2,3.3,6.943,.540
20260110,29930,6.8,4.6,7.1,3.3,7.857,.662
20260109,30020,6.7,6.2,6.8,2.8,7.803,.757
20260108,30520,6.8,4.3,7.1,3.2,12.489,.736
20260107,32050,6.7,4.2,6.6,3.1,11.473,.284
20260106,32450,6.7,2.7,6.4,3.4,7.271,.318
20260105,32330,6.7,5.4,6.5,3.1,8.635,.833
20260104,32460,6.7,4.9,6.6,3.2,8.278,.880
20260103,30720,6.9,4.5,6.1,2.9,8.150,.446
20260102,30840,6.7,6.8,6.5,2.8,8.587,.519
20260101,30420,6.9,4.6,6.3,2.7,7.234,.175
20251231,30660,6.8,6.8,6.4,2.7,6.998,.731
20251230,30380,6.8,3.8,6.4,2.6,8.537,.643
20251229,30260,6.8,7.6,6.6,2.6,8.584,1.089
20251228,29990,6.9,6.9,6.5,2.7,7.038,.560
20251227,29720,6.8,3.8,6.5,2.7,7.292,.688
20251226,29480,6.9,5.3,6.5,2.6,7.854,0.962
20251225,30950,6.9,5.4,5.5,2.5,4.760,0
20251224,47060,6.8,4.7,7,3.1,7.665,.832
20251223,30590,6.7,4.6,6.9,2.5,8.597,.997
20251222,30850,6.8,3.,7,2.7,6.925,.381
20251221,31390,6.7,3.8,6.4,2.3,6.850,.243
20251220,30700,6.7,4.3,6.5,2.5,7.325,.709
20251219,29930,6.7,5.6,6.4,2.5,6.912,.702
20251218,30410,6.7,3.7,6.6,2.7,6.609,.589
20251217,29990,6.7,4,6.5,2.5,6.898,.585
20251216,29560,6.9,4.2,6.3,2.6,6.990,.612
20251215,30220,6.8,5.5,6.8,2.7,7.361,.810
20251214,30110,6.6,8.1,6.6,2.6,7.340,.709
20251213,30320,6.6,2.1,6.6,2.6,6.326,.431
20251212,29880,6.6,4.2,6.8,2.6,6.179,.346
20251211,30210,6.6,5.7,6.2,2.8,7.141,.910
20251210,30090,6.7,6.1,6.1,2.9,6.123,.568
20251209,29810,6.7,4.6,6.3,2.9,6.291,.571
20251208,30830,6.7,6.2,6.2,2.8,6.841,.887
20251207,31280,6.7,7.7,6.3,2.9,6.297,.656
20251206,31760,6.6,5.9,6.1,2.6,6.333,.779
20251205,29340,6.6,5.6,6.2,2.7,5.967,.463
20251204,31170,6.6,4.2,6.8,2.4,5.729,.5
20251203,30960,6.6,7.9,7.2,2.5,5.4,.518
20251202,31730,6.7,3.6,6.7,2.4,5.987,.325
20251201,31650,6.7,5.2,6.8,2.6,5.868,.801
20251130,31380,6.7,5.8,6.6,2.8,5.623,.719
20251129,31460,6.8,3.3,6.4,2.5,5.757,.511
20251128,32630,6.7,3.9,6.3,2.7,6.161,.208
20251127,31240,6.8,3.7,6.4,2.4,6.110,.490
20251126,32790,6.8,4.3,5.9,2.5,6.163,.689
20251125,31840,6.6,4.2,5.9,2.7,6.062,.563
20251124,31890,6.6,3.8,6,2.9,6.351,.848
20251123,31330,6,6.2,5.8,2.4,7.214,.933
20251122,31640,6.7,2.1,5.8,2.2,7.018,.760
20251121,32630,6.7,3.1,5.9,2.5,6.654,.695
20251120,33680,6.6,2.9,6.0,2.3,6.925,.293
20251119,31420,6.7,2.6,6.1,2.2,7.388,.099
20251118,287120,6.5,2.2,6.1,2.3,7.688,.776
20251117,32830,6.5,3.7,5.7,2.2,6.794,.630
20251116,31340,6.3,4.2,5.8,2.1,6.473,.686
20251115,31390,6.6,3.2,5.6,2.1,5.960,.420
20251114,32490,6.6,5.4,5.5,2.1,6.462,.457
20251113,32830,6.5,2.7,5.8,2.2,5.318,.189
20251112,33490,6.4,1.4,5.5,1.6,5.318,.189
20251111,35080,6.3,2.8,5.7,1.1,5.318,.189
20251110,33870,6.8,3.7,5.6,1.6,5.648,.269
20251109,51830,6.8,2.5,5.1,1.0,5.559,.159
20251108,37530,6.7,4.2,6.1,1.1,6.786,.508
20251107,31140,6.7,3.7,5.9,1.3,6.918,.559
20251106,31630,6.8,3.5,5.6,1.2,7.289,.580
20251105,33530,6.9,2.9,5.9,1.3,7.508,.757
20251104,33540,6.8,3.4,6,1,7.439,.767
20251103,34440,6.9,2.9,5.9,1,7.653,.592
20251102,34070,7.1,2.6,5.7,1,7.561,.651
20251101,33790,6.7,2.5,5.4,1,7.197,.623
20251031,33240,6.7,2.9,6,1.2,7.365,.661
20251030,34720,6.8,2.1,5.6,1.2,7.109,.688
20251029,34950,7,3.3,5.3,1,6.893,.667
20251028,34410,6.9,3.2,5.8,1,5.626,.690
20251027,34170,6.7,2.4,5.7,1,5.626,.671
20251026,33400,6.7,1.1,5.1,1,5.404,.902
20251025,34800,6.7,4.5,5,1,4.343,.771
20251024,45210,6.6,2.4,5.4,1,5.837,.845
20251023,35890,6.7,3.1,5.8,0.9,5.929,.513
20251022,36450,6.8,2.7,5.5,1,6.051,.727
20251021,35340,6.8,3.5,5.8,1,6.415,.592
20251020,35090,6.9,3.6,5.3,1.2,6.840,.935
20251019,35870,6.8,5.5,5.1,1,5.608,.626
20251018,44330,6.8,4.1,5.1,1,6.122,.637
20251017,35910,6.8,3.7,5,1.3,4.259,.858
20251016,49660,6.7,3,5.6,1.3,7.689,1.090
20251015,34630,6.9,5.8,5.7,1.7,6.719,.874
20251014,44210,6.8,3.3,5.7,2,8.584,.564
20251013,33560,6.7,4,5.9,2.1,8.107,.596
20251012,33740,6.8,1.3,5.5,1.4,7.747,.632
20251011,34920,6.8,3.2,5.4,1.5,7.651,.705
20251010,38310,6.8,.9,5.3,2.1,8.201,.878
20251009,33730,6.8,2.2,5.3,1.5,8.250,.580
20251008,35040,6.9,4.4,5.4,1.7,8.477,.403
20251007,37550,6.9,3.7,5.9,1.4,7.867,.157
20251006,38780,6.9,3.3,4.6,1.7,6.338,.767
20251005,41900,6.9,3.6,4.6,1.1,5.105,.868
20251004,56060,6.8,3.7,3.9,1.2,2.799,.428
20251003,52100,6.8,4.9,5.8,1.5,7.305,.653
20251002,32070,6.8,4,5.8,1.2,8.650,.864
20251001,32380,6.9,5.5,5.4,1.5,7.848,0.467
20250930,32270,6.8,5.7,5.3,1.4,8.253,0.804
20250929,32720,6.9,1.9,5.7,1.4,8.199,.614
20250928,34010,6.8,5.3,5.5,1.4,7.865,.701
20250927,32070,6.7,5.5,5.1,1.1,6.770,.550
20250926,33790,6.8,6.1,5.5,1.2,6.792,.826
20250925,34950,6.6,6.7,5.2,1.6,7.112,.681
20250924,35360,6.6,.1,5.0,1.7,7.034,.523
20250923,35860,6.6,4,5.3,1.6,7.744,1.084
20250922,33740,6.8,4.4,5,2.7,7.482,1.263
20250921,34770,6.8,1,4.7,1.2,5.632,.599
20250920,43850,6.6,2,5.1,1.8,7.783,.725
20250919,32380,6.8,3.6,4.8,1.1,7.784,.703
20250918,32070,6.8,2.3,5,1.3,7.220,.237
20250917,36350,6.6,3,4.8,1.3,8.008,.451
20250916,33150,6.6,2.8,4.6,1,7.781,.695
20250915,33770,6.7,2.8,4.4,1.1,7.546,.855
20250914,36230,6.7,4.4,4.4,1,4.670,1.052
20250913,47730,6.6,2.8,5.2,1.5,8.236,.649
20250912,33040,6.7,3,4.4,2.8,6.788,.647
20250911,32730,6.7,1.9,4.4,2.8,6.788,.647
20250910,33670,6.8,2.7,5.3,2.8,6.788,.647
20250909,37770,6.7,2.1,5.5,2.8,6.789,.647
20250908,34380,6.8,3,5.3,2.8,6.788,.647
20250907,33900,6.7,2.8,5,2.8,6.788,.647
20250906,33650,6.5,3.6,4.7,1.8,6.468,.439
20250905,33630,6.7,2.9,4.6,2.3,6.470,.555
20250904,34080,6.57,2.4,4.7,1.8,6.568,.459
20250903,34640,6.6,1.7,4.3,1.6,6.246,.755
20250902,33860,6.6,2.4,5.2,1.7,6.482,.656
20250901,40280,6.9,2.5,5.2,1.5,8,.673
20250831,32490,6.8,2,5.1,1.5,7.003,.677
20250830,32920,6.7,1.1,4.8,1.6,6.271,.510
20250829,34390,6.7,1.2,4.6,1.4,6.757,.617
20250828,34690,6.7,1,4.8,1.4,5.699,.898
20250827,34380,6.7,2.2,4.7,1.5,5.476,.601
20250826,33830,6.7,1.4,4.4,1.4,5.511,.622
20250825,35060,6.8,1.3,4.8,1.2,5.915,.605
20250824,34730,6.8,1.1,4.9,1.2,5.088,.634
20250823,35020,6.8,2.7,4.6,1.3,4.898,.404
20250822,35770,6.8,1.7,4.7,1.2,5.946,.953
20250821,36000,6.7,2.3,4.4,1.2,5.230,.615
20250820,36470,6.7,3.5,4.3,1.1,5.266,.517
20250819,36800,6.8,2.8,4.5,1.2,5.075,.816
20250818,37810,6.8,1.3,4.5,1.3,5.368,.731
20250817,37920,6.8,2.7,4.5,1.3,4.101,.728
20250816,40030,6.9,2.2.2,4.1,1.2,3.928,.73
20250815,42700,6.9,2.6,3.7,1.3,3.267,.613
20250814,49600,6.9,1.4,3.7,1.3,2.063,.826
20250813,65820,6.9,2.3,2.9,1.2,2.204,.784
20250812,73500,6.8,2.2,3.1,1.3,1.474,.598
20250811,52760,6.8,1.6,3.9,1.3,2.941,.98
20250810,59310,6.3,1.9,4.8,2.2,5.049,.419
20250809,42710,6.7,3.8,4.6,1.3,6.177,.803
20250808,35700,6.5,1.2,4.6,1.3,5.926,.835
20250807,35500,6.5,1.6,4.8,1.3,5.488,.679
20250806,40230,6.7,1.4,4.7,1.2,5.661,.917
20250805,39410,6.6,1.4,4.7,1.2,5.661,.917
20250804,44370,6.6,1.2,5.9,2.2,7.253,.459
20250803,39860,6.7,1.8,5.1,1.5,6.989,.823
20250802,36680,6.7,0.4,5.1,1.7,7.228,.507
20250801,35020,6.6,1.5,4.6,.4,7.093,.526
20250731,34210,6.7,0.5,5.1,1.4,8.741,.719
20250730,33930,6.7,1.8,5.1,1.5,7.983,.698
20250729,34630,6.7,1.3,4.8,1.4,7.197,.249
20250728,36510,6.6,2,4.7,1.3,7.413,.607
20250727,35650,6.5,1.3,4.7,1.3,6.151,.814
20250726,36840,6.7,1.0,4.7,1.3,7.609,.8
20250725,37810,6.7,0.7,5,1.4,7.448,.627
20250724,37080,6.6,1.1,4.3,1.3,6.658,.640
20250723,39170,6.7,1.1,4.5,1.4,5.235,.722
20250722,41620,6.9,1.5,4.3,1.5,5.543,.629
20250721,47470,6.7,.9,4.2,1.5,5.806,.727
20250720,61360,6.8,1.9,3.8,1.4,4.138,.765
20250719,65990,6.85,2.0,4.5,1.6,4.135,.493
20250718,54330,6.7,1,4,1.8,5.893,.517
20250717,39680,6.7,0.6,4.1,1.3,6.653,.792
20250716,43800,6.8,1.8,4.3,1.3,6.143,.642
20250715,57710,6.8,1.4,3.8,1.4,4.835,.267
20250714,74790,6.7,0.9,4.1,1.7,6.316,.275
20250713,43790,6.6,1.7,5.4,1.4,9.072,.631
20250712,33540,6.6,2.2,5.3,1.4,9.017,.644
20250711,33800,6.5,1.3,5.1,1.8,9.689,.455
20250710,34080,6.7,1,5.0,1.5,9.045,.761
20250709,34320,6.7,1.1,4.6,1.5,6.961,.521
20250708,34050,6.7,1.5,5.2,1.4,7.417,.580
20250707,35580,6.8,1.3,5.6,1.5,7.953,.613
20250706,35190,6.9,1,5.6,1.4,7.505,.540
20250705,33890,6.8,1.2,5.3,1.5,7.291,.396
20250704,34460,6.83,1.0,5.3,1.3,6.801,.286
20250703,36470,6.8,1.3,4.9,1.4,6.171,.521
20250702,36450,6.8,1.2,5.3,1.4,6.814,.520
20250701,37510,6.8,1.6,4.8,1.4,6.785,.472
20250630,39220,6.9,.9,4.9,1.4,7.828,.925
20250629,39670,6.8,1.2,4.7,1.4,7.291,.925
20250628,41050,6.7,1.5,4.4,1.4,6.490,.850
20250627,44690,6.8,2.1,4.1,1.4,6.293,.627
20250626,52170,6.8,2.5,3.7,1.5,6.178,.959
20250625,71528,6.8,3.1,3.4,1.5,4.207,.732
20250624,52510,6.7,1.6,4,1.4,5.510,.737
20250623,55120,6.9,1.4,4,1.5,3.959,.569
20250622,61990,6.8,1.3,4.2,1.7,4.244,.374
20250621,43440,6.6,1.2,4.7,1.7,5.221,.501
20250620,35680,6.6,1.1,4.4,1.8,4.624,.507
20250619,35600,6.7,3.3,4.3,1.6,4.052,.851
20250618,38520,6.7,3.1,4.3,1.6,3.221,.943
20250617,46530,6.7,2.7,4,1.6,2.751,.844
20250616,66850,6.8,2.7,3.6,1.5,3.856,.832
20250615,64280,6.7,1.8,3.3,1.6,3.026,.024
20250614,59440,6.6,1.3,4.6,2,6.653,.603
20250613,34010,6.6,3.5,5.2,1.4,6.564,.698
20250612,31860,6.6,1.7,5.3,1.6,7.039,.688
20250611,31720,6.6,1.4,5.6,1.6,7.333,.598
20250610,31560,6.5,2.5,5.2,1.8,7.280,.640
20250609,32720,6.6,3.1,5.5,1.8,7.285,.768
20250608,33190,6.6,2.7,5.8,2.3,7.576,.193
20250607,31410,6.8,1.2,5.6,1.7,7.408,.248
20250606,31080,6.9,1.8,5.6,1.5,5.554,.081
20250605,31810,6.8,0.7,5.5,1.6,5.969,.067
20250604,32770,6.8,1.7,5.5,1.8,6.075,.733
20250603,40100,6.7,1.1,5.7,1.8,6.075,.733
20250602,30920,6.7,1.6,5.8,1.7,6.075,.733
20250601,32790,6.75,1.7,5.7,1.6,6.075,.015
20250531,32760,6.4,.6,5.5,2.1,6.075,1.257
20250530,33470,6.8,1.4,5.5,1.5,4.91,.580
20250529,34340,6.9,1.4,5.2,1.4,5.659,.842
20250528,33810,6.7,1,5.5,1.5,5.432,.685
20250527,33880,6.7,2.5,5.4,1.5,6.126,.623
20250526,32630,6.7,1.9,5.4,1.3,7.2,.693
20250525,33040,6.9,1.7,5.6,1.4,6.529,.556
20250524,34820,6.9,1.3,5.2,1.3,6.702,.522
20250523,32600,6.84,1.9,5.2,1.4,6.335,.510
20250522,33020,6.85,1.5,5.5,1.5,6.780,.646
20250521,34390,6.7,2.9,4.7,1.4,6.187,.586
20250520,35410,6.6,2.2,4.5,1.6,6.032,.772
20250519,35390,6.6,2.5,4.3,1.3,6.624,.750
20250518,36130,6.8,1.3,4,1.5,4.381,0.202
20250517,48420,6.8,1.8,3.9,1.3,3.366,0.183
20250516,41460,6.8,1.3,5.5,1.6,6.860,.418
20250515,30520,6.8,.9,5.6,1.74,6.805,.675
20250514,31270,6.8,3.4,5.1,1.7,6.605,.549
20250513,31890,6.7,2.6,4.7,1.8,6.431,.838
20250512,33300,6.6,2.4,4.8,1.5,4.993,.821
20250511,34720,6.7,2,4.6,1.7,3.926,.843
20250510,45790,6.7,1.3,3.5,1.5,3.028,.054
20250509,46480,6.8,2,5.5,1.9,5.782,.941
20250508,30780,6.6,2.2,5.0,2.4,5.320,.738
20250507,32450,6.8,4.2,5.4,2.2,5.280,.331
20250506,36230,6.7,1.9,6,5.4,7.538,.621
20250505,29250,6.8,2.7,5.6,3,6.413,.891
20250504,29920,6.8,3,5.4,1.6,5.126,.543
20250503,33500,6.6,3.1,4.8,1.5,4.620,.884
20250502,36740,6.9,4.5,5,2,4.198,.288
20250501,38750,6.8,4.1,6,2.1,5.177,.642
20250430,31250,6.7,6.2,5.5,2.5,5.654,.705
20250429,31750,6.7,1.2,5.2,3.1,5.731,.631
20250428,33820,6.8,1.2,5.6,1.6,6.268,.853
20250427,32090,6.8,1.2,5.5,1.7,5.419,.772
20250426,32540,6.8,1.8,5.2,1.9,5.402,.673
20250425,35450,6.7,4.2,4.6,1.6,5.245,1.092
20250424,38350,6.8,2.7,4.5,1.4,4.851,.925
20250423,47660,6.8,3.9,4.2,1.7,2.902,.507
20250422,48170,6.7,3.4,5.7,1.8,5.285,0.859
20250421,39910,6.9,2.7,5.9,1.9,5.463,.737
20250420,36730,6.9,2.9,5.8,1.8,5.637,.714
20250419,35140,6.8,1.5,5.6,2,4.710,.959
20250418,35320,6.7,2.29,5.5,2,5.644,.621
20250417,34120,6.7,3.7,5.4,1.9,5.702,.864
20250416,33430,6.7,3.1,5.5,2.2,6.307,1.284
20250415,33050,6.7,3.8,4.7,1.6,5.891,1.143
20250414,40030,6.8,3.5,5.4,1.8,6.123,.422
20250413,45480,6.8,3.7,5.5,2.5,6.827,.411
20250412,36060,6.9,1.7,6.1,1.6,6.604,.522
20250411,32270,6.9,2.8,5.8,1.6,6.922,.405
20250410,30680,6.9,2.8,4.7,1.6,9.934,.382
20250409,30800,6.8,3.9,4.5,1.6,8.735,.229
20250408,30780,7,1.8,4.4,1.7,9.340,0.863
20250407,31440,6.8,2.3,4.5,1.6,9.704,.756
20250406,31380,6.8,1.5,4.9,1.7,9.808,.806
20250405,30190,6.8,1.3,4.7,1.9,9.448,.526
20250404,31090,6.8,0.9,4.4,1.9,9.649,.692
20250403,30340,6.5,1.4,4.6,1.5,8.847,.685
20250402,31280,6.6,3.1,4.9,1.8,9.163,.626
20250401,30940,6.7,5.1,5.6,1.8,8.553,.620
20250331,30840,6.8,2.7,6.4,1.6,8.967,.789
20250330,30930,6.8,3.8,5.6,1.6,8.727,1.049
20250329,31840,6.6,7.4,5.9,1.8,8.695,.695
20250328,34010,6.7,8.2,5.5,1.9,8.340,.374
20250327,46320,6.7,5.4,5.9,1.8,10.843,1.149
20250326,35230,6.7,4.2,5.9,1.5,10.013,.779
20250325,31180,6.7,4.5,6.1,1.8,10.211,.454
20250324,32140,6.6,4,6.6,1.8,10.576,.755
20250323,31450,6.7,4.9,6.5,2.2,9.728,.827
20250322,30920,6.8,3.9,5.9,1.9,9.990,.718
20250321,32200,6.7,4.4,5.5,1.8,10.233,.991
20250320,31570,6.7,2,6.1,2.4,10.365,.659
20250319,32900,6.7,2.3,6.1,1.8,9.836,.937
20250318,30960,6.7,2.0,5.7,1.6,10.444,1.131
20250317,31740,6.5,2.1,5.6,1.8,9.450,.654
20250316,40450,6.6,2.6,6.1,1.7,9.691,.360
20250315,35280,6.6,3.8,5.7,1.7,9.843,.744
20250314,30420,6.6,2.1,5.5,1.7,10.166,.841
20250313,31490,6.7,3.6,6.1,1.6,10.002,.758
20250312,30430,6.6,5.3,5.9,1.6,10.299,.917
20250311,29430,6.7,4.5,5.9,1.7,10.313,.793
20250310,29980,6.7,4.5,6.1,1.7,10.143,0.725
20250309,30440,7.4,7.8,6,1.7,9.032,0.885
20250308,29760,6.6,4.8,5.9,1.7,8.349,0.737
20250307,31250,6.7,3.9,5.7,1.9,8.851,.872
20250306,29990,6.4,5.4,5.5,1.8,8.740,1.066
20250305,34640,6.6,5.7,5.2,1.8,7.279,.434
20250304,47720,6.6,5.6,5.9,1.8,8.651,.410
20250303,44520,6.8,2.8,6.1,2.3,10.324,.579
20250302,33340,6.6,8.6,6.1,1.8,10.131,1.011
20250301,31340,6.5,4.0,5.9,1.7,9.324,.948
20250228,30450,6.4,4.3,5.9,1.7,10.268,1.031
20250227,29950,6.6,3.6,5.7,1.7,9.853,.981
20250226,30020,6.8,5,5.7,1.8,10.083,.878
20250225,29170,6.8,4.7,6.2,1.9,7.769,0.899
20250224,29260,6.8,5.3,6.4,1.9,11.155,.936
20250223,29980,6.9,5.5,6,1.9,9.705,.940
20250222,30180,6.8,4.7,5.6,1.8,9.509,.736
20250221,29590,6.6,6.7,5.4,1.8,9.210,.758
20250220,29140,6.7,8.2,6.1,1.9,9.107,.623
20250219,29890,6.7,8.9,6.1,2.1,9.812,1.004
20250218,29580,6.7,7.9,6.2,2,9.153,.452
20250217,30380,6.9,5.5,6,2,10.947,1.049
20250216,30790,6.8,4.6,5.6,2,10.8,1.093
20250215,33320,6.8,4.5,5.5,1.9,9.824,0.592
20250214,32350,6.8,2.9,4.3,1.8,10.161,1
20250213,32410,6.7,3.7,4.3,1.8,9.480,0.243
20250212,40240,6.8,5.7,4.3,2,11.747,0.822
20250211,29760,7,5.4,4.3,2,10.848,.129
20250210,30010,7.1,5.2,4.3,2,12.138,.177
20250209,29390,6.9,6.1,3.5,2.1,11.752,1.379
20250208,30040,6.9,7.1,4.1,1.7,9.946,.979
20250207,29820,6.85,3.7,4.2,1.8,10.158,.682
20250206,29240,6.9,5.4,4,1.8,9.725,.228
20250205,29300,6.8,8.2,4,2.1,9.937,.308
20250204,29340,6.8,5.9,4.3,2.2,10.402,.750
20250203,30812,7,8.4,4.5,2.3,3.344,.113
20250202,33857,6.4,5.6,3.9,2.5,0.026,.109
20250201,42050,6.6,5.6,5,2.6,3.389,0.209
20250131,31333,6.3,4.7,4.7,3,3.719,.207
20250130,30697,6.3,5,4.9,2.7,2.378,.235
20250129,31076,6.2,5.4,5,2.9,3.838,1.690
20250128,34369,6.4,5.6,5.1,23.6,1.984,.478
20250127,36060,6.4,2.5,4.6,2.3,8.114,.3
20250126,30286,6.8,6.5,5,2.4,7.350,.363
20250125,30412,6.7,7.6,4.4,2.3,8.611,1.103
20250124,29556,6.8,6.7,4.8,2.4,8.613,.591
20250123,28951,6.8,8.4,4.8,2.5,6.104,.443
20250122,29505,6.8,7,5.1,2.6,6.043,.826
20250121,29266,6.8,7,4.9,2.6,6.67,.872
20250120,30979,6.9,7.8,4.8,2.6,10.372,.64
20250119,31002,6.9,8.1,5,2.5,10.513,.579
20250118,30914,6.8,7.9,5.,2.7,10.208,.813
20250117,30740,6.7,8.6,4.3,2.5,8.243,1.033
20250116,29811,6.9,8.4,4.4,2.4,11.166,.761
20250115,30596,6.8,6.8,6.1,2.6,8.747,.649
20250114,33733,6.4,5.6,4.3,2.3,10.091,.682
20250113,31764,6.5,4.8,6.1,2.2,12.442,.849
20250112,33402,6.1,4.3,5.9,2.3,9.907,.83
20250111,32710,6.2,7.2,6.9,2.5,9.075,.65
20250110,30957,6.7,7.2,6,2.22,8.421,1.085
20250109,29713,6.7,5.5,6.2,2.4,8.722,1.028
20250108,31061,6.8,5.3,6.1,2.6,8.747,.649
20250107,30827,6.7,5.7,6.2,2.5,9.173,.532
20250106,305453,6.7,3,6,2.5,10.013,.405
20250105,30293,6.7,1.4,6.1,2.4,8.369,.895
20250104,30940,6.9,5.5,5.8,2.2,8.543,1.121
20250103,30830,7,2.7,6.6,2.4,8.468,.657
20250102,30470,7,4.2,6,2.2,8.749,.651
20250101,30020,6.7,3.6,6.8,2.1,8.012,.939
20241231,30860,6.9,3.6,5.5,2,7.945,.951
20241230,30790,6.8,3,5.6,1.9,8.586,.920
20241229,30990,6.9,2,5.6,1.7,9.109,.730
20241228,31630,6.9,5.4,5.3,1.7,8.236,.727
20241227,30920,6.9,2.4,5.4,1.8,7.832,.825
20241226,30540,6.8,2,5.6,1.8,7.785,.446
20241225,30810,6.9,3.7,5.6,1.7,7.2,.739
20241224,30770,6.9,3.5,5.3,1.7,8.675,.7
20241223,31840,6.8,3.9,5,1.7,8.863,.343
20241222,31050,6.9,1.9,5.2,1.7,8.077,.343
20241221,31140,6.8,2.4,5.2,1.9,8.942,.5
20241220,31590,6.8,2,5.6,1.8,9.308,1.0047
20241219,31270,6.7,1.8,4.8,2,8.719,1.020
20241218,32370,6.7,2.2,4.7,1.9,7.608,1.032
20241217,32960,6.6,1.8,4.7,2.1,8.307,1.080
20241216,31870,6.7,2.4,4.7,1.8,12.634,1.013
20241215,31770,6.8,3.1,5,1.6,12.414,.931
20241214,32770,6.8,1.4,4.8,1.7,10.755,.736
20241213,31620,6.7,1.7,4.6,1.9,9.610,.731
20241212,31280,6.7,2.6,4.6,1.9,11.999,.754
20241211,31290,6.7,2,4.5,2,11.819,.6
20241210,30090,6.8,2,4.7,2,11.536,.541
20241209,309990,6.8,1.7,5.1,1.7,12.017,.451
20241208,31820,6.8,2.2,4.8,1.6,10.563,.673
20241207,32490,6.8,.9,6.1,1.6,9.488,.595
20241206,32250,6.8,1.9,4.9,1.8,10.086,.534
20241205,32020,6.9,1.7,49,1.6,10.446,.541
20241204,31380,6.8,2.8,4.8,1.6,10.396,.574
20241203,32030,6.8,5.1,4.9,1.6,10.162,.614
20241202,31140,6.8,2,5.2,1.5,10.773,.689
20241201,32630,6.8,2.4,5,1.5,10.464,.84
20241130,33250,6.7,2,4.8,1.5,9.449,.581
20241129,33850,6.6,1.9,4.7,1.6,8.813,.557
20241128,32490,6.8,1.4,4.6,1.8,8.206,.781
20241127,36070,6.9,2.4,4.5,1.6,7.028,.341
20241126,52430,6.6,1.3,5,1.7,9.917,.626
20241125,33000,6.8,2.8,4.9,3.1,9.966,.223
20241124,32870,6.8,3.1,5.2,1.7,9.358,.761
20241123,32240,6.6,1.8,4.6,1.5,8.679,.406
20241122,33150,6.4,1.6,4.6,1.6,8.710,.513
20241121,33030,6.5,1.7,4.7,1.7,8.771,.562
20241120,34120,6.7,2,4.6,1.7,8.841,.606
20241119,34880,6.7,3.3,4.7,1.9,8.769,.744
20241118,35510,6.8,3.1,5.3,1.9,9.763,.663
20241117,32780,6.8,1.4,4.8,1.5,9.145,.603
20241116,33510,6.6,1.,4.6,1.6,9.116,.632
20241115,33370,6.6,2,4.6,1.5,8.78,.530
20241114,34160,6.6,2.3,4.6,1.7,7.570,.610
20241113,40010,6.6,1.7,4.5,1.5,7.635,.737
20241112,38030,6.6,2.3,4.4,1.9,8.176,.510
20241111,37400,6.7,2.1,4.1,1.5,9.129,.521
20241110,36370,6.8,2.1,4.3,1.7,7.609,.565
20241109,36080,6.6,1.8,4.2,1.6,6.9685,.497
20241108,36720,6.7,1.1,4.4,1.6,6.633,.767
20241107,37770,6.8,1.3,4.3,1.6,6.399,.706
20241106,39570,6.7,1.9,4.3,1.7,6.867,.829
20241105,42420,6.7,1.4,4.1,1.5,6.077,.785
20241104,46150,6.8,2.5,3.4,1.6,6.119,.734
20241103,52670,6.8,.8,3.2,1.5,5.040,.610
20241102,68170,6.6,2,2.4,1.6,3.576,.307
20241101,59380,6.7,1,4.8,1.6,8.268,.559
20241031,37030,6.7,.8,4.2,1.5,6.717,.615
20241030,36240,6.8,1.7,4.8,1.6,6.650,.726
20241029,36600,6.8,1.6,4.5,2.5,6.578,.574
20241028,42160,6.8,1.3,4.3,1.6,6.692,.760
20241027,43680,6.7,1,3.9,1.3,6.324,.655
20241026,41810,6.8,1.5,3.7,1.5,4.978,.658
20241025,45220,6.7,.8,3.6,1.6,4.415,.793
20241024,50520,6.8,1.3,3.3,1.4,3.773,.782
20241023,60110,6.8,1.1,2.6,1.3,4.024,.450
20241022,68140,6.5,1.5,3.6,1.4,5.322,.486
20241021,38600,6.6,.9,4,1.4,6.341,.608
20241020,39520,6.8,1.9,3.9,1.4,4.242,.714
20241019,49100,6.7,1,3.9,2.6,5.350,.422
20241018,39880,6.6,1.3,4,1.7,5.647,.640
20241017,40370,6.7,1.3,4,1.6,4.372,.744
20241016,42810,6.8,1.6,3.5,1.6,3.262,.584
20241015,48330,6.6,1.5,3.9,6.1,6.013,.324
20241014,34530,7.1,1.1,4.7,2.1,9.190,.459
20241013,31940,7,.9,4.3,1.9,8.342,.506
20241012,31330,7,.3,4.3,2,7.979,.383
20241011,32370,7,.41,4.4,1.9,8.989,.727
20241010,33420,7.2,.6,4.5,1.9,11.037,.552
20241009,32530,7.1,1.5,4,1.6,10.676,.656
20241008,36310,7.1,1.6,4.3,1.6,9.284,.576
20241007,39710,7.2,.9,4.7,1.7,10.128,.376
20241006,35800,7.1,.9,4.3,1.4,10.313,.515
20241005,33100,7,.6,4.1,1.5,9.317,.736
20241004,37460,7.2,.7,4.7,1.6,8.952,.705
20241003,38110,7.2,.6,4.5,1.5,10.383,.620
20241002,32970,7.2,1.1,4.5,1.5,10.608,.555
20241001,33850,7,1.5,4.2,1.4,9.972,.653
20240930,35380,7.2,.9,4.4,1.4,9.072,.670
20240929,34970,7.2,.6,4.4,1.5,8.098,.522
20240928,36770,7.1,1.2,4.1,1.5,7.372,.522
20240927,37910,7,.5,3.8,1.3,6.722,.662
20240926,39130,7.1,2,4,1.4,5.667,.472
20240925,39620,7.1,1.3,3.7,1.6,5.147,0.632
20240924,43980,7.2,2.2,3.6,1.4,4.735,0.853
20240923,55780,7.1,0.6,3.3,1.2,4.408,0.953
20240922,60420,7,1.4,2.6,1.2,3.237,0.719
20240921,63980,7,1.1,3.7,1.8,4.707,0.092
20240920,40930,6.9,1.5,4.4,1.7,7.061,0.615
20240919,34230,7.1,1,5.3,1.3,7.471,0.532
20240918,33730,7.1,0.9,4.9,1.2,7.276,0.143
20240917,33610,7.1,2.3,4.7,1.2,5.547,0.234
20240916,35780,7.2,0.9,4.7,1.2,6.676,0.457
20240915,34470,7.1,1.5,4.8,1.3,6.272,0.277
20240914,35280,7,0.8,4.4,1.2,4.854,0.312
20240913,35270,6.9,1.4,4.1,1.2,6.607,0.565
20240912,34590,7,0.9,4.4,1.2,5.227,0.648
20240911,46540,7,1.7,4.5,1.6,6.411,0.431
20240910,34420,7,1.6,4.5,1.2,6.204,0.489
20240909,34870,6.9,1.1,5,1.2,7.249,0.635
20240908,34140,7,0.6,4.8,1.1,7.071,0.352
20240907,32760,7,1.4,4.8,1.1,5.928,0.143
20240906,32640,7,0.7,5,1.2,6.851,0.347
20240905,32340,7,1.1,4.7,1.2,6.687,0.205
20240904,33270,7,0.4,4.4,1.2,7.196,0.166
20240903,32610,7.1,1.5,4.4,1.2,7.013,0.322
20240902,32780,6.9,1.7,4.6,1.2,8.354,0.386
20240901,33360,6.9,1.1,4.3,1.2,8.835,0.629
20240831,33260,6.9,1,5.6,1.1,8.807,0.628
20240830,34880,6.7,2.2,4.6,2.8,9.822,1.281
20240829,36210,6.6,1.9,4.6,2.8,9.675,1.412
20240828,35440,6.7,1,4.6,2.8,9.539,1.335
20240827,34470,6.7,2.2,4.2,1,8.971,0.675
20240826,34870,6.7,2.7,3.9,1,9.830,0.842
20240825,33420,6.9,1.4,4.4,1,6.841,0.490
20240824,34740,6.8,0.6,4,0.9,5.908,0.547
20240823,37890,6.9,1.9,4.1,1,4.147,0.527
20240822,41650,6.9,1.8,3.8,0.9,4.546,0.884
20240821,48550,6.9,3.9,4.1,1.1,3.310,0.672
20240820,48360,6.8,2.7,4.6,1.2,5.983,0.635
20240819,34720,6.8,3.6,4.7,1.2,7.230,0.537
20240818,34260,6.9,2.2,4.6,1.2,7.773,0.477
20240817,33120,6.8,0.8,4.2,1.1,6.623,0.390
20240816,32800,6.8,1.1,4.5,1.2,7.537,0.338
20240815,33430,6.8,2.3,4.1,1.1,7.142,0.314
20240814,34510,6.8,1.2,4.1,1.2,6.877,0.293
20240813,36020,6.7,2.4,4.3,1.2,7.207,0.419
20240812,36600,6.7,2.3,4.1,1.1,7.262,0.619
20240811,37850,6.8,2.4,4.2,1,7.354,0.650
20240810,37210,6.8,2.9,4.4,1,7.755,0.663
20240809,35440,6.8,1.8,4.7,1.1,7.303,0.645
20240808,35680,6.8,1.8,3.9,1.1,9.134,0.638
20240807,36200,6.7,2.6,3.7,1,9.082,0.722
20240806,35830,6.8,2.7,8.4,1.1,9.259,0.579
20240805,37280,6.8,1.9,4.3,1.1,8.497,0.568
20240804,36590,6.8,2.3,4.8,1.1,7.779,0.503
20240803,37500,6.8,1.2,3.9,1,8.039,0.594
20240802,37950,6.9,1.2,3.8,1.2,8.824,0.550
20240801,37750,6.8,5.7,4.5,1.1,7.887,0.493
20240731,38580,6.8,1.6,3.6,1.2,7.625,0.741
20240730,39680,6.9,3,3.9,1.1,7.837,0.498
20240729,41670,6.9,2.7,3.8,1,7.383,0.549
20240728,46050,6.9,1.8,3.6,1,5.977,0.550
20240727,48330,6.9,2.6,3.4,1,4.613,0.6
20240726,54130,7,1.4,3.2,1,4.335,0.787
20240725,65610,6.9,1.1,2.7,1,3.556,0.095
20240724,67650,6.9,1.8,4.1,1.1,6.373,0.542
20240723,38280,6.9,0.9,4.3,1.1,6.614,0.429
20240722,43120,6.8,2.3,4.1,1.2,5.702,0.739
20240721,47990,6.8,1.6,3.8,1,7.422,0.770
20240720,46870,6.9,1.7,3.8,1.1,5.391,0.574
20240719,56880,6.9,3.7,4.1,1.2,5.136,0.644
20240718,60260,6.9,2,3.3,1.5,4.109,0.733
20240717,66390,6.9,2.2,2.9,1.3,3.463,0.694
20240716,73200,6.9,3.1,3.3,1.5,3.513,0.594
20240715,71380,6.9,1.9,3.3,1.1,2.661,0.481
20240714,69120,6.7,1.9,5.8,1.4,6.679,0.881
20240713,38210,6.8,1.6,3.9,1,5.807,0.756
20240712,41440,6.8,3.7,3.7,1.1,5.728,0.736
20240711,50660,6.9,4.2,4.8,1.8,1.671,0.688
20240710,52880,6.8,1.6,4.2,1.3,4.710,0.650
20240709,36030,6.9,1..7,4.4,1.2,5.982,0.488
20240708,37070,6.8,2.4,4.4,1.1,5.315,0.760
20240707,36580,6.8,2,4.3,1.2,5.272,0.764
20240706,38270,6.9,1.7,4.9,1.4,2.535,0.734
20240705,45200,6.8,1.5,7.8,1.2,4.115,0.709
20240704,48640,6.8,1.8,3.6,1.3,1.925,0.626
20240703,59970,6.8,1.8,3.1,1.1,2.056,0.640
20240702,65040,6.8,1.4,3.7,1.8,2.002,0.808
20240701,53480,6.8,2.7,3.3,1.3,2.060,0.704
20240630,61200,.8,2.6,3.7,1.3,2.252,0.189
20240629,46280,6.7,2.5,4.5,1,3.646,0.717
20240628,36920,6.8,1.7,4.8,1.1,5.068,0.437
20240627,35730,6.7,2.5,4.6,1.1,4.420,0.521
20240626,34890,6.5,2.8,4.4,1.1,3.988,0.706
20240625,35200,6.46,3.1,4.3,1.2,4.738,0.728
20240624,35470,6.7,3.5,4.2,1.1,4.035,1.091
20240623,42660,6.8,4.2,3.7,1.1,1.858,0.075
20240622,44060,6.8,3.8,5,1.2,5.714,0.353
20240621,34560,6.7,3.1,4.7,1.2,5.054,0.412
20240620,34560,6.7,3.1,4.8,1.3,5.648,0.738
20240619,34970,6.7,3.1,4.8,1.4,4.073,0.628
20240618,36170,6.8,3.1,5.1,1.3,6.632,0.871
20240617,37230,6.8,3.1,5.3,1.4,6.179,0.514
20240616,36240,6.8,3.1,5.2,1.2,6.078,0.404
20240615,35820,6.8,3,4.8,1.2,4.508,0.375
20240614,34360,6.7,3,4.3,1.2,4.887,0.494
20240613,37600,6.7,3,4.7,1.3,5.586,0.442
20240612,37730,6.6,3,4.3,1.2,6.901,0.884
20240611,36790,6.6,2.9,4.1,1.2,5.733,0.875
20240610,39060,6.7,2.9,4.3,1.5,5.484,0.815
20240609,66530,6.7,3.1,4,1.5,2.941,0.172
20240608,50680,6.6,3.3,5.1,1.3,8.352,0.791
20240607,33560,6.6,3.2,4.7,1.1,7.545,0.851
20240606,32120,6.6,3.2,4.4,1.1,6.990,0.631
20240605,32190,6.6,3.1,4.5,1.1,7.620,0.678
20240604,32340,6.6,3.1,5,1.1,7.406,0.840
20240603,33050,6.7,3.2,5.4,1.3,8.844,0.685
20240602,33990,6.7,3,5.2,1.1,8.223,0.532
20240601,34160,6.8,3,5.1,1,7.315,0.389
20240531,33740,6.8,3.1,4.8,1,8.301,0.521
20240530,33330,6.6,3,4.8,1.1,8.237,.748
20240529,33900,6.6,3,4.6,1.1,7.982,0.857
20240528,37520,6.6,3,4.4,1.2,6.163,0.809
20240527,46760,6.7,3.1,5.6,1.3,7.584,0.510
20240526,41770,6.6,3.1,5.3,1.3,7.681,0.756
20240525,36900,6.6,3,5.2,1.4,7.477,0.809
20240524,38210,6.6,3,4.7,1.6,5.990,0.667
20240523,37600,6.5,3,4.9,1.5,7.162,0.850
20240522,36540,6.6,3.2,4.6,1.4,5.293,0.762
20240521,36810,6.6,3.2,4.4,1.4,6.171,0.654
20240520,36770,6.5,2.9,5,1.4,6.520,0.697
20240519,36210,6.6,3.1,5.1,1.5,7.537,0.888
20240518,35770,6.7,3,5.2,1.7,6.089,0.434
20240517,37870,6.7,3.2,5.2,1.5,7.101,0.483
20240516,37710,6.5,3.1,4.5,1.4,7.521,0.751
20240515,39360,6.6,3.1,4.2,1.4,6.012,0.799
20240514,42650,6.7,2.9,4.3,1.4,5.167,0.645
20240513,45860,6.7,2.8,4,1.3,5.033,0.508
20240512,67710,6.6,2.6,4.4,1.6,6.959,0.976
20240511,40190,6.6,2.9,4.1,1.3,6.294,0.655
20240510,42860,6.6,3.1,4.2,1.3,6.746,0.897
20240509,42710,6.7,3.4,2.6,1.3,3.683,0.804
20240508,48260,6.7,3.3,2.3,1.3,2.337,0.622
20240507,65130,6.7,3.3,2.4,1.4,3.568,0.431
20240506,69150,6.5,3.1,2.4,1.3,1.897,0.164
20240505,49390,6.4,3.1,3.6,1.3,6.160,0.806
20240504,34580,6.6,3.4,2.9,1.3,5.294,0.763
20240503,36420,6.6,3.4,2.9,1.3,4.894,0.866
20240502,38410,6.5,3.4,2.9,1.6,4.274,0.686
20240501,42170,6.7,3.4,2.9,1.3,3.161,0.599
20240430,51010,6.7,3.3,2.7,1.6,2.723,0.164
20240429,61730,6.4,3.2,4.5,1.9,5.597,0.8
20240428,35040,6.5,3.3,4.2,1.4,5.237,0.733
20240427,33700,6.6,3.2,4.3,1.5,5.319,0.604
20240426,33030,6.6,3,4.1,1.5,5.281,0.718
20240425,33700,6.6,2.9,4,1.4,4.921,0.801
20240424,38490,6.5,3.1,3.9,1.5,5.208,0.529
20240423,40950,6.6,2.9,4.3,1.3,4.796,0.813
20240422,40960,6.6,2.7,4.1,1.3,4.498,0.916
20240421,49620,6.6,2.8,3.8,3.4,2.844,0.111
20240420,48370,6.6,3.2,4.5,1.3,5.226,0.677
20240419,33370,6.6,3.1,4.3,1.3,5.323,0.565
20240418,33810,6.3,3.1,4.1,1.4,5.126,0.654
20240417,34940,6.6,3,4.4,1.5,4.862,0.744
20240416,44200,6.6,3,3.8,1.6,3.322,0.074
20240415,50220,6.4,3,5,1.3,7.025,0.445
20240414,34610,6.4,3.2,5.1,1.3,6.154,0.677
20240413,34360,6.5,3.1,5,1.3,5.741,0.735
20240412,34350,6.5,3.2,4.8,1.3,6.959,0.761
20240411,31990,6.3,2.9,4.8,2.2,6.847,0.821
20240410,34600,6.5,2.8,4.7,1.4,5.792,0.612
20240409,37050,6.6,2.9,4.7,1.3,6.151,0.726
20240408,37460,6.3,3.4,4.8,1.3,6.991,0.799
20240407,39430,6.5,3.4,4.5,1.3,6.190,0.797
20240406,42100,6.6,3.2,4.4,1.4,5.154,0.609
20240405,47570,6.7,3.3,3.9,1.6,4.461,0.461
20240404,66210,6.5,3.3,3.4,1.1,3.094,0.161
20240403,73720,6.4,3.2,4.4,2.1,7.438,0.645
20240402,37350,6.5,3.2,4.8,1.3,7.337,0.82
20240401,36170,6.1,3.2,4.9,1.3,6.964,0.725
20240331,40620,6.3,3.2,4.6,1.4,6.546,0.803
20240330,43360,6.5,3.1,4.8,1.5,5.247,0.494
20240329,62650,6.5,2.9,3.6,1.7,5.145,0.326
20240328,54720,6.2,3,5.3,1.6,7.056,0.816
20240327,35570,6.4,3,5.3,1.8,5.375,0.669
20240326,53730,6.4,3.1,5.5,2.3,7.322,0.476
20240325,41970,6.4,3.1,7.1,1.6,9.044,0.855
20240324,33010,6.4,3,6.1,1.5,8.392,1.026
20240323,38040,6.3,3.1,5.8,1.8,9.074,0.725
20240322,32790,6.4,3.1,6.6,1.7,9.473,0.915
20240321,31030,6.4,3.1,6.6,1.9,9.425,0.731
20240320,30320,6.5,3.2,6.5,1.8,8.990,1.074
20240319,30710,6.5,3.1,6.6,1.8,8.478,1.019
20240318,30380,6.5,3.1,6,1.7,8.037,0.687
20240317,30770,6.5,3,6.6,1.7,7.372,0.837
20240316,30730,6.5,3.,6.1,1.6,6.615,0.886
20240315,31100,6.5,3.1,6.2,1.7,6.830,0.861
20240314,31560,6.3,3.1,5.8,1.8,7.092,0.932
20240313,32930,6.4,3,6.5,1.9,7.139,0.740
20240312,37700,6.6,3,6.4,2.3,8.470,0.599
20240311,35730,6.6,2.9,6.3,2,8.271,1.019
20240310,31470,6.6,2.7,6.9,2,7.389,0.824
20240309,31590,6.6,2.5,6.6,2.1,7.649,0.883
20240308,31850,6.3,2.6,6.5,2,8.159,0.841
20240307,31750,6.2,2.6,6,2,8.815,0.977
20240306,32790,6.5,2.6,5.8,2.4,7.901,0.244
20240305,40760,6.6,2.6,5.9,2.2,10.462,0.971
20240304,31110,6.2,2.8,6.4,2.2,10.429,1.044
20240303,32500,6.4,2.9,6.2,2.1,9.472,0.787
20240302,32460,6.5,2.9,5.8,1.7,9.712,1.143
20240301,33506,6.5,3,5.6,2.3,7.909,0.303
20240229,45610,6.5,2.8,6.1,1.9,10.012,1.004
20240228,32460,6.5,2.7,5.7,1.7,8.970,0.982
20240227,31870,6.5,2.6,5.4,1.8,9.489,0.769
20240226,32520,6,2.8,5.8,1.8,7.786,0.977
20240225,34790,6.2,3.1,5.7,1.9,8.024,1.083
20240224,34810,6.3,3.2,5.5,1.9,6.097,0.945
20240223,35480,6.4,3.4,5.1,1.9,6.173,0.828
20240222,40380,6.6,3.7,4.6,1.9,5.530,0.783
20240221,46350,6.5,3.6,4.7,2,7.952,0.572
20240220,51600,6.6,3.5,4.3,2,6.922,0.131
20240219,59980,6.1,3.7,5.7,2.3,12.733,0.642
20240218,32450,6.3,3.6,6.3,2.1,11.491,0.714
20240217,29320,6.4,3.8,6,2.1,11.253,0.899
20240216,29250,6.4,3.7,5.7,1.6,11.210,0.884
20240215,37390,6.5,3.4,6.3,2.1,10.879,0.702
20240214,34400,6.6,3,6.4,1.9,11.667,0.330
20240213,31240,6.3,2.8,6.9,2.2,11.712,0.298
20240212,31460,6.4,2.6,6.4,2,12.848,0.142
20240211,31480,6.4,2.4,7.1,2,12.663,0.218
20240210,31300,6.6,2.3,6,2,11.051,0.576
20240209,34570,6.6,2.5,5.1,1.7,8.9,0.794
20240208,3341,6.4,2.7,5.3,1.5,10.227,1.040
20240207,32330,6.4,2.6,5.3,1.7,9.941,0.803
20240206,33530,6.6,2.6,5.1,1.9,8.480,0.393
20240205,54230,5.9,2.5,5.5,1.8,12.693,0.908
20240204,37790,6.1,2.7,5.9,1.8,11.153,0.689
20240203,35450,6.4,2.8,5.7,1.9,9.995,0.925
20240202,32110,6.6,3,5.8,2.1,12.535,0.503
20240201,32900,6.4,2.9,3.5,2,8.234,0.811
20240131,31120,6.6,2.8,3.6,1.7,8.206,1.002
20240130,30890,6.7,2.8,3.5,2,8.217,0.719
20240129,31200,6.2,2.5,3.7,1.8,8.618,0.969
20240128,31840,6.3,2.4,3.7,1.6,7.804,0.789
20240127,32610,6.3,2.5,3.8,1.6,8.140,0.809
20240126,31520,6.4,2.5,5.3,1.6,7.666,0.779
20240125,31640,6.2,2.9,3.9,1.7,7.986,0.904
20240124,30940,6.3,2.9,4.4,1.5,7.217,0.743
20240123,30920,6.4,2.9,3.8,1.6,6.644,0.745
20240122,33330,6.3,3,4,2,6.194,0.902
20240121,44530,6.3,3,3.2,1.8,3.862,0.302
20240120,49600,6.4,3.1,4.6,1.7,7.080,0.784
20240119,30930,6.3,3.1,5.1,2,5.665,0.361
20240118,43070,6.2,3.1,5.6,1.6,7.951,0.772
20240117,28900,6.4,3.3,6.1,1.8,7.630,0.852
20240116,28820,6.4,3.2,6.4,1.8,7.299,0.646
20240115,28660,6.3,3.2,6.1,1.6,10.626,0.976
20240114,30000,6.4,3.2,5.8,1.7,10.020,0.896
20240113,29680,6.4,3.1,5.7,1.8,9.497,0.919
20240112,29420,6.4,3.4,5.7,1.8,10.130,0.965
20240111,29160,6.4,3.4,5.7,1.6,9.922,0.994
20240110,34180,6.4,3.3,5.5,1.6,9.824,0.784
20240109,29290,6.4,3.3,5.6,1.6,10.056,0.849
20240108,29220,6.2,3.3,5.5,1.5,10.574,0.9
20240107,29600,6.1,3.4,5,1.4,9.685,0.877
20240106,29780,6.3,3.4,5.3,1.4,10.947,0.777
20240105,29850,6.4,3.4,4.9,1.4,10.255,0.666
20240104,29960,6.3,3.3,5.2,1.4,10.272,0.764
20240103,30130,6.4,3.3,5.4,1.5,9.958,0.476
20240102,29870,6.3,3.4,5.9,1.4,10.065,0.744
20240101,29750,6.3,3.2,6,1.5,9.696,0.990
20231231,31490,6.2,3.3,5.6,1.5,8.999,0.756
20231230,33480,6.4,3.3,5.8,1.5,8.634,0.709
20231229,30707,6.5,3.3,5.6,1.6,8.430,0.823
20231228,30790,6.4,3.4,5.8,1.6,8.397,0.924
20231227,30750,6.4,3.2,5.4,1.5,9.307,0.823
20231226,30830,6.1,3.2,5.2,1.5,9.758,0.687
20231225,30740,6.1,3.2,5.3,1.5,9.753,0.674
20231224,29690,6.2,3.2,5.1,1.5,9.866,0.675
20231223,29430,6.4,3.2,5.2,1.4,9.026,0.604
20231222,29080,6.4,3,5.3,1.4,9.183,0.638
20231221,29420,6.3,2.8,5.2,1.4,8.838,0.712
20231220,30530,6.4,2.6,5,1.4,8.813,0.654
20231219,30770,6.4,2.8,4.9,1.4,9.296,0.632
20231218,32120,6.2,2.9,4.6,1.2,8.725,0.868
20231217,34510,6.3,3,4.6,1.3,6.747,0.675
20231216,50930,6.5,3.2,4,1.3,5.498,0.589
20231215,63230,6.5,3.3,3.8,1.8,4.824,0.172
20231214,46820,6.2,3.4,5.2,1.3,7.687,0.902
20231213,28950,6.4,3.4,5.3,1.4,7.522,0.888
20231212,39350,6.5,3.3,4.5,1.7,4.211,0.086
20231211,53010,6.4,3.4,6.1,1.5,10.140,0.701
20231210,28960,6.5,3.4,6,1.3,9.197,0.912
20231209,28830,6.4,3.4,5.4,1.3,8.886,0.769
20231208,28830,6.5,3.3,5.8,1.4,9.063,0.833
20231207,29120,6.4,3.3,5.8,14.,8.807,0.743
20231206,28790,6.4,3.5,5.8,1.4,9.510,0.857
20231205,28720,6.5,3.4,6,1.5,9.368,0.736
20231204,28440,6.3,3.3,5.4,1.6,9.488,0.738
20231203,28430,6.4,3.3,5.6,1.4,9.406,0.853
20231202,28100,6.4,3.4,5.4,1.4,9.037,0.925
20231201,27770,6.4,3.2,5.4,1.4,9.447,0.781
20231130,28120,6.4,3.2,5.1,1.2,8.467,0.702
20231129,28500,6.4,3.4,4.8,1.2,8.030,0.692
20231128,28750,6.4,3.4,5.1,1.3,8.495,0.753
20231127,28220,6.2,3.3,5,1.3,8.844,0.883
20231126,27770,6.4,3.4,5,1.2,8.415,0.866
20231125,28320,6.4,3.5,5,1.2,7.311,0.673
20231124,28240,6.4,3.5,4.6,1.1,7.243,0.768
20231123,29850,6.3,3.4,4.4,1.2,7.350,0.671
20231122,30980,6.3,3.4,4.6,1.1,7.252,0.725
20231121,30100,6.4,3.4,5,1.2,7.504,0.693
20231120,29690,6.2,3.3,4.8,1.2,7.927,0.654
20231119,28540,6.3,3.3,4.8,1.3,7.428,0.875
20231118,28750,6.3,3.2,4.7,1.3,6.938,1.038
20231117,29560,6.3,3,4.6,1.4,6.657,0.303
20231116,36980,6.3,3.1,5,1.3,7.635,0.915
20231115,29210,6.4,3.1,5,1.4,8.235,0.689
20231114,29660,6.3,3.1,4.8,1.2,8.074,0.837
20231113,29790,6.3,3.3,4.7,1.2,8.646,0.730
20231112,29380,6.3,3.4,4.6,1.2,8.246,0.755
20231111,28460,6.3,3.3,4.7,1.1,7.399,0.795
20231110,29370,6.3,3.3,4.7,1.2,7.459,0.662
20231109,29820,6.2,3.2,3,1.4,7.917,0.716
20231108,29080,6.2,3.2,3.1,1.3,7.898,0.845
20231107,29500,6.4,3.3,4.2,1.5,6.674,1.050
20231106,36730,6.2,3.3,4.6,1.6,8.898,0.684
20231105,29210,6.3,3.2,4.5,1.5,7.777,0.615
20231104,31160,6.3,3.2,4.2,1.3,6.992,0.594
20231103,28830,6.3,3.4,4.9,1.5,7.350,0.591
20231102,30290,6.3,3.4,4.7,1.4,7.931,0.747
20231101,29630,6.3,3.4,4.7,1.3,7.315,0.775
20231031,29910,6.3,3.5,4.9,1.4,7.613,0.727
20231030,30070,6.4,3.4,5.5,1.5,7.753,0.468
20231029,30100,6.4,3.4,5.4,1.6,7.040,0.259
20231028,29970,6.3,3.4,5,1.5,7.251,0.510
20231027,30940,6.4,3.4,5.7,1.6,7.270,0.275
20231026,26660,6.3,3.3,4.3,1.5,7.876,0.553
20231025,29430,6.4,3.3,4.4,1.4,7.774,0.714
20231024,28290,6.3,3.3,3.8,1.3,7.436,0.648
20231023,28630,6.4,3.3,4.3,1.3,7.707,0.555
20231022,28320,6.4,3.3,4.5,1.5,7.580,0.767
20231021,28440,6.4,3.3,4.5,1.3,6.489,0.461
20231020,28320,6.5,3.3,5,1.3,6.549,0.330
20231019,29530,6.3,3.4,4.8,1.4,7.210,0.580
20231018,29360,6.3,3.4,4.7,1.3,7.248,0.745
20231017,30600,6.3,3.4,5,1.5,7.373,0.780
20231016,31940,6.3,3.4,5.3,1.5,8.881,0.555
20231015,32520,6.4,3.4,5.3,1.4,7.833,0.739
20231014,32110,6.4,3.4,5.1,1.2,8.247,0.652
20231013,31930,6.3,3.3,4.9,1.1,7.574,0.591
20231012,32120,6.4,3.3,5,1.2,6.918,0.722
20231011,33030,6.4,3.4,5.4,1.2,6.301,0.659
20231010,32380,6.3,3.4,5.2,1.6,9.6,0.701
20231009,32630,6.2,3.3,4.9,1.2,8.110,0.820
20231008,30910,6.4,3.3,5.2,1.4,7.572,0.412
20231007,35600,6.4,3.1,5.2,1.4,7.742,0.386
20231006,33900,6.4,3.1,5.5,1.4,7.453,0.377
20231005,29350,6.4,3.1,5.3,1.4,5.426,0.902
20231004,34670,6.3,3.2,5.3,1.3,7.627,0.229
20231003,32470,6.3,3.3,5.2,1.4,7.808,0.137
20231002,32680,6.3,3.2,5.3,1.4,7.587,0.089
20231001,32480,6.3,3.4,5.1,1.2,8.165,0.058
20230930,33320,6.4,3.4,4.9,1.1,6.740,0.055
20230929,34210,6.5,3.1,4.9,1.1,2.811,0.067
20230928,37740,6.4,3.1,4.7,1.3,3.637,0.107
20230927,38830,6.4,3,4.6,1.3,5.275,0.209
20230926,35810,6.4,2.8,4.5,1.3,5.420,0.392
20230925,38040,6.4,2.6,4.7,1.3,5.042,0.389
20230924,40310,6.3,2.6,4,1.3,5.697,0.342
20230923,42300,6.2,2.6,3.8,1.3,4.661,0.549
20230922,46900,6.4,2.7,3.6,1.3,4.060,0.696
20230921,61360,6.3,2.9,3.1,1.8,2.684,0.302
20230920,54930,6.3,3.1,3.7,1.4,4.660,0.721
20230919,56890,6.5,3.1,3.4,1.3,2.893,0.836
20230918,69210,6.4,3.2,3,1.1,3.929,0.758
20230917,71680,6.4,3.2,3,1,3.790,0.766
20230916,57090,6.2,3.2,4,1.1,5.393,0.904
20230915,41430,6.3,3.2,4.1,1.2,4.864,0.782
20230914,57520,6.3,3,4.1,1.3,4.772,0.144
20230913,39370,6.3,2.9,4.6,1.2,6.171,0.163
20230912,35690,6.3,2.8,4.7,1.2,6.366,0.172
20230911,34990,6.3,2.7,4.6,1.3,6.817,0.259
20230910,34600,6.3,2.8,4.4,1.3,7.204,0.259
20230909,34610,6.3,2.7,4.3,1.1,6.819,0.618
20230908,36540,6.4,2.6,4.3,1.2,5.805,0.672
20230907,37480,6.4,2.6,4,1.3,5.966,0.624
20230906,39910,6.4,2.7,3.8,1.3,5.616,0.701
20230905,45400,6.4,3,3.6,1.3,4.889,0.686
20230904,56050,6.5,3.1,3.4,1.1,4.676,1.133
20230903,68920,6.5,3.4,2.9,1,3.698,1.133
20230902,72720,6.5,3.3,2.8,1,4.089,0.446
20230901,71720,6.7,3.1,3.5,2,7.560,0.821
20230831,57640,6.6,3.3,5.5,2.1,7.824,0.456
20230830,42570,6.7,3.2,5.6,2.5,6.192,0.403
20230829,44990,6.7,3.1,5.7,2.4,11.352,0.734
20230828,35400,6.9,3.1,5.5,1.5,8.713,0.668
20230827,36400,6.8,3.1,5,1,7.022,0.597
20230826,38380,6.9,3,5.3,1.1,6.060,0.611
20230825,43360,7,2.9,5.61,1.2,4.887,0.906
20230824,61560,6.9,2.7,5.8,1.9,6.980,0.285
20230823,36400,6.9,2.9,5.5,0.8,7.438,0.607
20230822,36210,6.8,3,5.2,1,7.241,0.628
20230821,38430,6.8,3.1,7.8,1.4,7.242,0.866
20230820,45630,6.9,3.4,5.8,1.3,6.121,0.817
20230819,51700,6.9,3.2,6.4,0.7,8.152,0.793
20230818,42350,6.9,3.3,6.2,1.1,9.116,0.654
20230817,35970,6.9,3.5,5.5,1.5,8.630,0.551
20230816,36250,6.9,3.7,5.6,0.6,8.489,0.418
20230815,37530,6.9,3.6,4.8,0.5,8.501,0.577
20230814,36960,6.8,4,4.4,1.2,8.647,0.571
20230813,39320,6.9,4.3,4.3,1,7.071,0.703
20230812,45680,7,4.4,4,1.5,6.368,0.886
20230811,63770,7,4.2,4,1.7,6.342,0.754
20230810,73710,6.9,4.2,4.7,2.4,5.827,0.586
20230809,53970,7,4.1,5.9,1,8.936,0.611
20230808,33690,6.9,4.1,5.6,0.9,8.287,0.328
20230807,33610,6.9,4,5.8,0.9,8.977,0.352
20230806,33960,6.9,3.7,5.6,0.7,8.658,0.497
20230805,35340,6.9,3.6,6.4,0.7,8.602,0.674
20230804,35150,6.9,3.6,5.7,0.7,9.451,0.452
20230803,34120,6.9,3.5,5.4,1,8.782,0.397
20230802,34960,6.9,3.5,5.6,0.9,8.972,0.357
20230801,34660,6.9,3.4,5.5,1.2,8.586,0.176
20230731,35110,6.9,3.3,5.4,1.8,8.7,0.178
20230730,34560,7,3.2,5.1,1.6,8.081,0.280
20230729,35640,6.9,3.1,5.2,1.3,7.992,0.315
20230728,35780,6.9,3,5.5,1.6,7.892,0.429
20230727,36270,6.9,2.7,4.5,1.9,6.911,0.550
20230726,37130,6.9,2.4,4.6,2.4,6.813,0.578
20230725,38950,6.9,2.1,4.8,2.7,6.854,0.4
20230724,42850,6.9,2.1,3.9,2.2,6.182,0.547
20230723,39180,6.9,2,4.1,2.3,5.669,0.517
20230722,41530,6.9,2.3,4.1,2.4,5.285,0.773
20230721,35530,6.9,2.2,3.7,1.9,4.728,0.526
20230720,40390,7.1,2.8,3.8,0.9,4.980,0.611
20230719,61340,7.1,2.8,2.9,1.6,3.653,0.605
20230718,68740,7.1,2.9,3.6,1.8,4.813,0.698
20230717,73610,7.1,3,4,1.8,3.832,0.621
20230716,67520,7,3.2,3.4,2,4.744,0.687
20230715,61630,7,3.1,3.8,1.6,4.706,0.732
20230714,74170,7,3.1,4.2,1.9,4.295,0.689
20230713,71850,7.1,2.9,3.6,1.6,4.895,0.727
20230712,69440,6.9,2.8,4,2.3,4.470,0.681
20230711,55560,6.9,3.1,4.1,1.2,5.759,0.669
20230710,55580,7,3.2,4.3,1.3,5.154,0.809
20230709,71910,7,3.4,3.7,1.8,4.759,0.654
20230708,70900,7,3.4,3.4,1.1,5.209,0.164
20230707,50660,6.8,3.5,3.4,2,6.574,0.587
20230706,43150,7,3.5,4.9,1.4,0.826,0.380
20230705,61550,6.9,3.7,4.4,2,3.632,0.294
20230704,39950,6.8,3.7,5.1,1.2,3.957,0.555
20230703,35680,6.8,3.6,9.6,0.9,3.261,0.783
20230702,38030,6.8,3.3,5,0.6,3.134,0.706
20230701,42220,6.9,3.6,4.4,1.7,2.194,0.802
20230630,56420,6.8,4,4.1,1,2.651,0.619
20230629,48250,6.9,3.9,4.9,1.7,4.718,0.915
20230628,61680,6.8,3.8,3.6,0.8,4.644,0.747
20230627,48360,6.8,3.5,4.2,1.5,5.168,0.877
20230626,55160,6.7,3.6,6.6,2.7,5.155,0.239
20230625,38300,6.8,3.4,6,1.5,6.854,0.627
20230624,30430,6.6,3.4,6.1,1.8,6.527,0.585
20230623,31820,6.6,3.4,6.1,1.2,6.271,0.931
20230622,32990,6.9,3.3,7.3,1.8,4.962,0.708
20230621,48420,6.7,3.2,6.9,3.3,7.487,0.903
20230620,30950,6.7,3.3,6.7,2,7.220,0.520
20230619,32430,6.7,3.2,6.4,2,7.748,0.697
20230618,30570,6.8,3.3,5.7,1.5,7.507,0.553
20230617,30620,6.8,3.4,5.9,1,6.858,0.672
20230616,31440,6.7,3.4,5.9,1.2,7.334,0.660
20230615,31710,6.8,3.3,6.3,1.5,7.467,0.592
20230614,31720,6.7,3.3,5.9,1.1,7.2,0.640
20230613,32120,6.8,3.3,6.2,1.5,7.624,0.566
20230612,33150,6.7,3.4,6.5,1.3,7.612,0.665
20230611,36740,6.7,3.3,5.9,1.5,7.912,0.643
20230610,31670,6.8,3.0,6,1.1,7.551,0.587
20230609,31300,6.8,3.2,5.4,1,7.604,0.734
20230608,30430,6.7,3,5.3,1,8.399,0.841
20230607,34000,6.7,2.8,5.6,0.7,8.229,0.644
20230606,31670,6.7,3.1,5.3,0.8,8.511,0.764
20230605,32640,6.6,2.9,5.4,0.7,7.891,0.916
20230604,36090,6.7,3.4,5.2,0.5,7.079,0.965
20230603,37450,6.8,3.2,4.8,0.5,6.230,0.840
20230602,48340,6.7,3.2,4.8,1.6,5.680,0.601
20230601,46230,6.6,3,3.4,0.8,6.675,0.997
20230531,43700,6.7,2.8,3.7,0.6,5.936,0.673
20230530,60150,6.7,2.9,4.5,1.8,5.050,0.278
20230529,44100,6.6,3.1,6.2,2.3,9.471,0.757
20230528,28370,6.5,3,5.6,1.3,8.601,0.507
20230527,29800,6.6,3.1,5.6,1.2,8.154,0.480
20230526,31910,6.8,3.1,5.3,1.4,8.126,0.568
20230525,29440,6.7,3.1,4.7,1.6,7.081,0.609
20230524,30400,6.6,3,4.5,1.5,6.941,0.503
20230523,31060,6.5,2.9,5.2,1.2,6.923,0.433
20230522,32400,6.6,3.1,5.4,1.4,7.763,0.851
20230521,33440,6.5,2.8,4.1,0.9,6.592,0.653
20230520,38320,6.7,2.7,4.3,0.9,4.898,0.558
20230519,53870,6.7,2.5,5.2,1.5,4.369,0.516
20230518,48720,6.6,2.6,4.7,1.5,7.052,0.458
20230517,32890,6.5,2.4,4.8,1.7,7.306,0.454
20230516,32230,6.5,2.6,4.8,1.1,7.153,0.594
20230515,32760,6.5,2.6,4.3,1.3,7.581,0.814
20230514,33850,6.7,2.6,4.7,1.5,5.566,0.381
20230513,49560,6.6,2.1,4.7,2.1,7.097,0.745
20230512,31970,6.6,2,4.9,1.1,6.323,0.525
20230511,33320,6.6,1.8,4.7,1.1,6.109,0.648
20230510,34470,6.6,1.9,4.6,1.1,6.021,0.767
20230509,35570,6.7,2.1,3.9,1,5.180,0.577
20230508,45700,6.8,2.4,3.7,1.6,4.972,0.728
20230507,63890,6.6,2.4,3.6,1.5,5.584,0.464
20230506,66120,6.7,2.5,3.3,1.9,5.622,0.240
20230505,55100,6.7,2.2,4.6,2.2,8.061,0.777
20230504,29050,6.8,2.2,5.6,1.4,7.351,0.665
20230503,29250,6.8,2.4,6.1,1.5,7.282,0.407
20230502,30270,6.6,2.5,5.8,1.4,7.579,0.587
20230501,32580,6.5,2.6,5.1,1.1,9.638,0.893
20230430,32780,6.7,2.4,5.6,1.5,9.638,0.545
20230429,45100,6.6,2.4,5.6,1.3,9.351,0.613
20230428,30730,6.5,2.6,5.4,1.2,9.115,0.484
20230427,31250,6.6,2.6,5.1,0.5,7.691,1.103
20230426,33190,6.6,2.7,5.6,1.3,6.159,0.369
20230425,45060,6.7,2.6,5.6,0.8,8.473,0.670
20230424,30320,6.6,2.8,5.6,0.5,8.655,0.707
20230423,29990,6.8,2.8,5.9,0.6,8.521,0.775
20230422,29810,6.8,2.5,5.8,0.8,7.667,0.755
20230421,30410,6.7,2.5,5.4,0.4,8.066,0.616
20230420,31070,6.7,2.4,5.4,0.5,8.016,0.717
20230419,30690,6.6,2.6,5,0.4,7.799,0.825
20230418,29910,6.6,2.7,5.2,0.3,7.334,0.833
20230417,31790,6.6,2.6,5.2,0.5,7.076,0.592
20230416,34930,6.7,2.7,5.3,0.4,7.302,0.894
20230415,42410,6.7,2.8,5.1,1.1,6.566,0.286
20230414,39130,6.5,2.8,5.7,0.5,7.280,0.580
20230413,29690,6.7,2.7,4.7,0.6,7.120,0.920
20230412,32650,6.6,2.9,4.8,0.7,7.338,0.739
20230411,32390,6.6,3.1,5.6,0.9,7.310,0.765
20230410,32120,6.6,3,5.3,0.8,6.374,0.913
20230409,33840,6.6,3.2,4.8,0.6,6.083,0.622
20230408,37160,6.7,3.1,4.6,0.7,5.184,0.661
20230407,44960,6.6,3,4.6,0.9,5.999,0.636
20230406,44570,6.5,2.8,8.9,2.1,6.545,0.491
20230405,54380,6.5,2.8,6.6,0.7,9.383,0.741
20230404,29690,6.5,3.1,6.9,0.9,9.422,0.701
20230403,32710,6.6,3,5.8,1.4,9.405,0.808
20230402,31860,6.6,2.8,5.4,0.8,8.956,0.718
20230401,35280,6.7,2.9,5.3,1,8.884,0.633
20230331,31960,6.6,2.7,11,1.1,9.019,0.608
20230330,30930,6.6,2.6,6.5,2.1,8.390,0.856
20230329,33630,6.5,2.6,6.5,1.2,8.974,0.766
20230328,29750,6.6,3.1,6.3,3.1,8.595,0.567
20230327,31710,6.5,3.3,5.5,1.4,9.177,0.528
20230326,32120,6.5,3.2,5.5,1.3,8.654,0.699
20230325,35610,6.7,3.2,4.8,1.5,7.991,0.732
20230324,40780,6.7,3.3,5.5,2.5,6.873,0.175
20230323,56620,6.5,3.4,6.8,3.9,9.803,0.464
20230322,31680,6.6,3.3,7.6,2.2,10.042,0.954
20230321,29120,6.6,3.4,7,2,9.526,0.607
20230320,28930,7.1,3.3,6.6,3.5,9.834,0.805
20230319,29240,7.1,3.1,6.5,3.1,9.532,0.835
20230318,28210,7.1,3.4,6.6,3.5,8.632,0.454
20230317,28290,7,3.3,6.7,2.8,8.733,0.554
20230316,27590,6.9,3.1,7.2,3.6,8.579,0.705
20230315,27080,6.8,3.0,6.3,2.8,8.295,0.598
20230314,27920,6.9,3.3,7.2,2.9,8.191,0.732
20230313,27850,6.9,3.1,6.8,3.1,7.411,0.274
20230312,35910,7,3.3,6.5,2.6,8.074,0.838
20230311,28800,7,3.3,6.3,2.4,7.681,0.716
20230310,28720,6.9,3.3,5.5,2.1,8.125,0.655
20230309,28200,6.9,3.1,6.2,1.8,8.525,0.628
20230308,28060,6.9,3.4,5.8,1.7,8.439,0.880
20230307,28200,6.8,3.3,5.7,1.7,8.227,0.591
20230306,28650,7,3.4,6.2,2.4,8.562,0.737
20230305,28180,7,3.2,5.7,2.2,8.266,0.908
20230304,27350,6.9,3.2,5.7,2.6,8.187,0.582
20230303,27710,6.9,3.2,5.8,2.8,8.522,0.825
20230302,28210,6.9,3.1,5.9,2.4,8.415,0.843
20230301,27270,6.8,3.2,5.5,2.5,8.411,0.739
20230228,27280,6.9,3.5,6.1,3,8.433,0.511
20230227,28090,6.8,3.2,5.5,28,8.432,0.588
20230226,27860,6.8,3.4,5.3,32,7.971,0.876
20230225,28520,6.8,3.5,5.4,26,7.853,0.804
20230224,27940,6.8,3.5,5.6,29,8.465,0.816
20230223,28010,6.8,3.6,5.5,1.9,8.299,0.747
20230222,28110,6.8,3.5,5.7,2,8.121,0.698
20230221,27795,6.8,3.7,7.9,1.8,8.209,0.729
20230220,28030,6.9,3.8,5.7,2,11.325,0.871
20230219,29600,6.9,3.5,5.6,2,10.801,0.962
20230218,38310,6.8,3.8,5.8,2.2,11.285,0.862
20230217,28640,6.7,3.6,6.3,1.6,10.529,0.639
20230216,28040,6.8,3.4,5.3,0.7,10.224,0.856
20230215,28500,6.8,3.4,5,0.8,9.991,0.523
20230214,27960,6.8,3.6,5.9,1.3,9.792,0.685
20230213,27910,6.8,3.6,5.0,1.3,9.808,0.662
20230212,28810,6.9,3.7,5.5,1.3,9.412,0.820
20230211,30740,6.9,3.9,5.3,1.7,8.314,0.229
20230210,53720,6.9,3.7,6.1,4.4,10.149,0.677
20230209,30650,6.8,3.6,5.7,1.4,9.369,0.736
20230208,27570,6.8,3.4,5.9,1.4,9.580,0.922
20230207,28240,6.9,3.7,6.1,1.5,9.563,0.8
20230206,28620,6.8,3.3,6.4,1.5,9.710,0.777
20230205,28260,6.8,3.4,5.6,1.4,9.191,0.862
20230204,29530,6.9,3.3,5.8,1.4,8.852,0.614
20230203,28760,6.9,3.4,6.3,1.5,8.824,0.780
20230202,28690,6.8,3.2,5.3,1.5,8.644,0.920
20230201,28600,6.8,3.1,5.9,1.8,9.171,0.774
20230131,29470,6.8,2.6,5,1.6,9.526,0.674
20230130,30140,6.9,2.6,5.2,1.7,9.533,0.864
20230129,30170,6.9,2.4,5.1,1.7,9.176,0.775
20230128,29380,6.9,2.6,5.4,1.7,8.839,0.661
20230127,29190,7,2.7,6.7,1.7,9.248,0.8
20230126,28400,6.9,2.8,6.6,1.9,9.529,0.253
20230125,30290,6.9,2.9,6.3,1.7,9.629,0.207
20230124,32450,6.9,3.2,6.2,1.7,9.679,0.326
20230123,30770,6.9,3.2,5.5,2.4,9.557,0.549
20230122,29450,7.1,2.7,6,1.6,7.877,0.723
20230121,28910,6.8,2.4,5.7,1.2,7.275,0.794
20230120,28610,6.8,2.6,5.8,1.2,7.629,0.755
20230119,27880,6.8,2.4,6.3,0.8,7.869,0.850
20230118,27780,6.7,2.8,6.6,0.8,7.655,0.661
20230117,24900,6.7,2.7,6.5,0.8,7.174,0.509
20230116,28240,6.7,2.5,4.8,1.2,7.087,0.422
20230115,31680,6.8,2.6,4.7,1.3,8.1,0.798
20230114,36090,6.8,2.8,4.3,0.8,6.365,0.076
20230113,42060,6.7,2.8,3.9,1.2,8.452,0.625
20230112,29160,6.7,2.6,5.2,1.4,8.013,0.678
20230111,29910,6.7,2.5,5.5,1.5,8.130,0.518
20230110,30450,6.7,2.3,5.4,1.1,8.043,0.892
20230109,30090,6.6,2,5.2,1.4,8.397,0.681
20230108,28850,6.7,2.1,5.4,1,7.630,0.891
20230107,28110,6.6,2.5,5.3,0.8,7.821,0.715
20230106,26610,6.7,2.3,8.8,1.1,7.753,0.736
20230105,27210,6.7,2.4,6.1,0.3,7.846,0.699
20230104,28270,6.7,2.5,5.9,0.5,8.122,0.770
20230103,28870,6.8,2.4,6.6,0.4,7.842,0.681
20230102,29050,6.7,2.3,5.4,0.3,7.868,0.576
20230101,26960,6.7,1.9,5.6,.3,6.987,0.375
20220901,null,null,null,null,null,null,null
20211007,31520,null,3.5,null,1.1,6.426,0.682
20211006,34280,null,3.4,null,1.1,6.287,03.376
20211005,null,null,null,null,null,null,null
20211004,null,null,null,null,null,null,null
20211003,null,null,null,null,null,null,null
20211002,null,null,null,null,null,null,null
20211001,null,null,null,null,null,null,null
20210201,11111,null,111,1111,111,111,11
