date,sewage_volume
2026-09-10,0.0
2026-09-09,0.0
2026-09-08,0.0
2026-09-07,0.0
2026-09-06,0.0
2026-09-05,0.0
2026-09-04,0.0
2026-09-03,0.0
2026-09-02,0.0
2026-09-01,0.0
2026-08-31,0.0
2026-08-30,0.0
2026-08-29,0.0
2026-08-28,0.0
2026-08-27,0.0
2026-08-26,0.0
2026-08-25,0.0
2026-08-24,0.0
2026-08-23,0.0
2026-08-22,0.0
2026-08-21,0.0
2026-08-20,0.0
2026-08-19,0.0
2026-08-18,0.0
2026-08-17,0.0
2026-08-16,0.0
2026-08-15,0.0
2026-08-14,0.0
2026-08-13,0.0
2026-08-12,0.0
2026-08-11,0.0
2026-08-10,0.0
2026-08-09,0.0
2026-08-08,0.0
2026-08-07,0.0
2026-08-06,298689.0
2026-08-05,301456.0
2026-08-04,304856.0
2026-08-03,303354.0
2026-08-02,327028.0
2026-08-01,320039.0
2026-07-31,319639.0
2026-07-30,298676.0
2026-07-29,313474.0
2026-07-28,319480.0
2026-07-27,335580.0
2026-07-26,297487.0
2026-07-25,301293.0
2026-07-24,314334.0
2026-07-23,306559.0
2026-07-22,298683.0
2026-07-21,316943.0
2026-07-20,340818.0
2026-07-19,316378.0
2026-07-18,318784.0
2026-07-17,335242.0
2026-07-16,327218.0
2026-07-15,322327.0
2026-07-14,338611.0
2026-07-13,325227.0
2026-07-12,331882.0
2026-07-11,336443.0
2026-07-10,306662.0
2026-07-09,322478.0
2026-07-08,337842.0
2026-07-07,332713.0
2026-07-06,346327.0
2026-07-05,341861.0
2026-07-04,359327.0
2026-07-03,357153.0
2026-07-02,358505.0
2026-07-01,352713.0
2026-06-30,313339.0
2026-06-29,315878.0
2026-06-28,307464.0
2026-06-27,321002.0
2026-06-26,327085.0
2026-06-25,313084.0
2026-06-24,312304.0
2026-06-23,304751.0
2026-06-22,351903.0
2026-06-21,350730.0
2026-06-20,356421.0
2026-06-19,322153.0
2026-06-18,293612.0
2026-06-17,342084.0
2026-06-16,322406.0
2026-06-15,332637.0
2026-06-14,326342.0
2026-06-13,323896.0
2026-06-12,300454.0
2026-06-11,307999.0
2026-06-10,306172.0
2026-06-09,301353.0
2026-06-08,320676.0
2026-06-07,309366.0
2026-06-06,324256.0
2026-06-05,338130.0
2026-06-04,327990.0
2026-06-03,355875.0
2026-06-02,356773.0
2026-06-01,340237.0
2026-05-31,308664.0
2026-05-30,335068.0
2026-05-29,345439.0
2026-05-28,351969.0
2026-05-27,354238.0
2026-05-26,324360.0
2026-05-25,304946.0
2026-05-24,304315.0
2026-05-23,318002.0
2026-05-22,330770.0
2026-05-21,346478.0
2026-05-20,338236.0
2026-05-19,304101.0
2026-05-18,312573.0
2026-05-17,320553.0
2026-05-16,299529.0
2026-05-15,303408.0
2026-05-14,306321.0
2026-05-13,299295.0
2026-05-12,286203.0
2026-05-11,292570.0
2026-05-10,289544.0
2026-05-09,303108.0
2026-05-08,307946.0
2026-05-07,298195.0
2026-05-06,301559.0
2026-05-05,324751.0
2026-05-04,317086.0
2026-05-03,331841.0
2026-05-02,319025.0
2026-05-01,354517.0
2026-04-30,300838.0
2026-04-29,287031.0
2026-04-28,288388.0
2026-04-27,310438.0
2026-04-26,299657.0
2026-04-25,281577.0
2026-04-24,297415.0
2026-04-23,303087.0
2026-04-22,301961.0
2026-04-21,304983.0
2026-04-20,325927.0
2026-04-19,329533.0
2026-04-18,362118.0
2026-04-17,320804.0
2026-04-16,318674.0
2026-04-15,315055.0
2026-04-14,307837.0
2026-04-13,314649.0
2026-04-12,333465.0
2026-04-11,343073.0
2026-04-10,360088.0
2026-04-09,337228.0
2026-04-08,295244.0
2026-04-07,314333.0
2026-04-06,332051.0
2026-04-05,351837.0
2026-04-04,363723.0
2026-04-03,315146.0
2026-04-02,304211.0
2026-04-01,309013.0
2026-03-31,358094.0
2026-03-30,314293.0
2026-03-29,293724.0
2026-03-28,280454.0
2026-03-27,276111.0
2026-03-26,270401.0
2026-03-25,278444.0
2026-03-24,276590.0
2026-03-23,288987.0
2026-03-22,289314.0
2026-03-21,293562.0
2026-03-20,283645.0
2026-03-19,291317.0
2026-03-18,290621.0
2026-03-17,308804.0
2026-03-16,267570.0
2026-03-15,261149.0
2026-03-14,279481.0
2026-03-13,272009.0
2026-03-12,261329.0
2026-03-11,250151.0
2026-03-10,276469.0
2026-03-09,276239.0
2026-03-08,272466.0
2026-03-07,282951.0
2026-03-06,299533.0
2026-03-05,289853.0
2026-03-04,297476.0
2026-03-03,337972.0
2026-03-02,307852.0
2026-03-01,279659.0
2026-02-28,289772.0
2026-02-27,309261.0
2026-02-26,273718.0
2026-02-25,269419.0
2026-02-24,287273.0
2026-02-23,267628.0
2026-02-22,277702.0
2026-02-21,276827.0
2026-02-20,271008.0
2026-02-19,276197.0
2026-02-18,258363.0
2026-02-17,285058.0
2026-02-16,285058.0
2026-02-15,287563.0
2026-02-14,285386.0
2026-02-13,268085.0
2026-02-12,265033.0
2026-02-11,264746.0
2026-02-10,265539.0
2026-02-09,271629.0
2026-02-08,271649.0
2026-02-07,270860.0
2026-02-06,276438.0
2026-02-05,278172.0
2026-02-04,273566.0
2026-02-03,265621.0
2026-02-02,270403.0
2026-02-01,270446.0
2026-01-31,265703.0
2026-01-30,266980.0
2026-01-29,256311.0
2026-01-28,243735.0
2026-01-27,257416.0
2026-01-26,275249.0
2026-01-25,268482.0
2026-01-24,269780.0
2026-01-23,271789.0
2026-01-22,266754.0
2026-01-21,265596.0
2026-01-20,268468.0
2026-01-19,271740.0
2026-01-18,276438.0
2026-01-17,266375.0
2026-01-16,269621.0
2026-01-15,269381.0
2026-01-14,261500.0
2026-01-13,264341.0
2026-01-12,275589.0
2026-01-11,267442.0
2026-01-10,263415.0
2026-01-09,268589.0
2026-01-08,274311.0
2026-01-07,275916.0
2026-01-06,274839.0
2026-01-05,284551.0
2026-01-04,282650.0
2026-01-03,267370.0
2026-01-02,270523.0
2026-01-01,268651.0
2025-12-31,269007.0
2025-12-30,279134.0
2025-12-29,272735.0
2025-12-28,278593.0
2025-12-27,268710.0
2025-12-26,290793.0
2025-12-25,299311.0
2025-12-24,330517.0
2025-12-23,287189.0
2025-12-22,280159.0
2025-12-21,301205.0
2025-12-20,280389.0
2025-12-19,298529.0
2025-12-18,277035.0
2025-12-17,278458.0
2025-12-16,273030.0
2025-12-15,278072.0
2025-12-14,275054.0
2025-12-13,285170.0
2025-12-12,270393.0
2025-12-11,274052.0
2025-12-10,276770.0
2025-12-09,284468.0
2025-12-08,296785.0
2025-12-07,301507.0
2025-12-06,291901.0
2025-12-05,292024.0
2025-12-04,292055.0
2025-12-03,263659.0
2025-12-02,279079.0
2025-12-01,295842.0
2025-11-30,278279.0
2025-11-29,272870.0
2025-11-28,295471.0
2025-11-27,281198.0
2025-11-26,279731.0
2025-11-25,293760.0
2025-11-24,291984.0
2025-11-23,287441.0
2025-11-22,292114.0
2025-11-21,283210.0
2025-11-20,298802.0
2025-11-19,291577.0
2025-11-18,279420.0
2025-11-17,294370.0
2025-11-16,297175.0
2025-11-15,291482.0
2025-11-14,290187.0
2025-11-13,293895.0
2025-11-12,296169.0
2025-11-11,294343.0
2025-11-10,320673.0
2025-11-09,348346.0
2025-11-08,322986.0
2025-11-07,256799.0
2025-11-06,296713.0
2025-11-05,301668.0
2025-11-04,308506.0
2025-11-03,303802.0
2025-11-02,313660.0
2025-11-01,290017.0
2025-10-31,307081.0
2025-10-30,287565.0
2025-10-29,294740.0
2025-10-28,287608.0
2025-10-27,311318.0
2025-10-26,310868.0
2025-10-25,331091.0
2025-10-24,323344.0
2025-10-23,299996.0
2025-10-22,319331.0
2025-10-21,311415.0
2025-10-20,253710.0
2025-10-19,319971.0
2025-10-18,352140.0
2025-10-17,319973.0
2025-10-16,345128.0
2025-10-15,322922.0
2025-10-14,331090.0
2025-10-13,266883.0
2025-10-12,307912.0
2025-10-11,302756.0
2025-10-10,321943.0
2025-10-09,329556.0
2025-10-08,330018.0
2025-10-07,324876.0
2025-10-06,330721.0
2025-10-05,326013.0
2025-10-04,346518.0
2025-10-03,331035.0
2025-10-02,286345.0
2025-10-01,289277.0
2025-09-30,288913.0
2025-09-29,293789.0
2025-09-28,313722.0
2025-09-27,298190.0
2025-09-26,296695.0
2025-09-25,303677.0
2025-09-24,301945.0
2025-09-23,299490.0
2025-09-22,310453.0
2025-09-21,309562.0
2025-09-20,328327.0
2025-09-19,303476.0
2025-09-18,310990.0
2025-09-17,302268.0
2025-09-16,299793.0
2025-09-15,304048.0
2025-09-14,318397.0
2025-09-13,341169.0
2025-09-12,312231.0
2025-09-11,311455.0
2025-09-10,311062.0
2025-09-09,329591.0
2025-09-08,322854.0
2025-09-07,319392.0
2025-09-06,316362.0
2025-09-05,309435.0
2025-09-04,311915.0
2025-09-03,310708.0
2025-09-02,321998.0
2025-09-01,327590.0
2025-08-31,309352.0
2025-08-30,306672.0
2025-08-29,306672.0
2025-08-28,326524.0
2025-08-27,316613.0
2025-08-26,318036.0
2025-08-25,318717.0
2025-08-24,323322.0
2025-08-23,327383.0
2025-08-22,325127.0
2025-08-21,329586.0
2025-08-20,339906.0
2025-08-19,325053.0
2025-08-18,329971.0
2025-08-17,333385.0
2025-08-16,332535.0
2025-08-15,329948.0
2025-08-14,330647.0
2025-08-13,350422.0
2025-08-12,349748.0
2025-08-11,324243.0
2025-08-10,347509.0
2025-08-09,320188.0
2025-08-08,315351.0
2025-08-07,323877.0
2025-08-06,328502.0
2025-08-05,327368.0
2025-08-04,353539.0
2025-08-03,324817.0
2025-08-02,319332.0
2025-08-01,318026.0
2025-07-31,312012.0
2025-07-30,318168.0
2025-07-29,317960.0
2025-07-28,333859.0
2025-07-27,331834.0
2025-07-26,337687.0
2025-07-25,340063.0
2025-07-24,337840.0
2025-07-23,335714.0
2025-07-22,305678.0
2025-07-21,281761.0
2025-07-20,338788.0
2025-07-19,345156.0
2025-07-18,346296.0
2025-07-17,339810.0
2025-07-16,338016.0
2025-07-15,336068.0
2025-07-14,347633.0
2025-07-13,316875.0
2025-07-12,314051.0
2025-07-11,312544.0
2025-07-10,320072.0
2025-07-09,332904.0
2025-07-08,327382.0
2025-07-07,337299.0
2025-07-06,327662.0
2025-07-05,329535.0
2025-07-04,324540.0
2025-07-03,327337.0
2025-07-02,340459.0
2025-07-01,341281.0
2025-06-30,340770.0
2025-06-29,341356.0
2025-06-28,340334.0
2025-06-27,341520.0
2025-06-26,345910.0
2025-06-25,347898.0
2025-06-24,345839.0
2025-06-23,343977.0
2025-06-22,346541.0
2025-06-21,351834.0
2025-06-20,326287.0
2025-06-19,343773.0
2025-06-18,344575.0
2025-06-17,347184.0
2025-06-16,344984.0
2025-06-15,347442.0
2025-06-14,337250.0
2025-06-13,239629.0
2025-06-12,325300.0
2025-06-11,298259.0
2025-06-10,298415.0
2025-06-09,292721.0
2025-06-08,297198.0
2025-06-07,288756.0
2025-06-06,299476.0
2025-06-05,298916.0
2025-06-04,299500.0
2025-06-03,304809.0
2025-06-02,277618.0
2025-06-01,286659.0
2025-05-31,296765.0
2025-05-30,298680.0
2025-05-29,298503.0
2025-05-28,300523.0
2025-05-27,301363.0
2025-05-26,301339.0
2025-05-25,300522.0
2025-05-24,300060.0
2025-05-23,296363.0
2025-05-22,295726.0
2025-05-21,297316.0
2025-05-20,294669.0
2025-05-19,300411.0
2025-05-18,310694.0
2025-05-17,310694.0
2025-05-16,294861.0
2025-05-15,298835.0
2025-05-14,297415.0
2025-05-13,286542.0
2025-05-12,289666.0
2025-05-11,301887.0
2025-05-10,307567.0
2025-05-09,306265.0
2025-05-08,278845.0
2025-05-07,286203.0
2025-05-06,286078.0
2025-05-05,283243.0
2025-05-04,275940.0
2025-05-03,284686.0
2025-05-02,296362.0
2025-05-01,283997.0
2025-04-30,264389.0
2025-04-29,285811.0
2025-04-28,274974.0
2025-04-27,269401.0
2025-04-26,273781.0
2025-04-25,279747.0
2025-04-24,279730.0
2025-04-23,286466.0
2025-04-22,265932.0
2025-04-21,267173.0
2025-04-20,265344.0
2025-04-19,270568.0
2025-04-18,267788.0
2025-04-17,273840.0
2025-04-16,275651.0
2025-04-15,275917.0
2025-04-14,286240.0
2025-04-13,287690.0
2025-04-12,269546.0
2025-04-11,259539.0
2025-04-10,258044.0
2025-04-09,260572.0
2025-04-08,257186.0
2025-04-07,285975.0
2025-04-06,286100.0
2025-04-05,284180.0
2025-04-04,267087.0
2025-04-03,283943.0
2025-04-02,277109.0
2025-04-01,264695.0
2025-03-31,269192.0
2025-03-30,265090.0
2025-03-29,264382.0
2025-03-28,288443.0
2025-03-27,321096.0
2025-03-26,266711.0
2025-03-25,263417.0
2025-03-24,262930.0
2025-03-23,272968.0
2025-03-22,270764.0
2025-03-21,270037.0
2025-03-20,263242.0
2025-03-19,262574.0
2025-03-18,263205.0
2025-03-17,270887.0
2025-03-16,310988.0
2025-03-15,301266.0
2025-03-14,267847.0
2025-03-13,263232.0
2025-03-12,267480.0
2025-03-11,267320.0
2025-03-10,269225.0
2025-03-09,269986.0
2025-03-08,273727.0
2025-03-07,266497.0
2025-03-06,268832.0
2025-03-05,270377.0
2025-03-04,327737.0
2025-03-03,338561.0
2025-03-02,276018.0
2025-03-01,265007.0
2025-02-28,268901.0
2025-02-27,264957.0
2025-02-26,263892.0
2025-02-25,259603.0
2025-02-24,260629.0
2025-02-23,260610.0
2025-02-22,262342.0
2025-02-21,262728.0
2025-02-20,261240.0
2025-02-19,262516.0
2025-02-18,259455.0
2025-02-17,260403.0
2025-02-16,259803.0
2025-02-15,260602.0
2025-02-14,261838.0
2025-02-13,264272.0
2025-02-12,290647.0
2025-02-11,265177.0
2025-02-10,263432.0
2025-02-09,267607.0
2025-02-08,265286.0
2025-02-07,265071.0
2025-02-06,258576.0
2025-02-05,258911.0
2025-02-04,270880.0
2025-02-03,277742.0
2025-02-02,278167.0
2025-02-01,283265.0
2025-01-31,271228.0
2025-01-30,259859.0
2025-01-29,263974.0
2025-01-28,265264.0
2025-01-27,268068.0
2025-01-26,273125.0
2025-01-25,272079.0
2025-01-24,268515.0
2025-01-23,262830.0
2025-01-22,263944.0
2025-01-21,265992.0
2025-01-20,265971.0
2025-01-19,273325.0
2025-01-18,277820.0
2025-01-17,269777.0
2025-01-16,285998.0
2025-01-15,285867.0
2025-01-14,286293.0
2025-01-13,286865.0
2025-01-12,287660.0
2025-01-11,270997.0
2025-01-10,290114.0
2025-01-09,281336.0
2025-01-08,268638.0
2025-01-07,282106.0
2025-01-06,292143.0
2025-01-05,288569.0
2025-01-04,278679.0
2025-01-03,291588.0
2025-01-02,301930.0
2025-01-01,300696.0
2024-12-31,278361.0
2024-12-30,303892.0
2024-12-29,289907.0
2024-12-28,301431.0
2024-12-27,278018.0
2024-12-26,287532.0
2024-12-25,285055.0
2024-12-24,292111.0
2024-12-23,280528.0
2024-12-22,292635.0
2024-12-21,304111.0
2024-12-20,286335.0
2024-12-19,299006.0
2024-12-18,297283.0
2024-12-17,308674.0
2024-12-16,303547.0
2024-12-15,300978.0
2024-12-14,304179.0
2024-12-13,298393.0
2024-12-12,298472.0
2024-12-11,286552.0
2024-12-10,292909.0
2024-12-09,305129.0
2024-12-08,296262.0
2024-12-07,302392.0
2024-12-06,305006.0
2024-12-05,304267.0
2024-12-04,305901.0
2024-12-03,311468.0
2024-12-02,320435.0
2024-12-01,332218.0
2024-11-30,327670.0
2024-11-29,326667.0
2024-11-28,331824.0
2024-11-27,324415.0
2024-11-26,341296.0
2024-11-25,314481.0
2024-11-24,309975.0
2024-11-23,324166.0
2024-11-22,306061.0
2024-11-21,313044.0
2024-11-20,323358.0
2024-11-19,325862.0
2024-11-18,322644.0
2024-11-17,331915.0
2024-11-16,331812.0
2024-11-15,343667.0
2024-11-14,348078.0
2024-11-13,335838.0
2024-11-12,333829.0
2024-11-11,338907.0
2024-11-10,352532.0
2024-11-09,349897.0
2024-11-08,346704.0
2024-11-07,367482.0
2024-11-06,393046.0
2024-11-05,395961.0
2024-11-04,391202.0
2024-11-03,396609.0
2024-11-02,389248.0
2024-11-01,388237.0
2024-10-31,348405.0
2024-10-30,361403.0
2024-10-29,362332.0
2024-10-28,390405.0
2024-10-27,378379.0
2024-10-26,384364.0
2024-10-25,414948.0
2024-10-24,398978.0
2024-10-23,398477.0
2024-10-22,406888.0
2024-10-21,369262.0
2024-10-20,379780.0
2024-10-19,391121.0
2024-10-18,373206.0
2024-10-17,375895.0
2024-10-16,380918.0
2024-10-15,395921.0
2024-10-14,318791.0
2024-10-13,312679.0
2024-10-12,312642.0
2024-10-11,309900.0
2024-10-10,306080.0
2024-10-09,331836.0
2024-10-08,338492.0
2024-10-07,340785.0
2024-10-06,334442.0
2024-10-05,336806.0
2024-10-04,357737.0
2024-10-03,362508.0
2024-10-02,341816.0
2024-10-01,347987.0
2024-09-30,351762.0
2024-09-29,326013.0
2024-09-28,366055.0
2024-09-27,385694.0
2024-09-26,381673.0
2024-09-25,392753.0
2024-09-24,387160.0
2024-09-23,391141.0
2024-09-22,391438.0
2024-09-21,395006.0
2024-09-20,357785.0
2024-09-19,347317.0
2024-09-18,337992.0
2024-09-17,344630.0
2024-09-16,361087.0
2024-09-15,340701.0
2024-09-14,328940.0
2024-09-13,316913.0
2024-09-12,315820.0
2024-09-11,352530.0
2024-09-10,317844.0
2024-09-09,342762.0
2024-09-08,336026.0
2024-09-07,334139.0
2024-09-06,335369.0
2024-09-05,339120.0
2024-09-04,346534.0
2024-09-03,338141.0
2024-09-02,351788.0
2024-09-01,346664.0
2024-08-31,347445.0
2024-08-30,360059.0
2024-08-29,360090.0
2024-08-28,333541.0
2024-08-27,349255.0
2024-08-26,340836.0
2024-08-25,344346.0
2024-08-24,365291.0
2024-08-23,376471.0
2024-08-22,381274.0
2024-08-21,390403.0
2024-08-20,384984.0
2024-08-19,354476.0
2024-08-18,348813.0
2024-08-17,339234.0
2024-08-16,333054.0
2024-08-15,329948.0
2024-08-14,330001.0
2024-08-13,330703.0
2024-08-12,338392.0
2024-08-11,355327.0
2024-08-10,355040.0
2024-08-09,354843.0
2024-08-08,363594.0
2024-08-07,354737.0
2024-08-06,354917.0
2024-08-05,340297.0
2024-08-04,350851.0
2024-08-03,350969.0
2024-08-02,352341.0
2024-08-01,347900.0
2024-07-31,358314.0
2024-07-30,363138.0
2024-07-29,368694.0
2024-07-28,371680.0
2024-07-27,381858.0
2024-07-26,388386.0
2024-07-25,387867.0
2024-07-24,394087.0
2024-07-23,371822.0
2024-07-22,387434.0
2024-07-21,384560.0
2024-07-20,380516.0
2024-07-19,385870.0
2024-07-18,380698.0
2024-07-17,392619.0
2024-07-16,395328.0
2024-07-15,395396.0
2024-07-14,397227.0
2024-07-13,376267.0
2024-07-12,395605.0
2024-07-11,343503.0
2024-07-10,388367.0
2024-07-09,349494.0
2024-07-08,359177.0
2024-07-07,358265.0
2024-07-06,375063.0
2024-07-05,395481.0
2024-07-04,379028.0
2024-07-03,380817.0
2024-07-02,387866.0
2024-07-01,387519.0
2024-06-30,385298.0
2024-06-29,327818.0
2024-06-28,335234.0
2024-06-27,329295.0
2024-06-26,323546.0
2024-06-25,351517.0
2024-06-24,354325.0
2024-06-23,381045.0
2024-06-22,359883.0
2024-06-21,324337.0
2024-06-20,319231.0
2024-06-19,315916.0
2024-06-18,303013.0
2024-06-17,328150.0
2024-06-16,355627.0
2024-06-15,322975.0
2024-06-14,321322.0
2024-06-13,275886.0
2024-06-12,316462.0
2024-06-11,328232.0
2024-06-10,326139.0
2024-06-09,360615.0
2024-06-08,339569.0
2024-06-07,314566.0
2024-06-06,302656.0
2024-06-05,311281.0
2024-06-04,312251.0
2024-06-03,311715.0
2024-06-02,314126.0
2024-06-01,310301.0
2024-05-31,316351.0
2024-05-30,301837.0
2024-05-29,315547.0
2024-05-28,331348.0
2024-05-27,356858.0
2024-05-26,317944.0
2024-05-25,328592.0
2024-05-24,325065.0
2024-05-23,314001.0
2024-05-22,314007.0
2024-05-21,325231.0
2024-05-20,320574.0
2024-05-19,329616.0
2024-05-18,338398.0
2024-05-17,335643.0
2024-05-16,346936.0
2024-05-15,348111.0
2024-05-14,350125.0
2024-05-13,335633.0
2024-05-12,398285.0
2024-05-11,347686.0
2024-05-10,357855.0
2024-05-09,342253.0
2024-05-08,365049.0
2024-05-07,388272.0
2024-05-06,344566.0
2024-05-05,337007.0
2024-05-04,337599.0
2024-05-03,341059.0
2024-05-02,331246.0
2024-05-01,375856.0
2024-04-30,335169.0
2024-04-29,291959.0
2024-04-28,317641.0
2024-04-27,312412.0
2024-04-26,315018.0
2024-04-25,323476.0
2024-04-24,333350.0
2024-04-23,346602.0
2024-04-22,320745.0
2024-04-21,346300.0
2024-04-20,342178.0
2024-04-19,330776.0
2024-04-18,327320.0
2024-04-17,338413.0
2024-04-16,360357.0
2024-04-15,346349.0
2024-04-14,321749.0
2024-04-13,329359.0
2024-04-12,316550.0
2024-04-11,319855.0
2024-04-10,318823.0
2024-04-09,334943.0
2024-04-08,342905.0
2024-04-07,363903.0
2024-04-06,361806.0
2024-04-05,377752.0
2024-04-04,352325.0
2024-04-03,349369.0
2024-04-02,327871.0
2024-04-01,342408.0
2024-03-31,342132.0
2024-03-30,349546.0
2024-03-29,350209.0
2024-03-28,333165.0
2024-03-27,320035.0
2024-03-26,336009.0
2024-03-25,307124.0
2024-03-24,310652.0
2024-03-23,330029.0
2024-03-22,294720.0
2024-03-21,294010.0
2024-03-20,287636.0
2024-03-19,293235.0
2024-03-18,297670.0
2024-03-17,298108.0
2024-03-16,288809.0
2024-03-15,295967.0
2024-03-14,312574.0
2024-03-13,303988.0
2024-03-12,328675.0
2024-03-11,309400.0
2024-03-10,320524.0
2024-03-09,311858.0
2024-03-08,307202.0
2024-03-07,305407.0
2024-03-06,320470.0
2024-03-05,344739.0
2024-03-04,305988.0
2024-03-03,310084.0
2024-03-02,309882.0
2024-03-01,324544.0
2024-02-29,311815.0
2024-02-28,311901.0
2024-02-27,314945.0
2024-02-26,320506.0
2024-02-25,339889.0
2024-02-24,328659.0
2024-02-23,305892.0
2024-02-22,306202.0
2024-02-21,318450.0
2024-02-20,328045.0
2024-02-19,339044.0
2024-02-18,286556.0
2024-02-17,293873.0
2024-02-16,285970.0
2024-02-15,304655.0
2024-02-14,301006.0
2024-02-13,296442.0
2024-02-12,292948.0
2024-02-11,290275.0
2024-02-10,292848.0
2024-02-09,307241.0
2024-02-08,307367.0
2024-02-07,304017.0
2024-02-06,305487.0
2024-02-05,349415.0
2024-02-04,311363.0
2024-02-03,289495.0
2024-02-02,296029.0
2024-02-01,285616.0
2024-01-31,287458.0
2024-01-30,282416.0
2024-01-29,297464.0
2024-01-28,297698.0
2024-01-27,292060.0
2024-01-26,294078.0
2024-01-25,291873.0
2024-01-24,291864.0
2024-01-23,296792.0
2024-01-22,306013.0
2024-01-21,321950.0
2024-01-20,306342.0
2024-01-19,299059.0
2024-01-18,288786.0
2024-01-17,285427.0
2024-01-16,276942.0
2024-01-15,288969.0
2024-01-14,282577.0
2024-01-13,297349.0
2024-01-12,288039.0
2024-01-11,285231.0
2024-01-10,303050.0
2024-01-09,275736.0
2024-01-08,285461.0
2024-01-07,274065.0
2024-01-06,273924.0
2024-01-05,278215.0
2024-01-04,280002.0
2024-01-03,292279.0
2024-01-02,289551.0
2024-01-01,272128.0
2023-12-31,275951.0
2023-12-30,264942.0
2023-12-29,268104.0
2023-12-28,295600.0
2023-12-27,301804.0
2023-12-26,282795.0
2023-12-25,298673.0
2023-12-24,298514.0
2023-12-23,302469.0
2023-12-22,293111.0
2023-12-21,297814.0
2023-12-20,302395.0
2023-12-19,313047.0
2023-12-18,310292.0
2023-12-17,325316.0
2023-12-16,343863.0
2023-12-15,341672.0
2023-12-14,302394.0
2023-12-13,304545.0
2023-12-12,310767.0
2023-12-11,321284.0
2023-12-10,286166.0
2023-12-09,282620.0
2023-12-08,275784.0
2023-12-07,297254.0
2023-12-06,276819.0
2023-12-05,274985.0
2023-12-04,282980.0
2023-12-03,282060.0
2023-12-02,282036.0
2023-12-01,279622.0
2023-11-30,282731.0
2023-11-29,289399.0
2023-11-28,279459.0
2023-11-27,290988.0
2023-11-26,286899.0
2023-11-25,284821.0
2023-11-24,291543.0
2023-11-23,285990.0
2023-11-22,282706.0
2023-11-21,292278.0
2023-11-20,291494.0
2023-11-19,292049.0
2023-11-18,301599.0
2023-11-17,309935.0
2023-11-16,306608.0
2023-11-15,288053.0
2023-11-14,285461.0
2023-11-13,285459.0
2023-11-12,275305.0
2023-11-11,280746.0
2023-11-10,284721.0
2023-11-09,281526.0
2023-11-08,271467.0
2023-11-07,292595.0
2023-11-06,338735.0
2023-11-05,301073.0
2023-11-04,303210.0
2023-11-03,300118.0
2023-11-02,301062.0
2023-11-01,295697.0
2023-10-31,304894.0
2023-10-30,311406.0
2023-10-29,315256.0
2023-10-28,305461.0
2023-10-27,313944.0
2023-10-26,302516.0
2023-10-25,297844.0
2023-10-24,288652.0
2023-10-23,303755.0
2023-10-22,291150.0
2023-10-21,302626.0
2023-10-20,319127.0
2023-10-19,303147.0
2023-10-18,309010.0
2023-10-17,318724.0
2023-10-16,318730.0
2023-10-15,323795.0
2023-10-14,320197.0
2023-10-13,331778.0
2023-10-12,267173.0
2023-10-11,318427.0
2023-10-10,319333.0
2023-10-09,316889.0
2023-10-08,322635.0
2023-10-07,319294.0
2023-10-06,319830.0
2023-10-05,339552.0
2023-10-04,338436.0
2023-10-03,340587.0
2023-10-02,340954.0
2023-10-01,343549.0
2023-09-30,341223.0
2023-09-29,344199.0
2023-09-28,335115.0
2023-09-27,337350.0
2023-09-26,337165.0
2023-09-25,338997.0
2023-09-24,340465.0
2023-09-23,342936.0
2023-09-22,340671.0
2023-09-21,239217.0
2023-09-20,337525.0
2023-09-19,342232.0
2023-09-18,323312.0
2023-09-17,310770.0
2023-09-16,333537.0
2023-09-15,341832.0
2023-09-14,341582.0
2023-09-13,333034.0
2023-09-12,336058.0
2023-09-11,337854.0
2023-09-10,337956.0
2023-09-09,333922.0
2023-09-08,336639.0
2023-09-07,336041.0
2023-09-06,334969.0
2023-09-05,333066.0
2023-09-04,334810.0
2023-09-03,339364.0
2023-09-02,335584.0
2023-09-01,339639.0
2023-08-31,321425.0
2023-08-30,340465.0
2023-08-29,329753.0
2023-08-28,337734.0
2023-08-27,314148.0
2023-08-26,343362.0
2023-08-25,335140.0
2023-08-24,336903.0
2023-08-23,336687.0
2023-08-22,336474.0
2023-08-21,341536.0
2023-08-20,293427.0
2023-08-19,339254.0
2023-08-18,339834.0
2023-08-17,341066.0
2023-08-16,332380.0
2023-08-15,335540.0
2023-08-14,333264.0
2023-08-13,328325.0
2023-08-12,333124.0
2023-08-11,337896.0
2023-08-10,340499.0
2023-08-09,339537.0
2023-08-08,335045.0
2023-08-07,334035.0
2023-08-06,336979.0
2023-08-05,332853.0
2023-08-04,332030.0
2023-08-03,326334.0
2023-08-02,332028.0
2023-08-01,334302.0
2023-07-31,332207.0
2023-07-30,334363.0
2023-07-29,335958.0
2023-07-28,337191.0
2023-07-27,331909.0
2023-07-26,323239.0
2023-07-25,322808.0
2023-07-24,308654.0
2023-07-23,320599.0
2023-07-22,335438.0
2023-07-21,342453.0
2023-07-20,333802.0
2023-07-19,336038.0
2023-07-18,338015.0
2023-07-17,335213.0
2023-07-16,339788.0
2023-07-15,340576.0
2023-07-14,340646.0
2023-07-13,340496.0
2023-07-12,342540.0
2023-07-11,333720.0
2023-07-10,318857.0
2023-07-09,316885.0
2023-07-08,340752.0
2023-07-07,336552.0
2023-07-06,334664.0
2023-07-05,327013.0
2023-07-04,314858.0
2023-07-03,333800.0
2023-07-02,315811.0
2023-07-01,326184.0
2023-06-30,336084.0
2023-06-29,336258.0
2023-06-28,333924.0
2023-06-27,329246.0
2023-06-26,334120.0
2023-06-25,317933.0
2023-06-24,319243.0
2023-06-23,324304.0
2023-06-22,325437.0
2023-06-21,339879.0
2023-06-20,314410.0
2023-06-19,319181.0
2023-06-18,317983.0
2023-06-17,313337.0
2023-06-16,299288.0
2023-06-15,308839.0
2023-06-14,275431.0
2023-06-13,321939.0
2023-06-12,329072.0
2023-06-11,326639.0
2023-06-10,324724.0
2023-06-09,331987.0
2023-06-08,320009.0
2023-06-07,320174.0
2023-06-06,328607.0
2023-06-05,331568.0
2023-06-04,324699.0
2023-06-03,323278.0
2023-06-02,320291.0
2023-06-01,322779.0
2023-05-31,324771.0
2023-05-30,313330.0
2023-05-29,324080.0
2023-05-28,313492.0
2023-05-27,311573.0
2023-05-26,316620.0
2023-05-25,291972.0
2023-05-24,323093.0
2023-05-23,314476.0
2023-05-22,321963.0
2023-05-21,324260.0
2023-05-20,329983.0
2023-05-19,331630.0
2023-05-18,325059.0
2023-05-17,322886.0
2023-05-16,321338.0
2023-05-15,314047.0
2023-05-14,311048.0
2023-05-13,326003.0
2023-05-12,323365.0
2023-05-11,323684.0
2023-05-10,320340.0
2023-05-09,320315.0
2023-05-08,322636.0
2023-05-07,326938.0
2023-05-06,323708.0
2023-05-05,335076.0
2023-05-04,288725.0
2023-05-03,298165.0
2023-05-02,302989.0
2023-05-01,303605.0
2023-04-30,313392.0
2023-04-29,327378.0
2023-04-28,287228.0
2023-04-27,295466.0
2023-04-26,313833.0
2023-04-25,306399.0
2023-04-24,281185.0
2023-04-23,290146.0
2023-04-22,300577.0
2023-04-21,302970.0
2023-04-20,304624.0
2023-04-19,282170.0
2023-04-18,298032.0
2023-04-17,308573.0
2023-04-16,318586.0
2023-04-15,333061.0
2023-04-14,295310.0
2023-04-13,293116.0
2023-04-12,294153.0
2023-04-11,309272.0
2023-04-10,313630.0
2023-04-09,316926.0
2023-04-08,327886.0
2023-04-07,331417.0
2023-04-06,331422.0
2023-04-05,312244.0
2023-04-04,275201.0
2023-04-03,282809.0
2023-04-02,281335.0
2023-04-01,286368.0
2023-03-31,280766.0
2023-03-30,283106.0
2023-03-29,276374.0
2023-03-28,287884.0
2023-03-27,302319.0
2023-03-26,308851.0
2023-03-25,324400.0
2023-03-24,329261.0
2023-03-23,324050.0
2023-03-22,286734.0
2023-03-21,272625.0
2023-03-20,281739.0
2023-03-19,280365.0
2023-03-18,309108.0
2023-03-17,283884.0
2023-03-16,260055.0
2023-03-15,268326.0
2023-03-14,274428.0
2023-03-13,287842.0
2023-03-12,286651.0
2023-03-11,281630.0
2023-03-10,288420.0
2023-03-09,283373.0
2023-03-08,280916.0
2023-03-07,289376.0
2023-03-06,285104.0
2023-03-05,265398.0
2023-03-04,282147.0
2023-03-03,273962.0
2023-03-02,272193.0
2023-03-01,272132.0
2023-02-28,269385.0
2023-02-27,280854.0
2023-02-26,275199.0
2023-02-25,284973.0
2023-02-24,291435.0
2023-02-23,284553.0
2023-02-22,278553.0
2023-02-21,297966.0
2023-02-20,301221.0
2023-02-19,301736.0
2023-02-18,307900.0
2023-02-17,290040.0
2023-02-16,276160.0
2023-02-15,279501.0
2023-02-14,295824.0
2023-02-13,298266.0
2023-02-12,293421.0
2023-02-11,304441.0
2023-02-10,321267.0
2023-02-09,287779.0
2023-02-08,299197.0
2023-02-07,291563.0
2023-02-06,294008.0
2023-02-05,297802.0
2023-02-04,290557.0
2023-02-03,283235.0
2023-02-02,286891.0
2023-02-01,287807.0
2023-01-31,287697.0
2023-01-30,294777.0
2023-01-29,301569.0
2023-01-28,306043.0
2023-01-27,306846.0
2023-01-26,299531.0
2023-01-25,288062.0
2023-01-24,298787.0
2023-01-23,291987.0
2023-01-22,289171.0
2023-01-21,312582.0
2023-01-20,300636.0
2023-01-19,304399.0
2023-01-18,295785.0
2023-01-17,300862.0
2023-01-16,298585.0
2023-01-15,291642.0
2023-01-14,304532.0
2023-01-13,310941.0
2023-01-12,288733.0
2023-01-11,288054.0
2023-01-10,278010.0
2023-01-09,273351.0
2023-01-08,300849.0
2023-01-07,291694.0
2023-01-06,281925.0
2023-01-05,280587.0
2023-01-04,285842.0
2023-01-03,281879.0
2023-01-02,290884.0
2023-01-01,277048.0
2022-12-31,286154.0
2022-12-30,283542.0
2022-12-29,289078.0
2022-12-28,296631.0
2022-12-27,294110.0
2022-12-26,290539.0
2022-12-25,293328.0
2022-12-24,306896.0
2022-12-23,293621.0
2022-12-22,308709.0
2022-12-21,315094.0
2022-12-20,294834.0
2022-12-19,274297.0
2022-12-18,270806.0
2022-12-17,285007.0
2022-12-16,298525.0
2022-12-15,286328.0
2022-12-14,286726.0
2022-12-13,285660.0
2022-12-12,283969.0
2022-12-11,269958.0
2022-12-10,282878.0
2022-12-09,285658.0
2022-12-08,289057.0
2022-12-07,288341.0
2022-12-06,274568.0
2022-12-05,293273.0
2022-12-04,287244.0
2022-12-03,296699.0
2022-12-02,293725.0
2022-12-01,290217.0
2022-11-30,303987.0
2022-11-29,344651.0
2022-11-28,300874.0
2022-11-27,296417.0
2022-11-26,296547.0
2022-11-25,295837.0
2022-11-24,301876.0
2022-11-23,311227.0
2022-11-22,298119.0
2022-11-21,295437.0
2022-11-20,290699.0
2022-11-19,295158.0
2022-11-18,285845.0
2022-11-17,290714.0
2022-11-16,293518.0
2022-11-15,285278.0
2022-11-14,298222.0
2022-11-13,346562.0
2022-11-12,295118.0
2022-11-11,297626.0
2022-11-10,274159.0
2022-11-09,302789.0
2022-11-08,303611.0
2022-11-07,294420.0
2022-11-06,291918.0
2022-11-05,297545.0
2022-11-04,288973.0
2022-11-03,289474.0
2022-11-02,294352.0
2022-11-01,293416.0
2022-10-31,302198.0
2022-10-30,295936.0
2022-10-29,294930.0
2022-10-28,308928.0
2022-10-27,298264.0
2022-10-26,294349.0
2022-10-25,297578.0
2022-10-24,305948.0
2022-10-23,316694.0
2022-10-22,306830.0
2022-10-21,292609.0
2022-10-20,307248.0
2022-10-19,288497.0
2022-10-18,299013.0
2022-10-17,304344.0
2022-10-16,303259.0
2022-10-15,313687.0
2022-10-14,302626.0
2022-10-13,303508.0
2022-10-12,304527.0
2022-10-11,325994.0
2022-10-10,322329.0
2022-10-09,312347.0
2022-10-08,320323.0
2022-10-07,319371.0
2022-10-06,314773.0
2022-10-05,293360.0
2022-10-04,336674.0
2022-10-03,326974.0
2022-10-02,295765.0
2022-10-01,318559.0
2022-09-30,325807.0
2022-09-29,330632.0
2022-09-28,330505.0
2022-09-27,289530.0
2022-09-26,341706.0
2022-09-25,333618.0
2022-09-24,331513.0
2022-09-23,329771.0
2022-09-22,332579.0
2022-09-21,336833.0
2022-09-20,333821.0
2022-09-19,353476.0
2022-09-18,343882.0
2022-09-17,333465.0
2022-09-16,333849.0
2022-09-15,331783.0
2022-09-14,315855.0
2022-09-13,337625.0
2022-09-12,336452.0
2022-09-11,337137.0
2022-09-10,342280.0
2022-09-09,344627.0
2022-09-08,342275.0
2022-09-07,337650.0
2022-09-06,345064.0
2022-09-05,341726.0
2022-09-04,347310.0
2022-09-03,351885.0
2022-09-02,343623.0
2022-09-01,348511.0
2022-08-31,346676.0
2022-08-30,333552.0
2022-08-29,336419.0
2022-08-28,339412.0
2022-08-27,332240.0
2022-08-26,334168.0
2022-08-25,338522.0
2022-08-24,349564.0
2022-08-23,337147.0
2022-08-22,339419.0
2022-08-21,339960.0
2022-08-20,341465.0
2022-08-19,331053.0
2022-08-18,313506.0
2022-08-17,326205.0
2022-08-16,319927.0
2022-08-15,318800.0
2022-08-14,320395.0
2022-08-13,323456.0
2022-08-12,322231.0
2022-08-11,323119.0
2022-08-10,319591.0
2022-08-09,322913.0
2022-08-08,314394.0
2022-08-07,313227.0
2022-08-06,322083.0
2022-08-05,322482.0
2022-08-04,323118.0
2022-08-03,323072.0
2022-08-02,324218.0
2022-08-01,320835.0
2022-07-31,323748.0
2022-07-30,325598.0
2022-07-29,319229.0
2022-07-28,322957.0
2022-07-27,320939.0
2022-07-26,319183.0
2022-07-25,317563.0
2022-07-24,321162.0
2022-07-23,319331.0
2022-07-22,321899.0
2022-07-21,321345.0
2022-07-20,321519.0
2022-07-19,321456.0
2022-07-18,321392.0
2022-07-17,325376.0
2022-07-16,322867.0
2022-07-15,321875.0
2022-07-14,315809.0
2022-07-13,323728.0
2022-07-12,320202.0
2022-07-11,314301.0
2022-07-10,340626.0
2022-07-09,333290.0
2022-07-08,340126.0
2022-07-07,332120.0
2022-07-06,319739.0
2022-07-05,339327.0
2022-07-04,334011.0
2022-07-03,334920.0
2022-07-02,346230.0
2022-07-01,338727.0
2022-06-30,335379.0
2022-06-29,341492.0
2022-06-28,340648.0
2022-06-27,341363.0
2022-06-26,328676.0
2022-06-25,325825.0
2022-06-24,342445.0
2022-06-23,311365.0
2022-06-22,307801.0
2022-06-21,303874.0
2022-06-20,309492.0
2022-06-19,317345.0
2022-06-18,316880.0
2022-06-17,316186.0
2022-06-16,322268.0
2022-06-15,318037.0
2022-06-14,306147.0
2022-06-13,317502.0
2022-06-12,300500.0
2022-06-11,302747.0
2022-06-10,301576.0
2022-06-09,298594.0
2022-06-08,251099.0
2022-06-07,348235.0
2022-06-06,343257.0
2022-06-05,314150.0
2022-06-04,313714.0
2022-06-03,320773.0
2022-06-02,313753.0
2022-06-01,311434.0
2022-05-31,314672.0
2022-05-30,316123.0
2022-05-29,313665.0
2022-05-28,317463.0
2022-05-27,307285.0
2022-05-26,311046.0
2022-05-25,327750.0
2022-05-24,327985.0
2022-05-23,328409.0
2022-05-22,310901.0
2022-05-21,322751.0
2022-05-20,329459.0
2022-05-19,314727.0
2022-05-18,316223.0
2022-05-17,320994.0
2022-05-16,328519.0
2022-05-15,311565.0
2022-05-14,325112.0
2022-05-13,322114.0
2022-05-12,320998.0
2022-05-11,310412.0
2022-05-10,320247.0
2022-05-09,316543.0
2022-05-08,321624.0
2022-05-07,330474.0
2022-05-06,322214.0
2022-05-05,328822.0
2022-05-04,332481.0
2022-05-03,342102.0
2022-05-02,338399.0
2022-05-01,333168.0
2022-04-30,324720.0
2022-04-29,337978.0
2022-04-28,340123.0
2022-04-27,339531.0
2022-04-26,343916.0
2022-04-25,308666.0
2022-04-24,307780.0
2022-04-23,307943.0
2022-04-22,308853.0
2022-04-21,314361.0
2022-04-20,298453.0
2022-04-19,308870.0
2022-04-18,301556.0
2022-04-17,296131.0
2022-04-16,304613.0
2022-04-15,295526.0
2022-04-14,293654.0
2022-04-13,307793.0
2022-04-12,312533.0
2022-04-11,305366.0
2022-04-10,305473.0
2022-04-09,298208.0
2022-04-08,300948.0
2022-04-07,300890.0
2022-04-06,291319.0
2022-04-05,312297.0
2022-04-04,330925.0
2022-04-03,320358.0
2022-04-02,328385.0
2022-04-01,328028.0
2022-03-31,328644.0
2022-03-30,332365.0
2022-03-29,330823.0
2022-03-28,315267.0
2022-03-27,322221.0
2022-03-26,314583.0
2022-03-25,306470.0
2022-03-24,305615.0
2022-03-23,314318.0
2022-03-22,314345.0
2022-03-21,308536.0
2022-03-20,303728.0
2022-03-19,304864.0
2022-03-18,307238.0
2022-03-17,304011.0
2022-03-16,302604.0
2022-03-15,300563.0
2022-03-14,297277.0
2022-03-13,299765.0
2022-03-12,299215.0
2022-03-11,292771.0
2022-03-10,297649.0
2022-03-09,291558.0
2022-03-08,301819.0
2022-03-07,305135.0
2022-03-06,299119.0
2022-03-05,299320.0
2022-03-04,298998.0
2022-03-03,301753.0
2022-03-02,296182.0
2022-03-01,283286.0
2022-02-28,277612.0
2022-02-27,300326.0
2022-02-26,291225.0
2022-02-25,296721.0
2022-02-24,287174.0
2022-02-23,290366.0
2022-02-22,290753.0
2022-02-21,302077.0
2022-02-20,300294.0
2022-02-19,305923.0
2022-02-18,292547.0
2022-02-17,297923.0
2022-02-16,288116.0
2022-02-15,299072.0
2022-02-14,304761.0
2022-02-13,294555.0
2022-02-12,286922.0
2022-02-11,294796.0
2022-02-10,295147.0
2022-02-09,286705.0
2022-02-08,287903.0
2022-02-07,298724.0
2022-02-06,285800.0
2022-02-05,284034.0
2022-02-04,290825.0
2022-02-03,301956.0
2022-02-02,286559.0
2022-02-01,293669.0
2022-01-31,311383.0
2022-01-30,308216.0
2022-01-29,299568.0
2022-01-28,290919.0
2022-01-27,289135.0
2022-01-26,286309.0
2022-01-25,289858.0
2022-01-24,295820.0
2022-01-23,299901.0
2022-01-22,293738.0
2022-01-21,286243.0
2022-01-20,286915.0
2022-01-19,278504.0
2022-01-18,284324.0
2022-01-17,286252.0
2022-01-16,289431.0
2022-01-15,283454.0
2022-01-14,283245.0
2022-01-13,280068.0
2022-01-12,279708.0
2022-01-11,283850.0
2022-01-10,289903.0
2022-01-09,283346.0
2022-01-08,276950.0
2022-01-07,286559.0
2022-01-06,280362.0
2022-01-05,290443.0
2022-01-04,284959.0
2022-01-03,289950.0
2022-01-02,291059.0
2022-01-01,286845.0
2021-12-31,284272.0
2021-12-30,281973.0
2021-12-29,283861.0
2021-12-28,278606.0
2021-12-27,284616.0
2021-12-26,285575.0
2021-12-25,274630.0
2021-12-24,289645.0
2021-12-23,283816.0
2021-12-22,282807.0
2021-12-21,278864.0
2021-12-20,279871.0
2021-12-19,292355.0
2021-12-18,274228.0
2021-12-17,279956.0
2021-12-16,305402.0
2021-12-15,287460.0
2021-12-14,279462.0
2021-12-13,271908.0
2021-12-12,280641.0
2021-12-11,290642.0
2021-12-10,283853.0
2021-12-09,275639.0
2021-12-08,288480.0
2021-12-07,289149.0
2021-12-06,288380.0
2021-12-05,288823.0
2021-12-04,291129.0
2021-12-03,292197.0
2021-12-02,291314.0
2021-12-01,314668.0
2021-11-30,307988.0
2021-11-29,289526.0
2021-11-28,278220.0
2021-11-27,271500.0
2021-11-26,274619.0
2021-11-25,277955.0
2021-11-24,274995.0
2021-11-23,242757.0
2021-11-22,288406.0
2021-11-21,299862.0
2021-11-20,287781.0
2021-11-19,281711.0
2021-11-18,279426.0
2021-11-17,290598.0
2021-11-16,278783.0
2021-11-15,291164.0
2021-11-14,278729.0
2021-11-13,275321.0
2021-11-12,295881.0
2021-11-11,254966.0
2021-11-10,303200.0
2021-11-09,321591.0
2021-11-08,308625.0
2021-11-07,291632.0
2021-11-06,289042.0
2021-11-05,301401.0
2021-11-04,291871.0
2021-11-03,262649.0
2021-11-02,299354.0
2021-11-01,290252.0
2021-10-31,288057.0
2021-10-30,291750.0
2021-10-29,284504.0
2021-10-28,274886.0
2021-10-27,287812.0
2021-10-26,278991.0
2021-10-25,300886.0
2021-10-24,302640.0
2021-10-23,299956.0
2021-10-22,308880.0
2021-10-21,319753.0
2021-10-20,306233.0
2021-10-19,302462.0
2021-10-18,293505.0
2021-10-17,304286.0
2021-10-16,325240.0
2021-10-15,297976.0
2021-10-14,293384.0
2021-10-13,287175.0
2021-10-12,312799.0
2021-10-11,314494.0
2021-10-10,294155.0
2021-10-09,323525.0
2021-10-08,318205.0
2021-10-07,300536.0
2021-10-06,348964.0
2021-10-05,343884.0
2021-10-04,343889.0
2021-10-03,337400.0
2021-10-02,340214.0
2021-10-01,340954.0
2021-09-30,350087.0
2021-09-29,346921.0
2021-09-28,316409.0
2021-09-27,343459.0
2021-09-26,341471.0
2021-09-25,334287.0
2021-09-24,343632.0
2021-09-23,344018.0
2021-09-22,320083.0
2021-09-21,335226.0
2021-09-20,340893.0
2021-09-19,345976.0
2021-09-18,352322.0
2021-09-17,341125.0
2021-09-16,333307.0
2021-09-15,343996.0
2021-09-14,344253.0
2021-09-13,335940.0
2021-09-12,310449.0
2021-09-11,335735.0
2021-09-10,351180.0
2021-09-09,338236.0
2021-09-08,341016.0
2021-09-07,345403.0
2021-09-06,343543.0
2021-09-05,341506.0
2021-09-04,340656.0
2021-09-03,343836.0
2021-09-02,349625.0
2021-09-01,340289.0
2021-08-31,342158.0
2021-08-30,343410.0
2021-08-29,341560.0
2021-08-28,345034.0
2021-08-27,348064.0
2021-08-26,344415.0
2021-08-25,351937.0
2021-08-24,357512.0
2021-08-23,353666.0
2021-08-22,347618.0
2021-08-21,347407.0
2021-08-20,330043.0
2021-08-19,344944.0
2021-08-18,348678.0
2021-08-17,361292.0
2021-08-16,322702.0
2021-08-15,328181.0
2021-08-14,358378.0
2021-08-13,345525.0
2021-08-12,319189.0
2021-08-11,332259.0
2021-08-10,344519.0
2021-08-09,352850.0
2021-08-08,345734.0
2021-08-07,305179.0
2021-08-06,311376.0
2021-08-05,313209.0
2021-08-04,302583.0
2021-08-03,306375.0
2021-08-02,307953.0
2021-08-01,306906.0
2021-07-31,327480.0
2021-07-30,304720.0
2021-07-29,314837.0
2021-07-28,325683.0
2021-07-27,317524.0
2021-07-26,320808.0
2021-07-25,328238.0
2021-07-24,336436.0
2021-07-23,329073.0
2021-07-22,325781.0
2021-07-21,331826.0
2021-07-20,340775.0
2021-07-19,335329.0
2021-07-18,335080.0
2021-07-17,361344.0
2021-07-16,360726.0
2021-07-15,355496.0
2021-07-14,350294.0
2021-07-13,365491.0
2021-07-12,354206.0
2021-07-11,328804.0
2021-07-10,353872.0
2021-07-09,358888.0
2021-07-08,345370.0
2021-07-07,355979.0
2021-07-06,351160.0
2021-07-05,356962.0
2021-07-04,353359.0
2021-07-03,314561.0
2021-07-02,297954.0
2021-07-01,296741.0
2021-06-30,306564.0
2021-06-29,306591.0
2021-06-28,309484.0
2021-06-27,316326.0
2021-06-26,320971.0
2021-06-25,319041.0
2021-06-24,311134.0
2021-06-23,318656.0
2021-06-22,336131.0
2021-06-21,325061.0
2021-06-20,347409.0
2021-06-19,383363.0
2021-06-18,371922.0
2021-06-17,341984.0
2021-06-16,367520.0
2021-06-15,362723.0
2021-06-14,377579.0
2021-06-13,349760.0
2021-06-12,344482.0
2021-06-11,320916.0
2021-06-10,305047.0
2021-06-09,294041.0
2021-06-08,289896.0
2021-06-07,313039.0
2021-06-06,310772.0
2021-06-05,319336.0
2021-06-04,357856.0
2021-06-03,298170.0
2021-06-02,304431.0
2021-06-01,264121.0
2021-05-31,313424.0
2021-05-30,300635.0
2021-05-29,319314.0
2021-05-28,324203.0
2021-05-27,303713.0
2021-05-26,313734.0
2021-05-25,319788.0
2021-05-24,318002.0
2021-05-23,312684.0
2021-05-22,346067.0
2021-05-21,375894.0
2021-05-20,335367.0
2021-05-19,296556.0
2021-05-18,358814.0
2021-05-17,354978.0
2021-05-16,319496.0
2021-05-15,310542.0
2021-05-14,286777.0
2021-05-13,289254.0
2021-05-12,288067.0
2021-05-11,277746.0
2021-05-10,298388.0
2021-05-09,287860.0
2021-05-08,297146.0
2021-05-07,300387.0
2021-05-06,313506.0
2021-05-05,372405.0
2021-05-04,284025.0
2021-05-03,266208.0
2021-05-02,297897.0
2021-05-01,330908.0
2021-04-30,283577.0
2021-04-29,279170.0
2021-04-28,266764.0
2021-04-27,306808.0
2021-04-26,290639.0
2021-04-25,285974.0
2021-04-24,278991.0
2021-04-23,299290.0
2021-04-22,260155.0
2021-04-21,313954.0
2021-04-20,284725.0
2021-04-19,310214.0
2021-04-18,311643.0
2021-04-17,307491.0
2021-04-16,336128.0
2021-04-15,355892.0
2021-04-14,318049.0
2021-04-13,323598.0
2021-04-12,301709.0
2021-04-11,305726.0
2021-04-10,298145.0
2021-04-09,297952.0
2021-04-08,330502.0
2021-04-07,366972.0
2021-04-06,340404.0
2021-04-05,365658.0
2021-04-04,399451.0
2021-04-03,325068.0
2021-04-02,318775.0
2021-04-01,318965.0
2021-03-31,349608.0
2021-03-30,325160.0
2021-03-29,295663.0
2021-03-28,292520.0
2021-03-27,304532.0
2021-03-26,295227.0
2021-03-25,295151.0
2021-03-24,280550.0
2021-03-23,291498.0
2021-03-22,305284.0
2021-03-21,280443.0
2021-03-20,280442.0
2021-03-19,299681.0
2021-03-18,303090.0
2021-03-17,278139.0
2021-03-16,275128.0
2021-03-15,298208.0
2021-03-14,312704.0
2021-03-13,271028.0
2021-03-12,270450.0
2021-03-11,289067.0
2021-03-10,295188.0
2021-03-09,276983.0
2021-03-08,302280.0
2021-03-07,316117.0
2021-03-06,320068.0
2021-03-05,309234.0
2021-03-04,308561.0
2021-03-03,308718.0
2021-03-02,309097.0
2021-03-01,301586.0
2021-02-28,295759.0
2021-02-27,302166.0
2021-02-26,310487.0
2021-02-25,289142.0
2021-02-24,295799.0
2021-02-23,299901.0
2021-02-22,295177.0
2021-02-21,294177.0
2021-02-20,297569.0
2021-02-19,280168.0
2021-02-18,283714.0
2021-02-17,295211.0
2021-02-16,278192.0
2021-02-15,280977.0
2021-02-14,271935.0
2021-02-13,269188.0
2021-02-12,266416.0
2021-02-11,285445.0
2021-02-10,282134.0
2021-02-09,300662.0
2021-02-08,304474.0
2021-02-07,291807.0
2021-02-06,295017.0
2021-02-05,301953.0
2021-02-04,301537.0
2021-02-03,299920.0
2021-02-02,304760.0
2021-02-01,313489.0
2021-01-31,296353.0
2021-01-30,300507.0
2021-01-29,302513.0
2021-01-28,299403.0
2021-01-27,311004.0
2021-01-26,299899.0
2021-01-25,289497.0
2021-01-24,287407.0
2021-01-23,298105.0
2021-01-22,298443.0
2021-01-21,286770.0
2021-01-20,289519.0
2021-01-19,286667.0
2021-01-18,286529.0
2021-01-17,286760.0
2021-01-16,306972.0
2021-01-15,308716.0
2021-01-14,315712.0
2021-01-13,317622.0
2021-01-12,316923.0
2021-01-11,312414.0
2021-01-10,279698.0
2021-01-09,273141.0
2021-01-08,285269.0
2021-01-07,284741.0
2021-01-06,285239.0
2021-01-05,291643.0
2021-01-04,288085.0
2021-01-03,282325.0
2021-01-02,289695.0
2021-01-01,288157.0
2020-12-31,275064.0
2020-12-30,317228.0
2020-12-29,302343.0
2020-12-28,286353.0
2020-12-27,286941.0
2020-12-26,275384.0
2020-12-25,280402.0
2020-12-24,282239.0
2020-12-23,285912.0
2020-12-22,303967.0
2020-12-21,290971.0
2020-12-20,283829.0
2020-12-19,285532.0
2020-12-18,280850.0
2020-12-17,283961.0
2020-12-16,279280.0
2020-12-15,282313.0
2020-12-14,290640.0
2020-12-13,293320.0
2020-12-12,291194.0
2020-12-11,285230.0
2020-12-10,273832.0
2020-12-09,279225.0
2020-12-08,283860.0
2020-12-07,280704.0
2020-12-06,285765.0
2020-12-05,276698.0
2020-12-04,278979.0
2020-12-03,279647.0
2020-12-02,274808.0
2020-12-01,279941.0
2020-11-30,286274.0
2020-11-29,280361.0
2020-11-28,293116.0
2020-11-27,281158.0
2020-11-26,291248.0
2020-11-25,284145.0
2020-11-24,276039.0
2020-11-23,291263.0
2020-11-22,288703.0
2020-11-21,294766.0
2020-11-20,347479.0
2020-11-19,368060.0
2020-11-18,308421.0
2020-11-17,311087.0
2020-11-16,308224.0
2020-11-15,314188.0
2020-11-14,319551.0
2020-11-13,312324.0
2020-11-12,311282.0
2020-11-11,301502.0
2020-11-10,314361.0
2020-11-09,310779.0
2020-11-08,312108.0
2020-11-07,317567.0
2020-11-06,322109.0
2020-11-05,312430.0
2020-11-04,309282.0
2020-11-03,326956.0
2020-11-02,340949.0
2020-11-01,320034.0
2020-10-31,310449.0
2020-10-30,317644.0
2020-10-29,326517.0
2020-10-28,319365.0
2020-10-27,313011.0
2020-10-26,324063.0
2020-10-25,331992.0
2020-10-24,332495.0
2020-10-23,349640.0
2020-10-22,383990.0
2020-10-21,330383.0
2020-10-20,315196.0
2020-10-19,324941.0
2020-10-18,339038.0
2020-10-17,339383.0
2020-10-16,332372.0
2020-10-15,327045.0
2020-10-14,319363.0
2020-10-13,307957.0
2020-10-12,323340.0
2020-10-11,334101.0
2020-10-10,307545.0
2020-10-09,329372.0
2020-10-08,326324.0
2020-10-07,320276.0
2020-10-06,338145.0
2020-10-05,360530.0
2020-10-04,357192.0
2020-10-03,353030.0
2020-10-02,351802.0
2020-10-01,353815.0
2020-09-30,363664.0
2020-09-29,365608.0
2020-09-28,373851.0
2020-09-27,364465.0
2020-09-26,361247.0
2020-09-25,374850.0
2020-09-24,351473.0
2020-09-23,373953.0
2020-09-22,369747.0
2020-09-21,366862.0
2020-09-20,366229.0
2020-09-19,368228.0
2020-09-18,369530.0
2020-09-17,368437.0
2020-09-16,367666.0
2020-09-15,366098.0
2020-09-14,365948.0
2020-09-13,364191.0
2020-09-12,368957.0
2020-09-11,369905.0
2020-09-10,366406.0
2020-09-09,368159.0
2020-09-08,367139.0
2020-09-07,368279.0
2020-09-06,367179.0
2020-09-05,367761.0
2020-09-04,365769.0
2020-09-03,365837.0
2020-09-02,359478.0
2020-09-01,365194.0
2020-08-31,360926.0
2020-08-30,365264.0
2020-08-29,365008.0
2020-08-28,366466.0
2020-08-27,371234.0
2020-08-26,366507.0
2020-08-25,365394.0
2020-08-24,364878.0
2020-08-23,373872.0
2020-08-22,374229.0
2020-08-21,376512.0
2020-08-20,377692.0
2020-08-19,362763.0
2020-08-18,361275.0
2020-08-17,362252.0
2020-08-16,364288.0
2020-08-15,364939.0
2020-08-14,367288.0
2020-08-13,363544.0
2020-08-12,365783.0
2020-08-11,366383.0
2020-08-10,366741.0
2020-08-09,365041.0
2020-08-08,364669.0
2020-08-07,363498.0
2020-08-06,362355.0
2020-08-05,362608.0
2020-08-04,362827.0
2020-08-03,365954.0
2020-08-02,366938.0
2020-08-01,365713.0
2020-07-31,364296.0
2020-07-30,367114.0
2020-07-29,367823.0
2020-07-28,369542.0
2020-07-27,367447.0
2020-07-26,363608.0
2020-07-25,366871.0
2020-07-24,368125.0
2020-07-23,368663.0
2020-07-22,367281.0
2020-07-21,363760.0
2020-07-20,366596.0
2020-07-19,366032.0
2020-07-18,366626.0
2020-07-17,368518.0
2020-07-16,366280.0
2020-07-15,370759.0
2020-07-14,371919.0
2020-07-13,374011.0
2020-07-12,375635.0
2020-07-11,365845.0
2020-07-10,360517.0
2020-07-09,347601.0
2020-07-08,342202.0
2020-07-07,352476.0
2020-07-06,353635.0
2020-07-05,361455.0
2020-07-04,362321.0
2020-07-03,359988.0
2020-07-02,363382.0
2020-07-01,364066.0
2020-06-30,315026.0
2020-06-29,359790.0
2020-06-28,362888.0
2020-06-27,361732.0
2020-06-26,362220.0
2020-06-25,365972.0
2020-06-24,330193.0
2020-06-23,343183.0
2020-06-22,340516.0
2020-06-21,351536.0
2020-06-20,361215.0
2020-06-19,362500.0
2020-06-18,353955.0
2020-06-17,316474.0
2020-06-16,347535.0
2020-06-15,360001.0
2020-06-14,367471.0
2020-06-13,372187.0
2020-06-12,325938.0
2020-06-11,353350.0
2020-06-10,302661.0
2020-06-09,286492.0
2020-06-08,297281.0
2020-06-07,314641.0
2020-06-06,300575.0
2020-06-05,275673.0
2020-06-04,309013.0
2020-06-03,319919.0
2020-06-02,295148.0
2020-06-01,287724.0
2020-05-31,290109.0
2020-05-30,306177.0
2020-05-29,291706.0
2020-05-28,277869.0
2020-05-27,315789.0
2020-05-26,305443.0
2020-05-25,303951.0
2020-05-24,282838.0
2020-05-23,306206.0
2020-05-22,322218.0
2020-05-21,296296.0
2020-05-20,298461.0
2020-05-19,342152.0
2020-05-18,340915.0
2020-05-17,311363.0
2020-05-16,311681.0
2020-05-15,324627.0
2020-05-14,305383.0
2020-05-13,285094.0
2020-05-12,294496.0
2020-05-11,294633.0
2020-05-10,299307.0
2020-05-09,297706.0
2020-05-08,277073.0
2020-05-07,291724.0
2020-05-06,284123.0
2020-05-05,291246.0
2020-05-04,299181.0
2020-05-03,295086.0
2020-05-02,290065.0
2020-05-01,281744.0
2020-04-30,264418.0
2020-04-29,286770.0
2020-04-28,285790.0
2020-04-27,312089.0
2020-04-26,291836.0
2020-04-25,258377.0
2020-04-24,259326.0
2020-04-23,259273.0
2020-04-22,261703.0
2020-04-21,270826.0
2020-04-20,267711.0
2020-04-19,266114.0
2020-04-18,278434.0
2020-04-17,232878.0
2020-04-16,238191.0
2020-04-15,272756.0
2020-04-14,267623.0
2020-04-13,302835.0
2020-04-12,277099.0
2020-04-11,241964.0
2020-04-10,219793.0
2020-04-09,239929.0
2020-04-08,251706.0
2020-04-07,236987.0
2020-04-06,231922.0
2020-04-05,230029.0
2020-04-04,256700.0
2020-04-03,233835.0
2020-04-02,246445.0
2020-04-01,237814.0
2020-03-31,266282.0
2020-03-30,247136.0
2020-03-29,251336.0
2020-03-28,286613.0
2020-03-27,298100.0
2020-03-26,237591.0
2020-03-25,235344.0
2020-03-24,226797.0
2020-03-23,267269.0
2020-03-22,249567.0
2020-03-21,239676.0
2020-03-20,238826.0
2020-03-19,259520.0
2020-03-18,247927.0
2020-03-17,237020.0
2020-03-16,257844.0
2020-03-15,274612.0
2020-03-14,305212.0
2020-03-13,273507.0
2020-03-12,266681.0
2020-03-11,260170.0
2020-03-10,263101.0
2020-03-09,254523.0
2020-03-08,267675.0
2020-03-07,255819.0
2020-03-06,216190.0
2020-03-05,265712.0
2020-03-04,246675.0
2020-03-03,276988.0
2020-03-02,263481.0
2020-03-01,271079.0
2020-02-29,285866.0
2020-02-28,287399.0
2020-02-27,292569.0
2020-02-26,289294.0
2020-02-25,268697.0
2020-02-24,253728.0
2020-02-23,252203.0
2020-02-22,289540.0
2020-02-21,246806.0
2020-02-20,275064.0
2020-02-19,256740.0
2020-02-18,247374.0
2020-02-17,275709.0
2020-02-16,297807.0
2020-02-15,278148.0
2020-02-14,331032.0
2020-02-13,297386.0
2020-02-12,279715.0
2020-02-11,256658.0
2020-02-10,247849.0
2020-02-09,257242.0
2020-02-08,268251.0
2020-02-07,257494.0
2020-02-06,241772.0
2020-02-05,253656.0
2020-02-04,269618.0
2020-02-03,257699.0
2020-02-02,254580.0
2020-02-01,279229.0
2020-01-31,281764.0
2020-01-30,286228.0
2020-01-29,294568.0
2020-01-28,300312.0
2020-01-27,289047.0
2020-01-26,228172.0
2020-01-25,222472.0
2020-01-24,267286.0
2020-01-23,268147.0
2020-01-22,286072.0
2020-01-21,206489.0
2020-01-20,238141.0
2020-01-19,248145.0
2020-01-18,253519.0
2020-01-17,225494.0
2020-01-16,238354.0
2020-01-15,245007.0
2020-01-14,231541.0
2020-01-13,235229.0
2020-01-12,260766.0
2020-01-11,260383.0
2020-01-10,257847.0
2020-01-09,271196.0
2020-01-08,262096.0
2020-01-07,226751.0
2020-01-06,243546.0
2020-01-05,219261.0
2020-01-04,282757.0
2020-01-03,218557.0
2020-01-02,232437.0
2020-01-01,268555.0
2019-12-31,245288.0
2019-12-30,279060.0
2019-12-29,240101.0
2019-12-28,248202.0
2019-12-27,227406.0
2019-12-26,237042.0
2019-12-25,224418.0
2019-12-24,222718.0
2019-12-23,245105.0
2019-12-22,259538.0
2019-12-21,242233.0
2019-12-20,249141.0
2019-12-19,235647.0
2019-12-18,253974.0
2019-12-17,246157.0
2019-12-16,255745.0
2019-12-15,257055.0
2019-12-14,264214.0
2019-12-13,253687.0
2019-12-12,237926.0
2019-12-11,264595.0
2019-12-10,262779.0
2019-12-09,257685.0
2019-12-08,245882.0
2019-12-07,265184.0
2019-12-06,263191.0
2019-12-05,255888.0
2019-12-04,269293.0
2019-12-03,287360.0
2019-12-02,321672.0
2019-12-01,256805.0
2019-11-30,261843.0
2019-11-29,258640.0
2019-11-28,265098.0
2019-11-27,254534.0
2019-11-26,250611.0
2019-11-25,266569.0
2019-11-24,264216.0
2019-11-23,263964.0
2019-11-22,241098.0
2019-11-21,256141.0
2019-11-20,275773.0
2019-11-19,260998.0
2019-11-18,316346.0
2019-11-17,266694.0
2019-11-16,264447.0
2019-11-15,241796.0
2019-11-14,234090.0
2019-11-13,263315.0
2019-11-12,268938.0
2019-11-11,268749.0
2019-11-10,264586.0
2019-11-09,245029.0
2019-11-08,275906.0
2019-11-07,250700.0
2019-11-06,243598.0
2019-11-05,260904.0
2019-11-04,278600.0
2019-11-03,263381.0
2019-11-02,261035.0
2019-11-01,259099.0
2019-10-31,268512.0
2019-10-30,289550.0
2019-10-29,272078.0
2019-10-28,283044.0
2019-10-27,293547.0
2019-10-26,273891.0
2019-10-25,273095.0
2019-10-24,289334.0
2019-10-23,293054.0
2019-10-22,283844.0
2019-10-21,293217.0
2019-10-20,328732.0
2019-10-19,320565.0
2019-10-18,314853.0
2019-10-17,288792.0
2019-10-16,284453.0
2019-10-15,296504.0
2019-10-14,310000.0
2019-10-13,307168.0
2019-10-12,330309.0
2019-10-11,323359.0
2019-10-10,325595.0
2019-10-09,334495.0
2019-10-08,341454.0
2019-10-07,340415.0
2019-10-06,322224.0
2019-10-05,320524.0
2019-10-04,336972.0
2019-10-03,321040.0
2019-10-02,320342.0
2019-10-01,336027.0
2019-09-30,334120.0
2019-09-29,333669.0
2019-09-28,334977.0
2019-09-27,329979.0
2019-09-26,334839.0
2019-09-25,329910.0
2019-09-24,337163.0
2019-09-23,340326.0
2019-09-22,340545.0
2019-09-21,305416.0
2019-09-20,275310.0
2019-09-19,276594.0
2019-09-18,287880.0
2019-09-17,290694.0
2019-09-16,305442.0
2019-09-15,305615.0
2019-09-14,288586.0
2019-09-13,316013.0
2019-09-12,320428.0
2019-09-11,319142.0
2019-09-10,318182.0
2019-09-09,297454.0
2019-09-08,316031.0
2019-09-07,305423.0
2019-09-06,322041.0
2019-09-05,316280.0
2019-09-04,322235.0
2019-09-03,291282.0
2019-09-02,281982.0
2019-09-01,301041.0
2019-08-31,303010.0
2019-08-30,403685.0
2019-08-29,310724.0
2019-08-28,323408.0
2019-08-27,321173.0
2019-08-26,303843.0
2019-08-25,305482.0
2019-08-24,311875.0
2019-08-23,312125.0
2019-08-22,323906.0
2019-08-21,266179.0
2019-08-20,304211.0
2019-08-19,294531.0
2019-08-18,298158.0
2019-08-17,313091.0
2019-08-16,311024.0
2019-08-15,309452.0
2019-08-14,307838.0
2019-08-13,310452.0
2019-08-12,302213.0
2019-08-11,312615.0
2019-08-10,318087.0
2019-08-09,337336.0
2019-08-08,336674.0
2019-08-07,329520.0
2019-08-06,318739.0
2019-08-05,307035.0
2019-08-04,295742.0
2019-08-03,295939.0
2019-08-02,309262.0
2019-08-01,308446.0
2019-07-31,296783.0
2019-07-30,284383.0
2019-07-29,299219.0
2019-07-28,318795.0
2019-07-27,312641.0
2019-07-26,276167.0
2019-07-25,283009.0
2019-07-24,318401.0
2019-07-23,305370.0
2019-07-22,273560.0
2019-07-21,276278.0
2019-07-20,272390.0
2019-07-19,281406.0
2019-07-18,258545.0
2019-07-17,253781.0
2019-07-16,279597.0
2019-07-15,304164.0
2019-07-14,261451.0
2019-07-13,292746.0
2019-07-12,332919.0
2019-07-11,311841.0
2019-07-10,282401.0
2019-07-09,265525.0
2019-07-08,303093.0
2019-07-07,301757.0
2019-07-06,269228.0
2019-07-05,286802.0
2019-07-04,324630.0
2019-07-03,308538.0
2019-07-02,274730.0
2019-07-01,292563.0
2019-06-30,332186.0
2019-06-29,284597.0
2019-06-28,271233.0
2019-06-27,283901.0
2019-06-26,273659.0
2019-06-25,256782.0
2019-06-24,260114.0
2019-06-23,260118.0
2019-06-22,274071.0
2019-06-21,272279.0
2019-06-20,268790.0
2019-06-19,262294.0
2019-06-18,273447.0
2019-06-17,273905.0
2019-06-16,264165.0
2019-06-15,274898.0
2019-06-14,298551.0
2019-06-13,255671.0
2019-06-12,257859.0
2019-06-11,276141.0
2019-06-10,275037.0
2019-06-09,297295.0
2019-06-08,285582.0
2019-06-07,273792.0
2019-06-06,268003.0
2019-06-05,247390.0
2019-06-04,269624.0
2019-06-03,271307.0
2019-06-02,255189.0
2019-06-01,261462.0
2019-05-31,255360.0
2019-05-30,266046.0
2019-05-29,298169.0
2019-05-28,291542.0
2019-05-27,297333.0
2019-05-26,273150.0
2019-05-25,265722.0
2019-05-24,275715.0
2019-05-23,257491.0
2019-05-22,265667.0
2019-05-21,262486.0
2019-05-20,271839.0
2019-05-19,273566.0
2019-05-18,268519.0
2019-05-17,249916.0
2019-05-16,259583.0
2019-05-15,246633.0
2019-05-14,237354.0
2019-05-13,243280.0
2019-05-12,246588.0
2019-05-11,248934.0
2019-05-10,246437.0
2019-05-09,259533.0
2019-05-08,259658.0
2019-05-07,243481.0
2019-05-06,263365.0
2019-05-05,269312.0
2019-05-04,279233.0
2019-05-03,270809.0
2019-05-02,269275.0
2019-05-01,314339.0
2019-04-30,310348.0
2019-04-29,269988.0
2019-04-28,256085.0
2019-04-27,282614.0
2019-04-26,286173.0
2019-04-25,267690.0
2019-04-24,277728.0
2019-04-23,265791.0
2019-04-22,248842.0
2019-04-21,245942.0
2019-04-20,244331.0
2019-04-19,269846.0
2019-04-18,249560.0
2019-04-17,257849.0
2019-04-16,242611.0
2019-04-15,265510.0
2019-04-14,244818.0
2019-04-13,258609.0
2019-04-12,257881.0
2019-04-11,265424.0
2019-04-10,315110.0
2019-04-09,267127.0
2019-04-08,271103.0
2019-04-07,263905.0
2019-04-06,275849.0
2019-04-05,242753.0
2019-04-04,277563.0
2019-04-03,254656.0
2019-04-02,254436.0
2019-04-01,265268.0
2019-03-31,258394.0
2019-03-30,260137.0
2019-03-29,280318.0
2019-03-28,258059.0
2019-03-27,266071.0
2019-03-26,266456.0
2019-03-25,283123.0
2019-03-24,264804.0
2019-03-23,277287.0
2019-03-22,344327.0
2019-03-21,302517.0
2019-03-20,246713.0
2019-03-19,245606.0
2019-03-18,256038.0
2019-03-17,264040.0
2019-03-16,263597.0
2019-03-15,244108.0
2019-03-14,251985.0
2019-03-13,260875.0
2019-03-12,277642.0
2019-03-11,264051.0
2019-03-10,297658.0
2019-03-09,262504.0
2019-03-08,243372.0
2019-03-07,244276.0
2019-03-06,257526.0
2019-03-05,252346.0
2019-03-04,248900.0
2019-03-03,242575.0
2019-03-02,248255.0
2019-03-01,247794.0
2019-02-28,243135.0
2019-02-27,230662.0
2019-02-26,253873.0
2019-02-25,244616.0
2019-02-24,248066.0
2019-02-23,241837.0
2019-02-22,261793.0
2019-02-21,287359.0
2019-02-20,237057.0
2019-02-19,284523.0
2019-02-18,241041.0
2019-02-17,254964.0
2019-02-16,242281.0
2019-02-15,241012.0
2019-02-14,250044.0
2019-02-13,237490.0
2019-02-12,241102.0
2019-02-11,243061.0
2019-02-10,243902.0
2019-02-09,242428.0
2019-02-08,237374.0
2019-02-07,247773.0
2019-02-06,226545.0
2019-02-05,255511.0
2019-02-04,272199.0
2019-02-03,254964.0
2019-02-02,248230.0
2019-02-01,255274.0
2019-01-31,270104.0
2019-01-30,242340.0
2019-01-29,240130.0
2019-01-28,253974.0
2019-01-27,247988.0
2019-01-26,230657.0
2019-01-25,243889.0
2019-01-24,250985.0
2019-01-23,248098.0
2019-01-22,244563.0
2019-01-21,239405.0
2019-01-20,270517.0
2019-01-19,261113.0
2019-01-18,242168.0
2019-01-17,234419.0
2019-01-16,244703.0
2019-01-15,242403.0
2019-01-14,257385.0
2019-01-13,308628.0
2019-01-12,292553.0
2019-01-11,280650.0
2019-01-10,287192.0
2019-01-09,280691.0
2019-01-08,282943.0
2019-01-07,299872.0
2019-01-06,295919.0
2019-01-05,304395.0
2019-01-04,298024.0
2019-01-03,293057.0
2019-01-02,289535.0
2019-01-01,279087.0
2018-12-31,284987.0
2018-12-30,276865.0
2018-12-29,273578.0
2018-12-28,276956.0
2018-12-27,278909.0
2018-12-26,282298.0
2018-12-25,280736.0
2018-12-24,288054.0
2018-12-23,283714.0
2018-12-22,291073.0
2018-12-21,268501.0
2018-12-20,264094.0
2018-12-19,278045.0
2018-12-18,259536.0
2018-12-17,252568.0
2018-12-16,286075.0
2018-12-15,266777.0
2018-12-14,256165.0
2018-12-13,249841.0
2018-12-12,275243.0
2018-12-11,295976.0
2018-12-10,270987.0
2018-12-09,264918.0
2018-12-08,281432.0
2018-12-07,282181.0
2018-12-06,307820.0
2018-12-05,308486.0
2018-12-04,314018.0
2018-12-03,336270.0
2018-12-02,269904.0
2018-12-01,250537.0
2018-11-30,283391.0
2018-11-29,269663.0
2018-11-28,268117.0
2018-11-27,259284.0
2018-11-26,287973.0
2018-11-25,285690.0
2018-11-24,283605.0
2018-11-23,269006.0
2018-11-22,274973.0
2018-11-21,278145.0
2018-11-20,262185.0
2018-11-19,285775.0
2018-11-18,283404.0
2018-11-17,275156.0
2018-11-16,283517.0
2018-11-15,296432.0
2018-11-14,293360.0
2018-11-13,304760.0
2018-11-12,310810.0
2018-11-11,309506.0
2018-11-10,341208.0
2018-11-09,349801.0
2018-11-08,303094.0
2018-11-07,253942.0
2018-11-06,260505.0
2018-11-05,289230.0
2018-11-04,279000.0
2018-11-03,272687.0
2018-11-02,279114.0
2018-11-01,280831.0
2018-10-31,265916.0
2018-10-30,277632.0
2018-10-29,290099.0
2018-10-28,287704.0
2018-10-27,296561.0
2018-10-26,300618.0
2018-10-25,291445.0
2018-10-24,293031.0
2018-10-23,293642.0
2018-10-22,287807.0
2018-10-21,289842.0
2018-10-20,287791.0
2018-10-19,287431.0
2018-10-18,284428.0
2018-10-17,301771.0
2018-10-16,293215.0
2018-10-15,308404.0
2018-10-14,300957.0
2018-10-13,317878.0
2018-10-12,330242.0
2018-10-11,345368.0
2018-10-10,350015.0
2018-10-09,357289.0
2018-10-08,351521.0
2018-10-07,369137.0
2018-10-06,365959.0
2018-10-05,361560.0
2018-10-04,313744.0
2018-10-03,332152.0
2018-10-02,320170.0
2018-10-01,345491.0
2018-09-30,351018.0
2018-09-29,329464.0
2018-09-28,270944.0
2018-09-27,308636.0
2018-09-26,312652.0
2018-09-25,303710.0
2018-09-24,321250.0
2018-09-23,342855.0
2018-09-22,345201.0
2018-09-21,325515.0
2018-09-20,356815.0
2018-09-19,311521.0
2018-09-18,304647.0
2018-09-17,334645.0
2018-09-16,346360.0
2018-09-15,356958.0
2018-09-14,355513.0
2018-09-13,321423.0
2018-09-12,294372.0
2018-09-11,282731.0
2018-09-10,323783.0
2018-09-09,323693.0
2018-09-08,330642.0
2018-09-07,348374.0
2018-09-06,341795.0
2018-09-05,346045.0
2018-09-04,368409.0
2018-09-03,347609.0
2018-09-02,371136.0
2018-09-01,377619.0
2018-08-31,314542.0
2018-08-30,312606.0
2018-08-29,310684.0
2018-08-28,328721.0
2018-08-27,339966.0
2018-08-26,335135.0
2018-08-25,307646.0
2018-08-24,324923.0
2018-08-23,301881.0
2018-08-22,283011.0
2018-08-21,280946.0
2018-08-20,271088.0
2018-08-19,265757.0
2018-08-18,263522.0
2018-08-17,312668.0
2018-08-16,336847.0
2018-08-15,302244.0
2018-08-14,285859.0
2018-08-13,289437.0
2018-08-12,293238.0
2018-08-11,296820.0
2018-08-10,300183.0
2018-08-09,286288.0
2018-08-08,266618.0
2018-08-07,270417.0
2018-08-06,273582.0
2018-08-05,281574.0
2018-08-04,280503.0
2018-08-03,269101.0
2018-08-02,268767.0
2018-08-01,298042.0
2018-07-31,272808.0
2018-07-30,315498.0
2018-07-29,288306.0
2018-07-28,286726.0
2018-07-27,295717.0
2018-07-26,269079.0
2018-07-25,299026.0
2018-07-24,276619.0
2018-07-23,291941.0
2018-07-22,294468.0
2018-07-21,274365.0
2018-07-20,301309.0
2018-07-19,309453.0
2018-07-18,302569.0
2018-07-17,324091.0
2018-07-16,310863.0
2018-07-15,329293.0
2018-07-14,338216.0
2018-07-13,321675.0
2018-07-12,307726.0
2018-07-11,344468.0
2018-07-10,328135.0
2018-07-09,330225.0
2018-07-08,345514.0
2018-07-07,347567.0
2018-07-06,344244.0
2018-07-05,341680.0
2018-07-04,320320.0
2018-07-03,340181.0
2018-07-02,346984.0
2018-07-01,342223.0
2018-06-30,326925.0
2018-06-29,293120.0
2018-06-28,289875.0
2018-06-27,310048.0
2018-06-26,262518.0
2018-06-25,278938.0
2018-06-24,263106.0
2018-06-23,274873.0
2018-06-22,265006.0
2018-06-21,253673.0
2018-06-20,312034.0
2018-06-19,283262.0
2018-06-18,268031.0
2018-06-17,267317.0
2018-06-16,262745.0
2018-06-15,285950.0
2018-06-14,276113.0
2018-06-13,264779.0
2018-06-12,289626.0
2018-06-11,339154.0
2018-06-10,263481.0
2018-06-09,274237.0
2018-06-08,260102.0
2018-06-07,279802.0
2018-06-06,278681.0
2018-06-05,289050.0
2018-06-04,291068.0
2018-06-03,284311.0
2018-06-02,255031.0
2018-06-01,300450.0
2018-05-31,268208.0
2018-05-30,296503.0
2018-05-29,300962.0
2018-05-28,297491.0
2018-05-27,296636.0
2018-05-26,319266.0
2018-05-25,321414.0
2018-05-24,335061.0
2018-05-23,356017.0
2018-05-22,282221.0
2018-05-21,280914.0
2018-05-20,292574.0
2018-05-19,326830.0
2018-05-18,336063.0
2018-05-17,312384.0
2018-05-16,306958.0
2018-05-15,297017.0
2018-05-14,295890.0
2018-05-13,337831.0
2018-05-12,297791.0
2018-05-11,303380.0
2018-05-10,310197.0
2018-05-09,332403.0
2018-05-08,305915.0
2018-05-07,312185.0
2018-05-06,269971.0
2018-05-05,267836.0
2018-05-04,281609.0
2018-05-03,271794.0
2018-05-02,312926.0
2018-05-01,281904.0
2018-04-30,301196.0
2018-04-29,305166.0
2018-04-28,291596.0
2018-04-27,332333.0
2018-04-26,322687.0
2018-04-25,287444.0
2018-04-24,291167.0
2018-04-23,293614.0
2018-04-22,272132.0
2018-04-21,267754.0
2018-04-20,282573.0
2018-04-19,280589.0
2018-04-18,278738.0
2018-04-17,271530.0
2018-04-16,301673.0
2018-04-15,324334.0
2018-04-14,259146.0
2018-04-13,263834.0
2018-04-12,285502.0
2018-04-11,274233.0
2018-04-10,265671.0
2018-04-09,248893.0
2018-04-08,273574.0
2018-04-07,311249.0
2018-04-06,348118.0
2018-04-05,259678.0
2018-04-04,286423.0
2018-04-03,265336.0
2018-04-02,277441.0
2018-04-01,268262.0
2018-03-31,273231.0
2018-03-30,273251.0
2018-03-29,274318.0
2018-03-28,274691.0
2018-03-27,291840.0
2018-03-26,279204.0
2018-03-25,299796.0
2018-03-24,305823.0
2018-03-23,318201.0
2018-03-22,263406.0
2018-03-21,279731.0
2018-03-20,320794.0
2018-03-19,303783.0
2018-03-18,303561.0
2018-03-17,303541.0
2018-03-16,297142.0
2018-03-15,261195.0
2018-03-14,272326.0
2018-03-13,264826.0
2018-03-12,266585.0
2018-03-11,252492.0
2018-03-10,306687.0
2018-03-09,276546.0
2018-03-08,276075.0
2018-03-07,273472.0
2018-03-06,321780.0
2018-03-05,288495.0
2018-03-04,287302.0
2018-03-03,257220.0
2018-03-02,267402.0
2018-03-01,317322.0
2018-02-28,268377.0
2018-02-27,227946.0
2018-02-26,231319.0
2018-02-25,229775.0
2018-02-24,224374.0
2018-02-23,222798.0
2018-02-22,232918.0
2018-02-21,237913.0
2018-02-20,234134.0
2018-02-19,237446.0
2018-02-18,247456.0
2018-02-17,236350.0
2018-02-16,230077.0
2018-02-15,265219.0
2018-02-14,253528.0
2018-02-13,237526.0
2018-02-12,249447.0
2018-02-11,282317.0
2018-02-10,273466.0
2018-02-09,231552.0
2018-02-08,208626.0
2018-02-07,248938.0
2018-02-06,259945.0
2018-02-05,264053.0
2018-02-04,274829.0
2018-02-03,282872.0
2018-02-02,270879.0
2018-02-01,271424.0
2018-01-31,279867.0
2018-01-30,279589.0
2018-01-29,236884.0
2018-01-28,254891.0
2018-01-27,248721.0
2018-01-26,243818.0
2018-01-25,238955.0
2018-01-24,243300.0
2018-01-23,224460.0
2018-01-22,261218.0
2018-01-21,250579.0
2018-01-20,289073.0
2018-01-19,263617.0
2018-01-18,277181.0
2018-01-17,325487.0
2018-01-16,276104.0
2018-01-15,277914.0
2018-01-14,271813.0
2018-01-13,257374.0
2018-01-12,236415.0
2018-01-11,250268.0
2018-01-10,229875.0
2018-01-09,255571.0
2018-01-08,292459.0
2018-01-07,252800.0
2018-01-06,247868.0
2018-01-05,246918.0
2018-01-04,246327.0
2018-01-03,248012.0
2018-01-02,254263.0
2018-01-01,250693.0
2017-12-31,308916.0
2017-12-30,305181.0
2017-12-29,310545.0
2017-12-28,314886.0
2017-12-27,290795.0
2017-12-26,281005.0
2017-12-25,321185.0
2017-12-24,351178.0
2017-12-23,301304.0
2017-12-22,303935.0
2017-12-21,299798.0
2017-12-20,311148.0
2017-12-19,289078.0
2017-12-18,311369.0
2017-12-17,318523.0
2017-12-16,311961.0
2017-12-15,312459.0
2017-12-14,282450.0
2017-12-13,298858.0
2017-12-12,296513.0
2017-12-11,305286.0
2017-12-10,309632.0
2017-12-09,290329.0
2017-12-08,312780.0
2017-12-07,295100.0
2017-12-06,290056.0
2017-12-05,297183.0
2017-12-04,314770.0
2017-12-03,297579.0
2017-12-02,289207.0
2017-12-01,307258.0
2017-11-30,286851.0
2017-11-29,317740.0
2017-11-28,275184.0
2017-11-27,311330.0
2017-11-26,290437.0
2017-11-25,295488.0
2017-11-24,298380.0
2017-11-23,287053.0
2017-11-22,312917.0
2017-11-21,300050.0
2017-11-20,281963.0
2017-11-19,330715.0
2017-11-18,310932.0
2017-11-17,316241.0
2017-11-16,298018.0
2017-11-15,295273.0
2017-11-14,314787.0
2017-11-13,307351.0
2017-11-12,290773.0
2017-11-11,314012.0
2017-11-10,321758.0
2017-11-09,314448.0
2017-11-08,324226.0
2017-11-07,312423.0
2017-11-06,305381.0
2017-11-05,317307.0
2017-11-04,318795.0
2017-11-03,328195.0
2017-11-02,330394.0
2017-11-01,309328.0
2017-10-31,299532.0
2017-10-30,315891.0
2017-10-29,326855.0
2017-10-28,321983.0
2017-10-27,302657.0
2017-10-26,308477.0
2017-10-25,323884.0
2017-10-24,346988.0
2017-10-23,308734.0
2017-10-22,330797.0
2017-10-21,344196.0
2017-10-20,328314.0
2017-10-19,305947.0
2017-10-18,332799.0
2017-10-17,336995.0
2017-10-16,335681.0
2017-10-15,388073.0
2017-10-14,328444.0
2017-10-13,353651.0
2017-10-12,353159.0
2017-10-11,318050.0
2017-10-10,348123.0
2017-10-09,344995.0
2017-10-08,347686.0
2017-10-07,350520.0
2017-10-06,387230.0
2017-10-05,322525.0
2017-10-04,414992.0
2017-10-03,493322.0
2017-10-02,427917.0
2017-10-01,329921.0
2017-09-30,322816.0
2017-09-29,312558.0
2017-09-28,335925.0
2017-09-27,387646.0
2017-09-26,366077.0
2017-09-25,364763.0
2017-09-24,329228.0
2017-09-23,351719.0
2017-09-22,340986.0
2017-09-21,323125.0
2017-09-20,347167.0
2017-09-19,345653.0
2017-09-18,362536.0
2017-09-17,406971.0
2017-09-16,347910.0
2017-09-15,355130.0
2017-09-14,383538.0
2017-09-13,421254.0
2017-09-12,449560.0
2017-09-11,424236.0
2017-09-10,330639.0
2017-09-09,328095.0
2017-09-08,374273.0
2017-09-07,399706.0
2017-09-06,324998.0
2017-09-05,311789.0
2017-09-04,323696.0
2017-09-03,328685.0
2017-09-02,318160.0
2017-09-01,313515.0
2017-08-31,332623.0
2017-08-30,330291.0
2017-08-29,315277.0
2017-08-28,319832.0
2017-08-27,312244.0
2017-08-26,327206.0
2017-08-25,337732.0
2017-08-24,337658.0
2017-08-23,367914.0
2017-08-22,395254.0
2017-08-21,334838.0
2017-08-20,364382.0
2017-08-19,348434.0
2017-08-18,367061.0
2017-08-17,343796.0
2017-08-16,354704.0
2017-08-15,398679.0
2017-08-14,356700.0
2017-08-13,321205.0
2017-08-12,338749.0
2017-08-11,342938.0
2017-08-10,348309.0
2017-08-09,364427.0
2017-08-08,326044.0
2017-08-07,345026.0
2017-08-06,334160.0
2017-08-05,331603.0
2017-08-04,320229.0
2017-08-03,332070.0
2017-08-02,337633.0
2017-08-01,339620.0
2017-07-31,319782.0
2017-07-30,329512.0
2017-07-29,340830.0
2017-07-28,337404.0
2017-07-27,362086.0
2017-07-26,363468.0
2017-07-25,365014.0
2017-07-24,370800.0
2017-07-23,373231.0
2017-07-22,382931.0
2017-07-21,373153.0
2017-07-20,370306.0
2017-07-19,363535.0
2017-07-18,392013.0
2017-07-17,361707.0
2017-07-16,354963.0
2017-07-15,348061.0
2017-07-14,369947.0
2017-07-13,357751.0
2017-07-12,373525.0
2017-07-11,337184.0
2017-07-10,382139.0
2017-07-09,363057.0
2017-07-08,362527.0
2017-07-07,362979.0
2017-07-06,373060.0
2017-07-05,423158.0
2017-07-04,405575.0
2017-07-03,316674.0
2017-07-02,338259.0
2017-07-01,314225.0
2017-06-30,347887.0
2017-06-29,313384.0
2017-06-28,314041.0
2017-06-27,300299.0
2017-06-26,314669.0
2017-06-25,318813.0
2017-06-24,325638.0
2017-06-23,296646.0
2017-06-22,316588.0
2017-06-21,324202.0
2017-06-20,322854.0
2017-06-19,315071.0
2017-06-18,307485.0
2017-06-17,305820.0
2017-06-16,301598.0
2017-06-15,308797.0
2017-06-14,305559.0
2017-06-13,314776.0
2017-06-12,300001.0
2017-06-11,306389.0
2017-06-10,295349.0
2017-06-09,319523.0
2017-06-08,316392.0
2017-06-07,369968.0
2017-06-06,289570.0
2017-06-05,298423.0
2017-06-04,303556.0
2017-06-03,300570.0
2017-06-02,309303.0
2017-06-01,301025.0
2017-05-31,293897.0
2017-05-30,304065.0
2017-05-29,309871.0
2017-05-28,292169.0
2017-05-27,316682.0
2017-05-26,304241.0
2017-05-25,300694.0
2017-05-24,295756.0
2017-05-23,303348.0
2017-05-22,303411.0
2017-05-21,314807.0
2017-05-20,297935.0
2017-05-19,306486.0
2017-05-18,305473.0
2017-05-17,296631.0
2017-05-16,305093.0
2017-05-15,300763.0
2017-05-14,324492.0
2017-05-13,339380.0
2017-05-12,348350.0
2017-05-11,289486.0
2017-05-10,325419.0
2017-05-09,352602.0
2017-05-08,309727.0
2017-05-07,305523.0
2017-05-06,333105.0
2017-05-05,321679.0
2017-05-04,289486.0
2017-05-03,292148.0
2017-05-02,310107.0
2017-05-01,307853.0
2017-04-30,308430.0
2017-04-29,334715.0
2017-04-28,308318.0
2017-04-27,328811.0
2017-04-26,338942.0
2017-04-25,310028.0
2017-04-24,320690.0
2017-04-23,314079.0
2017-04-22,322861.0
2017-04-21,336741.0
2017-04-20,346533.0
2017-04-19,373150.0
2017-04-18,398686.0
2017-04-17,367709.0
2017-04-16,327102.0
2017-04-15,327782.0
2017-04-14,313890.0
2017-04-13,359415.0
2017-04-12,344967.0
2017-04-11,361037.0
2017-04-10,318903.0
2017-04-09,332642.0
2017-04-08,369568.0
2017-04-07,371295.0
2017-04-06,398906.0
2017-04-05,345645.0
2017-04-04,296924.0
2017-04-03,296828.0
2017-04-02,300513.0
2017-04-01,306871.0
2017-03-31,296793.0
2017-03-30,304819.0
2017-03-29,281032.0
2017-03-28,296679.0
2017-03-27,302766.0
2017-03-26,328242.0
2017-03-25,296187.0
2017-03-24,287298.0
2017-03-23,295505.0
2017-03-22,301579.0
2017-03-21,332471.0
2017-03-20,302062.0
2017-03-19,300066.0
2017-03-18,281742.0
2017-03-17,295547.0
2017-03-16,278803.0
2017-03-15,290611.0
2017-03-14,303565.0
2017-03-13,293368.0
2017-03-12,298704.0
2017-03-11,311930.0
2017-03-10,294666.0
2017-03-09,283395.0
2017-03-08,288758.0
2017-03-07,286760.0
2017-03-06,297722.0
2017-03-05,295591.0
2017-03-04,298400.0
2017-03-03,298037.0
2017-03-02,326095.0
2017-03-01,280142.0
2017-02-28,303642.0
2017-02-27,302969.0
2017-02-26,299052.0
2017-02-25,288703.0
2017-02-24,297172.0
2017-02-23,345422.0
2017-02-22,296062.0
2017-02-21,300025.0
2017-02-20,291943.0
2017-02-19,304302.0
2017-02-18,291748.0
2017-02-17,340383.0
2017-02-16,297856.0
2017-02-15,287090.0
2017-02-14,290010.0
2017-02-13,299072.0
2017-02-12,297342.0
2017-02-11,305725.0
2017-02-10,286920.0
2017-02-09,294657.0
2017-02-08,298165.0
2017-02-07,296848.0
2017-02-06,298893.0
2017-02-05,369334.0
2017-02-04,304426.0
2017-02-03,302895.0
2017-02-02,294066.0
2017-02-01,292444.0
2017-01-31,302499.0
2017-01-30,339567.0
2017-01-29,319071.0
2017-01-28,313085.0
2017-01-27,336973.0
2017-01-26,329593.0
2017-01-25,312709.0
2017-01-24,293520.0
2017-01-23,304173.0
2017-01-22,332287.0
2017-01-21,294880.0
2017-01-20,305406.0
2017-01-19,319824.0
2017-01-18,317498.0
2017-01-17,320737.0
2017-01-16,317053.0
2017-01-15,298515.0
2017-01-14,322128.0
2017-01-13,312868.0
2017-01-12,312329.0
2017-01-11,307199.0
2017-01-10,306798.0
2017-01-09,317149.0
2017-01-08,356498.0
2017-01-07,320697.0
2017-01-06,324396.0
2017-01-05,331317.0
2017-01-04,320846.0
2017-01-03,325473.0
2017-01-02,340527.0
2017-01-01,346300.0
2016-12-31,359892.0
2016-12-30,342894.0
2016-12-29,363424.0
2016-12-28,380702.0
2016-12-27,366064.0
2016-12-26,355972.0
2016-12-25,348684.0
2016-12-24,388704.0
2016-12-23,417132.0
2016-12-22,382728.0
2016-12-21,333023.0
2016-12-20,361282.0
2016-12-19,342658.0
2016-12-18,317780.0
2016-12-17,301155.0
2016-12-16,304189.0
2016-12-15,315024.0
2016-12-14,309569.0
2016-12-13,298066.0
2016-12-12,308738.0
2016-12-11,319739.0
2016-12-10,307670.0
2016-12-09,291630.0
2016-12-08,286722.0
2016-12-07,324274.0
2016-12-06,302570.0
2016-12-05,301767.0
2016-12-04,317203.0
2016-12-03,329008.0
2016-12-02,271783.0
2016-12-01,300541.0
2016-11-30,363747.0
2016-11-29,298711.0
2016-11-28,308149.0
2016-11-27,349209.0
2016-11-26,333405.0
2016-11-25,315882.0
2016-11-24,296503.0
2016-11-23,337099.0
2016-11-22,336755.0
2016-11-21,338201.0
2016-11-20,370714.0
2016-11-19,395992.0
2016-11-18,335368.0
2016-11-17,310942.0
2016-11-16,322058.0
2016-11-15,339553.0
2016-11-14,350626.0
2016-11-13,324393.0
2016-11-12,322419.0
2016-11-11,314952.0
2016-11-10,322943.0
2016-11-09,277839.0
2016-11-08,323970.0
2016-11-07,301781.0
2016-11-06,322527.0
2016-11-05,322559.0
2016-11-04,320211.0
2016-11-03,323699.0
2016-11-02,319325.0
2016-11-01,321230.0
2016-10-31,333249.0
2016-10-30,323989.0
2016-10-29,345273.0
2016-10-28,369732.0
2016-10-27,333160.0
2016-10-26,345824.0
2016-10-25,363609.0
2016-10-24,343209.0
2016-10-23,342202.0
2016-10-22,342420.0
2016-10-21,367273.0
2016-10-20,346041.0
2016-10-19,388195.0
2016-10-18,382494.0
2016-10-17,409438.0
2016-10-16,384498.0
2016-10-15,375636.0
2016-10-14,391644.0
2016-10-13,393053.0
2016-10-12,391210.0
2016-10-11,381785.0
2016-10-10,404391.0
2016-10-09,408182.0
2016-10-08,390754.0
2016-10-07,390256.0
2016-10-06,399421.0
2016-10-05,396733.0
2016-10-04,381635.0
2016-10-03,398658.0
2016-10-02,407408.0
2016-10-01,394128.0
2016-09-30,400331.0
2016-09-29,397820.0
2016-09-28,393897.0
2016-09-27,384936.0
2016-09-26,393072.0
2016-09-25,379866.0
2016-09-24,394542.0
2016-09-23,385521.0
2016-09-22,398928.0
2016-09-21,420615.0
2016-09-20,426565.0
2016-09-19,423849.0
2016-09-18,438571.0
2016-09-17,422613.0
2016-09-16,376349.0
2016-09-15,388176.0
2016-09-14,416131.0
2016-09-13,424948.0
2016-09-12,364787.0
2016-09-11,392351.0
2016-09-10,375842.0
2016-09-09,405851.0
2016-09-08,416596.0
2016-09-07,403428.0
2016-09-06,419662.0
2016-09-05,406601.0
2016-09-04,414668.0
2016-09-03,418801.0
2016-09-02,404637.0
2016-09-01,369977.0
2016-08-31,352790.0
2016-08-30,348898.0
2016-08-29,455378.0
2016-08-28,399427.0
2016-08-27,369677.0
2016-08-26,353435.0
2016-08-25,351390.0
2016-08-24,367870.0
2016-08-23,359843.0
2016-08-22,381972.0
2016-08-21,379503.0
2016-08-20,387797.0
2016-08-19,373688.0
2016-08-18,382669.0
2016-08-17,367410.0
2016-08-16,418858.0
2016-08-15,385705.0
2016-08-14,363589.0
2016-08-13,398520.0
2016-08-12,380258.0
2016-08-11,385669.0
2016-08-10,366286.0
2016-08-09,341319.0
2016-08-08,371250.0
2016-08-07,393785.0
2016-08-06,391530.0
2016-08-05,392976.0
2016-08-04,401656.0
2016-08-03,384836.0
2016-08-02,391086.0
2016-08-01,395552.0
2016-07-31,400743.0
2016-07-30,400573.0
2016-07-29,391730.0
2016-07-28,379869.0
2016-07-27,379540.0
2016-07-26,381234.0
2016-07-25,411440.0
2016-07-24,395295.0
2016-07-23,408583.0
2016-07-22,382624.0
2016-07-21,377343.0
2016-07-20,397642.0
2016-07-19,389258.0
2016-07-18,411152.0
2016-07-17,423338.0
2016-07-16,393729.0
2016-07-15,383686.0
2016-07-14,411545.0
2016-07-13,487884.0
2016-07-12,434663.0
2016-07-11,443979.0
2016-07-10,451227.0
2016-07-09,453996.0
2016-07-08,452915.0
2016-07-07,479244.0
2016-07-06,483298.0
2016-07-05,501173.0
2016-07-04,459360.0
2016-07-03,492990.0
2016-07-02,453345.0
2016-07-01,431546.0
2016-06-30,411034.0
2016-06-29,398636.0
2016-06-28,395106.0
2016-06-27,396424.0
2016-06-26,432570.0
2016-06-25,475614.0
2016-06-24,445962.0
2016-06-23,424921.0
2016-06-22,361987.0
2016-06-21,411952.0
2016-06-20,371217.0
2016-06-19,414110.0
2016-06-18,360278.0
2016-06-17,364316.0
2016-06-16,358364.0
2016-06-15,345824.0
2016-06-14,339491.0
2016-06-13,359138.0
2016-06-12,381596.0
2016-06-11,346723.0
2016-06-10,373632.0
2016-06-09,367486.0
2016-06-08,364122.0
2016-06-07,376067.0
2016-06-06,374925.0
2016-06-05,371063.0
2016-06-04,381083.0
2016-06-03,375329.0
2016-06-02,354374.0
2016-06-01,352921.0
2016-05-31,366898.0
2016-05-30,356378.0
2016-05-29,359153.0
2016-05-28,356314.0
2016-05-27,364278.0
2016-05-26,374987.0
2016-05-25,402520.0
2016-05-24,394571.0
2016-05-23,364599.0
2016-05-22,375886.0
2016-05-21,374776.0
2016-05-20,375721.0
2016-05-19,370253.0
2016-05-18,367634.0
2016-05-17,400966.0
2016-05-16,440182.0
2016-05-15,370227.0
2016-05-14,375391.0
2016-05-13,379579.0
2016-05-12,387457.0
2016-05-11,400325.0
2016-05-10,430872.0
2016-05-09,291307.0
2016-05-08,408025.0
2016-05-07,419396.0
2016-05-06,450557.0
2016-05-05,449690.0
2016-05-04,478894.0
2016-05-03,435220.0
2016-05-02,396176.0
2016-05-01,392452.0
2016-04-30,415553.0
2016-04-29,446408.0
2016-04-28,430062.0
2016-04-27,402367.0
2016-04-26,374752.0
2016-04-25,374560.0
2016-04-24,411860.0
2016-04-23,452033.0
2016-04-22,478647.0
2016-04-21,443704.0
2016-04-20,407860.0
2016-04-19,425330.0
2016-04-18,465693.0
2016-04-17,456520.0
2016-04-16,378639.0
2016-04-15,355378.0
2016-04-14,401307.0
2016-04-13,408500.0
2016-04-12,356084.0
2016-04-11,376607.0
2016-04-10,415392.0
2016-04-09,438524.0
2016-04-08,428216.0
2016-04-07,395366.0
2016-04-06,343009.0
2016-04-05,342342.0
2016-04-04,365210.0
2016-04-03,340204.0
2016-04-02,339000.0
2016-04-01,354628.0
2016-03-31,345394.0
2016-03-30,353285.0
2016-03-29,336912.0
2016-03-28,358499.0
2016-03-27,387460.0
2016-03-26,377312.0
2016-03-25,351818.0
2016-03-24,373354.0
2016-03-23,316623.0
2016-03-22,410112.0
2016-03-21,423429.0
2016-03-20,453445.0
2016-03-19,461407.0
2016-03-18,448770.0
2016-03-17,354235.0
2016-03-16,348963.0
2016-03-15,359015.0
2016-03-14,348969.0
2016-03-13,360453.0
2016-03-12,385832.0
2016-03-11,379784.0
2016-03-10,402392.0
2016-03-09,411092.0
2016-03-08,385316.0
2016-03-07,399244.0
2016-03-06,395499.0
2016-03-05,395630.0
2016-03-04,391275.0
2016-03-03,319933.0
2016-03-02,302982.0
2016-03-01,302327.0
2016-02-29,301381.0
2016-02-28,329222.0
2016-02-27,330292.0
2016-02-26,326844.0
2016-02-25,320266.0
2016-02-24,325588.0
2016-02-23,329365.0
2016-02-22,339153.0
2016-02-21,352220.0
2016-02-20,349660.0
2016-02-19,351957.0
2016-02-18,348984.0
2016-02-17,358533.0
2016-02-16,371321.0
2016-02-15,405872.0
2016-02-14,444337.0
2016-02-13,452222.0
2016-02-12,370655.0
2016-02-11,354572.0
2016-02-10,330940.0
2016-02-09,310247.0
2016-02-08,326081.0
2016-02-07,338427.0
2016-02-06,338647.0
2016-02-05,333260.0
2016-02-04,324117.0
2016-02-03,335725.0
2016-02-02,328010.0
2016-02-01,341494.0
2016-01-31,356129.0
2016-01-30,371481.0
2016-01-29,381087.0
2016-01-28,345210.0
2016-01-27,322023.0
2016-01-26,320043.0
2016-01-25,311737.0
2016-01-24,318260.0
2016-01-23,304439.0
2016-01-22,307776.0
2016-01-21,307862.0
2016-01-20,289410.0
2016-01-19,307914.0
2016-01-18,332764.0
2016-01-17,318437.0
2016-01-16,309547.0
2016-01-15,325137.0
2016-01-14,304709.0
2016-01-13,322504.0
2016-01-12,324115.0
2016-01-11,318523.0
2016-01-10,323840.0
2016-01-09,311702.0
2016-01-08,312870.0
2016-01-07,311756.0
2016-01-06,276528.0
2016-01-05,295198.0
2016-01-04,292458.0
2016-01-03,306127.0
2016-01-02,298561.0
2016-01-01,294640.0
2015-12-31,306465.0
2015-12-30,298740.0
2015-12-29,298866.0
2015-12-28,308034.0
2015-12-27,317382.0
2015-12-26,312071.0
2015-12-25,315462.0
2015-12-24,320939.0
2015-12-23,315647.0
2015-12-22,307503.0
2015-12-21,355170.0
2015-12-20,307712.0
2015-12-19,311885.0
2015-12-18,323873.0
2015-12-17,334852.0
2015-12-16,337345.0
2015-12-15,341960.0
2015-12-14,339541.0
2015-12-13,342961.0
2015-12-12,373753.0
2015-12-11,393340.0
2015-12-10,352482.0
2015-12-09,322195.0
2015-12-08,321173.0
2015-12-07,324764.0
2015-12-06,320908.0
2015-12-05,320259.0
2015-12-04,325667.0
2015-12-03,329255.0
2015-12-02,342762.0
2015-12-01,330173.0
2015-11-30,328373.0
2015-11-29,343776.0
2015-11-28,338974.0
2015-11-27,341507.0
2015-11-26,334926.0
2015-11-25,295707.0
2015-11-24,315434.0
2015-11-23,357135.0
2015-11-22,380198.0
2015-11-21,384142.0
2015-11-20,364492.0
2015-11-19,359890.0
2015-11-18,371891.0
2015-11-17,353412.0
2015-11-16,371609.0
2015-11-15,368553.0
2015-11-14,368987.0
2015-11-13,344612.0
2015-11-12,349631.0
2015-11-11,359880.0
2015-11-10,354722.0
2015-11-09,358467.0
2015-11-08,365525.0
2015-11-07,338329.0
2015-11-06,336810.0
2015-11-05,334476.0
2015-11-04,323430.0
2015-11-03,323878.0
2015-11-02,341803.0
2015-11-01,321428.0
2015-10-31,334096.0
2015-10-30,347687.0
2015-10-29,356136.0
2015-10-28,356933.0
2015-10-27,354050.0
2015-10-26,365536.0
2015-10-25,364163.0
2015-10-24,355531.0
2015-10-23,343873.0
2015-10-22,374064.0
2015-10-21,356480.0
2015-10-20,352085.0
2015-10-19,367525.0
2015-10-18,359882.0
2015-10-17,364366.0
2015-10-16,369360.0
2015-10-15,325517.0
2015-10-14,356407.0
2015-10-13,340977.0
2015-10-12,344663.0
2015-10-11,352881.0
2015-10-10,358477.0
2015-10-09,354216.0
2015-10-08,348126.0
2015-10-07,362857.0
2015-10-06,363978.0
2015-10-05,380420.0
2015-10-04,376939.0
2015-10-03,373676.0
2015-10-02,391530.0
2015-10-01,384610.0
2015-09-30,365406.0
2015-09-29,375214.0
2015-09-28,385468.0
2015-09-27,375934.0
2015-09-26,383875.0
2015-09-25,391330.0
2015-09-24,391543.0
2015-09-23,359488.0
2015-09-22,345284.0
2015-09-21,365373.0
2015-09-20,369904.0
2015-09-19,368779.0
2015-09-18,365966.0
2015-09-17,365553.0
2015-09-16,341610.0
2015-09-15,353943.0
2015-09-14,340989.0
2015-09-13,357081.0
2015-09-12,363742.0
2015-09-11,373475.0
2015-09-10,369525.0
2015-09-09,376809.0
2015-09-08,358524.0
2015-09-07,356501.0
2015-09-06,356487.0
2015-09-05,357251.0
2015-09-04,364134.0
2015-09-03,362803.0
2015-09-02,362667.0
2015-09-01,373976.0
2015-08-31,352770.0
2015-08-30,350932.0
2015-08-29,348623.0
2015-08-28,357027.0
2015-08-27,362958.0
2015-08-26,349162.0
2015-08-25,351878.0
2015-08-24,352553.0
2015-08-23,346943.0
2015-08-22,382666.0
2015-08-21,383454.0
2015-08-20,359661.0
2015-08-19,364408.0
2015-08-18,375972.0
2015-08-17,384618.0
2015-08-16,374549.0
2015-08-15,372947.0
2015-08-14,384010.0
2015-08-13,399808.0
2015-08-12,389134.0
2015-08-11,357345.0
2015-08-10,367816.0
2015-08-09,380611.0
2015-08-08,381694.0
2015-08-07,379738.0
2015-08-06,377466.0
2015-08-05,389472.0
2015-08-04,387324.0
2015-08-03,398376.0
2015-08-02,394183.0
2015-08-01,395661.0
2015-07-31,404684.0
2015-07-30,398104.0
2015-07-29,398457.0
2015-07-28,409667.0
2015-07-27,409693.0
2015-07-26,413499.0
2015-07-25,383237.0
2015-07-24,399191.0
2015-07-23,386881.0
2015-07-22,352860.0
2015-07-21,393724.0
2015-07-20,380430.0
2015-07-19,369530.0
2015-07-18,374467.0
2015-07-17,383206.0
2015-07-16,381442.0
2015-07-15,384558.0
2015-07-14,389888.0
2015-07-13,399876.0
2015-07-12,387782.0
2015-07-11,385244.0
2015-07-10,394758.0
2015-07-09,403276.0
2015-07-08,394308.0
2015-07-07,365118.0
2015-07-06,342240.0
2015-07-05,354501.0
2015-07-04,360462.0
2015-07-03,370509.0
2015-07-02,384507.0
2015-07-01,381437.0
2015-06-30,352035.0
2015-06-29,342919.0
2015-06-28,334387.0
2015-06-27,378745.0
2015-06-26,392196.0
2015-06-25,339246.0
2015-06-24,335744.0
2015-06-23,342054.0
2015-06-22,345642.0
2015-06-21,336875.0
2015-06-20,339208.0
2015-06-19,349966.0
2015-06-18,356630.0
2015-06-17,361561.0
2015-06-16,341712.0
2015-06-15,356526.0
2015-06-14,357378.0
2015-06-13,339777.0
2015-06-12,350436.0
2015-06-11,355723.0
2015-06-10,365391.0
2015-06-09,349271.0
2015-06-08,356736.0
2015-06-07,362549.0
2015-06-06,376086.0
2015-06-05,380429.0
2015-06-04,365249.0
2015-06-03,383310.0
2015-06-02,363072.0
2015-06-01,370626.0
2015-05-31,375138.0
2015-05-30,365618.0
2015-05-29,387730.0
2015-05-28,370497.0
2015-05-27,397523.0
2015-05-26,398331.0
2015-05-25,392019.0
2015-05-24,389604.0
2015-05-23,387084.0
2015-05-22,393521.0
2015-05-21,396783.0
2015-05-20,400358.0
2015-05-19,400786.0
2015-05-18,388425.0
2015-05-17,394660.0
2015-05-16,372495.0
2015-05-15,388565.0
2015-05-14,396309.0
2015-05-13,392821.0
2015-05-12,387167.0
2015-05-11,369506.0
2015-05-10,383040.0
2015-05-09,391195.0
2015-05-08,399568.0
2015-05-07,392925.0
2015-05-06,400192.0
2015-05-05,396557.0
2015-05-04,403931.0
2015-05-03,394212.0
2015-05-02,398106.0
2015-05-01,398166.0
2015-04-30,387427.0
2015-04-29,371704.0
2015-04-28,384308.0
2015-04-27,390090.0
2015-04-26,374168.0
2015-04-25,378444.0
2015-04-24,385533.0
2015-04-23,393585.0
2015-04-22,380489.0
2015-04-21,386269.0
2015-04-20,387373.0
2015-04-19,386349.0
2015-04-18,379996.0
2015-04-17,374349.0
2015-04-16,384453.0
2015-04-15,385981.0
2015-04-14,378358.0
2015-04-13,395383.0
2015-04-12,366856.0
2015-04-11,381174.0
2015-04-10,384395.0
2015-04-09,373033.0
2015-04-08,381352.0
2015-04-07,374130.0
2015-04-06,385887.0
2015-04-05,391678.0
2015-04-04,386409.0
2015-04-03,391091.0
2015-04-02,339649.0
2015-04-01,348816.0
2015-03-31,346920.0
2015-03-30,339807.0
2015-03-29,344195.0
2015-03-28,331650.0
2015-03-27,333859.0
2015-03-26,329988.0
2015-03-25,336258.0
2015-03-24,337560.0
2015-03-23,360295.0
2015-03-22,386809.0
2015-03-21,377229.0
2015-03-20,386006.0
2015-03-19,385128.0
2015-03-18,365927.0
2015-03-17,341233.0
2015-03-16,322404.0
2015-03-15,346485.0
2015-03-14,363661.0
2015-03-13,351334.0
2015-03-12,341251.0
2015-03-11,330472.0
2015-03-10,328928.0
2015-03-09,357458.0
2015-03-08,344625.0
2015-03-07,362062.0
2015-03-06,348448.0
2015-03-05,357797.0
2015-03-04,354714.0
2015-03-03,366314.0
2015-03-02,332760.0
2015-03-01,368314.0
2015-02-28,316822.0
2015-02-27,310254.0
2015-02-26,315189.0
2015-02-25,316796.0
2015-02-24,325078.0
2015-02-23,328895.0
2015-02-22,381231.0
2015-02-21,339488.0
2015-02-20,288120.0
2015-02-19,323622.0
2015-02-18,342761.0
2015-02-17,329917.0
2015-02-16,360614.0
2015-02-15,319539.0
2015-02-14,310268.0
2015-02-13,310517.0
2015-02-12,289656.0
2015-02-11,305055.0
2015-02-10,306693.0
2015-02-09,312351.0
2015-02-08,311666.0
2015-02-07,299614.0
2015-02-06,313828.0
2015-02-05,299766.0
2015-02-04,298672.0
2015-02-03,302341.0
2015-02-02,310070.0
2015-02-01,312663.0
2015-01-31,313066.0
2015-01-30,303207.0
2015-01-29,307762.0
2015-01-28,308319.0
2015-01-27,312592.0
2015-01-26,380829.0
2015-01-25,318830.0
2015-01-24,331356.0
2015-01-23,319599.0
2015-01-22,350106.0
2015-01-21,326541.0
2015-01-20,317826.0
2015-01-19,317296.0
2015-01-18,316835.0
2015-01-17,317486.0
2015-01-16,333238.0
2015-01-15,342730.0
2015-01-14,314468.0
2015-01-13,321093.0
2015-01-12,316936.0
2015-01-11,311046.0
2015-01-10,318771.0
2015-01-09,312685.0
2015-01-08,313682.0
2015-01-07,318494.0
2015-01-06,380661.0
2015-01-05,316578.0
2015-01-04,312417.0
2015-01-03,304895.0
2015-01-02,298994.0
2015-01-01,306266.0
2014-12-31,304681.0
2014-12-30,317549.0
2014-12-29,314427.0
2014-12-28,312636.0
2014-12-27,304887.0
2014-12-26,317832.0
2014-12-25,307820.0
2014-12-24,314081.0
2014-12-23,310533.0
2014-12-22,317773.0
2014-12-21,332841.0
2014-12-20,382690.0
2014-12-19,309623.0
2014-12-18,310300.0
2014-12-17,306610.0
2014-12-16,362988.0
2014-12-15,319200.0
2014-12-14,314614.0
2014-12-13,305396.0
2014-12-12,304396.0
2014-12-11,312543.0
2014-12-10,318196.0
2014-12-09,311659.0
2014-12-08,326752.0
2014-12-07,317494.0
2014-12-06,305699.0
2014-12-05,306104.0
2014-12-04,299569.0
2014-12-03,288876.0
2014-12-02,311638.0
2014-12-01,325444.0
2014-11-30,338350.0
2014-11-29,330002.0
2014-11-28,342441.0
2014-11-27,323867.0
2014-11-26,327853.0
2014-11-25,392433.0
2014-11-24,336787.0
2014-11-23,320689.0
2014-11-22,318919.0
2014-11-21,316577.0
2014-11-20,306862.0
2014-11-19,313726.0
2014-11-18,308447.0
2014-11-17,326010.0
2014-11-16,309440.0
2014-11-15,317192.0
2014-11-14,311958.0
2014-11-13,327416.0
2014-11-12,334209.0
2014-11-11,334058.0
2014-11-10,334163.0
2014-11-09,353107.0
2014-11-08,341836.0
2014-11-07,346916.0
2014-11-06,344142.0
2014-11-05,347482.0
2014-11-04,350473.0
2014-11-03,338728.0
2014-11-02,369506.0
2014-11-01,399521.0
2014-10-31,362726.0
2014-10-30,339742.0
2014-10-29,336904.0
2014-10-28,348151.0
2014-10-27,372942.0
2014-10-26,374600.0
2014-10-25,389765.0
2014-10-24,404251.0
2014-10-23,392380.0
2014-10-22,381604.0
2014-10-21,382467.0
2014-10-20,381085.0
2014-10-19,340124.0
2014-10-18,327818.0
2014-10-17,343594.0
2014-10-16,343880.0
2014-10-15,340350.0
2014-10-14,362342.0
2014-10-13,400948.0
2014-10-12,332043.0
2014-10-11,359026.0
2014-10-10,349051.0
2014-10-09,348280.0
2014-10-08,352777.0
2014-10-07,336216.0
2014-10-06,338914.0
2014-10-05,352889.0
2014-10-04,340166.0
2014-10-03,348128.0
2014-10-02,343578.0
2014-10-01,337107.0
2014-09-30,344290.0
2014-09-29,360320.0
2014-09-28,377528.0
2014-09-27,392157.0
2014-09-26,402371.0
2014-09-25,416525.0
2014-09-24,411984.0
2014-09-23,347464.0
2014-09-22,357912.0
2014-09-21,342457.0
2014-09-20,344527.0
2014-09-19,337828.0
2014-09-18,353811.0
2014-09-17,360246.0
2014-09-16,359606.0
2014-09-15,359321.0
2014-09-14,358361.0
2014-09-13,369349.0
2014-09-12,369498.0
2014-09-11,389853.0
2014-09-10,404747.0
2014-09-09,394804.0
2014-09-08,395323.0
2014-09-07,403469.0
2014-09-06,391923.0
2014-09-05,418306.0
2014-09-04,429497.0
2014-09-03,400540.0
2014-09-02,375339.0
2014-09-01,400056.0
2014-08-31,388131.0
2014-08-30,398445.0
2014-08-29,411995.0
2014-08-28,413717.0
2014-08-27,413401.0
2014-08-26,426814.0
2014-08-25,408124.0
2014-08-24,403925.0
2014-08-23,413957.0
2014-08-22,420345.0
2014-08-21,415673.0
2014-08-20,418586.0
2014-08-19,416672.0
2014-08-18,405683.0
2014-08-17,398876.0
2014-08-16,401115.0
2014-08-15,406776.0
2014-08-14,396165.0
2014-08-13,372776.0
2014-08-12,387158.0
2014-08-11,384928.0
2014-08-10,367623.0
2014-08-09,378301.0
2014-08-08,384588.0
2014-08-07,392147.0
2014-08-06,406415.0
2014-08-05,396216.0
2014-08-04,394350.0
2014-08-03,382668.0
2014-08-02,354469.0
2014-08-01,352549.0
2014-07-31,368293.0
2014-07-30,348558.0
2014-07-29,320085.0
2014-07-28,333739.0
2014-07-27,336577.0
2014-07-26,352775.0
2014-07-25,343518.0
2014-07-24,364628.0
2014-07-23,348174.0
2014-07-22,345709.0
2014-07-21,377333.0
2014-07-20,380897.0
2014-07-19,395365.0
2014-07-18,388557.0
2014-07-17,384420.0
2014-07-16,377549.0
2014-07-15,342890.0
2014-07-14,349580.0
2014-07-13,364797.0
2014-07-12,330219.0
2014-07-11,348393.0
2014-07-10,341958.0
2014-07-09,334748.0
2014-07-08,363778.0
2014-07-07,318145.0
2014-07-06,297699.0
2014-07-05,287212.0
2014-07-04,336163.0
2014-07-03,348087.0
2014-07-02,293565.0
2014-07-01,297346.0
2014-06-30,291770.0
2014-06-29,300266.0
2014-06-28,302484.0
2014-06-27,302334.0
2014-06-26,280101.0
2014-06-25,293864.0
2014-06-24,302352.0
2014-06-23,291373.0
2014-06-22,286513.0
2014-06-21,287351.0
2014-06-20,291534.0
2014-06-19,295648.0
2014-06-18,309135.0
2014-06-17,292551.0
2014-06-16,314575.0
2014-06-15,330201.0
2014-06-14,316716.0
2014-06-13,299831.0
2014-06-12,303365.0
2014-06-11,289967.0
2014-06-10,285242.0
2014-06-09,276357.0
2014-06-08,292681.0
2014-06-07,303083.0
2014-06-06,293357.0
2014-06-05,309394.0
2014-06-04,305230.0
2014-06-03,335557.0
2014-06-02,296125.0
2014-06-01,296394.0
2014-05-31,323770.0
2014-05-30,316271.0
2014-05-29,314209.0
2014-05-28,307493.0
2014-05-27,329581.0
2014-05-26,341792.0
2014-05-25,286285.0
2014-05-24,302283.0
2014-05-23,291326.0
2014-05-22,315276.0
2014-05-21,307541.0
2014-05-20,295863.0
2014-05-19,320631.0
2014-05-18,329310.0
2014-05-17,342477.0
2014-05-16,345568.0
2014-05-15,345996.0
2014-05-14,353228.0
2014-05-13,350451.0
2014-05-12,309395.0
2014-05-11,298191.0
2014-05-10,301956.0
2014-05-09,301732.0
2014-05-08,307246.0
2014-05-07,299321.0
2014-05-06,302177.0
2014-05-05,308807.0
2014-05-04,319361.0
2014-05-03,334982.0
2014-05-02,346428.0
2014-05-01,345250.0
2014-04-30,352371.0
2014-04-29,352231.0
2014-04-28,334627.0
2014-04-27,276803.0
2014-04-26,284268.0
2014-04-25,288205.0
2014-04-24,274515.0
2014-04-23,279979.0
2014-04-22,272191.0
2014-04-21,279100.0
2014-04-20,270007.0
2014-04-19,275736.0
2014-04-18,317955.0
2014-04-17,292218.0
2014-04-16,284253.0
2014-04-15,263550.0
2014-04-14,261985.0
2014-04-13,277444.0
2014-04-12,257863.0
2014-04-11,261784.0
2014-04-10,256035.0
2014-04-09,264349.0
2014-04-08,275655.0
2014-04-07,270265.0
2014-04-06,263918.0
2014-04-05,266754.0
2014-04-04,279021.0
2014-04-03,274463.0
2014-04-02,283524.0
2014-04-01,294401.0
2014-03-31,279624.0
2014-03-30,339278.0
2014-03-29,287939.0
2014-03-28,273774.0
2014-03-27,281751.0
2014-03-26,305716.0
2014-03-25,260107.0
2014-03-24,262729.0
2014-03-23,263744.0
2014-03-22,262690.0
2014-03-21,268535.0
2014-03-20,257003.0
2014-03-19,270030.0
2014-03-18,285120.0
2014-03-17,271345.0
2014-03-16,274139.0
2014-03-15,277413.0
2014-03-14,288426.0
2014-03-13,289195.0
2014-03-12,258626.0
2014-03-11,241339.0
2014-03-10,259744.0
2014-03-09,254618.0
2014-03-08,252767.0
2014-03-07,246955.0
2014-03-06,256028.0
2014-03-05,261476.0
2014-03-04,254943.0
2014-03-03,262987.0
2014-03-02,257555.0
2014-03-01,255448.0
2014-02-28,259092.0
2014-02-27,274536.0
2014-02-26,240598.0
2014-02-25,248761.0
2014-02-24,256105.0
2014-02-23,252073.0
2014-02-22,250297.0
2014-02-21,250356.0
2014-02-20,246456.0
2014-02-19,239648.0
2014-02-18,253009.0
2014-02-17,249932.0
2014-02-16,253714.0
2014-02-15,257482.0
2014-02-14,250239.0
2014-02-13,260321.0
2014-02-12,254706.0
2014-02-11,252622.0
2014-02-10,261646.0
2014-02-09,246443.0
2014-02-08,262977.0
2014-02-07,252576.0
2014-02-06,241928.0
2014-02-05,243440.0
2014-02-04,232879.0
2014-02-03,222259.0
2014-02-02,242032.0
2014-02-01,247921.0
2014-01-31,261427.0
2014-01-30,277694.0
2014-01-29,267139.0
2014-01-28,263229.0
2014-01-27,247119.0
2014-01-26,253902.0
2014-01-25,255185.0
2014-01-24,253401.0
2014-01-23,254688.0
2014-01-22,240217.0
2014-01-21,258028.0
2014-01-20,246150.0
2014-01-19,248393.0
2014-01-18,248720.0
2014-01-17,249373.0
2014-01-16,263106.0
2014-01-15,243797.0
2014-01-14,246266.0
2014-01-13,237572.0
2014-01-12,252214.0
2014-01-11,264056.0
2014-01-10,241331.0
2014-01-09,249759.0
2014-01-08,270318.0
2014-01-07,251156.0
2014-01-06,254283.0
2014-01-05,269621.0
2014-01-04,266749.0
2014-01-03,258952.0
2014-01-02,252382.0
2014-01-01,252140.0
