date,distance_from_estuary_km,ecoli_max,enterococcus_max,ecoli_exceed,enterococcus_exceed,any_exceed
2014-05-13,0.0,4.0,13.0,False,False,False
2014-05-13,0.5,10.0,6.0,False,False,False
2014-05-13,1.0,6.0,24.0,False,False,False
2014-07-01,0.0,244.0,85.0,False,False,False
2014-07-01,0.5,107.0,45.0,False,False,False
2014-07-01,1.0,5.0,15.0,False,False,False
2014-07-15,0.0,112.0,5.0,False,False,False
2014-07-15,0.5,107.0,5.0,False,False,False
2014-07-15,1.0,5.0,5.0,False,False,False
2014-07-22,0.0,1.0,26.0,False,False,False
2014-07-22,0.5,41.0,1.0,False,False,False
2014-07-22,1.0,1.0,1.0,False,False,False
2014-07-29,0.0,20.0,1.0,False,False,False
2014-07-29,0.5,130.0,1.0,False,False,False
2014-07-29,1.0,120.0,5.0,False,False,False
2014-08-12,0.0,42.0,10.0,False,False,False
2014-08-12,0.5,49.0,1.0,False,False,False
2014-08-12,1.0,470.0,42.0,False,False,False
2014-09-21,0.0,140.0,42.0,False,False,False
2014-09-21,0.5,260.0,32.0,False,False,False
2014-09-21,1.0,320.0,73.0,False,False,False
2015-05-06,0.0,10.0,5.0,False,False,False
2015-05-06,0.5,10.0,5.0,False,False,False
2015-05-06,1.0,10.0,5.0,False,False,False
2015-07-02,0.0,52.0,37.0,False,False,False
2015-07-02,0.5,480.0,93.0,False,False,False
2015-07-02,1.0,200.0,1.0,False,False,False
2015-07-16,0.0,540.0,160.0,True,True,True
2015-07-16,0.5,530.0,200.0,True,True,True
2015-07-16,1.0,470.0,170.0,False,True,True
2015-07-28,0.0,10.0,10.0,False,False,False
2015-07-28,0.5,30.0,1.0,False,False,False
2015-07-28,1.0,30.0,1.0,False,False,False
2015-08-04,0.0,120.0,1.0,False,False,False
2015-08-04,0.5,190.0,10.0,False,False,False
2015-08-04,1.0,670.0,230.0,True,True,True
2015-08-11,0.0,1200.0,5.0,True,False,True
2015-08-11,0.5,1800.0,16.0,True,False,True
2015-08-11,1.0,1300.0,5.0,True,False,True
2015-08-18,0.0,690.0,21.0,True,False,True
2015-08-18,0.5,52.0,1.0,False,False,False
2015-08-18,1.0,52.0,1.0,False,False,False
2015-09-21,0.0,230.0,31.0,False,False,False
2015-09-21,0.5,1800.0,430.0,True,True,True
2015-09-21,1.0,280.0,43.0,False,False,False
2016-05-12,0.0,0.0,5.0,False,False,False
2016-05-12,0.5,670.0,233.0,True,True,True
2016-05-12,1.0,10.0,0.0,False,False,False
2016-07-11,0.0,11000.0,9900.0,True,True,True
2016-07-11,0.5,8700.0,5600.0,True,True,True
2016-07-11,1.0,13000.0,12000.0,True,True,True
2016-07-19,0.0,330.0,85.0,False,False,False
2016-07-19,0.5,410.0,90.0,False,False,False
2016-07-19,1.0,180.0,66.0,False,False,False
2016-07-26,0.0,10.0,0.0,False,False,False
2016-07-26,0.5,41.0,0.0,False,False,False
2016-07-26,1.0,41.0,21.0,False,False,False
2016-08-09,0.0,197.0,32.0,False,False,False
2016-08-09,0.5,156.0,5.0,False,False,False
2016-08-09,1.0,206.0,21.0,False,False,False
2016-08-17,0.0,73.0,73.0,False,False,False
2016-08-17,0.5,144.0,43.0,False,False,False
2016-08-17,1.0,235.0,32.0,False,False,False
2016-08-22,0.0,233.0,5.0,False,False,False
2016-08-22,0.5,134.0,5.0,False,False,False
2016-08-22,1.0,221.0,10.0,False,False,False
2016-09-07,0.0,405.0,55.0,False,False,False
2016-09-07,0.5,315.0,37.0,False,False,False
2016-09-07,1.0,373.0,54.0,False,False,False
2017-05-15,0.0,52.0,16.0,False,False,False
2017-05-15,0.5,63.0,26.0,False,False,False
2017-05-15,1.0,10.0,10.0,False,False,False
2017-07-07,0.0,288.0,86.0,False,False,False
2017-07-07,0.5,581.0,171.0,True,True,True
2017-07-07,1.0,313.0,93.0,False,False,False
2017-07-13,0.0,41.0,10.0,False,False,False
2017-07-13,0.5,52.0,21.0,False,False,False
2017-07-13,1.0,341.0,93.0,False,False,False
2017-07-19,0.0,0.0,0.0,False,False,False
2017-07-19,0.5,0.0,0.0,False,False,False
2017-07-19,1.0,0.0,0.0,False,False,False
2017-07-27,0.0,98.0,5.0,False,False,False
2017-07-27,0.5,109.0,10.0,False,False,False
2017-07-27,1.0,97.0,37.0,False,False,False
2017-08-02,0.0,134.0,26.0,False,False,False
2017-08-02,0.5,41.0,21.0,False,False,False
2017-08-02,1.0,959.0,273.0,True,True,True
2017-08-11,0.0,197.0,10.0,False,False,False
2017-08-11,0.5,243.0,26.0,False,False,False
2017-08-11,1.0,41.0,15.0,False,False,False
2017-08-17,0.0,52.0,26.0,False,False,False
2017-08-17,0.5,145.0,26.0,False,False,False
2017-08-17,1.0,120.0,32.0,False,False,False
2017-08-23,0.0,97.0,21.0,False,False,False
2017-08-23,0.5,73.0,16.0,False,False,False
2017-08-23,1.0,86.0,10.0,False,False,False
2018-05-16,0.0,0.0,0.0,False,False,False
2018-05-16,0.5,10.0,0.0,False,False,False
2018-05-16,1.0,31.0,36.0,False,False,False
2018-07-12,0.0,30.0,5.0,False,False,False
2018-07-12,0.5,1553.0,480.0,True,True,True
2018-07-12,1.0,149.0,38.0,False,False,False
2018-07-19,0.0,0.0,26.0,False,False,False
2018-07-19,0.5,0.0,42.0,False,False,False
2018-07-19,1.0,31.0,32.0,False,False,False
2018-07-26,0.0,333.0,85.0,False,False,False
2018-07-26,0.5,342.0,115.0,False,True,True
2018-07-26,1.0,300.0,71.0,False,False,False
2018-08-02,0.0,97.0,16.0,False,False,False
2018-08-02,0.5,3076.0,1538.0,True,True,True
2018-08-02,1.0,350.0,43.0,False,False,False
2018-08-09,0.0,20.0,0.0,False,False,False
2018-08-09,0.5,86.0,16.0,False,False,False
2018-08-09,1.0,86.0,15.0,False,False,False
2018-08-22,0.0,30.0,5.0,False,False,False
2018-08-22,0.5,20.0,5.0,False,False,False
2018-08-22,1.0,10.0,0.0,False,False,False
2018-09-12,0.0,318.0,32.0,False,False,False
2018-09-12,0.5,2382.0,719.0,True,True,True
2018-09-12,1.0,437.0,26.0,False,False,False
2019-06-17,0.0,74.0,16.0,False,False,False
2019-06-17,0.5,31.0,42.0,False,False,False
2019-06-17,1.0,110.0,117.0,False,True,True
2019-07-04,0.0,85.0,84.0,False,False,False
2019-07-04,0.5,173.0,1405.0,False,True,True
2019-07-04,1.0,52.0,43.0,False,False,False
2019-07-16,0.0,31.0,94.0,False,False,False
2019-07-16,0.5,30.0,127.0,False,True,True
2019-07-16,1.0,41.0,153.0,False,True,True
2019-07-30,0.0,0.0,10.0,False,False,False
2019-07-30,0.5,0.0,26.0,False,False,False
2019-07-30,1.0,31.0,81.0,False,False,False
2019-08-13,0.0,31.0,5.0,False,False,False
2019-08-13,0.5,31.0,0.0,False,False,False
2019-08-13,1.0,414.0,141.0,False,True,True
2019-08-20,0.0,40.0,15.0,False,False,False
2019-08-20,0.5,84.0,0.0,False,False,False
2019-08-20,1.0,41.0,10.0,False,False,False
2020-06-17,0.0,41.0,32.0,False,False,False
2020-06-17,0.5,97.0,87.0,False,False,False
2020-06-17,1.0,0.0,5.0,False,False,False
2020-07-09,0.0,141.0,122.0,False,True,True
2020-07-09,0.5,100.0,61.0,False,False,False
2020-07-09,1.0,80.0,81.0,False,False,False
2020-07-17,0.0,98.0,55.0,False,False,False
2020-07-17,0.5,109.0,108.0,False,True,True
2020-07-17,1.0,131.0,99.0,False,False,False
2020-07-21,0.0,74.0,21.0,False,False,False
2020-07-21,0.5,41.0,0.0,False,False,False
2020-07-21,1.0,31.0,11.0,False,False,False
2020-08-04,0.0,86.0,21.0,False,False,False
2020-08-04,0.5,41.0,10.0,False,False,False
2020-08-04,1.0,85.0,0.0,False,False,False
2020-08-14,0.0,86.0,21.0,False,False,False
2020-08-14,0.5,41.0,0.0,False,False,False
2020-08-14,1.0,85.0,0.0,False,False,False
2020-08-19,0.0,3076.0,143.0,True,True,True
2020-08-19,0.5,3654.0,172.0,True,True,True
2020-08-19,1.0,17329.0,9932.0,True,True,True
2020-08-21,0.0,809.0,32.0,True,False,True
2020-08-21,0.5,481.0,0.0,False,False,False
2020-08-21,1.0,134.0,0.0,False,False,False
2020-09-15,0.0,262.0,32.0,False,False,False
2020-09-15,0.5,2098.0,1307.0,True,True,True
2020-09-15,1.0,132.0,26.0,False,False,False
2021-06-08,0.0,0.0,5.0,False,False,False
2021-06-08,0.5,1296.0,315.0,True,True,True
2021-06-08,1.0,0.0,0.0,False,False,False
2021-07-15,0.0,2613.0,153.0,True,True,True
2021-07-15,0.5,2359.0,54.0,True,False,True
2021-07-15,1.0,2755.0,55.0,True,False,True
2021-07-22,0.0,5172.0,49.0,True,False,True
2021-07-22,0.5,4611.0,36.0,True,False,True
2021-07-22,1.0,3076.0,78.0,True,False,True
2021-07-29,0.0,256.0,5.0,False,False,False
2021-07-29,0.5,275.0,10.0,False,False,False
2021-07-29,1.0,657.0,0.0,True,False,True
2021-08-03,0.0,148.0,21.0,False,False,False
2021-08-03,0.5,52.0,31.0,False,False,False
2021-08-03,1.0,63.0,0.0,False,False,False
2021-08-31,0.0,15531.0,677.0,True,True,True
2021-08-31,0.5,1401.0,153.0,True,True,True
2021-08-31,1.0,8664.0,808.0,True,True,True
2021-09-29,0.0,41.0,16.0,False,False,False
2021-09-29,0.5,52.0,10.0,False,False,False
2021-09-29,1.0,0.0,5.0,False,False,False
2022-06-13,0.0,10.0,16.0,False,False,False
2022-06-13,0.5,441.0,54.0,False,False,False
2022-06-13,1.0,183.0,0.0,False,False,False
2022-07-07,0.0,211.0,10.0,False,False,False
2022-07-07,0.5,30.0,5.0,False,False,False
2022-07-07,1.0,41.0,0.0,False,False,False
2022-07-20,0.0,341.0,21.0,False,False,False
2022-07-20,0.5,341.0,10.0,False,False,False
2022-07-20,1.0,556.0,21.0,True,False,True
2022-07-26,0.0,31.0,5.0,False,False,False
2022-07-26,0.5,97.0,10.0,False,False,False
2022-07-26,1.0,826.0,91.0,True,False,True
2022-08-03,0.0,393.0,26.0,False,False,False
2022-08-03,0.5,63.0,16.0,False,False,False
2022-08-03,1.0,10.0,0.0,False,False,False
2022-08-09,0.0,109.0,5.0,False,False,False
2022-08-09,0.5,41.0,0.0,False,False,False
2022-08-09,1.0,0.0,0.0,False,False,False
2022-08-16,0.0,106.0,49.0,False,False,False
2022-08-16,0.5,345.0,136.0,False,True,True
2022-08-16,1.0,422.0,141.0,False,True,True
2022-08-30,0.0,324.0,42.0,False,False,False
2022-08-30,0.5,1178.0,55.0,True,False,True
2022-08-30,1.0,452.0,38.0,False,False,False
2022-09-26,0.0,262.0,66.0,False,False,False
2022-09-26,0.5,798.0,445.0,True,True,True
2022-09-26,1.0,98.0,0.0,False,False,False
2023-06-07,0.0,0.0,0.0,False,False,False
2023-06-07,0.5,1658.0,930.0,True,True,True
2023-06-07,1.0,0.0,5.0,False,False,False
2023-07-04,0.0,269.0,151.0,False,True,True
2023-07-04,0.5,345.0,155.0,False,True,True
2023-07-19,0.0,3130.0,2053.0,True,True,True
2023-07-19,0.5,4106.0,2442.0,True,True,True
2023-07-27,0.0,6488.0,3635.0,True,True,True
2023-07-27,0.5,6867.0,5600.0,True,True,True
2023-08-01,0.0,4352.0,230.0,True,True,True
2023-08-01,0.5,862.0,196.0,True,True,True
2023-08-08,0.0,96.0,73.0,False,False,False
2023-08-08,0.5,158.0,157.0,False,True,True
2023-08-16,0.0,571.0,260.0,True,True,True
2023-08-16,0.5,243.0,144.0,False,True,True
2023-08-23,0.0,565.0,61.0,True,False,True
2023-08-23,0.5,10.0,10.0,False,False,False
2023-08-28,0.0,3282.0,382.0,True,True,True
2023-08-28,0.5,3654.0,456.0,True,True,True
2023-09-06,0.0,581.0,93.0,True,False,True
2023-09-06,0.5,404.0,77.0,False,False,False
2023-09-12,0.0,1529.0,78.0,True,False,True
2023-09-12,0.5,1670.0,84.0,True,False,True
2023-10-06,0.0,10.0,5.0,False,False,False
2023-10-06,0.5,10.0,5.0,False,False,False
2024-06-07,0.0,0.0,0.0,False,False,False
2024-06-07,0.5,0.0,0.0,False,False,False
2024-06-07,1.0,0.0,0.0,False,False,False
2024-07-18,0.0,63.0,49.0,False,False,False
2024-07-18,0.5,31.0,0.0,False,False,False
2024-07-18,1.0,52.0,43.0,False,False,False
2024-07-31,0.0,0.0,0.0,False,False,False
2024-07-31,0.5,0.0,0.0,False,False,False
2024-07-31,1.0,0.0,0.0,False,False,False
2024-08-14,0.0,0.0,0.0,False,False,False
2024-08-14,0.5,0.0,5.0,False,False,False
2024-08-14,1.0,0.0,0.0,False,False,False
2024-08-27,0.0,504.0,80.0,True,False,True
2024-08-27,0.5,479.0,72.0,False,False,False
2024-08-27,1.0,122.0,10.0,False,False,False
2024-09-20,0.0,488.0,55.0,False,False,False
2024-09-20,0.5,754.0,322.0,True,True,True
2024-09-20,1.0,173.0,15.0,False,False,False
2025-06-13,0.0,146.0,5.0,False,False,False
2025-06-13,0.5,95.0,5.0,False,False,False
2025-06-13,1.0,86.0,5.0,False,False,False
2025-07-03,0.0,0.0,5.0,False,False,False
2025-07-03,0.5,0.0,0.0,False,False,False
2025-07-03,1.0,0.0,0.0,False,False,False
2025-07-17,0.0,465.0,55.0,False,False,False
2025-07-17,0.5,339.0,114.0,False,True,True
2025-07-17,1.0,683.0,123.0,True,True,True
2025-07-22,0.0,31.0,26.0,False,False,False
2025-07-22,0.5,41.0,66.0,False,False,False
2025-07-22,1.0,110.0,54.0,False,False,False
2025-07-30,0.0,31.0,10.0,False,False,False
2025-07-30,0.5,134.0,5.0,False,False,False
2025-07-30,1.0,144.0,0.0,False,False,False
2025-08-13,0.0,2098.0,2080.0,True,True,True
2025-08-13,0.5,3609.0,433.0,True,True,True
2025-08-13,1.0,1223.0,589.0,True,True,True
2025-08-20,0.0,30.0,5.0,False,False,False
2025-08-20,0.5,10.0,21.0,False,False,False
2025-08-20,1.0,10.0,16.0,False,False,False
2025-08-26,0.5,96.0,26.0,False,False,False
2025-08-26,1.0,250.0,54.0,False,False,False
2025-09-25,0.0,0.0,53.0,False,False,False
2025-09-25,0.5,0.0,42.0,False,False,False
2025-09-25,1.0,30.0,10.0,False,False,False
