date,examinLcDetail,ecoli_max,enterococcus_max,ecoli_exceed,enterococcus_exceed,any_exceed,precip_daily,temp_daily,wind_max,wind_dir,solar_radiation_sum,gijang_discharge_m3_day,jeonggwan_discharge_m3_day,tide_max,tide_min,임랑해수욕장_정점명,임랑해수욕장_정점코드,임랑해수욕장_유속(cm/s),임랑해수욕장_유향(deg),임랑해수욕장_수온(℃),임랑해수욕장_염분(PSU),임랑해수욕장_유의파고(m),임랑해수욕장_유의파주기(sec),임랑해수욕장_최대파고(m),임랑해수욕장_최대파주기(sec),임랑해수욕장_풍속(m/s),임랑해수욕장_풍향(deg),임랑해수욕장_기온(℃),임랑해수욕장_기압(hPa),임랑해수욕장_시정(m),송정_정점명,송정_정점코드,송정_유속(cm/s),송정_유향(deg),송정_수온(℃),송정_염분(PSU),송정_유의파고(m),송정_유의파주기(sec),송정_최대파고(m),송정_최대파주기(sec),송정_풍속(m/s),송정_풍향(deg),송정_기온(℃),송정_기압(hPa),송정_시정(m),year,month,is_weekend,precip_1d_lag,precip_2d_sum_lag,precip_3d_sum_lag,precip_5d_sum_lag,CSO_Flag_Rain,dry_days_count,temp_1d_lag,wind_max_1d_lag,solar_radiation_1d_lag,gijang_discharge_1d_lag,gijang_discharge_3d_mean,jeonggwan_discharge_1d_lag,jeonggwan_discharge_3d_mean,tide_range,tide_range_1d_lag
2017-07-07,동편화장실,313.0,93.0,False,False,0,5.1,24.2,21.7,230,10.62,23821.0,23461,124.0,40.0,,,,,,,,,,,,,,,,,,,,,,,,,,,,,,,2017,7,0,,,,,1,0,,,,,,,,84.0,
2017-07-07,자연산횟집,581.0,171.0,True,True,1,5.1,24.2,21.7,230,10.62,23821.0,23461,124.0,40.0,,,,,,,,,,,,,,,,,,,,,,,,,,,,,,,2017,7,0,,,,,1,0,,,,,,,,84.0,
2017-07-07,흰색3층건물,288.0,86.0,False,False,0,5.1,24.2,21.7,230,10.62,23821.0,23461,124.0,40.0,,,,,,,,,,,,,,,,,,,,,,,,,,,,,,,2017,7,0,,,,,1,0,,,,,,,,84.0,
2017-07-13,동편화장실,341.0,93.0,False,False,0,0.0,25.9,18.4,232,27.61,24677.0,23788,130.0,33.0,,,,,,,,,,,,,,,,,,,,,,,,,,,,,,,2017,7,0,0.0,5.4,21.400000000000002,23.799999999999997,0,2,26.8,16.8,26.74,24259.0,25450.0,25175.0,23780.666666666668,97.0,97.0
2017-07-13,자연산횟집,52.0,21.0,False,False,0,0.0,25.9,18.4,232,27.61,24677.0,23788,130.0,33.0,,,,,,,,,,,,,,,,,,,,,,,,,,,,,,,2017,7,0,0.0,5.4,21.400000000000002,23.799999999999997,0,2,26.8,16.8,26.74,24259.0,25450.0,25175.0,23780.666666666668,97.0,97.0
2017-07-13,흰색3층건물,41.0,10.0,False,False,0,0.0,25.9,18.4,232,27.61,24677.0,23788,130.0,33.0,,,,,,,,,,,,,,,,,,,,,,,,,,,,,,,2017,7,0,0.0,5.4,21.400000000000002,23.799999999999997,0,2,26.8,16.8,26.74,24259.0,25450.0,25175.0,23780.666666666668,97.0,97.0
2017-07-19,동편화장실,1.0,1.0,False,False,0,0.2,26.8,15.6,190,26.22,23864.0,24117,117.0,46.0,,,,,,,,,,,,,,,,,,,,,,,,,,,,,,,2017,7,0,6.4,7.800000000000001,7.900000000000002,10.0,0,0,26.1,14.6,17.18,26683.0,26062.0,23526.0,23583.333333333332,71.0,64.0
2017-07-19,자연산횟집,1.0,1.0,False,False,0,0.2,26.8,15.6,190,26.22,23864.0,24117,117.0,46.0,,,,,,,,,,,,,,,,,,,,,,,,,,,,,,,2017,7,0,6.4,7.800000000000001,7.900000000000002,10.0,0,0,26.1,14.6,17.18,26683.0,26062.0,23526.0,23583.333333333332,71.0,64.0
2017-07-19,흰색3층건물,1.0,1.0,False,False,0,0.2,26.8,15.6,190,26.22,23864.0,24117,117.0,46.0,,,,,,,,,,,,,,,,,,,,,,,,,,,,,,,2017,7,0,6.4,7.800000000000001,7.900000000000002,10.0,0,0,26.1,14.6,17.18,26683.0,26062.0,23526.0,23583.333333333332,71.0,64.0
2017-07-27,동편화장실,97.0,37.0,False,False,0,0.0,24.1,17.9,43,26.78,22681.0,23157,133.0,27.0,,,,,,,,,,,,,,,,,,,,,,,,,,,,,,,2017,7,0,0.0,15.2,20.1,20.4,0,2,24.4,28.7,25.2,23325.0,24361.333333333332,21610.0,23038.666666666668,106.0,120.0
2017-07-27,자연산횟집,109.0,10.0,False,False,0,0.0,24.1,17.9,43,26.78,22681.0,23157,133.0,27.0,,,,,,,,,,,,,,,,,,,,,,,,,,,,,,,2017,7,0,0.0,15.2,20.1,20.4,0,2,24.4,28.7,25.2,23325.0,24361.333333333332,21610.0,23038.666666666668,106.0,120.0
2017-07-27,흰색3층건물,98.0,5.0,False,False,0,0.0,24.1,17.9,43,26.78,22681.0,23157,133.0,27.0,,,,,,,,,,,,,,,,,,,,,,,,,,,,,,,2017,7,0,0.0,15.2,20.1,20.4,0,2,24.4,28.7,25.2,23325.0,24361.333333333332,21610.0,23038.666666666668,106.0,120.0
2017-08-02,동편화장실,959.0,273.0,True,True,1,0.0,25.2,18.6,46,23.71,24070.0,22610,110.0,65.0,,,,,,,,,,,,,,,,,,,,,,,,,,,,,,,2017,8,0,0.0,5.0,5.0000000000000036,5.0,0,2,25.6,15.5,21.29,22966.0,23711.333333333332,23188.0,22986.0,45.0,40.0
2017-08-02,자연산횟집,41.0,21.0,False,False,0,0.0,25.2,18.6,46,23.71,24070.0,22610,110.0,65.0,,,,,,,,,,,,,,,,,,,,,,,,,,,,,,,2017,8,0,0.0,5.0,5.0000000000000036,5.0,0,2,25.6,15.5,21.29,22966.0,23711.333333333332,23188.0,22986.0,45.0,40.0
2017-08-02,흰색3층건물,134.0,26.0,False,False,0,0.0,25.2,18.6,46,23.71,24070.0,22610,110.0,65.0,,,,,,,,,,,,,,,,,,,,,,,,,,,,,,,2017,8,0,0.0,5.0,5.0000000000000036,5.0,0,2,25.6,15.5,21.29,22966.0,23711.333333333332,23188.0,22986.0,45.0,40.0
2017-08-11,동편화장실,41.0,15.0,False,False,0,2.3,25.7,16.7,21,18.94,23801.0,23133,144.0,38.0,,,,,,,,,,,,,,,,,,,,,,,,,,,,,,,2017,8,0,5.9,30.799999999999997,31.200000000000003,37.1,0,0,26.4,16.6,12.95,22891.0,24273.333333333332,23642.0,24000.0,106.0,111.0
2017-08-11,자연산횟집,243.0,26.0,False,False,0,2.3,25.7,16.7,21,18.94,23801.0,23133,144.0,38.0,,,,,,,,,,,,,,,,,,,,,,,,,,,,,,,2017,8,0,5.9,30.799999999999997,31.200000000000003,37.1,0,0,26.4,16.6,12.95,22891.0,24273.333333333332,23642.0,24000.0,106.0,111.0
2017-08-11,흰색3층건물,197.0,10.0,False,False,0,2.3,25.7,16.7,21,18.94,23801.0,23133,144.0,38.0,,,,,,,,,,,,,,,,,,,,,,,,,,,,,,,2017,8,0,5.9,30.799999999999997,31.200000000000003,37.1,0,0,26.4,16.6,12.95,22891.0,24273.333333333332,23642.0,24000.0,106.0,111.0
2017-08-17,동편화장실,120.0,32.0,False,False,0,6.7,25.0,12.7,59,17.2,26430.0,23391,130.0,70.0,,,,,,,,,,,,,,,,,,,,,,,,,,,,,,,2017,8,0,6.8,16.9,118.7,121.7,1,0,25.1,21.0,15.01,27590.0,28990.0,24329.0,24446.333333333332,60.0,59.0
2017-08-17,자연산횟집,145.0,26.0,False,False,0,6.7,25.0,12.7,59,17.2,26430.0,23391,130.0,70.0,,,,,,,,,,,,,,,,,,,,,,,,,,,,,,,2017,8,0,6.8,16.9,118.7,121.7,1,0,25.1,21.0,15.01,27590.0,28990.0,24329.0,24446.333333333332,60.0,59.0
2017-08-17,흰색3층건물,52.0,26.0,False,False,0,6.7,25.0,12.7,59,17.2,26430.0,23391,130.0,70.0,,,,,,,,,,,,,,,,,,,,,,,,,,,,,,,2017,8,0,6.8,16.9,118.7,121.7,1,0,25.1,21.0,15.01,27590.0,28990.0,24329.0,24446.333333333332,60.0,59.0
2017-08-23,동편화장실,86.0,10.0,False,False,0,1.1,27.5,22.7,235,18.05,26814.0,25117,138.0,14.0,,,,,,,,,,,,,,,,,,,,,,,,,,,,,,,2017,8,0,12.7,23.4,28.599999999999998,31.999999999999996,0,0,25.9,22.0,15.16,27176.0,27032.666666666668,26464.0,24784.666666666668,124.0,128.0
2017-08-23,자연산횟집,73.0,16.0,False,False,0,1.1,27.5,22.7,235,18.05,26814.0,25117,138.0,14.0,,,,,,,,,,,,,,,,,,,,,,,,,,,,,,,2017,8,0,12.7,23.4,28.599999999999998,31.999999999999996,0,0,25.9,22.0,15.16,27176.0,27032.666666666668,26464.0,24784.666666666668,124.0,128.0
2017-08-23,흰색3층건물,97.0,21.0,False,False,0,1.1,27.5,22.7,235,18.05,26814.0,25117,138.0,14.0,,,,,,,,,,,,,,,,,,,,,,,,,,,,,,,2017,8,0,12.7,23.4,28.599999999999998,31.999999999999996,0,0,25.9,22.0,15.16,27176.0,27032.666666666668,26464.0,24784.666666666668,124.0,128.0
2017-09-20,동편화장실,62.0,21.0,False,False,0,0.0,21.9,16.6,276,12.42,25867.0,22338,149.0,24.0,,,,,,,,,,,,,,,,,,,,,,,,,,,,,,,2017,9,0,0.1,0.1,8.0,8.4,0,1,22.0,19.8,18.1,26426.0,27525.666666666668,23050.0,23865.666666666668,125.0,118.0
2017-09-20,자연산횟집,31.0,10.0,False,False,0,0.0,21.9,16.6,276,12.42,25867.0,22338,149.0,24.0,,,,,,,,,,,,,,,,,,,,,,,,,,,,,,,2017,9,0,0.1,0.1,8.0,8.4,0,1,22.0,19.8,18.1,26426.0,27525.666666666668,23050.0,23865.666666666668,125.0,118.0
2017-09-20,흰색3층건물,41.0,15.0,False,False,0,0.0,21.9,16.6,276,12.42,25867.0,22338,149.0,24.0,,,,,,,,,,,,,,,,,,,,,,,,,,,,,,,2017,9,0,0.1,0.1,8.0,8.4,0,1,22.0,19.8,18.1,26426.0,27525.666666666668,23050.0,23865.666666666668,125.0,118.0
2018-06-04,고성횟집 앞,1.0,1.0,False,False,0,0.0,21.1,16.5,230,23.5,26335.0,23568,109.0,37.0,,,,,,,,,,,,,,,,,,,,,,,,,,,,,,,2018,6,0,0.0,0.0,0.0,1.7000000000000035,0,5,21.1,15.6,23.17,27813.0,28051.666666666668,23388.0,23471.333333333332,72.0,81.0
2018-06-04,동편 화장실 앞,31.0,36.0,False,False,0,0.0,21.1,16.5,230,23.5,26335.0,23568,109.0,37.0,,,,,,,,,,,,,,,,,,,,,,,,,,,,,,,2018,6,0,0.0,0.0,0.0,1.7000000000000035,0,5,21.1,15.6,23.17,27813.0,28051.666666666668,23388.0,23471.333333333332,72.0,81.0
2018-06-04,자연산횟집 앞,10.0,1.0,False,False,0,0.0,21.1,16.5,230,23.5,26335.0,23568,109.0,37.0,,,,,,,,,,,,,,,,,,,,,,,,,,,,,,,2018,6,0,0.0,0.0,0.0,1.7000000000000035,0,5,21.1,15.6,23.17,27813.0,28051.666666666668,23388.0,23471.333333333332,72.0,81.0
2019-06-17,A,110.0,117.0,False,True,1,1.0,19.6,16.2,216,20.8,26303.0,24484,139.0,33.0,,,21.427573529411767,178.1985294117647,20.64378676470588,32.4802205882353,1.67,9.38860294117647,2.25,10.118382352941175,10.8,223.9558823529412,19.95110294117647,1011.814338235294,,,,,,,,,,,,,,,,,2019,6,0,1.8,13.499999999999986,23.300000000000015,23.3,0,0,18.4,16.3,18.76,26868.0,26841.333333333332,26270.0,25147.0,106.0,107.0
2019-06-17,B,31.0,42.0,False,False,0,1.0,19.6,16.2,216,20.8,26303.0,24484,139.0,33.0,,,21.427573529411767,178.1985294117647,20.64378676470588,32.4802205882353,1.67,9.38860294117647,2.25,10.118382352941175,10.8,223.9558823529412,19.95110294117647,1011.814338235294,,,,,,,,,,,,,,,,,2019,6,0,1.8,13.499999999999986,23.300000000000015,23.3,0,0,18.4,16.3,18.76,26868.0,26841.333333333332,26270.0,25147.0,106.0,107.0
2019-06-17,C,74.0,16.0,False,False,0,1.0,19.6,16.2,216,20.8,26303.0,24484,139.0,33.0,,,21.427573529411767,178.1985294117647,20.64378676470588,32.4802205882353,1.67,9.38860294117647,2.25,10.118382352941175,10.8,223.9558823529412,19.95110294117647,1011.814338235294,,,,,,,,,,,,,,,,,2019,6,0,1.8,13.499999999999986,23.300000000000015,23.3,0,0,18.4,16.3,18.76,26868.0,26841.333333333332,26270.0,25147.0,106.0,107.0
2019-07-04,A,52.0,43.0,False,False,0,0.0,23.1,9.8,240,25.24,31384.0,26018,151.0,29.0,,,37.43356643356643,169.94055944055944,17.644510489510488,31.528776223776223,0.48,6.802097902097902,0.72,7.025524475524476,3.7,214.38111888111888,20.822727272727278,1005.8646853146852,,,,,,,,,,,,,,,,,2019,7,0,0.0,0.0,1.0000000000000284,84.4,0,3,21.7,10.0,16.74,30734.0,29669.0,26945.0,27420.666666666668,122.0,119.0
2019-07-04,B,173.0,1405.0,False,True,1,0.0,23.1,9.8,240,25.24,31384.0,26018,151.0,29.0,,,37.43356643356643,169.94055944055944,17.644510489510488,31.528776223776223,0.48,6.802097902097902,0.72,7.025524475524476,3.7,214.38111888111888,20.822727272727278,1005.8646853146852,,,,,,,,,,,,,,,,,2019,7,0,0.0,0.0,1.0000000000000284,84.4,0,3,21.7,10.0,16.74,30734.0,29669.0,26945.0,27420.666666666668,122.0,119.0
2019-07-04,C,85.0,84.0,False,False,0,0.0,23.1,9.8,240,25.24,31384.0,26018,151.0,29.0,,,37.43356643356643,169.94055944055944,17.644510489510488,31.528776223776223,0.48,6.802097902097902,0.72,7.025524475524476,3.7,214.38111888111888,20.822727272727278,1005.8646853146852,,,,,,,,,,,,,,,,,2019,7,0,0.0,0.0,1.0000000000000284,84.4,0,3,21.7,10.0,16.74,30734.0,29669.0,26945.0,27420.666666666668,122.0,119.0
2019-07-16,A,41.0,153.0,False,True,1,0.1,22.2,14.8,54,24.8,30390.0,23843,130.0,35.0,,,16.880782918149468,167.10320284697508,23.293950177935944,28.89526690391459,0.73,5.136971830985916,1.26,5.247535211267605,5.7,113.36267605633805,22.9637323943662,1011.4823943661972,,,,,,,,,,,,,,,,,2019,7,0,1.6,1.5999999999999859,3.5000000000000284,13.3,0,0,22.0,11.5,22.14,29123.0,28983.666666666668,24730.0,24639.666666666668,95.0,90.0
2019-07-16,B,30.0,127.0,False,True,1,0.1,22.2,14.8,54,24.8,30390.0,23843,130.0,35.0,,,16.880782918149468,167.10320284697508,23.293950177935944,28.89526690391459,0.73,5.136971830985916,1.26,5.247535211267605,5.7,113.36267605633805,22.9637323943662,1011.4823943661972,,,,,,,,,,,,,,,,,2019,7,0,1.6,1.5999999999999859,3.5000000000000284,13.3,0,0,22.0,11.5,22.14,29123.0,28983.666666666668,24730.0,24639.666666666668,95.0,90.0
2019-07-16,C,31.0,94.0,False,False,0,0.1,22.2,14.8,54,24.8,30390.0,23843,130.0,35.0,,,16.880782918149468,167.10320284697508,23.293950177935944,28.89526690391459,0.73,5.136971830985916,1.26,5.247535211267605,5.7,113.36267605633805,22.9637323943662,1011.4823943661972,,,,,,,,,,,,,,,,,2019,7,0,1.6,1.5999999999999859,3.5000000000000284,13.3,0,0,22.0,11.5,22.14,29123.0,28983.666666666668,24730.0,24639.666666666668,95.0,90.0
2019-07-30,A,31.0,81.0,False,False,0,2.5,26.3,25.3,226,20.84,29448.0,25322,128.0,32.0,,,30.25649122807018,129.97543859649122,20.353658536585368,20.029790940766556,0.91,3.388850174216028,1.67,3.3634146341463413,10.5,202.97560975609755,23.542857142857144,1009.1912891986065,,,,,,,,,,,,,,,,,2019,7,0,1.1,4.2,21.100000000000026,22.800000000000026,0,0,26.0,17.9,16.83,29398.0,28737.666666666668,25184.0,26462.666666666668,96.0,78.0
2019-07-30,B,1.0,26.0,False,False,0,2.5,26.3,25.3,226,20.84,29448.0,25322,128.0,32.0,,,30.25649122807018,129.97543859649122,20.353658536585368,20.029790940766556,0.91,3.388850174216028,1.67,3.3634146341463413,10.5,202.97560975609755,23.542857142857144,1009.1912891986065,,,,,,,,,,,,,,,,,2019,7,0,1.1,4.2,21.100000000000026,22.800000000000026,0,0,26.0,17.9,16.83,29398.0,28737.666666666668,25184.0,26462.666666666668,96.0,78.0
2019-07-30,C,1.0,10.0,False,False,0,2.5,26.3,25.3,226,20.84,29448.0,25322,128.0,32.0,,,30.25649122807018,129.97543859649122,20.353658536585368,20.029790940766556,0.91,3.388850174216028,1.67,3.3634146341463413,10.5,202.97560975609755,23.542857142857144,1009.1912891986065,,,,,,,,,,,,,,,,,2019,7,0,1.1,4.2,21.100000000000026,22.800000000000026,0,0,26.0,17.9,16.83,29398.0,28737.666666666668,25184.0,26462.666666666668,96.0,78.0
2019-08-13,A,414.0,141.0,False,True,1,0.0,27.7,22.1,32,24.28,30969.0,25868,141.0,54.0,,,,,,,,,,,,,,,,,,,,,,,,,,,,,,,2019,8,0,0.1,0.2,0.20000000000002843,1.6000000000000283,0,1,27.5,15.5,24.11,30322.0,30049.333333333332,26276.0,26484.0,87.0,71.0
2019-08-13,B,31.0,1.0,False,False,0,0.0,27.7,22.1,32,24.28,30969.0,25868,141.0,54.0,,,,,,,,,,,,,,,,,,,,,,,,,,,,,,,2019,8,0,0.1,0.2,0.20000000000002843,1.6000000000000283,0,1,27.5,15.5,24.11,30322.0,30049.333333333332,26276.0,26484.0,87.0,71.0
2019-08-13,C,31.0,5.0,False,False,0,0.0,27.7,22.1,32,24.28,30969.0,25868,141.0,54.0,,,,,,,,,,,,,,,,,,,,,,,,,,,,,,,2019,8,0,0.1,0.2,0.20000000000002843,1.6000000000000283,0,1,27.5,15.5,24.11,30322.0,30049.333333333332,26276.0,26484.0,87.0,71.0
2019-08-20,A,414.0,141.0,False,True,1,3.0,24.8,25.5,42,18.68,28388.0,25011,128.0,43.0,,,,,,,,,,,,,,,,,,,,,,,,,,,,,,,2019,8,0,2.9,3.1,3.100000000000028,18.100000000000026,1,0,25.3,16.3,16.41,28687.0,28778.0,25418.0,25913.333333333332,85.0,93.0
2019-08-20,B,31.0,1.0,False,False,0,3.0,24.8,25.5,42,18.68,28388.0,25011,128.0,43.0,,,,,,,,,,,,,,,,,,,,,,,,,,,,,,,2019,8,0,2.9,3.1,3.100000000000028,18.100000000000026,1,0,25.3,16.3,16.41,28687.0,28778.0,25418.0,25913.333333333332,85.0,93.0
2019-08-20,C,31.0,5.0,False,False,0,3.0,24.8,25.5,42,18.68,28388.0,25011,128.0,43.0,,,,,,,,,,,,,,,,,,,,,,,,,,,,,,,2019,8,0,2.9,3.1,3.100000000000028,18.100000000000026,1,0,25.3,16.3,16.41,28687.0,28778.0,25418.0,25913.333333333332,85.0,93.0
2019-09-25,A,31.0,10.0,False,False,0,0.0,19.2,17.6,34,16.15,32825.0,26901,126.0,53.0,,,13.403249097472925,150.71480144404333,22.70079422382672,9.433826714801445,1.15,7.16115107913669,2.02,7.140287769784172,8.2,168.84172661870502,20.23812949640288,1021.4388489208632,,,,,,,,,,,,,,,,,2019,9,0,0.0,8.2,181.3,227.3,0,2,18.1,8.6,20.72,30843.0,31096.666666666668,30676.0,33887.333333333336,73.0,56.0
2019-09-25,B,134.0,88.0,False,False,0,0.0,19.2,17.6,34,16.15,32825.0,26901,126.0,53.0,,,13.403249097472925,150.71480144404333,22.70079422382672,9.433826714801445,1.15,7.16115107913669,2.02,7.140287769784172,8.2,168.84172661870502,20.23812949640288,1021.4388489208632,,,,,,,,,,,,,,,,,2019,9,0,0.0,8.2,181.3,227.3,0,2,18.1,8.6,20.72,30843.0,31096.666666666668,30676.0,33887.333333333336,73.0,56.0
2019-09-25,C,122.0,190.0,False,True,1,0.0,19.2,17.6,34,16.15,32825.0,26901,126.0,53.0,,,13.403249097472925,150.71480144404333,22.70079422382672,9.433826714801445,1.15,7.16115107913669,2.02,7.140287769784172,8.2,168.84172661870502,20.23812949640288,1021.4388489208632,,,,,,,,,,,,,,,,,2019,9,0,0.0,8.2,181.3,227.3,0,2,18.1,8.6,20.72,30843.0,31096.666666666668,30676.0,33887.333333333336,73.0,56.0
2020-06-17,A,1.0,5.0,False,False,0,0.0,20.5,9.7,100,16.99,28149.0,24639,120.0,55.0,,,5.593617021276596,239.04255319148936,19.43404255319149,29.151063829787237,,,,,,,,,,,,17.691666666666666,137.16666666666666,19.591666666666665,31.60625,0.4,,0.8,,4.4,226.08333333333331,20.45625,1006.1083333333332,,2020,6,0,0.0,0.0,33.800000000000054,185.7,0,3,21.6,16.6,26.6,27727.0,27780.666666666668,27185.0,27471.333333333332,65.0,54.0
2020-06-17,B,97.0,87.0,False,False,0,0.0,20.5,9.7,100,16.99,28149.0,24639,120.0,55.0,,,5.593617021276596,239.04255319148936,19.43404255319149,29.151063829787237,,,,,,,,,,,,17.691666666666666,137.16666666666666,19.591666666666665,31.60625,0.4,,0.8,,4.4,226.08333333333331,20.45625,1006.1083333333332,,2020,6,0,0.0,0.0,33.800000000000054,185.7,0,3,21.6,16.6,26.6,27727.0,27780.666666666668,27185.0,27471.333333333332,65.0,54.0
2020-06-17,C,41.0,32.0,False,False,0,0.0,20.5,9.7,100,16.99,28149.0,24639,120.0,55.0,,,5.593617021276596,239.04255319148936,19.43404255319149,29.151063829787237,,,,,,,,,,,,17.691666666666666,137.16666666666666,19.591666666666665,31.60625,0.4,,0.8,,4.4,226.08333333333331,20.45625,1006.1083333333332,,2020,6,0,0.0,0.0,33.800000000000054,185.7,0,3,21.6,16.6,26.6,27727.0,27780.666666666668,27185.0,27471.333333333332,65.0,54.0
2020-07-09,A,80.0,81.0,False,False,0,9.4,21.6,15.9,53,21.15,29488.0,26839,128.0,39.0,,,9.55531914893617,231.74468085106383,18.717021276595744,18.112765957446808,,,,,,,,,,,,24.085416666666664,160.52083333333334,17.333333333333332,26.81458333333333,0.7,,1.1,,6.2,56.458333333333336,19.822916666666668,1005.7958333333332,,2020,7,0,0.4,1.1,4.6000000000000565,13.700000000000028,1,0,23.0,8.8,22.01,28926.0,28721.666666666668,26770.0,27370.333333333332,89.0,98.0
2020-07-09,B,100.0,61.0,False,False,0,9.4,21.6,15.9,53,21.15,29488.0,26839,128.0,39.0,,,9.55531914893617,231.74468085106383,18.717021276595744,18.112765957446808,,,,,,,,,,,,24.085416666666664,160.52083333333334,17.333333333333332,26.81458333333333,0.7,,1.1,,6.2,56.458333333333336,19.822916666666668,1005.7958333333332,,2020,7,0,0.4,1.1,4.6000000000000565,13.700000000000028,1,0,23.0,8.8,22.01,28926.0,28721.666666666668,26770.0,27370.333333333332,89.0,98.0
2020-07-09,C,141.0,122.0,False,True,1,9.4,21.6,15.9,53,21.15,29488.0,26839,128.0,39.0,,,9.55531914893617,231.74468085106383,18.717021276595744,18.112765957446808,,,,,,,,,,,,24.085416666666664,160.52083333333334,17.333333333333332,26.81458333333333,0.7,,1.1,,6.2,56.458333333333336,19.822916666666668,1005.7958333333332,,2020,7,0,0.4,1.1,4.6000000000000565,13.700000000000028,1,0,23.0,8.8,22.01,28926.0,28721.666666666668,26770.0,27370.333333333332,89.0,98.0
2020-07-17,A,131.0,99.0,False,False,0,0.0,20.1,14.0,37,27.48,31253.0,27989,121.0,53.0,,,10.333333333333334,218.70833333333331,21.34583333333333,14.829166666666666,,,,,,,,,,,,13.041666666666666,188.9375,22.40833333333333,22.558333333333334,0.7,,1.0,,6.8,144.52083333333334,20.991666666666667,1009.2854166666666,,2020,7,0,0.3,5.300000000000014,9.200000000000044,159.30000000000004,0,1,19.7,14.2,25.19,30608.0,30353.0,29393.0,31047.333333333332,68.0,50.0
2020-07-17,B,109.0,108.0,False,True,1,0.0,20.1,14.0,37,27.48,31253.0,27989,121.0,53.0,,,10.333333333333334,218.70833333333331,21.34583333333333,14.829166666666666,,,,,,,,,,,,13.041666666666666,188.9375,22.40833333333333,22.558333333333334,0.7,,1.0,,6.8,144.52083333333334,20.991666666666667,1009.2854166666666,,2020,7,0,0.3,5.300000000000014,9.200000000000044,159.30000000000004,0,1,19.7,14.2,25.19,30608.0,30353.0,29393.0,31047.333333333332,68.0,50.0
2020-07-17,C,98.0,55.0,False,False,0,0.0,20.1,14.0,37,27.48,31253.0,27989,121.0,53.0,,,10.333333333333334,218.70833333333331,21.34583333333333,14.829166666666666,,,,,,,,,,,,13.041666666666666,188.9375,22.40833333333333,22.558333333333334,0.7,,1.0,,6.8,144.52083333333334,20.991666666666667,1009.2854166666666,,2020,7,0,0.3,5.300000000000014,9.200000000000044,159.30000000000004,0,1,19.7,14.2,25.19,30608.0,30353.0,29393.0,31047.333333333332,68.0,50.0
2020-07-21,A,31.0,11.0,False,False,0,15.2,24.5,13.9,220,20.39,30360.0,27575,144.0,31.0,,,8.010416666666666,171.85416666666666,20.90625,14.866666666666667,,,,,,,,,,,,30.460416666666664,134.625,19.622916666666665,22.19375,1.2,,1.6,,6.9,190.9375,22.4625,1011.075,,2020,7,0,5.8,12.100000000000014,13.800000000000043,14.100000000000028,1,0,24.5,27.9,12.95,31189.0,30114.0,27394.0,26961.333333333332,113.0,105.0
2020-07-21,B,41.0,1.0,False,False,0,15.2,24.5,13.9,220,20.39,30360.0,27575,144.0,31.0,,,8.010416666666666,171.85416666666666,20.90625,14.866666666666667,,,,,,,,,,,,30.460416666666664,134.625,19.622916666666665,22.19375,1.2,,1.6,,6.9,190.9375,22.4625,1011.075,,2020,7,0,5.8,12.100000000000014,13.800000000000043,14.100000000000028,1,0,24.5,27.9,12.95,31189.0,30114.0,27394.0,26961.333333333332,113.0,105.0
2020-07-21,C,74.0,21.0,False,False,0,15.2,24.5,13.9,220,20.39,30360.0,27575,144.0,31.0,,,8.010416666666666,171.85416666666666,20.90625,14.866666666666667,,,,,,,,,,,,30.460416666666664,134.625,19.622916666666665,22.19375,1.2,,1.6,,6.9,190.9375,22.4625,1011.075,,2020,7,0,5.8,12.100000000000014,13.800000000000043,14.100000000000028,1,0,24.5,27.9,12.95,31189.0,30114.0,27394.0,26961.333333333332,113.0,105.0
2020-08-04,A,20.0,1.0,False,False,0,1.1,26.1,22.0,224,19.08,26070.0,28638,131.0,25.0,,,12.4125,184.91666666666663,20.4625,31.766666666666666,,,,,,,,,,,,5.9,179.0,16.9,23.1,0.3,,0.4,,3.9,226.0,22.3,1011.0,,2020,8,0,0.5,1.2000000000000142,3.400000000000043,16.900000000000027,0,0,26.1,26.3,16.65,25721.0,28655.0,29399.0,29449.0,106.0,101.0
2020-08-04,B,41.0,10.0,False,False,0,1.1,26.1,22.0,224,19.08,26070.0,28638,131.0,25.0,,,12.4125,184.91666666666663,20.4625,31.766666666666666,,,,,,,,,,,,5.9,179.0,16.9,23.1,0.3,,0.4,,3.9,226.0,22.3,1011.0,,2020,8,0,0.5,1.2000000000000142,3.400000000000043,16.900000000000027,0,0,26.1,26.3,16.65,25721.0,28655.0,29399.0,29449.0,106.0,101.0
2020-08-04,C,52.0,1.0,False,False,0,1.1,26.1,22.0,224,19.08,26070.0,28638,131.0,25.0,,,12.4125,184.91666666666663,20.4625,31.766666666666666,,,,,,,,,,,,5.9,179.0,16.9,23.1,0.3,,0.4,,3.9,226.0,22.3,1011.0,,2020,8,0,0.5,1.2000000000000142,3.400000000000043,16.900000000000027,0,0,26.1,26.3,16.65,25721.0,28655.0,29399.0,29449.0,106.0,101.0
2020-08-14,A,85.0,1.0,False,False,0,0.2,27.3,24.3,227,20.99,31379.0,29887,102.0,59.0,,,10.795744680851064,224.5531914893617,24.86382978723404,28.19148936170213,,,,,,,,,,,,11.283333333333331,110.52083333333331,14.758333333333333,33.93958333333333,0.9,,1.6,,9.7,204.16666666666663,20.3875,1007.2291666666666,,2020,8,0,0.0,3.000000000000014,15.10000000000005,53.30000000000003,0,0,27.1,22.7,21.88,31699.0,31367.0,32240.0,34749.0,43.0,35.0
2020-08-14,B,41.0,1.0,False,False,0,0.2,27.3,24.3,227,20.99,31379.0,29887,102.0,59.0,,,10.795744680851064,224.5531914893617,24.86382978723404,28.19148936170213,,,,,,,,,,,,11.283333333333331,110.52083333333331,14.758333333333333,33.93958333333333,0.9,,1.6,,9.7,204.16666666666663,20.3875,1007.2291666666666,,2020,8,0,0.0,3.000000000000014,15.10000000000005,53.30000000000003,0,0,27.1,22.7,21.88,31699.0,31367.0,32240.0,34749.0,43.0,35.0
2020-08-14,C,86.0,21.0,False,False,0,0.2,27.3,24.3,227,20.99,31379.0,29887,102.0,59.0,,,10.795744680851064,224.5531914893617,24.86382978723404,28.19148936170213,,,,,,,,,,,,11.283333333333331,110.52083333333331,14.758333333333333,33.93958333333333,0.9,,1.6,,9.7,204.16666666666663,20.3875,1007.2291666666666,,2020,8,0,0.0,3.000000000000014,15.10000000000005,53.30000000000003,0,0,27.1,22.7,21.88,31699.0,31367.0,32240.0,34749.0,43.0,35.0
2020-08-19,A,17329.0,9932.0,True,True,1,0.0,28.1,13.5,227,24.49,31327.0,26948,147.0,20.0,,,16.43191489361702,151.82978723404256,20.4468085106383,31.285106382978725,,,,,,,,,,,,31.03125,155.08333333333334,18.766666666666666,33.8125,0.5,,0.7,,6.3,221.3125,23.329166666666666,1009.7104166666668,,2020,8,0,0.0,0.0,0.0,0.20000000000002843,0,5,27.3,12.3,24.52,30044.0,30267.666666666668,27249.0,28067.666666666668,127.0,108.0
2020-08-19,B,3654.0,172.0,True,True,1,0.0,28.1,13.5,227,24.49,31327.0,26948,147.0,20.0,,,16.43191489361702,151.82978723404256,20.4468085106383,31.285106382978725,,,,,,,,,,,,31.03125,155.08333333333334,18.766666666666666,33.8125,0.5,,0.7,,6.3,221.3125,23.329166666666666,1009.7104166666668,,2020,8,0,0.0,0.0,0.0,0.20000000000002843,0,5,27.3,12.3,24.52,30044.0,30267.666666666668,27249.0,28067.666666666668,127.0,108.0
2020-08-19,C,3076.0,143.0,True,True,1,0.0,28.1,13.5,227,24.49,31327.0,26948,147.0,20.0,,,16.43191489361702,151.82978723404256,20.4468085106383,31.285106382978725,,,,,,,,,,,,31.03125,155.08333333333334,18.766666666666666,33.8125,0.5,,0.7,,6.3,221.3125,23.329166666666666,1009.7104166666668,,2020,8,0,0.0,0.0,0.0,0.20000000000002843,0,5,27.3,12.3,24.52,30044.0,30267.666666666668,27249.0,28067.666666666668,127.0,108.0
2020-08-21,A,134.0,1.0,False,False,0,0.0,25.4,17.1,48,23.79,31264.0,25103,146.0,16.0,,,11.65,173.47826086956522,19.15869565217391,31.495652173913044,,,,,,,,,,,,28.26458333333333,151.64583333333334,19.354166666666668,33.135416666666664,0.7,,1.2,,8.2,61.5625,23.35625,1014.3375,,2020,8,0,0.0,0.0,0.0,0.0,0,7,27.4,12.4,23.62,31961.0,31110.666666666668,27802.0,27333.0,130.0,130.0
2020-08-21,B,481.0,1.0,False,False,0,0.0,25.4,17.1,48,23.79,31264.0,25103,146.0,16.0,,,11.65,173.47826086956522,19.15869565217391,31.495652173913044,,,,,,,,,,,,28.26458333333333,151.64583333333334,19.354166666666668,33.135416666666664,0.7,,1.2,,8.2,61.5625,23.35625,1014.3375,,2020,8,0,0.0,0.0,0.0,0.0,0,7,27.4,12.4,23.62,31961.0,31110.666666666668,27802.0,27333.0,130.0,130.0
2020-08-21,C,809.0,32.0,True,False,1,0.0,25.4,17.1,48,23.79,31264.0,25103,146.0,16.0,,,11.65,173.47826086956522,19.15869565217391,31.495652173913044,,,,,,,,,,,,28.26458333333333,151.64583333333334,19.354166666666668,33.135416666666664,0.7,,1.2,,8.2,61.5625,23.35625,1014.3375,,2020,8,0,0.0,0.0,0.0,0.0,0,7,27.4,12.4,23.62,31961.0,31110.666666666668,27802.0,27333.0,130.0,130.0
2020-09-15,A,132.0,26.0,False,False,0,0.7,21.5,10.1,70,18.94,30969.0,28658,139.0,43.0,,,12.623404255319148,184.25531914893617,23.84255319148936,30.495744680851065,,,,,,,,,,,,21.8375,143.625,22.422916666666666,29.43541666666667,0.9,,1.4,,4.2,173.66666666666666,22.195833333333336,1013.44375,,2020,9,0,0.2,0.7999999999999983,13.100000000000058,21.50000000000003,0,0,20.9,15.2,17.77,31775.0,31573.0,27845.0,27704.666666666668,96.0,71.0
2020-09-15,B,2098.0,1307.0,True,True,1,0.7,21.5,10.1,70,18.94,30969.0,28658,139.0,43.0,,,12.623404255319148,184.25531914893617,23.84255319148936,30.495744680851065,,,,,,,,,,,,21.8375,143.625,22.422916666666666,29.43541666666667,0.9,,1.4,,4.2,173.66666666666666,22.195833333333336,1013.44375,,2020,9,0,0.2,0.7999999999999983,13.100000000000058,21.50000000000003,0,0,20.9,15.2,17.77,31775.0,31573.0,27845.0,27704.666666666668,96.0,71.0
2020-09-15,C,262.0,32.0,False,False,0,0.7,21.5,10.1,70,18.94,30969.0,28658,139.0,43.0,,,12.623404255319148,184.25531914893617,23.84255319148936,30.495744680851065,,,,,,,,,,,,21.8375,143.625,22.422916666666666,29.43541666666667,0.9,,1.4,,4.2,173.66666666666666,22.195833333333336,1013.44375,,2020,9,0,0.2,0.7999999999999983,13.100000000000058,21.50000000000003,0,0,20.9,15.2,17.77,31775.0,31573.0,27845.0,27704.666666666668,96.0,71.0
2021-06-01,공중화장실,3.0,0.0,False,False,0,0.0,19.1,12.3,59,27.34,24416.0,24932,107.0,38.0,,,,,,,,,,,,,,,,,,,,,,,,,,,,,,,2021,6,0,0.0,0.0,0.0,4.700000000000028,0,4,18.1,14.6,24.88,25972.0,26702.333333333332,26459.0,25126.0,69.0,88.0
2021-06-08,동편 화장실,1.0,5.0,False,False,0,0.0,21.5,11.8,54,27.01,26278.0,24032,117.0,26.0,,,,,,,,,,,,,,,,,,,,,,,,,,,,,,,2021,6,0,0.0,0.0,0.0,13.500000000000028,0,4,21.4,16.4,27.57,27476.0,29017.666666666668,24673.0,25202.333333333332,91.0,77.0
2021-06-08,일광비치타운,1.0,1.0,False,False,0,0.0,21.5,11.8,54,27.01,26278.0,24032,117.0,26.0,,,,,,,,,,,,,,,,,,,,,,,,,,,,,,,2021,6,0,0.0,0.0,0.0,13.500000000000028,0,4,21.4,16.4,27.57,27476.0,29017.666666666668,24673.0,25202.333333333332,91.0,77.0
2021-07-15,동편화장실,2613.0,153.0,True,True,1,1.5,26.3,11.2,244,21.48,30869.0,26876,126.0,31.0,,,24.83344947735192,162.81533101045295,18.17247386759582,28.409756097560976,0.4,,0.7,,4.4,122.84722222222224,24.009375,1015.0243055555557,,,,64.15,58.56293706293706,20.99895104895105,30.21748251748252,0.6,,0.8,,5.9,122.5909090909091,24.43006993006993,1015.0604895104894,,2021,7,0,1.7,3.600000000000014,7.30000000000005,8.800000000000033,0,0,26.5,15.2,20.89,32278.0,31776.666666666668,27054.0,28218.333333333332,95.0,97.0
2021-07-15,일광바다자연산횟집,2359.0,54.0,True,False,1,1.5,26.3,11.2,244,21.48,30869.0,26876,126.0,31.0,,,24.83344947735192,162.81533101045295,18.17247386759582,28.409756097560976,0.4,,0.7,,4.4,122.84722222222224,24.009375,1015.0243055555557,,,,64.15,58.56293706293706,20.99895104895105,30.21748251748252,0.6,,0.8,,5.9,122.5909090909091,24.43006993006993,1015.0604895104894,,2021,7,0,1.7,3.600000000000014,7.30000000000005,8.800000000000033,0,0,26.5,15.2,20.89,32278.0,31776.666666666668,27054.0,28218.333333333332,95.0,97.0
2021-07-15,일광비치타운,2755.0,55.0,True,False,1,1.5,26.3,11.2,244,21.48,30869.0,26876,126.0,31.0,,,24.83344947735192,162.81533101045295,18.17247386759582,28.409756097560976,0.4,,0.7,,4.4,122.84722222222224,24.009375,1015.0243055555557,,,,64.15,58.56293706293706,20.99895104895105,30.21748251748252,0.6,,0.8,,5.9,122.5909090909091,24.43006993006993,1015.0604895104894,,2021,7,0,1.7,3.600000000000014,7.30000000000005,8.800000000000033,0,0,26.5,15.2,20.89,32278.0,31776.666666666668,27054.0,28218.333333333332,95.0,97.0
2021-07-22,동편화장실,5172.0,49.0,True,False,1,0.0,25.9,21.6,41,23.41,29722.0,25898,143.0,50.0,,,23.902083333333334,196.54166666666663,26.4625,26.398611111111112,0.9,,1.6,,8.8,46.982638888888886,26.73333333333333,1011.452777777778,,,,57.51631944444445,102.65277777777776,26.335416666666667,22.79895833333333,1.2,,1.8,,9.6,38.82986111111112,26.54201388888889,1011.35625,,2021,7,0,0.0,0.20000000000001422,4.900000000000048,24.800000000000033,0,2,25.9,22.2,22.28,30518.0,30007.0,25844.0,25788.666666666668,93.0,83.0
2021-07-22,일광비치타운,3076.0,78.0,True,False,1,0.0,25.9,21.6,41,23.41,29722.0,25898,143.0,50.0,,,23.902083333333334,196.54166666666663,26.4625,26.398611111111112,0.9,,1.6,,8.8,46.982638888888886,26.73333333333333,1011.452777777778,,,,57.51631944444445,102.65277777777776,26.335416666666667,22.79895833333333,1.2,,1.8,,9.6,38.82986111111112,26.54201388888889,1011.35625,,2021,7,0,0.0,0.20000000000001422,4.900000000000048,24.800000000000033,0,2,25.9,22.2,22.28,30518.0,30007.0,25844.0,25788.666666666668,93.0,83.0
2021-07-22,자연산횟집,4611.0,36.0,True,False,1,0.0,25.9,21.6,41,23.41,29722.0,25898,143.0,50.0,,,23.902083333333334,196.54166666666663,26.4625,26.398611111111112,0.9,,1.6,,8.8,46.982638888888886,26.73333333333333,1011.452777777778,,,,57.51631944444445,102.65277777777776,26.335416666666667,22.79895833333333,1.2,,1.8,,9.6,38.82986111111112,26.54201388888889,1011.35625,,2021,7,0,0.0,0.20000000000001422,4.900000000000048,24.800000000000033,0,2,25.9,22.2,22.28,30518.0,30007.0,25844.0,25788.666666666668,93.0,83.0
2021-07-29,동편화장실,256.0,5.0,False,False,0,0.0,26.1,10.3,93,24.45,25341.0,26067,138.0,55.0,,,16.72951388888889,166.66319444444446,27.386805555555554,27.83125,0.8,,1.2,,3.8,224.875,26.76215277777778,1002.6427083333332,,,,41.20243055555555,73.27777777777777,26.957142857142856,21.34494773519164,1.0,,1.6,,4.0,207.30555555555557,28.094791666666666,1002.7729166666666,,2021,7,0,1.0,1.3000000000000143,1.300000000000048,1.4000000000000319,0,1,25.9,14.5,20.94,26859.0,26668.0,25949.0,26018.0,83.0,92.0
2021-07-29,일광바다횟집,275.0,10.0,False,False,0,0.0,26.1,10.3,93,24.45,25341.0,26067,138.0,55.0,,,16.72951388888889,166.66319444444446,27.386805555555554,27.83125,0.8,,1.2,,3.8,224.875,26.76215277777778,1002.6427083333332,,,,41.20243055555555,73.27777777777777,26.957142857142856,21.34494773519164,1.0,,1.6,,4.0,207.30555555555557,28.094791666666666,1002.7729166666666,,2021,7,0,1.0,1.3000000000000143,1.300000000000048,1.4000000000000319,0,1,25.9,14.5,20.94,26859.0,26668.0,25949.0,26018.0,83.0,92.0
2021-07-29,일광비치타운,657.0,1.0,True,False,1,0.0,26.1,10.3,93,24.45,25341.0,26067,138.0,55.0,,,16.72951388888889,166.66319444444446,27.386805555555554,27.83125,0.8,,1.2,,3.8,224.875,26.76215277777778,1002.6427083333332,,,,41.20243055555555,73.27777777777777,26.957142857142856,21.34494773519164,1.0,,1.6,,4.0,207.30555555555557,28.094791666666666,1002.7729166666666,,2021,7,0,1.0,1.3000000000000143,1.300000000000048,1.4000000000000319,0,1,25.9,14.5,20.94,26859.0,26668.0,25949.0,26018.0,83.0,92.0
2021-08-03,동편화장실,148.0,21.0,False,False,0,0.3,26.6,15.4,211,21.54,26033.0,24988,114.0,79.0,,,16.689198606271777,237.5470383275261,25.18466898954704,28.448432055749127,0.7,,1.0,,8.6,235.16319444444449,26.363541666666663,1007.9288194444443,,,,80.39930555555556,44.989583333333336,27.070383275261324,18.92090592334495,0.9,,1.5,,10.5,238.14930555555557,30.62673611111111,1008.0690972222224,,2021,8,0,6.1,30.100000000000016,33.40000000000005,33.400000000000034,0,0,27.3,13.3,21.29,27740.0,27576.0,25585.0,25867.666666666668,35.0,33.0
2021-08-03,일광바다횟집,52.0,31.0,False,False,0,0.3,26.6,15.4,211,21.54,26033.0,24988,114.0,79.0,,,16.689198606271777,237.5470383275261,25.18466898954704,28.448432055749127,0.7,,1.0,,8.6,235.16319444444449,26.363541666666663,1007.9288194444443,,,,80.39930555555556,44.989583333333336,27.070383275261324,18.92090592334495,0.9,,1.5,,10.5,238.14930555555557,30.62673611111111,1008.0690972222224,,2021,8,0,6.1,30.100000000000016,33.40000000000005,33.400000000000034,0,0,27.3,13.3,21.29,27740.0,27576.0,25585.0,25867.666666666668,35.0,33.0
2021-08-03,일광비치타운,63.0,1.0,False,False,0,0.3,26.6,15.4,211,21.54,26033.0,24988,114.0,79.0,,,16.689198606271777,237.5470383275261,25.18466898954704,28.448432055749127,0.7,,1.0,,8.6,235.16319444444449,26.363541666666663,1007.9288194444443,,,,80.39930555555556,44.989583333333336,27.070383275261324,18.92090592334495,0.9,,1.5,,10.5,238.14930555555557,30.62673611111111,1008.0690972222224,,2021,8,0,6.1,30.100000000000016,33.40000000000005,33.400000000000034,0,0,27.3,13.3,21.29,27740.0,27576.0,25585.0,25867.666666666668,35.0,33.0
2021-08-31,공중화장실,153.0,141.0,False,True,1,10.6,24.0,11.0,61,16.1,29927.0,26558,102.0,70.0,,,19.445833333333333,180.89583333333331,24.945138888888888,26.047916666666666,0.4,,0.6,,8.6,198.3125,24.528819444444444,1014.9138888888888,,,,27.442160278745643,157.20905923344947,24.61149825783972,28.95087108013937,0.4,,0.7,,7.2,127.4006968641115,24.53205574912892,1014.9557491289198,,2021,8,0,0.9,4.100000000000015,5.200000000000029,10.600000000000044,1,0,25.0,7.8,15.81,31686.0,32336.666666666668,27520.0,28256.333333333332,32.0,45.0
2021-08-31,동편화장실,15531.0,677.0,True,True,1,10.6,24.0,11.0,61,16.1,29927.0,26558,102.0,70.0,,,19.445833333333333,180.89583333333331,24.945138888888888,26.047916666666666,0.4,,0.6,,8.6,198.3125,24.528819444444444,1014.9138888888888,,,,27.442160278745643,157.20905923344947,24.61149825783972,28.95087108013937,0.4,,0.7,,7.2,127.4006968641115,24.53205574912892,1014.9557491289198,,2021,8,0,0.9,4.100000000000015,5.200000000000029,10.600000000000044,1,0,25.0,7.8,15.81,31686.0,32336.666666666668,27520.0,28256.333333333332,32.0,45.0
2021-08-31,일광비치타운,808.0,8664.0,True,True,1,10.6,24.0,11.0,61,16.1,29927.0,26558,102.0,70.0,,,19.445833333333333,180.89583333333331,24.945138888888888,26.047916666666666,0.4,,0.6,,8.6,198.3125,24.528819444444444,1014.9138888888888,,,,27.442160278745643,157.20905923344947,24.61149825783972,28.95087108013937,0.4,,0.7,,7.2,127.4006968641115,24.53205574912892,1014.9557491289198,,2021,8,0,0.9,4.100000000000015,5.200000000000029,10.600000000000044,1,0,25.0,7.8,15.81,31686.0,32336.666666666668,27520.0,28256.333333333332,32.0,45.0
2021-09-29,공중화장실,52.0,10.0,False,False,0,10.7,22.6,20.6,229,12.75,30556.0,26156,111.0,83.0,,,15.758741258741258,165.91608391608392,23.97097902097902,,0.8,,1.4,,9.3,242.6818181818182,23.762937062937063,1008.9076923076922,,,,42.71468531468531,106.92657342657344,23.663636363636364,,0.9,,1.6,,8.1,202.993006993007,23.596503496503495,1009.1314685314684,,2021,9,0,4.7,5.800000000000015,5.800000000000029,9.200000000000035,1,0,21.0,20.0,9.19,29734.0,29960.333333333332,24205.0,24703.333333333332,28.0,49.0
2021-09-29,동편화장실,41.0,16.0,False,False,0,10.7,22.6,20.6,229,12.75,30556.0,26156,111.0,83.0,,,15.758741258741258,165.91608391608392,23.97097902097902,,0.8,,1.4,,9.3,242.6818181818182,23.762937062937063,1008.9076923076922,,,,42.71468531468531,106.92657342657344,23.663636363636364,,0.9,,1.6,,8.1,202.993006993007,23.596503496503495,1009.1314685314684,,2021,9,0,4.7,5.800000000000015,5.800000000000029,9.200000000000035,1,0,21.0,20.0,9.19,29734.0,29960.333333333332,24205.0,24703.333333333332,28.0,49.0
2021-09-29,일광비치타운,1.0,5.0,False,False,0,10.7,22.6,20.6,229,12.75,30556.0,26156,111.0,83.0,,,15.758741258741258,165.91608391608392,23.97097902097902,,0.8,,1.4,,9.3,242.6818181818182,23.762937062937063,1008.9076923076922,,,,42.71468531468531,106.92657342657344,23.663636363636364,,0.9,,1.6,,8.1,202.993006993007,23.596503496503495,1009.1314685314684,,2021,9,0,4.7,5.800000000000015,5.800000000000029,9.200000000000035,1,0,21.0,20.0,9.19,29734.0,29960.333333333332,24205.0,24703.333333333332,28.0,49.0
2022-06-13,일광바다횟집,441.0,54.0,False,False,0,0.9,18.1,26.5,46,10.97,23060.0,23844,149.0,32.0,,,10.0,123.0,20.1,,0.8,,1.0,,4.4,34.0,19.3,1013.6,,,,46.17714285714286,105.65357142857142,19.25642857142857,,2.4,,3.6,,12.5,39.786476868327405,19.13345195729537,1010.7060498220642,,2022,6,0,0.0,0.3000000000000142,0.3000000000000284,1.8000000000000427,0,0,18.6,22.7,23.67,22559.0,23148.333333333332,25038.0,24574.0,117.0,101.0
2022-06-13,일광비치타운,183.0,1.0,False,False,0,0.9,18.1,26.5,46,10.97,23060.0,23844,149.0,32.0,,,10.0,123.0,20.1,,0.8,,1.0,,4.4,34.0,19.3,1013.6,,,,46.17714285714286,105.65357142857142,19.25642857142857,,2.4,,3.6,,12.5,39.786476868327405,19.13345195729537,1010.7060498220642,,2022,6,0,0.0,0.3000000000000142,0.3000000000000284,1.8000000000000427,0,0,18.6,22.7,23.67,22559.0,23148.333333333332,25038.0,24574.0,117.0,101.0
2022-07-07,동편화장실,10.0,211.0,False,True,1,0.9,26.6,17.9,203,21.43,24362.0,26722,115.0,52.0,,,15.324734982332156,151.68551236749116,21.25053003533569,,0.5,,0.8,,7.9,210.07773851590105,24.707773851590108,1008.7335689045937,,,,64.12811387900356,49.120996441281136,21.940569395017796,,0.5,,0.9,,7.8,232.60498220640568,24.48434163701068,1009.1836298932384,,2022,7,0,4.9,10.300000000000015,11.000000000000028,11.900000000000043,0,0,25.0,8.4,15.33,24637.0,24415.0,26102.0,25897.0,63.0,66.0
2022-07-07,일광바다횟집,5.0,30.0,False,False,0,0.9,26.6,17.9,203,21.43,24362.0,26722,115.0,52.0,,,15.324734982332156,151.68551236749116,21.25053003533569,,0.5,,0.8,,7.9,210.07773851590105,24.707773851590108,1008.7335689045937,,,,64.12811387900356,49.120996441281136,21.940569395017796,,0.5,,0.9,,7.8,232.60498220640568,24.48434163701068,1009.1836298932384,,2022,7,0,4.9,10.300000000000015,11.000000000000028,11.900000000000043,0,0,25.0,8.4,15.33,24637.0,24415.0,26102.0,25897.0,63.0,66.0
2022-07-07,일광비치타운,1.0,41.0,False,False,0,0.9,26.6,17.9,203,21.43,24362.0,26722,115.0,52.0,,,15.324734982332156,151.68551236749116,21.25053003533569,,0.5,,0.8,,7.9,210.07773851590105,24.707773851590108,1008.7335689045937,,,,64.12811387900356,49.120996441281136,21.940569395017796,,0.5,,0.9,,7.8,232.60498220640568,24.48434163701068,1009.1836298932384,,2022,7,0,4.9,10.300000000000015,11.000000000000028,11.900000000000043,0,0,25.0,8.4,15.33,24637.0,24415.0,26102.0,25897.0,63.0,66.0
2022-07-20,동편화장실,21.0,341.0,False,True,1,1.0,26.0,16.1,212,24.63,29343.0,26970,124.0,51.0,,,12.545323741007191,188.82014388489208,19.51115107913669,,0.8,,1.4,,7.8,225.3525179856115,22.944964028776976,1005.8640287769784,,,,44.07304964539007,67.55319148936171,19.201063829787238,,1.3,,1.9,,7.3,222.1914893617021,22.748936170212765,1006.2170212765958,,2022,7,0,4.2,91.80000000000001,91.80000000000001,92.90000000000003,0,0,24.5,10.5,15.99,28705.0,27153.0,30310.0,29942.0,73.0,89.0
2022-07-20,일광바다횟집,10.0,341.0,False,True,1,1.0,26.0,16.1,212,24.63,29343.0,26970,124.0,51.0,,,12.545323741007191,188.82014388489208,19.51115107913669,,0.8,,1.4,,7.8,225.3525179856115,22.944964028776976,1005.8640287769784,,,,44.07304964539007,67.55319148936171,19.201063829787238,,1.3,,1.9,,7.3,222.1914893617021,22.748936170212765,1006.2170212765958,,2022,7,0,4.2,91.80000000000001,91.80000000000001,92.90000000000003,0,0,24.5,10.5,15.99,28705.0,27153.0,30310.0,29942.0,73.0,89.0
2022-07-20,일광비치타운,21.0,556.0,False,True,1,1.0,26.0,16.1,212,24.63,29343.0,26970,124.0,51.0,,,12.545323741007191,188.82014388489208,19.51115107913669,,0.8,,1.4,,7.8,225.3525179856115,22.944964028776976,1005.8640287769784,,,,44.07304964539007,67.55319148936171,19.201063829787238,,1.3,,1.9,,7.3,222.1914893617021,22.748936170212765,1006.2170212765958,,2022,7,0,4.2,91.80000000000001,91.80000000000001,92.90000000000003,0,0,24.5,10.5,15.99,28705.0,27153.0,30310.0,29942.0,73.0,89.0
2022-07-26,동편화장실,5.0,30.0,False,False,0,0.0,24.1,14.8,60,23.81,29769.0,26416,125.0,51.0,,,20.654416961130742,174.29328621908127,22.66678445229682,,0.3,,0.5,,5.5,91.26501766784452,23.94028268551237,1010.803886925795,,,,32.34784172661871,138.4496402877698,21.842805755395684,,0.5,,1.0,,6.4,47.18637992831541,23.27741935483871,1010.9519713261648,,2022,7,0,2.9,16.900000000000013,18.600000000000012,32.80000000000004,0,1,24.3,12.2,18.46,29225.0,27810.0,26886.0,27721.666666666668,74.0,60.0
2022-07-26,일광바다횟집,10.0,97.0,False,False,0,0.0,24.1,14.8,60,23.81,29769.0,26416,125.0,51.0,,,20.654416961130742,174.29328621908127,22.66678445229682,,0.3,,0.5,,5.5,91.26501766784452,23.94028268551237,1010.803886925795,,,,32.34784172661871,138.4496402877698,21.842805755395684,,0.5,,1.0,,6.4,47.18637992831541,23.27741935483871,1010.9519713261648,,2022,7,0,2.9,16.900000000000013,18.600000000000012,32.80000000000004,0,1,24.3,12.2,18.46,29225.0,27810.0,26886.0,27721.666666666668,74.0,60.0
2022-07-26,일광비치타운,91.0,826.0,False,True,1,0.0,24.1,14.8,60,23.81,29769.0,26416,125.0,51.0,,,20.654416961130742,174.29328621908127,22.66678445229682,,0.3,,0.5,,5.5,91.26501766784452,23.94028268551237,1010.803886925795,,,,32.34784172661871,138.4496402877698,21.842805755395684,,0.5,,1.0,,6.4,47.18637992831541,23.27741935483871,1010.9519713261648,,2022,7,0,2.9,16.900000000000013,18.600000000000012,32.80000000000004,0,1,24.3,12.2,18.46,29225.0,27810.0,26886.0,27721.666666666668,74.0,60.0
2022-08-03,동편화장실,26.0,393.0,False,True,1,2.4,26.9,23.1,236,20.58,29510.0,26788,124.0,35.0,,,18.71387900355872,118.17081850533808,21.174021352313165,,0.9,,1.6,,10.3,214.0,24.663345195729537,1010.776868327402,,,,51.81964285714286,76.4,21.49642857142857,,1.0,,1.4,,8.7,227.95373665480423,24.89252669039146,1011.323487544484,,2022,8,0,13.5,17.900000000000013,25.800000000000015,27.90000000000004,0,0,26.0,27.8,16.29,27714.0,27376.666666666668,25980.0,25407.666666666668,89.0,86.0
2022-08-03,일광바다횟집,16.0,63.0,False,False,0,2.4,26.9,23.1,236,20.58,29510.0,26788,124.0,35.0,,,18.71387900355872,118.17081850533808,21.174021352313165,,0.9,,1.6,,10.3,214.0,24.663345195729537,1010.776868327402,,,,51.81964285714286,76.4,21.49642857142857,,1.0,,1.4,,8.7,227.95373665480423,24.89252669039146,1011.323487544484,,2022,8,0,13.5,17.900000000000013,25.800000000000015,27.90000000000004,0,0,26.0,27.8,16.29,27714.0,27376.666666666668,25980.0,25407.666666666668,89.0,86.0
2022-08-03,일광비치타운,1.0,10.0,False,False,0,2.4,26.9,23.1,236,20.58,29510.0,26788,124.0,35.0,,,18.71387900355872,118.17081850533808,21.174021352313165,,0.9,,1.6,,10.3,214.0,24.663345195729537,1010.776868327402,,,,51.81964285714286,76.4,21.49642857142857,,1.0,,1.4,,8.7,227.95373665480423,24.89252669039146,1011.323487544484,,2022,8,0,13.5,17.900000000000013,25.800000000000015,27.90000000000004,0,0,26.0,27.8,16.29,27714.0,27376.666666666668,25980.0,25407.666666666668,89.0,86.0
2022-08-30,동편화장실,42.0,324.0,False,True,1,7.7,22.2,17.4,28,9.99,24445.0,25522,144.0,26.0,,,15.032857142857145,161.36428571428573,25.754285714285714,,0.7,,1.0,,6.6,227.0928571428572,23.52357142857143,1011.2964285714286,,,,53.19892086330935,81.00719424460432,26.03956834532374,,0.9,,1.6,,8.5,36.44964028776978,23.928057553956837,1011.3575539568346,,2022,8,0,0.0,0.0,0.0,0.10000000000004264,1,0,22.7,16.2,13.68,24278.0,24847.666666666668,26922.0,26173.0,118.0,112.0
2022-08-30,일광바다횟집,55.0,1178.0,False,True,1,7.7,22.2,17.4,28,9.99,24445.0,25522,144.0,26.0,,,15.032857142857145,161.36428571428573,25.754285714285714,,0.7,,1.0,,6.6,227.0928571428572,23.52357142857143,1011.2964285714286,,,,53.19892086330935,81.00719424460432,26.03956834532374,,0.9,,1.6,,8.5,36.44964028776978,23.928057553956837,1011.3575539568346,,2022,8,0,0.0,0.0,0.0,0.10000000000004264,1,0,22.7,16.2,13.68,24278.0,24847.666666666668,26922.0,26173.0,118.0,112.0
2022-08-30,일광비치타운,38.0,452.0,False,True,1,7.7,22.2,17.4,28,9.99,24445.0,25522,144.0,26.0,,,15.032857142857145,161.36428571428573,25.754285714285714,,0.7,,1.0,,6.6,227.0928571428572,23.52357142857143,1011.2964285714286,,,,53.19892086330935,81.00719424460432,26.03956834532374,,0.9,,1.6,,8.5,36.44964028776978,23.928057553956837,1011.3575539568346,,2022,8,0,0.0,0.0,0.0,0.10000000000004264,1,0,22.7,16.2,13.68,24278.0,24847.666666666668,26922.0,26173.0,118.0,112.0
2023-07-04,2,345.0,155.0,False,True,1,16.4,22.7,11.1,129,14.97,27228.0,25694,146.0,31.0,,,48.99893992932862,164.0,19.759010600706716,,0.7,,1.1,,4.0,172.91519434628975,22.58515901060071,1004.0194346289752,,,,67.78833922261484,96.13427561837456,19.83745583038869,,0.9,,1.3,,3.5,169.70318021201413,22.350883392226148,1004.0349823321556,,2023,7,0,0.6,0.6000000000000071,0.9000000000000248,26.60000000000006,1,0,23.3,11.5,13.6,28225.0,28976.333333333332,26373.0,27186.333333333332,115.0,109.0
2025-07-03,북측 화장실 앞,1.0,5.0,False,False,0,0.0,28.1,18.7,232,26.7,24518.0,26854,106.0,55.0,,,4.5,116.0,15.0,,0.3,,0.5,,3.5,232.0,18.8,1011.9,,,,52.39895470383275,44.08362369337979,17.136933797909407,,0.6,,0.9,,9.2,220.31944444444449,22.11841155234657,1010.3947916666668,,2025,7,0,0.0,0.0,0.0,0.0,0,8,28.1,17.5,25.83,25160.0,26093.333333333332,26363.0,26060.666666666668,51.0,66.0
2025-07-03,일광바다 자연산 횟집 앞,10.0,5.0,False,False,0,0.0,28.1,18.7,232,26.7,24518.0,26854,106.0,55.0,,,4.5,116.0,15.0,,0.3,,0.5,,3.5,232.0,18.8,1011.9,,,,52.39895470383275,44.08362369337979,17.136933797909407,,0.6,,0.9,,9.2,220.31944444444449,22.11841155234657,1010.3947916666668,,2025,7,0,0.0,0.0,0.0,0.0,0,8,28.1,17.5,25.83,25160.0,26093.333333333332,26363.0,26060.666666666668,51.0,66.0
2025-07-03,일광비치타운 앞,1.0,1.0,False,False,0,0.0,28.1,18.7,232,26.7,24518.0,26854,106.0,55.0,,,4.5,116.0,15.0,,0.3,,0.5,,3.5,232.0,18.8,1011.9,,,,52.39895470383275,44.08362369337979,17.136933797909407,,0.6,,0.9,,9.2,220.31944444444449,22.11841155234657,1010.3947916666668,,2025,7,0,0.0,0.0,0.0,0.0,0,8,28.1,17.5,25.83,25160.0,26093.333333333332,26363.0,26060.666666666668,51.0,66.0
2025-07-17,북측 화장실 앞,41.0,66.0,False,False,0,16.2,24.9,19.7,209,10.16,27514.0,28023,138.0,52.0,,,15.332638888888887,111.50347222222224,22.159375,,1.1,,1.9,,9.2,204.77083333333331,24.80902777777778,1007.4538194444444,,,,43.114285714285714,74.4808362369338,21.56550522648084,,1.1,,1.7,,9.7,189.44791666666663,25.30981595092025,1007.4166666666666,,2025,7,0,3.0,5.6,57.20000000000006,82.70000000000006,1,0,24.2,20.3,10.98,26280.0,26889.0,27837.0,31227.666666666668,86.0,96.0
2025-07-17,일광바다 자연산 횟집 앞,110.0,54.0,False,False,0,16.2,24.9,19.7,209,10.16,27514.0,28023,138.0,52.0,,,15.332638888888887,111.50347222222224,22.159375,,1.1,,1.9,,9.2,204.77083333333331,24.80902777777778,1007.4538194444444,,,,43.114285714285714,74.4808362369338,21.56550522648084,,1.1,,1.7,,9.7,189.44791666666663,25.30981595092025,1007.4166666666666,,2025,7,0,3.0,5.6,57.20000000000006,82.70000000000006,1,0,24.2,20.3,10.98,26280.0,26889.0,27837.0,31227.666666666668,86.0,96.0
2025-07-17,일광비치타운 앞,52.0,26.0,False,False,0,16.2,24.9,19.7,209,10.16,27514.0,28023,138.0,52.0,,,15.332638888888887,111.50347222222224,22.159375,,1.1,,1.9,,9.2,204.77083333333331,24.80902777777778,1007.4538194444444,,,,43.114285714285714,74.4808362369338,21.56550522648084,,1.1,,1.7,,9.7,189.44791666666663,25.30981595092025,1007.4166666666666,,2025,7,0,3.0,5.6,57.20000000000006,82.70000000000006,1,0,24.2,20.3,10.98,26280.0,26889.0,27837.0,31227.666666666668,86.0,96.0
2025-07-22,북측 화장실 앞,41.0,66.0,False,False,0,0.3,27.2,11.6,237,24.69,27550.0,26970,125.0,46.0,,,22.59616724738676,168.63066202090593,19.27526132404181,,0.6,,0.9,,7.8,210.91666666666663,24.63611111111111,1014.5104166666666,,,,66.49895833333333,45.84027777777778,22.04513888888889,,0.7,,1.1,,7.4,218.89583333333331,26.719158878504672,1014.6368055555556,,2025,7,0,1.4,1.4,24.800000000000054,62.80000000000006,0,0,26.5,17.5,23.05,27812.0,27887.0,29319.0,31744.333333333332,79.0,63.0
2025-07-22,일광바다 자연산 횟집 앞,85.0,21.0,False,False,0,0.3,27.2,11.6,237,24.69,27550.0,26970,125.0,46.0,,,22.59616724738676,168.63066202090593,19.27526132404181,,0.6,,0.9,,7.8,210.91666666666663,24.63611111111111,1014.5104166666666,,,,66.49895833333333,45.84027777777778,22.04513888888889,,0.7,,1.1,,7.4,218.89583333333331,26.719158878504672,1014.6368055555556,,2025,7,0,1.4,1.4,24.800000000000054,62.80000000000006,0,0,26.5,17.5,23.05,27812.0,27887.0,29319.0,31744.333333333332,79.0,63.0
2025-07-22,일광비치타운 앞,52.0,26.0,False,False,0,0.3,27.2,11.6,237,24.69,27550.0,26970,125.0,46.0,,,22.59616724738676,168.63066202090593,19.27526132404181,,0.6,,0.9,,7.8,210.91666666666663,24.63611111111111,1014.5104166666666,,,,66.49895833333333,45.84027777777778,22.04513888888889,,0.7,,1.1,,7.4,218.89583333333331,26.719158878504672,1014.6368055555556,,2025,7,0,1.4,1.4,24.800000000000054,62.80000000000006,0,0,26.5,17.5,23.05,27812.0,27887.0,29319.0,31744.333333333332,79.0,63.0
2025-07-31,동편 화장실,134.0,5.0,False,False,0,0.0,27.1,14.4,52,26.65,25063.0,24166,127.0,58.0,,,14.844497607655502,159.60765550239233,21.367942583732056,,0.8,,1.0,,5.2,162.31578947368422,26.684688995215318,1003.9401913875598,,,,67.88541666666667,33.40972222222222,26.34652777777778,,1.0,,1.7,,5.7,85.90277777777777,27.444097222222226,1003.8072916666666,,2025,7,0,0.0,0.0,0.0,0.0,0,6,27.0,13.7,26.56,25443.0,25767.0,24925.0,24622.0,69.0,85.0
2025-07-31,일광바다 자연산 횟집,156.0,15.0,False,False,0,0.0,27.1,14.4,52,26.65,25063.0,24166,127.0,58.0,,,14.844497607655502,159.60765550239233,21.367942583732056,,0.8,,1.0,,5.2,162.31578947368422,26.684688995215318,1003.9401913875598,,,,67.88541666666667,33.40972222222222,26.34652777777778,,1.0,,1.7,,5.7,85.90277777777777,27.444097222222226,1003.8072916666666,,2025,7,0,0.0,0.0,0.0,0.0,0,6,27.0,13.7,26.56,25443.0,25767.0,24925.0,24622.0,69.0,85.0
2025-07-31,일광비치타운,121.0,1.0,False,False,0,0.0,27.1,14.4,52,26.65,25063.0,24166,127.0,58.0,,,14.844497607655502,159.60765550239233,21.367942583732056,,0.8,,1.0,,5.2,162.31578947368422,26.684688995215318,1003.9401913875598,,,,67.88541666666667,33.40972222222222,26.34652777777778,,1.0,,1.7,,5.7,85.90277777777777,27.444097222222226,1003.8072916666666,,2025,7,0,0.0,0.0,0.0,0.0,0,6,27.0,13.7,26.56,25443.0,25767.0,24925.0,24622.0,69.0,85.0
2025-08-13,북측 화장실 앞,30.0,21.0,False,False,0,0.9,26.3,20.7,225,21.98,26264.0,30429,131.0,23.0,,,22.7993031358885,131.25783972125436,21.213937282229963,,0.9,,1.3,,8.2,213.45644599303137,24.646689895470384,1014.6432055749128,,,,41.99860627177701,92.82578397212544,20.55331010452962,,1.2,,1.6,,8.4,224.52961672473867,24.72543554006969,1014.8606271777004,,2025,8,0,45.3,82.69999999999999,148.30000000000004,185.60000000000005,0,0,22.0,15.7,3.03,27035.0,26620.333333333332,32362.0,30039.666666666668,108.0,115.0
2025-08-13,일광 바다 자연산 횟집 앞,10.0,16.0,False,False,0,0.9,26.3,20.7,225,21.98,26264.0,30429,131.0,23.0,,,22.7993031358885,131.25783972125436,21.213937282229963,,0.9,,1.3,,8.2,213.45644599303137,24.646689895470384,1014.6432055749128,,,,41.99860627177701,92.82578397212544,20.55331010452962,,1.2,,1.6,,8.4,224.52961672473867,24.72543554006969,1014.8606271777004,,2025,8,0,45.3,82.69999999999999,148.30000000000004,185.60000000000005,0,0,22.0,15.7,3.03,27035.0,26620.333333333332,32362.0,30039.666666666668,108.0,115.0
2025-08-13,일광비치타운 앞,1.0,1.0,False,False,0,0.9,26.3,20.7,225,21.98,26264.0,30429,131.0,23.0,,,22.7993031358885,131.25783972125436,21.213937282229963,,0.9,,1.3,,8.2,213.45644599303137,24.646689895470384,1014.6432055749128,,,,41.99860627177701,92.82578397212544,20.55331010452962,,1.2,,1.6,,8.4,224.52961672473867,24.72543554006969,1014.8606271777004,,2025,8,0,45.3,82.69999999999999,148.30000000000004,185.60000000000005,0,0,22.0,15.7,3.03,27035.0,26620.333333333332,32362.0,30039.666666666668,108.0,115.0
2025-08-26,동편 화장실,132.0,26.0,False,False,0,1.4,27.8,22.9,227,19.51,23759.0,25249,125.0,14.0,,,38.41637630662021,139.29268292682926,12.889895470383276,,0.8,,1.4,,10.6,204.78048780487805,20.127177700348437,1009.6,,,,45.7375,120.77777777777776,16.544791666666665,,0.8,,1.3,,10.1,221.75694444444449,23.08125,1010.0006944444444,,2025,8,0,0.3,1.0000000000000002,1.1000000000000578,1.4000000000000576,0,0,28.1,18.8,22.43,24903.0,23543.666666666668,24933.0,25409.0,111.0,114.0
2025-08-26,일광바다 자연산횟집,315.0,55.0,False,False,0,1.4,27.8,22.9,227,19.51,23759.0,25249,125.0,14.0,,,38.41637630662021,139.29268292682926,12.889895470383276,,0.8,,1.4,,10.6,204.78048780487805,20.127177700348437,1009.6,,,,45.7375,120.77777777777776,16.544791666666665,,0.8,,1.3,,10.1,221.75694444444449,23.08125,1010.0006944444444,,2025,8,0,0.3,1.0000000000000002,1.1000000000000578,1.4000000000000576,0,0,28.1,18.8,22.43,24903.0,23543.666666666668,24933.0,25409.0,111.0,114.0
2025-08-26,일광비치타운,52.0,10.0,False,False,0,1.4,27.8,22.9,227,19.51,23759.0,25249,125.0,14.0,,,38.41637630662021,139.29268292682926,12.889895470383276,,0.8,,1.4,,10.6,204.78048780487805,20.127177700348437,1009.6,,,,45.7375,120.77777777777776,16.544791666666665,,0.8,,1.3,,10.1,221.75694444444449,23.08125,1010.0006944444444,,2025,8,0,0.3,1.0000000000000002,1.1000000000000578,1.4000000000000576,0,0,28.1,18.8,22.43,24903.0,23543.666666666668,24933.0,25409.0,111.0,114.0
2025-09-25,동편 화장실,1.0,53.0,False,False,0,11.6,23.5,10.3,247,3.88,18226.0,24406,122.0,26.0,,,7.648263888888888,173.90972222222223,24.919791666666665,,0.9,,1.4,,5.2,206.55555555555557,25.51875,1017.1579861111112,,,,33.61498257839721,87.72822299651568,24.46898954703833,,1.1,,1.5,,5.2,208.31358885017423,25.049477351916376,1017.2543554006968,,2025,9,0,1.3,1.3,2.100000000000064,10.000000000000057,1,0,23.8,17.6,12.23,19603.0,19282.666666666668,24130.0,24278.666666666668,96.0,101.0
2025-09-25,일광바다 자연산횟집,30.0,10.0,False,False,0,11.6,23.5,10.3,247,3.88,18226.0,24406,122.0,26.0,,,7.648263888888888,173.90972222222223,24.919791666666665,,0.9,,1.4,,5.2,206.55555555555557,25.51875,1017.1579861111112,,,,33.61498257839721,87.72822299651568,24.46898954703833,,1.1,,1.5,,5.2,208.31358885017423,25.049477351916376,1017.2543554006968,,2025,9,0,1.3,1.3,2.100000000000064,10.000000000000057,1,0,23.8,17.6,12.23,19603.0,19282.666666666668,24130.0,24278.666666666668,96.0,101.0
2025-09-25,일광비치타운,1.0,10.0,False,False,0,11.6,23.5,10.3,247,3.88,18226.0,24406,122.0,26.0,,,7.648263888888888,173.90972222222223,24.919791666666665,,0.9,,1.4,,5.2,206.55555555555557,25.51875,1017.1579861111112,,,,33.61498257839721,87.72822299651568,24.46898954703833,,1.1,,1.5,,5.2,208.31358885017423,25.049477351916376,1017.2543554006968,,2025,9,0,1.3,1.3,2.100000000000064,10.000000000000057,1,0,23.8,17.6,12.23,19603.0,19282.666666666668,24130.0,24278.666666666668,96.0,101.0
