date,distance_from_estuary_km,ecoli_max,enterococcus_max,ecoli_exceed,enterococcus_exceed,any_exceed,precip_daily,temp_daily,wind_max,gijang_discharge_m3_day,year,discharge_95th_thresh,precip_1d_lag,precip_2d_sum_lag,precip_3d_sum_lag,precip_5d_sum_lag,temp_1d_lag,wind_max_1d_lag,gijang_discharge_1d_lag,gijang_thresh_1d_lag,CSO_Flag_Rain,Dual_CSO_Flag,month,is_weekend,avg_water_temp,avg_water_temp_1d_lag,tide_range,tide_range_1d_lag,wind_sin,wind_cos,wind_sin_1d_lag,wind_cos_1d_lag,dry_days_count
2014-05-13,0.0,4.0,13.0,False,False,False,0.0,19.2125,20.1,,,,52.0,52.9,52.9,56.2,18.683333333333334,34.6,,,1,0,5,0,14.4,,108.0,90.0,-0.9698720152847466,0.243615011786023,-0.9809551553491916,-0.1942343512199715,1
2014-05-13,0.5,10.0,6.0,False,False,False,0.0,19.2125,20.1,,,,52.0,52.9,52.9,56.2,18.683333333333334,34.6,,,1,0,5,0,14.4,,108.0,90.0,-0.9698720152847466,0.243615011786023,-0.9809551553491916,-0.1942343512199715,1
2014-05-13,1.0,6.0,24.0,False,False,False,0.0,19.2125,20.1,,,,52.0,52.9,52.9,56.2,18.683333333333334,34.6,,,1,0,5,0,14.4,,108.0,90.0,-0.9698720152847466,0.243615011786023,-0.9809551553491916,-0.1942343512199715,1
2014-07-01,0.0,244.0,85.0,False,False,False,0.2,23.90833333333333,13.8,,,,0.5,0.7,1.0,1.0,23.133333333333336,12.9,,,0,0,7,0,17.8,17.9,93.0,99.0,-0.5562956155003048,-0.8309844692743282,-0.5135412520581701,-0.8580649057236445,0
2014-07-01,0.5,107.0,45.0,False,False,False,0.2,23.90833333333333,13.8,,,,0.5,0.7,1.0,1.0,23.133333333333336,12.9,,,0,0,7,0,17.8,17.9,93.0,99.0,-0.5562956155003048,-0.8309844692743282,-0.5135412520581701,-0.8580649057236445,0
2014-07-01,1.0,5.0,15.0,False,False,False,0.2,23.90833333333333,13.8,,,,0.5,0.7,1.0,1.0,23.133333333333336,12.9,,,0,0,7,0,17.8,17.9,93.0,99.0,-0.5562956155003048,-0.8309844692743282,-0.5135412520581701,-0.8580649057236445,0
2014-07-15,0.0,112.0,5.0,False,False,False,2.8,23.40416666666667,12.1,,,,0.0,31.7,31.7,33.9,24.78333333333333,17.5,,,1,0,7,0,16.3,18.4,132.0,129.0,-0.3370952584230819,-0.941470544812038,0.3826834323650899,-0.9238795325112868,0
2014-07-15,0.5,107.0,5.0,False,False,False,2.8,23.40416666666667,12.1,,,,0.0,31.7,31.7,33.9,24.78333333333333,17.5,,,1,0,7,0,16.3,18.4,132.0,129.0,-0.3370952584230819,-0.941470544812038,0.3826834323650899,-0.9238795325112868,0
2014-07-15,1.0,5.0,5.0,False,False,False,2.8,23.40416666666667,12.1,,,,0.0,31.7,31.7,33.9,24.78333333333333,17.5,,,1,0,7,0,16.3,18.4,132.0,129.0,-0.3370952584230819,-0.941470544812038,0.3826834323650899,-0.9238795325112868,0
2014-07-22,0.0,1.0,26.0,False,False,False,0.0,25.34166666666667,21.8,,,,0.0,1.0,11.1,34.5,25.141666666666666,14.7,,,0,0,7,0,16.9,18.4,59.0,46.0,-0.9414705448120378,-0.3370952584230822,-0.0488497697956132,-0.998806137341434,2
2014-07-22,0.5,41.0,1.0,False,False,False,0.0,25.34166666666667,21.8,,,,0.0,1.0,11.1,34.5,25.141666666666666,14.7,,,0,0,7,0,16.9,18.4,59.0,46.0,-0.9414705448120378,-0.3370952584230822,-0.0488497697956132,-0.998806137341434,2
2014-07-22,1.0,1.0,1.0,False,False,False,0.0,25.34166666666667,21.8,,,,0.0,1.0,11.1,34.5,25.141666666666666,14.7,,,0,0,7,0,16.9,18.4,59.0,46.0,-0.9414705448120378,-0.3370952584230822,-0.0488497697956132,-0.998806137341434,2
2014-07-29,0.0,20.0,1.0,False,False,False,0.7000000000000001,25.09583333333333,12.3,,,,0.2,0.2,1.8,3.7,23.34583333333333,10.6,,,0,0,7,0,22.0,20.0,105.0,106.0,-0.0975828997591494,-0.9952273999818312,0.9040825496607784,-0.4273578633871924,0
2014-07-29,0.5,130.0,1.0,False,False,False,0.7000000000000001,25.09583333333333,12.3,,,,0.2,0.2,1.8,3.7,23.34583333333333,10.6,,,0,0,7,0,22.0,20.0,105.0,106.0,-0.0975828997591494,-0.9952273999818312,0.9040825496607784,-0.4273578633871924,0
2014-07-29,1.0,120.0,5.0,False,False,False,0.7000000000000001,25.09583333333333,12.3,,,,0.2,0.2,1.8,3.7,23.34583333333333,10.6,,,0,0,7,0,22.0,20.0,105.0,106.0,-0.0975828997591494,-0.9952273999818312,0.9040825496607784,-0.4273578633871924,0
2014-08-12,0.0,42.0,10.0,False,False,False,0.0,24.945833333333336,14.3,,,,1.6,4.399999999999986,5.300000000000001,10.2,24.21666666666667,13.6,,,0,0,8,0,,,137.0,149.0,-0.2436150117860221,-0.9698720152847468,-0.47101188121941,-0.8821268660176678,1
2014-08-12,0.5,49.0,1.0,False,False,False,0.0,24.945833333333336,14.3,,,,1.6,4.399999999999986,5.300000000000001,10.2,24.21666666666667,13.6,,,0,0,8,0,,,137.0,149.0,-0.2436150117860221,-0.9698720152847468,-0.47101188121941,-0.8821268660176678,1
2014-08-12,1.0,470.0,42.0,False,False,False,0.0,24.945833333333336,14.3,,,,1.6,4.399999999999986,5.300000000000001,10.2,24.21666666666667,13.6,,,0,0,8,0,,,137.0,149.0,-0.2436150117860221,-0.9698720152847468,-0.47101188121941,-0.8821268660176678,1
2014-09-21,0.0,140.0,42.0,False,False,False,0.0,21.2875,12.6,,,,0.0,0.0,0.6000000000000036,2.8,21.154166666666665,17.0,,,0,0,9,1,23.8,23.3,78.0,65.0,0.8821268660176678,0.4710118812194099,0.9698720152847468,0.2436150117860223,3
2014-09-21,0.5,260.0,32.0,False,False,False,0.0,21.2875,12.6,,,,0.0,0.0,0.6000000000000036,2.8,21.154166666666665,17.0,,,0,0,9,1,23.8,23.3,78.0,65.0,0.8821268660176678,0.4710118812194099,0.9698720152847468,0.2436150117860223,3
2014-09-21,1.0,320.0,73.0,False,False,False,0.0,21.2875,12.6,,,,0.0,0.0,0.6000000000000036,2.8,21.154166666666665,17.0,,,0,0,9,1,23.8,23.3,78.0,65.0,0.8821268660176678,0.4710118812194099,0.9698720152847468,0.2436150117860223,3
2015-05-06,0.0,10.0,5.0,False,False,False,0.0,15.133333333333333,11.3,,,,0.0,0.0999999999999858,27.2,27.2,15.1375,18.2,,,1,0,5,0,13.5,13.4,118.0,113.0,-0.3826834323650896,-0.9238795325112868,-0.2907021935982526,-0.9568135840576072,2
2015-05-06,0.5,10.0,5.0,False,False,False,0.0,15.133333333333333,11.3,,,,0.0,0.0999999999999858,27.2,27.2,15.1375,18.2,,,1,0,5,0,13.5,13.4,118.0,113.0,-0.3826834323650896,-0.9238795325112868,-0.2907021935982526,-0.9568135840576072,2
2015-05-06,1.0,10.0,5.0,False,False,False,0.0,15.133333333333333,11.3,,,,0.0,0.0999999999999858,27.2,27.2,15.1375,18.2,,,1,0,5,0,13.5,13.4,118.0,113.0,-0.3826834323650896,-0.9238795325112868,-0.2907021935982526,-0.9568135840576072,2
2015-07-02,0.0,52.0,37.0,False,False,False,0.0,21.75,16.3,,,,2.4000000000000004,42.09999999999999,42.1,42.29999999999999,22.070833333333336,20.4,,,1,0,7,0,19.3,19.9,115.0,102.0,-0.9238795325112866,0.38268343236509,-0.6717205893229901,-0.7408045962867502,1
2015-07-02,0.5,480.0,93.0,False,False,False,0.0,21.75,16.3,,,,2.4000000000000004,42.09999999999999,42.1,42.29999999999999,22.070833333333336,20.4,,,1,0,7,0,19.3,19.9,115.0,102.0,-0.9238795325112866,0.38268343236509,-0.6717205893229901,-0.7408045962867502,1
2015-07-02,1.0,200.0,1.0,False,False,False,0.0,21.75,16.3,,,,2.4000000000000004,42.09999999999999,42.1,42.29999999999999,22.070833333333336,20.4,,,1,0,7,0,19.3,19.9,115.0,102.0,-0.9238795325112866,0.38268343236509,-0.6717205893229901,-0.7408045962867502,1
2015-07-16,0.0,540.0,160.0,True,True,True,0.0,21.429166666666664,33.2,,,,0.0,0.0,5.1,82.6,23.945833333333336,23.8,,,0,0,7,0,19.5,17.6,105.0,97.0,0.2436150117860225,0.9698720152847468,0.1460830285624116,0.9892723329629884,3
2015-07-16,0.5,530.0,200.0,True,True,True,0.0,21.429166666666664,33.2,,,,0.0,0.0,5.1,82.6,23.945833333333336,23.8,,,0,0,7,0,19.5,17.6,105.0,97.0,0.2436150117860225,0.9698720152847468,0.1460830285624116,0.9892723329629884,3
2015-07-16,1.0,470.0,170.0,False,True,True,0.0,21.429166666666664,33.2,,,,0.0,0.0,5.1,82.6,23.945833333333336,23.8,,,0,0,7,0,19.5,17.6,105.0,97.0,0.2436150117860225,0.9698720152847468,0.1460830285624116,0.9892723329629884,3
2015-07-28,0.0,10.0,10.0,False,False,False,0.8,27.59583333333333,14.3,,,,0.2,0.2,0.2,12.6,26.975,19.1,,,0,0,7,0,20.2,20.6,67.0,52.0,-0.1460830285624117,-0.9892723329629884,-0.3826834323650896,-0.9238795325112868,0
2015-07-28,0.5,30.0,1.0,False,False,False,0.8,27.59583333333333,14.3,,,,0.2,0.2,0.2,12.6,26.975,19.1,,,0,0,7,0,20.2,20.6,67.0,52.0,-0.1460830285624117,-0.9892723329629884,-0.3826834323650896,-0.9238795325112868,0
2015-07-28,1.0,30.0,1.0,False,False,False,0.8,27.59583333333333,14.3,,,,0.2,0.2,0.2,12.6,26.975,19.1,,,0,0,7,0,20.2,20.6,67.0,52.0,-0.1460830285624117,-0.9892723329629884,-0.3826834323650896,-0.9238795325112868,0
2015-08-04,0.0,120.0,1.0,False,False,False,0.0,26.9125,18.6,,,,0.0,0.0,0.0,0.0,26.84583333333333,19.5,,,0,0,8,0,16.5,17.1,117.0,131.0,-0.5962248749656155,-0.8028174751911148,-0.5962248749656155,-0.8028174751911148,6
2015-08-04,0.5,190.0,10.0,False,False,False,0.0,26.9125,18.6,,,,0.0,0.0,0.0,0.0,26.84583333333333,19.5,,,0,0,8,0,16.5,17.1,117.0,131.0,-0.5962248749656155,-0.8028174751911148,-0.5962248749656155,-0.8028174751911148,6
2015-08-04,1.0,670.0,230.0,True,True,True,0.0,26.9125,18.6,,,,0.0,0.0,0.0,0.0,26.84583333333333,19.5,,,0,0,8,0,16.5,17.1,117.0,131.0,-0.5962248749656155,-0.8028174751911148,-0.5962248749656155,-0.8028174751911148,6
2015-08-11,0.0,1200.0,5.0,True,False,True,1.7999999999999998,27.625,14.1,,,,0.0,0.0,0.0,0.0,28.679166666666664,14.0,,,0,0,8,0,24.4,24.9,74.0,61.0,-0.0975828997591498,0.9952273999818312,-0.0488497697956132,-0.998806137341434,0
2015-08-11,0.5,1800.0,16.0,True,False,True,1.7999999999999998,27.625,14.1,,,,0.0,0.0,0.0,0.0,28.679166666666664,14.0,,,0,0,8,0,24.4,24.9,74.0,61.0,-0.0975828997591498,0.9952273999818312,-0.0488497697956132,-0.998806137341434,0
2015-08-11,1.0,1300.0,5.0,True,False,True,1.7999999999999998,27.625,14.1,,,,0.0,0.0,0.0,0.0,28.679166666666664,14.0,,,0,0,8,0,24.4,24.9,74.0,61.0,-0.0975828997591498,0.9952273999818312,-0.0488497697956132,-0.998806137341434,0
2015-08-18,0.0,690.0,21.0,True,False,True,0.0,24.9125,17.7,,,,17.7,22.9,22.9,23.4,25.104166666666668,14.6,,,1,0,8,0,25.3,24.8,101.0,107.0,0.8580649057236446,0.5135412520581701,0.47101188121941,0.8821268660176678,1
2015-08-18,0.5,52.0,1.0,False,False,False,0.0,24.9125,17.7,,,,17.7,22.9,22.9,23.4,25.104166666666668,14.6,,,1,0,8,0,25.3,24.8,101.0,107.0,0.8580649057236446,0.5135412520581701,0.47101188121941,0.8821268660176678,1
2015-08-18,1.0,52.0,1.0,False,False,False,0.0,24.9125,17.7,,,,17.7,22.9,22.9,23.4,25.104166666666668,14.6,,,1,0,8,0,25.3,24.8,101.0,107.0,0.8580649057236446,0.5135412520581701,0.47101188121941,0.8821268660176678,1
2015-09-21,0.0,230.0,31.0,False,False,False,0.0,21.225,15.9,,,,0.0,0.0,2.0,37.9,20.4125,7.7,,,0,0,9,0,23.5,23.3,48.0,61.0,0.7408045962867501,-0.6717205893229901,0.7727335734973508,-0.6347305132022678,3
2015-09-21,0.5,1800.0,430.0,True,True,True,0.0,21.225,15.9,,,,0.0,0.0,2.0,37.9,20.4125,7.7,,,0,0,9,0,23.5,23.3,48.0,61.0,0.7408045962867501,-0.6717205893229901,0.7727335734973508,-0.6347305132022678,3
2015-09-21,1.0,280.0,43.0,False,False,False,0.0,21.225,15.9,,,,0.0,0.0,2.0,37.9,20.4125,7.7,,,0,0,9,0,23.5,23.3,48.0,61.0,0.7408045962867501,-0.6717205893229901,0.7727335734973508,-0.6347305132022678,3
2016-05-12,0.0,0.0,5.0,False,False,False,0.0,16.508333333333333,14.5,,,,0.0,20.09999999999999,21.2,21.2,14.879166666666668,16.2,,,1,0,5,0,15.2,15.1,84.0,103.0,-0.0488497697956132,-0.998806137341434,-0.47101188121941,-0.8821268660176678,2
2016-05-12,0.5,670.0,233.0,True,True,True,0.0,16.508333333333333,14.5,,,,0.0,20.09999999999999,21.2,21.2,14.879166666666668,16.2,,,1,0,5,0,15.2,15.1,84.0,103.0,-0.0488497697956132,-0.998806137341434,-0.47101188121941,-0.8821268660176678,2
2016-05-12,1.0,10.0,0.0,False,False,False,0.0,16.508333333333333,14.5,,,,0.0,20.09999999999999,21.2,21.2,14.879166666666668,16.2,,,1,0,5,0,15.2,15.1,84.0,103.0,-0.0488497697956132,-0.998806137341434,-0.47101188121941,-0.8821268660176678,2
2016-07-11,0.0,11000.0,9900.0,True,True,True,4.5,24.90416666666667,14.8,,,,0.0,0.0,2.7,5.2,25.425,10.7,,,0,0,7,0,16.8,16.9,65.0,79.0,-0.9892723329629884,-0.1460830285624115,-0.1460830285624117,-0.9892723329629884,0
2016-07-11,0.5,8700.0,5600.0,True,True,True,4.5,24.90416666666667,14.8,,,,0.0,0.0,2.7,5.2,25.425,10.7,,,0,0,7,0,16.8,16.9,65.0,79.0,-0.9892723329629884,-0.1460830285624115,-0.1460830285624117,-0.9892723329629884,0
2016-07-11,1.0,13000.0,12000.0,True,True,True,4.5,24.90416666666667,14.8,,,,0.0,0.0,2.7,5.2,25.425,10.7,,,0,0,7,0,16.8,16.9,65.0,79.0,-0.9892723329629884,-0.1460830285624115,-0.1460830285624117,-0.9892723329629884,0
2016-07-19,0.0,330.0,85.0,False,False,False,0.0,24.2875,16.2,,,,0.0,0.0,6.000000000000001,7.300000000000001,24.6875,9.2,,,0,0,7,0,20.8,20.3,102.0,90.0,0.1959461442425177,0.980614658546613,0.2907021935982524,0.9568135840576074,3
2016-07-19,0.5,410.0,90.0,False,False,False,0.0,24.2875,16.2,,,,0.0,0.0,6.000000000000001,7.300000000000001,24.6875,9.2,,,0,0,7,0,20.8,20.3,102.0,90.0,0.1959461442425177,0.980614658546613,0.2907021935982524,0.9568135840576074,3
2016-07-19,1.0,180.0,66.0,False,False,False,0.0,24.2875,16.2,,,,0.0,0.0,6.000000000000001,7.300000000000001,24.6875,9.2,,,0,0,7,0,20.8,20.3,102.0,90.0,0.1959461442425177,0.980614658546613,0.2907021935982524,0.9568135840576074,3
2016-07-26,0.0,10.0,0.0,False,False,False,0.7,27.354166666666668,18.3,,,,4.2,4.9,4.900000000000001,4.9,27.025,11.6,,,0,0,7,0,19.3,20.7,84.0,99.0,-0.3826834323650896,-0.9238795325112868,0.7727335734973511,0.6347305132022676,0
2016-07-26,0.5,41.0,0.0,False,False,False,0.7,27.354166666666668,18.3,,,,4.2,4.9,4.900000000000001,4.9,27.025,11.6,,,0,0,7,0,19.3,20.7,84.0,99.0,-0.3826834323650896,-0.9238795325112868,0.7727335734973511,0.6347305132022676,0
2016-07-26,1.0,41.0,21.0,False,False,False,0.7,27.354166666666668,18.3,,,,4.2,4.9,4.900000000000001,4.9,27.025,11.6,,,0,0,7,0,19.3,20.7,84.0,99.0,-0.3826834323650896,-0.9238795325112868,0.7727335734973511,0.6347305132022676,0
2016-08-09,0.0,197.0,32.0,False,False,False,0.1,27.745833333333334,17.1,,,,1.0,1.0,1.0000000000000036,1.4,29.229166666666668,6.9,,,0,0,8,0,27.2,23.4,73.0,85.0,0.9809551553491916,0.1942343512199721,0.47101188121941,0.8821268660176678,0
2016-08-09,0.5,156.0,5.0,False,False,False,0.1,27.745833333333334,17.1,,,,1.0,1.0,1.0000000000000036,1.4,29.229166666666668,6.9,,,0,0,8,0,27.2,23.4,73.0,85.0,0.9809551553491916,0.1942343512199721,0.47101188121941,0.8821268660176678,0
2016-08-09,1.0,206.0,21.0,False,False,False,0.1,27.745833333333334,17.1,,,,1.0,1.0,1.0000000000000036,1.4,29.229166666666668,6.9,,,0,0,8,0,27.2,23.4,73.0,85.0,0.9809551553491916,0.1942343512199721,0.47101188121941,0.8821268660176678,0
2016-08-17,0.0,73.0,73.0,False,False,False,0.0,27.78333333333333,9.1,,,,32.5,36.3,36.3,36.9,27.041666666666668,17.2,,,1,0,8,0,27.8,25.7,103.0,90.0,0.8319541221304825,0.5548444274479993,-0.5548444274479993,0.8319541221304825,1
2016-08-17,0.5,144.0,43.0,False,False,False,0.0,27.78333333333333,9.1,,,,32.5,36.3,36.3,36.9,27.041666666666668,17.2,,,1,0,8,0,27.8,25.7,103.0,90.0,0.8319541221304825,0.5548444274479993,-0.5548444274479993,0.8319541221304825,1
2016-08-17,1.0,235.0,32.0,False,False,False,0.0,27.78333333333333,9.1,,,,32.5,36.3,36.3,36.9,27.041666666666668,17.2,,,1,0,8,0,27.8,25.7,103.0,90.0,0.8319541221304825,0.5548444274479993,-0.5548444274479993,0.8319541221304825,1
2016-08-22,0.0,233.0,5.0,False,False,False,0.0,27.48333333333333,16.3,,,,0.0,0.0,0.0,0.0,27.633333333333336,17.9,,,0,0,8,0,28.5,28.2,110.0,124.0,0.9238795325112868,0.3826834323650898,0.2436150117860225,0.9698720152847468,6
2016-08-22,0.5,134.0,5.0,False,False,False,0.0,27.48333333333333,16.3,,,,0.0,0.0,0.0,0.0,27.633333333333336,17.9,,,0,0,8,0,28.5,28.2,110.0,124.0,0.9238795325112868,0.3826834323650898,0.2436150117860225,0.9698720152847468,6
2016-08-22,1.0,221.0,10.0,False,False,False,0.0,27.48333333333333,16.3,,,,0.0,0.0,0.0,0.0,27.633333333333336,17.9,,,0,0,8,0,28.5,28.2,110.0,124.0,0.9238795325112868,0.3826834323650898,0.2436150117860225,0.9698720152847468,6
2016-09-07,0.0,405.0,55.0,False,False,False,0.1,25.40833333333333,6.9,,,,0.0,18.5,18.7,207.7,25.070833333333336,6.8,,,0,0,9,0,25.9,25.8,74.0,88.0,0.3370952584230821,-0.941470544812038,0.6347305132022676,-0.7727335734973511,0
2016-09-07,0.5,315.0,37.0,False,False,False,0.1,25.40833333333333,6.9,,,,0.0,18.5,18.7,207.7,25.070833333333336,6.8,,,0,0,9,0,25.9,25.8,74.0,88.0,0.3370952584230821,-0.941470544812038,0.6347305132022676,-0.7727335734973511,0
2016-09-07,1.0,373.0,54.0,False,False,False,0.1,25.40833333333333,6.9,,,,0.0,18.5,18.7,207.7,25.070833333333336,6.8,,,0,0,9,0,25.9,25.8,74.0,88.0,0.3370952584230821,-0.941470544812038,0.6347305132022676,-0.7727335734973511,0
2017-05-15,0.0,52.0,16.0,False,False,False,0.0,17.879166666666666,20.6,,,,0.0,0.0,21.3,21.9,18.195833333333333,20.3,,,1,0,5,0,14.1,14.2,84.0,97.0,-0.7071067811865477,0.7071067811865474,-0.9414705448120378,-0.3370952584230822,3
2017-05-15,0.5,63.0,26.0,False,False,False,0.0,17.879166666666666,20.6,,,,0.0,0.0,21.3,21.9,18.195833333333333,20.3,,,1,0,5,0,14.1,14.2,84.0,97.0,-0.7071067811865477,0.7071067811865474,-0.9414705448120378,-0.3370952584230822,3
2017-05-15,1.0,10.0,10.0,False,False,False,0.0,17.879166666666666,20.6,,,,0.0,0.0,21.3,21.9,18.195833333333333,20.3,,,1,0,5,0,14.1,14.2,84.0,97.0,-0.7071067811865477,0.7071067811865474,-0.9414705448120378,-0.3370952584230822,3
2017-07-07,0.0,288.0,86.0,False,False,False,5.1,24.89583333333333,21.7,,,,1.9,7.900000000000007,15.2,27.7,24.741666666666664,18.8,,,0,0,7,0,17.4,17.8,84.0,75.0,-0.9040825496607784,0.4273578633871923,-0.7071067811865475,-0.7071067811865477,0
2017-07-07,0.5,581.0,171.0,True,True,True,5.1,24.89583333333333,21.7,,,,1.9,7.900000000000007,15.2,27.7,24.741666666666664,18.8,,,0,0,7,0,17.4,17.8,84.0,75.0,-0.9040825496607784,0.4273578633871923,-0.7071067811865475,-0.7071067811865477,0
2017-07-07,1.0,313.0,93.0,False,False,False,5.1,24.89583333333333,21.7,,,,1.9,7.900000000000007,15.2,27.7,24.741666666666664,18.8,,,0,0,7,0,17.4,17.8,84.0,75.0,-0.9040825496607784,0.4273578633871923,-0.7071067811865475,-0.7071067811865477,0
2017-07-13,0.0,41.0,10.0,False,False,False,0.0,26.5375,18.4,,,,0.0,5.400000000000009,21.40000000000001,23.8,27.46666666666667,16.8,,,1,0,7,0,16.2,16.0,97.0,97.0,-0.3370952584230819,-0.941470544812038,-0.998806137341434,0.0488497697956135,2
2017-07-13,0.5,52.0,21.0,False,False,False,0.0,26.5375,18.4,,,,0.0,5.400000000000009,21.40000000000001,23.8,27.46666666666667,16.8,,,1,0,7,0,16.2,16.0,97.0,97.0,-0.3370952584230819,-0.941470544812038,-0.998806137341434,0.0488497697956135,2
2017-07-13,1.0,341.0,93.0,False,False,False,0.0,26.5375,18.4,,,,0.0,5.400000000000009,21.40000000000001,23.8,27.46666666666667,16.8,,,1,0,7,0,16.2,16.0,97.0,97.0,-0.3370952584230819,-0.941470544812038,-0.998806137341434,0.0488497697956135,2
2017-07-19,0.0,0.0,0.0,False,False,False,0.2,27.525,15.6,,,,6.4,7.80000000000001,7.900000000000004,10.000000000000002,26.8,14.6,,,0,0,7,0,18.2,17.6,71.0,64.0,-0.3826834323650896,-0.9238795325112868,-0.67172058932299,0.7408045962867502,0
2017-07-19,0.5,0.0,0.0,False,False,False,0.2,27.525,15.6,,,,6.4,7.80000000000001,7.900000000000004,10.000000000000002,26.8,14.6,,,0,0,7,0,18.2,17.6,71.0,64.0,-0.3826834323650896,-0.9238795325112868,-0.67172058932299,0.7408045962867502,0
2017-07-19,1.0,0.0,0.0,False,False,False,0.2,27.525,15.6,,,,6.4,7.80000000000001,7.900000000000004,10.000000000000002,26.8,14.6,,,0,0,7,0,18.2,17.6,71.0,64.0,-0.3826834323650896,-0.9238795325112868,-0.67172058932299,0.7408045962867502,0
2017-07-27,0.0,98.0,5.0,False,False,False,0.0,24.791666666666668,17.9,,,,0.0,15.200000000000008,20.1,20.4,25.1,28.7,,,1,0,7,0,23.4,22.3,106.0,120.0,0.941470544812038,0.3370952584230821,0.5962248749656158,0.8028174751911146,2
2017-07-27,0.5,109.0,10.0,False,False,False,0.0,24.791666666666668,17.9,,,,0.0,15.200000000000008,20.1,20.4,25.1,28.7,,,1,0,7,0,23.4,22.3,106.0,120.0,0.941470544812038,0.3370952584230821,0.5962248749656158,0.8028174751911146,2
2017-07-27,1.0,97.0,37.0,False,False,False,0.0,24.791666666666668,17.9,,,,0.0,15.200000000000008,20.1,20.4,25.1,28.7,,,1,0,7,0,23.4,22.3,106.0,120.0,0.941470544812038,0.3370952584230821,0.5962248749656158,0.8028174751911146,2
2017-08-02,0.0,134.0,26.0,False,False,False,0.0,25.9125,18.6,,,,0.0,5.000000000000009,5.000000000000004,5.000000000000004,26.29583333333333,15.5,,,0,0,8,0,26.3,25.7,45.0,40.0,0.8580649057236446,0.5135412520581701,0.9892723329629884,0.1460830285624116,2
2017-08-02,0.5,41.0,21.0,False,False,False,0.0,25.9125,18.6,,,,0.0,5.000000000000009,5.000000000000004,5.000000000000004,26.29583333333333,15.5,,,0,0,8,0,26.3,25.7,45.0,40.0,0.8580649057236446,0.5135412520581701,0.9892723329629884,0.1460830285624116,2
2017-08-02,1.0,959.0,273.0,True,True,True,0.0,25.9125,18.6,,,,0.0,5.000000000000009,5.000000000000004,5.000000000000004,26.29583333333333,15.5,,,0,0,8,0,26.3,25.7,45.0,40.0,0.8580649057236446,0.5135412520581701,0.9892723329629884,0.1460830285624116,2
2017-08-11,0.0,197.0,10.0,False,False,False,2.3000000000000003,26.4125,16.7,,,,5.9,30.80000000000001,31.200000000000003,37.1,27.041666666666668,16.6,,,1,0,8,0,28.1,26.6,106.0,111.0,0.941470544812038,0.3370952584230821,0.3370952584230821,0.941470544812038,0
2017-08-11,0.5,243.0,26.0,False,False,False,2.3000000000000003,26.4125,16.7,,,,5.9,30.80000000000001,31.200000000000003,37.1,27.041666666666668,16.6,,,1,0,8,0,28.1,26.6,106.0,111.0,0.941470544812038,0.3370952584230821,0.3370952584230821,0.941470544812038,0
2017-08-11,1.0,41.0,15.0,False,False,False,2.3000000000000003,26.4125,16.7,,,,5.9,30.80000000000001,31.200000000000003,37.1,27.041666666666668,16.6,,,1,0,8,0,28.1,26.6,106.0,111.0,0.941470544812038,0.3370952584230821,0.3370952584230821,0.941470544812038,0
2017-08-17,0.0,52.0,26.0,False,False,False,6.7,25.704166666666666,12.7,,,,6.8,16.900000000000013,118.7,121.7,25.791666666666668,21.0,,,1,0,8,0,27.3,27.2,60.0,59.0,0.980614658546613,-0.1959461442425175,0.9809551553491916,0.1942343512199721,0
2017-08-17,0.5,145.0,26.0,False,False,False,6.7,25.704166666666666,12.7,,,,6.8,16.900000000000013,118.7,121.7,25.791666666666668,21.0,,,1,0,8,0,27.3,27.2,60.0,59.0,0.980614658546613,-0.1959461442425175,0.9809551553491916,0.1942343512199721,0
2017-08-17,1.0,120.0,32.0,False,False,False,6.7,25.704166666666666,12.7,,,,6.8,16.900000000000013,118.7,121.7,25.791666666666668,21.0,,,1,0,8,0,27.3,27.2,60.0,59.0,0.980614658546613,-0.1959461442425175,0.9809551553491916,0.1942343512199721,0
2017-08-23,0.0,97.0,21.0,False,False,False,1.1,28.116666666666664,22.7,,,,12.7,23.400000000000016,28.6,32.0,26.6125,22.0,,,1,0,8,0,18.0,22.2,124.0,128.0,-0.9952273999818312,-0.0975828997591497,-0.6717205893229901,-0.7408045962867502,0
2017-08-23,0.5,73.0,16.0,False,False,False,1.1,28.116666666666664,22.7,,,,12.7,23.400000000000016,28.6,32.0,26.6125,22.0,,,1,0,8,0,18.0,22.2,124.0,128.0,-0.9952273999818312,-0.0975828997591497,-0.6717205893229901,-0.7408045962867502,0
2017-08-23,1.0,86.0,10.0,False,False,False,1.1,28.116666666666664,22.7,,,,12.7,23.400000000000016,28.6,32.0,26.6125,22.0,,,1,0,8,0,18.0,22.2,124.0,128.0,-0.9952273999818312,-0.0975828997591497,-0.6717205893229901,-0.7408045962867502,0
2018-05-16,0.0,0.0,0.0,False,False,False,1.2000000000000002,20.59583333333333,22.5,,,,0.0,0.0,18.200000000000006,21.9,20.5375,15.5,,,0,0,5,0,13.6,13.7,133.0,131.0,-0.2436150117860221,-0.9698720152847468,-0.9809551553491916,-0.1942343512199715,0
2018-05-16,0.5,10.0,0.0,False,False,False,1.2000000000000002,20.59583333333333,22.5,,,,0.0,0.0,18.200000000000006,21.9,20.5375,15.5,,,0,0,5,0,13.6,13.7,133.0,131.0,-0.2436150117860221,-0.9698720152847468,-0.9809551553491916,-0.1942343512199715,0
2018-05-16,1.0,31.0,36.0,False,False,False,1.2000000000000002,20.59583333333333,22.5,,,,0.0,0.0,18.200000000000006,21.9,20.5375,15.5,,,0,0,5,0,13.6,13.7,133.0,131.0,-0.2436150117860221,-0.9698720152847468,-0.9809551553491916,-0.1942343512199715,0
2018-07-12,0.0,30.0,5.0,False,False,False,0.0,27.1375,15.6,,,,0.1,0.1,4.800000000000014,5.5,26.445833333333336,14.0,,,0,0,7,0,21.1,21.6,119.0,107.0,-0.5962248749656155,-0.8028174751911148,-0.0488497697956132,-0.998806137341434,1
2018-07-12,0.5,1553.0,480.0,True,True,True,0.0,27.1375,15.6,,,,0.1,0.1,4.800000000000014,5.5,26.445833333333336,14.0,,,0,0,7,0,21.1,21.6,119.0,107.0,-0.5962248749656155,-0.8028174751911148,-0.0488497697956132,-0.998806137341434,1
2018-07-12,1.0,149.0,38.0,False,False,False,0.0,27.1375,15.6,,,,0.1,0.1,4.800000000000014,5.5,26.445833333333336,14.0,,,0,0,7,0,21.1,21.6,119.0,107.0,-0.5962248749656155,-0.8028174751911148,-0.0488497697956132,-0.998806137341434,1
2018-07-19,0.0,0.0,26.0,False,False,False,0.0,28.1,11.1,,,,0.0,0.0,0.0,0.0,27.995833333333334,14.0,,,0,0,7,0,17.4,17.0,76.0,101.0,-0.2436150117860221,-0.9698720152847468,1.2246467991473532e-16,-1.0,8
2018-07-19,0.5,0.0,42.0,False,False,False,0.0,28.1,11.1,,,,0.0,0.0,0.0,0.0,27.995833333333334,14.0,,,0,0,7,0,17.4,17.0,76.0,101.0,-0.2436150117860221,-0.9698720152847468,1.2246467991473532e-16,-1.0,8
2018-07-19,1.0,31.0,32.0,False,False,False,0.0,28.1,11.1,,,,0.0,0.0,0.0,0.0,27.995833333333334,14.0,,,0,0,7,0,17.4,17.0,76.0,101.0,-0.2436150117860221,-0.9698720152847468,1.2246467991473532e-16,-1.0,8
2018-07-26,0.0,333.0,85.0,False,False,False,0.0,29.9,9.7,,,,0.0,0.0,0.0,0.0,29.879166666666663,15.7,,,0,0,7,0,19.1,18.9,86.0,78.0,0.3370952584230821,-0.941470544812038,-1.0,-1.8369701987210294e-16,15
2018-07-26,0.5,342.0,115.0,False,True,True,0.0,29.9,9.7,,,,0.0,0.0,0.0,0.0,29.879166666666663,15.7,,,0,0,7,0,19.1,18.9,86.0,78.0,0.3370952584230821,-0.941470544812038,-1.0,-1.8369701987210294e-16,15
2018-07-26,1.0,300.0,71.0,False,False,False,0.0,29.9,9.7,,,,0.0,0.0,0.0,0.0,29.879166666666663,15.7,,,0,0,7,0,19.1,18.9,86.0,78.0,0.3370952584230821,-0.941470544812038,-1.0,-1.8369701987210294e-16,15
2018-08-02,0.0,97.0,16.0,False,False,False,0.0,28.28333333333333,15.2,,,,0.0,0.0,3.300000000000014,8.2,28.641666666666666,14.9,,,0,0,8,0,27.6,27.4,83.0,94.0,0.6717205893229902,0.7408045962867501,0.9892723329629884,-0.1460830285624117,3
2018-08-02,0.5,3076.0,1538.0,True,True,True,0.0,28.28333333333333,15.2,,,,0.0,0.0,3.300000000000014,8.2,28.641666666666666,14.9,,,0,0,8,0,27.6,27.4,83.0,94.0,0.6717205893229902,0.7408045962867501,0.9892723329629884,-0.1460830285624117,3
2018-08-02,1.0,350.0,43.0,False,False,False,0.0,28.28333333333333,15.2,,,,0.0,0.0,3.300000000000014,8.2,28.641666666666666,14.9,,,0,0,8,0,27.6,27.4,83.0,94.0,0.6717205893229902,0.7408045962867501,0.9892723329629884,-0.1460830285624117,3
2018-08-09,0.0,20.0,0.0,False,False,False,1.5,27.254166666666663,12.3,,,,0.0,0.3,2.7000000000000144,2.9000000000000004,26.629166666666663,14.1,,,0,0,8,0,27.1,27.3,100.0,77.0,0.9952273999818312,-0.0975828997591493,0.7727335734973511,0.6347305132022676,0
2018-08-09,0.5,86.0,16.0,False,False,False,1.5,27.254166666666663,12.3,,,,0.0,0.3,2.7000000000000144,2.9000000000000004,26.629166666666663,14.1,,,0,0,8,0,27.1,27.3,100.0,77.0,0.9952273999818312,-0.0975828997591493,0.7727335734973511,0.6347305132022676,0
2018-08-09,1.0,86.0,15.0,False,False,False,1.5,27.254166666666663,12.3,,,,0.0,0.3,2.7000000000000144,2.9000000000000004,26.629166666666663,14.1,,,0,0,8,0,27.1,27.3,100.0,77.0,0.9952273999818312,-0.0975828997591493,0.7727335734973511,0.6347305132022676,0
2018-08-22,0.0,30.0,5.0,False,False,False,0.3,28.625,24.6,,,,0.0,0.0,0.0,0.0,26.65416666666667,11.5,,,0,0,8,0,26.1,26.4,58.0,43.0,0.3826834323650898,0.9238795325112868,-0.5962248749656155,-0.8028174751911148,0
2018-08-22,0.5,20.0,5.0,False,False,False,0.3,28.625,24.6,,,,0.0,0.0,0.0,0.0,26.65416666666667,11.5,,,0,0,8,0,26.1,26.4,58.0,43.0,0.3826834323650898,0.9238795325112868,-0.5962248749656155,-0.8028174751911148,0
2018-08-22,1.0,10.0,0.0,False,False,False,0.3,28.625,24.6,,,,0.0,0.0,0.0,0.0,26.65416666666667,11.5,,,0,0,8,0,26.1,26.4,58.0,43.0,0.3826834323650898,0.9238795325112868,-0.5962248749656155,-0.8028174751911148,0
2018-09-12,0.0,318.0,32.0,False,False,False,0.0,21.766666666666666,21.5,,,,0.1,0.2,1.0000000000000142,24.1,21.166666666666668,32.1,,,0,0,9,0,22.0,21.9,133.0,137.0,0.1959461442425177,0.980614658546613,0.3826834323650898,0.9238795325112868,1
2018-09-12,0.5,2382.0,719.0,True,True,True,0.0,21.766666666666666,21.5,,,,0.1,0.2,1.0000000000000142,24.1,21.166666666666668,32.1,,,0,0,9,0,22.0,21.9,133.0,137.0,0.1959461442425177,0.980614658546613,0.3826834323650898,0.9238795325112868,1
2018-09-12,1.0,437.0,26.0,False,False,False,0.0,21.766666666666666,21.5,,,,0.1,0.2,1.0000000000000142,24.1,21.166666666666668,32.1,,,0,0,9,0,22.0,21.9,133.0,137.0,0.1959461442425177,0.980614658546613,0.3826834323650898,0.9238795325112868,1
2019-06-17,0.0,74.0,16.0,False,False,False,1.0,20.275,16.2,,,,1.8,13.500000000000002,23.30000000000001,23.30000000000001,19.1125,16.3,,,1,0,6,0,19.3,19.3,106.0,107.0,-0.74080459628675,-0.6717205893229903,0.8309844692743282,-0.5562956155003048,0
2019-06-17,0.5,31.0,42.0,False,False,False,1.0,20.275,16.2,,,,1.8,13.500000000000002,23.30000000000001,23.30000000000001,19.1125,16.3,,,1,0,6,0,19.3,19.3,106.0,107.0,-0.74080459628675,-0.6717205893229903,0.8309844692743282,-0.5562956155003048,0
2019-06-17,1.0,110.0,117.0,False,True,True,1.0,20.275,16.2,,,,1.8,13.500000000000002,23.30000000000001,23.30000000000001,19.1125,16.3,,,1,0,6,0,19.3,19.3,106.0,107.0,-0.74080459628675,-0.6717205893229903,0.8309844692743282,-0.5562956155003048,0
2019-07-04,0.0,85.0,84.0,False,False,False,0.0,23.804166666666664,9.8,,,,0.0,0.0,1.0000000000000284,84.4,22.383333333333336,10.0,,,0,0,7,0,16.9,16.7,122.0,119.0,-0.5562956155003048,-0.8309844692743282,-1.0,-1.8369701987210294e-16,3
2019-07-04,0.5,173.0,1405.0,False,True,True,0.0,23.804166666666664,9.8,,,,0.0,0.0,1.0000000000000284,84.4,22.383333333333336,10.0,,,0,0,7,0,16.9,16.7,122.0,119.0,-0.5562956155003048,-0.8309844692743282,-1.0,-1.8369701987210294e-16,3
2019-07-04,1.0,52.0,43.0,False,False,False,0.0,23.804166666666664,9.8,,,,0.0,0.0,1.0000000000000284,84.4,22.383333333333336,10.0,,,0,0,7,0,16.9,16.7,122.0,119.0,-0.5562956155003048,-0.8309844692743282,-1.0,-1.8369701987210294e-16,3
2019-07-16,0.0,31.0,94.0,False,False,False,0.1,22.866666666666664,14.8,,,,1.6,1.6,3.5000000000000284,13.3,22.695833333333336,11.5,,,0,0,7,0,22.3,22.0,95.0,90.0,1.0,6.123233995736766e-17,0.8821268660176678,-0.47101188121941,0
2019-07-16,0.5,30.0,127.0,False,True,True,0.1,22.866666666666664,14.8,,,,1.6,1.6,3.5000000000000284,13.3,22.695833333333336,11.5,,,0,0,7,0,22.3,22.0,95.0,90.0,1.0,6.123233995736766e-17,0.8821268660176678,-0.47101188121941,0
2019-07-16,1.0,41.0,153.0,False,True,True,0.1,22.866666666666664,14.8,,,,1.6,1.6,3.5000000000000284,13.3,22.695833333333336,11.5,,,0,0,7,0,22.3,22.0,95.0,90.0,1.0,6.123233995736766e-17,0.8821268660176678,-0.47101188121941,0
2019-07-30,0.0,0.0,10.0,False,False,False,2.5,26.991666666666664,25.3,,,,1.1,4.2,21.100000000000023,22.800000000000026,26.65833333333333,17.9,,,1,0,7,0,20.4,20.7,96.0,78.0,-0.8821268660176679,-0.4710118812194099,-0.74080459628675,-0.6717205893229903,0
2019-07-30,0.5,0.0,26.0,False,False,False,2.5,26.991666666666664,25.3,,,,1.1,4.2,21.100000000000023,22.800000000000026,26.65833333333333,17.9,,,1,0,7,0,20.4,20.7,96.0,78.0,-0.8821268660176679,-0.4710118812194099,-0.74080459628675,-0.6717205893229903,0
2019-07-30,1.0,31.0,81.0,False,False,False,2.5,26.991666666666664,25.3,,,,1.1,4.2,21.100000000000023,22.800000000000026,26.65833333333333,17.9,,,1,0,7,0,20.4,20.7,96.0,78.0,-0.8821268660176679,-0.4710118812194099,-0.74080459628675,-0.6717205893229903,0
2019-08-13,0.0,31.0,5.0,False,False,False,0.0,28.379166666666663,22.1,,,,0.1,0.2,0.2000000000000284,1.6000000000000285,28.14583333333333,15.5,,,0,0,8,0,26.6,26.5,87.0,71.0,0.9040825496607784,0.4273578633871923,-0.3370952584230819,-0.941470544812038,1
2019-08-13,0.5,31.0,0.0,False,False,False,0.0,28.379166666666663,22.1,,,,0.1,0.2,0.2000000000000284,1.6000000000000285,28.14583333333333,15.5,,,0,0,8,0,26.6,26.5,87.0,71.0,0.9040825496607784,0.4273578633871923,-0.3370952584230819,-0.941470544812038,1
2019-08-13,1.0,414.0,141.0,False,True,True,0.0,28.379166666666663,22.1,,,,0.1,0.2,0.2000000000000284,1.6000000000000285,28.14583333333333,15.5,,,0,0,8,0,26.6,26.5,87.0,71.0,0.9040825496607784,0.4273578633871923,-0.3370952584230819,-0.941470544812038,1
2019-08-20,0.0,40.0,15.0,False,False,False,3.0,25.454166666666666,25.5,,,,2.9,3.1,3.100000000000028,18.100000000000023,25.933333333333334,16.3,,,0,0,8,0,25.6,24.8,85.0,93.0,-0.3370952584230822,0.9414705448120378,0.6347305132022676,0.7727335734973511,0
2019-08-20,0.5,84.0,0.0,False,False,False,3.0,25.454166666666666,25.5,,,,2.9,3.1,3.100000000000028,18.100000000000023,25.933333333333334,16.3,,,0,0,8,0,25.6,24.8,85.0,93.0,-0.3370952584230822,0.9414705448120378,0.6347305132022676,0.7727335734973511,0
2019-08-20,1.0,41.0,10.0,False,False,False,3.0,25.454166666666666,25.5,,,,2.9,3.1,3.100000000000028,18.100000000000023,25.933333333333334,16.3,,,0,0,8,0,25.6,24.8,85.0,93.0,-0.3370952584230822,0.9414705448120378,0.6347305132022676,0.7727335734973511,0
2020-06-17,0.0,41.0,32.0,False,False,False,0.0,21.1875,9.7,,,,0.0,0.0,33.800000000000054,185.7,22.316666666666663,16.6,,,1,0,6,0,,,65.0,54.0,-0.858064905723645,0.5135412520581694,0.9952273999818312,-0.0975828997591493,3
2020-06-17,0.5,97.0,87.0,False,False,False,0.0,21.1875,9.7,,,,0.0,0.0,33.800000000000054,185.7,22.316666666666663,16.6,,,1,0,6,0,,,65.0,54.0,-0.858064905723645,0.5135412520581694,0.9952273999818312,-0.0975828997591493,3
2020-06-17,1.0,0.0,5.0,False,False,False,0.0,21.1875,9.7,,,,0.0,0.0,33.800000000000054,185.7,22.316666666666663,16.6,,,1,0,6,0,,,65.0,54.0,-0.858064905723645,0.5135412520581694,0.9952273999818312,-0.0975828997591493,3
2020-07-09,0.0,141.0,122.0,False,True,True,9.4,22.2875,15.9,,,,0.4,1.1,4.6000000000000565,13.700000000000028,23.72083333333333,8.8,,,0,0,7,0,16.7,16.2,89.0,98.0,0.6717205893229902,0.7408045962867501,-0.4710118812194107,0.8821268660176674,0
2020-07-09,0.5,100.0,61.0,False,False,False,9.4,22.2875,15.9,,,,0.4,1.1,4.6000000000000565,13.700000000000028,23.72083333333333,8.8,,,0,0,7,0,16.7,16.2,89.0,98.0,0.6717205893229902,0.7408045962867501,-0.4710118812194107,0.8821268660176674,0
2020-07-09,1.0,80.0,81.0,False,False,False,9.4,22.2875,15.9,,,,0.4,1.1,4.6000000000000565,13.700000000000028,23.72083333333333,8.8,,,0,0,7,0,16.7,16.2,89.0,98.0,0.6717205893229902,0.7408045962867501,-0.4710118812194107,0.8821268660176674,0
2020-07-17,0.0,98.0,55.0,False,False,False,0.0,20.725,14.0,,,,0.3,5.300000000000014,9.200000000000044,159.30000000000004,20.375,14.2,,,0,0,7,0,21.1,20.7,68.0,50.0,0.5548444274479992,-0.8319541221304826,0.9040825496607784,-0.4273578633871924,1
2020-07-17,0.5,109.0,108.0,False,True,True,0.0,20.725,14.0,,,,0.3,5.300000000000014,9.200000000000044,159.30000000000004,20.375,14.2,,,0,0,7,0,21.1,20.7,68.0,50.0,0.5548444274479992,-0.8319541221304826,0.9040825496607784,-0.4273578633871924,1
2020-07-17,1.0,131.0,99.0,False,False,False,0.0,20.725,14.0,,,,0.3,5.300000000000014,9.200000000000044,159.30000000000004,20.375,14.2,,,0,0,7,0,21.1,20.7,68.0,50.0,0.5548444274479992,-0.8319541221304826,0.9040825496607784,-0.4273578633871924,1
2020-07-21,0.0,74.0,21.0,False,False,False,15.2,25.15833333333333,13.9,,,,5.8,12.100000000000014,13.800000000000043,14.100000000000028,25.225,27.9,,,0,0,7,0,18.0,19.3,113.0,105.0,1.2246467991473532e-16,-1.0,-0.8580649057236444,-0.5135412520581705,0
2020-07-21,0.5,41.0,0.0,False,False,False,15.2,25.15833333333333,13.9,,,,5.8,12.100000000000014,13.800000000000043,14.100000000000028,25.225,27.9,,,0,0,7,0,18.0,19.3,113.0,105.0,1.2246467991473532e-16,-1.0,-0.8580649057236444,-0.5135412520581705,0
2020-07-21,1.0,31.0,11.0,False,False,False,15.2,25.15833333333333,13.9,,,,5.8,12.100000000000014,13.800000000000043,14.100000000000028,25.225,27.9,,,0,0,7,0,18.0,19.3,113.0,105.0,1.2246467991473532e-16,-1.0,-0.8580649057236444,-0.5135412520581705,0
2020-08-04,0.0,86.0,21.0,False,False,False,1.1,26.766666666666666,22.0,,,,0.5,1.2000000000000142,3.400000000000043,16.900000000000013,26.8,26.3,,,0,0,8,0,15.7,16.1,106.0,101.0,-0.74080459628675,-0.6717205893229903,0.6717205893229903,-0.7408045962867501,0
2020-08-04,0.5,41.0,10.0,False,False,False,1.1,26.766666666666666,22.0,,,,0.5,1.2000000000000142,3.400000000000043,16.900000000000013,26.8,26.3,,,0,0,8,0,15.7,16.1,106.0,101.0,-0.74080459628675,-0.6717205893229903,0.6717205893229903,-0.7408045962867501,0
2020-08-04,1.0,85.0,0.0,False,False,False,1.1,26.766666666666666,22.0,,,,0.5,1.2000000000000142,3.400000000000043,16.900000000000013,26.8,26.3,,,0,0,8,0,15.7,16.1,106.0,101.0,-0.74080459628675,-0.6717205893229903,0.6717205893229903,-0.7408045962867501,0
2020-08-14,0.0,86.0,21.0,False,False,False,0.2,27.9375,24.3,,,,0.0,3.000000000000014,15.10000000000005,53.30000000000002,27.820833333333336,22.7,,,0,0,8,0,12.9,13.7,43.0,35.0,-0.9952273999818312,-0.0975828997591497,-1.0,-1.8369701987210294e-16,0
2020-08-14,0.5,41.0,0.0,False,False,False,0.2,27.9375,24.3,,,,0.0,3.000000000000014,15.10000000000005,53.30000000000002,27.820833333333336,22.7,,,0,0,8,0,12.9,13.7,43.0,35.0,-0.9952273999818312,-0.0975828997591497,-1.0,-1.8369701987210294e-16,0
2020-08-14,1.0,85.0,0.0,False,False,False,0.2,27.9375,24.3,,,,0.0,3.000000000000014,15.10000000000005,53.30000000000002,27.820833333333336,22.7,,,0,0,8,0,12.9,13.7,43.0,35.0,-0.9952273999818312,-0.0975828997591497,-1.0,-1.8369701987210294e-16,0
2020-08-19,0.0,3076.0,143.0,True,True,True,0.0,28.791666666666668,13.5,,,,0.0,0.0,0.0,0.2000000000000142,27.975,12.3,,,0,0,8,0,17.1,15.6,127.0,108.0,-0.3826834323650896,-0.9238795325112868,-0.47101188121941,-0.8821268660176678,5
2020-08-19,0.5,3654.0,172.0,True,True,True,0.0,28.791666666666668,13.5,,,,0.0,0.0,0.0,0.2000000000000142,27.975,12.3,,,0,0,8,0,17.1,15.6,127.0,108.0,-0.3826834323650896,-0.9238795325112868,-0.47101188121941,-0.8821268660176678,5
2020-08-19,1.0,17329.0,9932.0,True,True,True,0.0,28.791666666666668,13.5,,,,0.0,0.0,0.0,0.2000000000000142,27.975,12.3,,,0,0,8,0,17.1,15.6,127.0,108.0,-0.3826834323650896,-0.9238795325112868,-0.47101188121941,-0.8821268660176678,5
2020-08-21,0.0,809.0,32.0,True,False,True,0.0,26.02916666666667,17.1,,,,0.0,0.0,0.0,0.0,28.079166666666666,12.4,,,0,0,8,0,18.7,17.2,130.0,130.0,-0.5548444274479993,0.8319541221304825,0.9040825496607784,0.4273578633871923,7
2020-08-21,0.5,481.0,0.0,False,False,False,0.0,26.02916666666667,17.1,,,,0.0,0.0,0.0,0.0,28.079166666666666,12.4,,,0,0,8,0,18.7,17.2,130.0,130.0,-0.5548444274479993,0.8319541221304825,0.9040825496607784,0.4273578633871923,7
2020-08-21,1.0,134.0,0.0,False,False,False,0.0,26.02916666666667,17.1,,,,0.0,0.0,0.0,0.0,28.079166666666666,12.4,,,0,0,8,0,18.7,17.2,130.0,130.0,-0.5548444274479993,0.8319541221304825,0.9040825496607784,0.4273578633871923,7
2020-09-15,0.0,262.0,32.0,False,False,False,0.7,22.14583333333333,10.1,,,,0.2,0.8000000000000302,13.100000000000042,21.50000000000001,21.59166666666667,15.2,,,0,0,9,0,,,96.0,71.0,0.980614658546613,-0.1959461442425175,0.2436150117860224,-0.9698720152847468,0
2020-09-15,0.5,2098.0,1307.0,True,True,True,0.7,22.14583333333333,10.1,,,,0.2,0.8000000000000302,13.100000000000042,21.50000000000001,21.59166666666667,15.2,,,0,0,9,0,,,96.0,71.0,0.980614658546613,-0.1959461442425175,0.2436150117860224,-0.9698720152847468,0
2020-09-15,1.0,132.0,26.0,False,False,False,0.7,22.14583333333333,10.1,,,,0.2,0.8000000000000302,13.100000000000042,21.50000000000001,21.59166666666667,15.2,,,0,0,9,0,,,96.0,71.0,0.980614658546613,-0.1959461442425175,0.2436150117860224,-0.9698720152847468,0
2021-06-08,0.0,0.0,5.0,False,False,False,0.0,22.2,11.8,0.0,2021.0,4859.799999999999,0.0,0.0,0.0,13.500000000000009,22.120833333333334,16.4,4621.0,4859.799999999999,0,0,6,0,15.4,15.2,91.0,77.0,0.5962248749656158,0.8028174751911146,0.1460830285624119,-0.9892723329629882,4
2021-06-08,0.5,1296.0,315.0,True,True,True,0.0,22.2,11.8,0.0,2021.0,4859.799999999999,0.0,0.0,0.0,13.500000000000009,22.120833333333334,16.4,4621.0,4859.799999999999,0,0,6,0,15.4,15.2,91.0,77.0,0.5962248749656158,0.8028174751911146,0.1460830285624119,-0.9892723329629882,4
2021-06-08,1.0,0.0,0.0,False,False,False,0.0,22.2,11.8,0.0,2021.0,4859.799999999999,0.0,0.0,0.0,13.500000000000009,22.120833333333334,16.4,4621.0,4859.799999999999,0,0,6,0,15.4,15.2,91.0,77.0,0.5962248749656158,0.8028174751911146,0.1460830285624119,-0.9892723329629882,4
2021-07-15,0.0,2613.0,153.0,True,True,True,1.5,26.979166666666668,11.2,,,,1.7,3.6000000000000423,7.300000000000021,8.800000000000017,27.191666666666663,15.2,4790.0,4859.799999999999,0,0,7,0,17.6,17.5,95.0,97.0,-0.1959461442425177,-0.980614658546613,-0.7727335734973511,-0.6347305132022676,0
2021-07-15,0.5,2359.0,54.0,True,False,True,1.5,26.979166666666668,11.2,,,,1.7,3.6000000000000423,7.300000000000021,8.800000000000017,27.191666666666663,15.2,4790.0,4859.799999999999,0,0,7,0,17.6,17.5,95.0,97.0,-0.1959461442425177,-0.980614658546613,-0.7727335734973511,-0.6347305132022676,0
2021-07-15,1.0,2755.0,55.0,True,False,True,1.5,26.979166666666668,11.2,,,,1.7,3.6000000000000423,7.300000000000021,8.800000000000017,27.191666666666663,15.2,4790.0,4859.799999999999,0,0,7,0,17.6,17.5,95.0,97.0,-0.1959461442425177,-0.980614658546613,-0.7727335734973511,-0.6347305132022676,0
2021-07-22,0.0,5172.0,49.0,True,False,True,0.0,26.554166666666664,21.6,4581.0,2021.0,4859.799999999999,0.0,0.2000000000000426,4.90000000000002,24.80000000000002,26.525,22.2,4507.0,4859.799999999999,0,0,7,0,25.9,25.8,93.0,83.0,,,,,2
2021-07-22,0.5,4611.0,36.0,True,False,True,0.0,26.554166666666664,21.6,4581.0,2021.0,4859.799999999999,0.0,0.2000000000000426,4.90000000000002,24.80000000000002,26.525,22.2,4507.0,4859.799999999999,0,0,7,0,25.9,25.8,93.0,83.0,,,,,2
2021-07-22,1.0,3076.0,78.0,True,False,True,0.0,26.554166666666664,21.6,4581.0,2021.0,4859.799999999999,0.0,0.2000000000000426,4.90000000000002,24.80000000000002,26.525,22.2,4507.0,4859.799999999999,0,0,7,0,25.9,25.8,93.0,83.0,,,,,2
2021-07-29,0.0,256.0,5.0,False,False,False,0.0,26.820833333333336,10.3,0.0,2021.0,4859.799999999999,1.0,1.300000000000043,1.3000000000000196,1.4000000000000177,26.554166666666664,14.5,,,0,0,7,0,26.3,26.0,83.0,92.0,0.9455185755993168,-0.3255681544571566,0.9998766324816606,-0.0157073173118207,1
2021-07-29,0.5,275.0,10.0,False,False,False,0.0,26.820833333333336,10.3,0.0,2021.0,4859.799999999999,1.0,1.300000000000043,1.3000000000000196,1.4000000000000177,26.554166666666664,14.5,,,0,0,7,0,26.3,26.0,83.0,92.0,0.9455185755993168,-0.3255681544571566,0.9998766324816606,-0.0157073173118207,1
2021-07-29,1.0,657.0,0.0,True,False,True,0.0,26.820833333333336,10.3,0.0,2021.0,4859.799999999999,1.0,1.300000000000043,1.3000000000000196,1.4000000000000177,26.554166666666664,14.5,,,0,0,7,0,26.3,26.0,83.0,92.0,0.9455185755993168,-0.3255681544571566,0.9998766324816606,-0.0157073173118207,1
2021-08-03,0.0,148.0,21.0,False,False,False,0.3,27.291666666666668,15.4,,,,6.1,30.100000000000044,33.40000000000002,33.40000000000002,27.9875,13.3,0.0,4859.799999999999,1,0,8,0,25.8,25.4,35.0,33.0,-0.4446351791849275,-0.8957117602394128,-0.0871557427476579,-0.9961946980917455,0
2021-08-03,0.5,52.0,31.0,False,False,False,0.3,27.291666666666668,15.4,,,,6.1,30.100000000000044,33.40000000000002,33.40000000000002,27.9875,13.3,0.0,4859.799999999999,1,0,8,0,25.8,25.4,35.0,33.0,-0.4446351791849275,-0.8957117602394128,-0.0871557427476579,-0.9961946980917455,0
2021-08-03,1.0,63.0,0.0,False,False,False,0.3,27.291666666666668,15.4,,,,6.1,30.100000000000044,33.40000000000002,33.40000000000002,27.9875,13.3,0.0,4859.799999999999,1,0,8,0,25.8,25.4,35.0,33.0,-0.4446351791849275,-0.8957117602394128,-0.0871557427476579,-0.9961946980917455,0
2021-08-31,0.0,15531.0,677.0,True,True,True,10.6,24.6625,11.0,0.0,2021.0,4859.799999999999,0.8999999999999999,4.100000000000042,5.2,10.600000000000016,25.70833333333333,7.8,0.0,4859.799999999999,0,0,8,0,24.1,22.6,32.0,45.0,0.7443115462311541,0.6678325554710466,0.9999862922474267,0.0052359638314195,0
2021-08-31,0.5,1401.0,153.0,True,True,True,10.6,24.6625,11.0,0.0,2021.0,4859.799999999999,0.8999999999999999,4.100000000000042,5.2,10.600000000000016,25.70833333333333,7.8,0.0,4859.799999999999,0,0,8,0,24.1,22.6,32.0,45.0,0.7443115462311541,0.6678325554710466,0.9999862922474267,0.0052359638314195,0
2021-08-31,1.0,8664.0,808.0,True,True,True,10.6,24.6625,11.0,0.0,2021.0,4859.799999999999,0.8999999999999999,4.100000000000042,5.2,10.600000000000016,25.70833333333333,7.8,0.0,4859.799999999999,0,0,8,0,24.1,22.6,32.0,45.0,0.7443115462311541,0.6678325554710466,0.9999862922474267,0.0052359638314195,0
2021-09-29,0.0,41.0,16.0,False,False,False,10.7,23.241666666666664,20.6,0.0,2021.0,4859.799999999999,4.7,5.800000000000043,5.800000000000001,9.200000000000006,21.7,20.0,0.0,4859.799999999999,0,0,9,0,23.5,23.4,28.0,49.0,-0.2689198206152655,-0.9631625667976582,0.5562956155003047,0.8309844692743283,0
2021-09-29,0.5,52.0,10.0,False,False,False,10.7,23.241666666666664,20.6,0.0,2021.0,4859.799999999999,4.7,5.800000000000043,5.800000000000001,9.200000000000006,21.7,20.0,0.0,4859.799999999999,0,0,9,0,23.5,23.4,28.0,49.0,-0.2689198206152655,-0.9631625667976582,0.5562956155003047,0.8309844692743283,0
2021-09-29,1.0,0.0,5.0,False,False,False,10.7,23.241666666666664,20.6,0.0,2021.0,4859.799999999999,4.7,5.800000000000043,5.800000000000001,9.200000000000006,21.7,20.0,0.0,4859.799999999999,0,0,9,0,23.5,23.4,28.0,49.0,-0.2689198206152655,-0.9631625667976582,0.5562956155003047,0.8309844692743283,0
2022-06-13,0.0,10.0,16.0,False,False,False,0.9,18.8125,26.5,,,,0.0,0.3000000000000427,0.3,1.8000000000000145,19.23333333333333,22.7,0.0,5392.8,0,0,6,0,19.3,19.3,117.0,101.0,0.7431448254773942,0.6691306063588582,0.997314477224458,0.0732381971276318,0
2022-06-13,0.5,441.0,54.0,False,False,False,0.9,18.8125,26.5,,,,0.0,0.3000000000000427,0.3,1.8000000000000145,19.23333333333333,22.7,0.0,5392.8,0,0,6,0,19.3,19.3,117.0,101.0,0.7431448254773942,0.6691306063588582,0.997314477224458,0.0732381971276318,0
2022-06-13,1.0,183.0,0.0,False,False,False,0.9,18.8125,26.5,,,,0.0,0.3000000000000427,0.3,1.8000000000000145,19.23333333333333,22.7,0.0,5392.8,0,0,6,0,19.3,19.3,117.0,101.0,0.7431448254773942,0.6691306063588582,0.997314477224458,0.0732381971276318,0
2022-07-07,0.0,211.0,10.0,False,False,False,0.9,27.258333333333336,17.9,0.0,2022.0,5392.8,4.9,10.300000000000042,10.999999999999998,11.900000000000013,25.629166666666663,8.4,,,0,0,7,0,19.7,20.7,63.0,66.0,-0.4694715627858908,-0.8829475928589269,0.5591929034707469,-0.8290375725550416,0
2022-07-07,0.5,30.0,5.0,False,False,False,0.9,27.258333333333336,17.9,0.0,2022.0,5392.8,4.9,10.300000000000042,10.999999999999998,11.900000000000013,25.629166666666663,8.4,,,0,0,7,0,19.7,20.7,63.0,66.0,-0.4694715627858908,-0.8829475928589269,0.5591929034707469,-0.8290375725550416,0
2022-07-07,1.0,41.0,0.0,False,False,False,0.9,27.258333333333336,17.9,0.0,2022.0,5392.8,4.9,10.300000000000042,10.999999999999998,11.900000000000013,25.629166666666663,8.4,,,0,0,7,0,19.7,20.7,63.0,66.0,-0.4694715627858908,-0.8829475928589269,0.5591929034707469,-0.8290375725550416,0
2022-07-20,0.0,341.0,21.0,False,False,False,1.0,26.704166666666666,16.1,,,,4.2,91.80000000000004,91.79999999999998,92.9,25.204166666666666,10.5,,,1,0,7,0,17.3,17.7,73.0,89.0,0.027921638723569,-0.9996101150403544,-0.3436596945856159,-0.9390942520947092,0
2022-07-20,0.5,341.0,10.0,False,False,False,1.0,26.704166666666666,16.1,,,,4.2,91.80000000000004,91.79999999999998,92.9,25.204166666666666,10.5,,,1,0,7,0,17.3,17.7,73.0,89.0,0.027921638723569,-0.9996101150403544,-0.3436596945856159,-0.9390942520947092,0
2022-07-20,1.0,556.0,21.0,True,False,True,1.0,26.704166666666666,16.1,,,,4.2,91.80000000000004,91.79999999999998,92.9,25.204166666666666,10.5,,,1,0,7,0,17.3,17.7,73.0,89.0,0.027921638723569,-0.9996101150403544,-0.3436596945856159,-0.9390942520947092,0
2022-07-26,0.0,31.0,5.0,False,False,False,0.0,24.791666666666668,14.8,5400.0,2022.0,5392.8,2.9,16.90000000000004,18.599999999999984,32.80000000000001,25.02083333333333,12.2,5558.0,5392.8,0,0,7,0,21.9,20.8,74.0,60.0,0.9466492601156964,0.3222656952305111,-0.989776230907789,0.1426289337055114,1
2022-07-26,0.5,97.0,10.0,False,False,False,0.0,24.791666666666668,14.8,5400.0,2022.0,5392.8,2.9,16.90000000000004,18.599999999999984,32.80000000000001,25.02083333333333,12.2,5558.0,5392.8,0,0,7,0,21.9,20.8,74.0,60.0,0.9466492601156964,0.3222656952305111,-0.989776230907789,0.1426289337055114,1
2022-07-26,1.0,826.0,91.0,True,False,True,0.0,24.791666666666668,14.8,5400.0,2022.0,5392.8,2.9,16.90000000000004,18.599999999999984,32.80000000000001,25.02083333333333,12.2,5558.0,5392.8,0,0,7,0,21.9,20.8,74.0,60.0,0.9466492601156964,0.3222656952305111,-0.989776230907789,0.1426289337055114,1
2022-08-03,0.0,393.0,26.0,False,False,False,2.4000000000000004,27.575,23.1,0.0,2022.0,5392.8,13.5,17.90000000000004,25.799999999999983,27.900000000000013,26.704166666666666,27.8,0.0,5392.8,1,0,8,0,18.8,21.7,89.0,86.0,-0.5195191118795094,-0.8544588301328073,-0.698415285431006,-0.7156927337037358,0
2022-08-03,0.5,63.0,16.0,False,False,False,2.4000000000000004,27.575,23.1,0.0,2022.0,5392.8,13.5,17.90000000000004,25.799999999999983,27.900000000000013,26.704166666666666,27.8,0.0,5392.8,1,0,8,0,18.8,21.7,89.0,86.0,-0.5195191118795094,-0.8544588301328073,-0.698415285431006,-0.7156927337037358,0
2022-08-03,1.0,10.0,0.0,False,False,False,2.4000000000000004,27.575,23.1,0.0,2022.0,5392.8,13.5,17.90000000000004,25.799999999999983,27.900000000000013,26.704166666666666,27.8,0.0,5392.8,1,0,8,0,18.8,21.7,89.0,86.0,-0.5195191118795094,-0.8544588301328073,-0.698415285431006,-0.7156927337037358,0
2022-08-09,0.0,109.0,5.0,False,False,False,0.0,28.166666666666668,25.4,0.0,2022.0,5392.8,0.0,0.9000000000000427,2.499999999999986,7.800000000000014,28.925,24.0,,,0,0,8,0,13.5,14.5,75.0,60.0,-0.999194395114446,-0.04013179253256,-0.9998766324816606,0.0157073173118204,2
2022-08-09,0.5,41.0,0.0,False,False,False,0.0,28.166666666666668,25.4,0.0,2022.0,5392.8,0.0,0.9000000000000427,2.499999999999986,7.800000000000014,28.925,24.0,,,0,0,8,0,13.5,14.5,75.0,60.0,-0.999194395114446,-0.04013179253256,-0.9998766324816606,0.0157073173118204,2
2022-08-09,1.0,0.0,0.0,False,False,False,0.0,28.166666666666668,25.4,0.0,2022.0,5392.8,0.0,0.9000000000000427,2.499999999999986,7.800000000000014,28.925,24.0,,,0,0,8,0,13.5,14.5,75.0,60.0,-0.999194395114446,-0.04013179253256,-0.9998766324816606,0.0157073173118204,2
2022-08-16,0.0,106.0,49.0,False,False,False,15.6,26.84166666666667,25.6,,,,0.6000000000000001,3.4000000000000425,6.899999999999986,15.300000000000011,28.98333333333333,29.8,5464.0,5392.8,0,0,8,0,13.3,14.0,107.0,117.0,-0.9964928592495044,0.0836778433323154,-0.9329535348254888,-0.3599968081200515,0
2022-08-16,0.5,345.0,136.0,False,True,True,15.6,26.84166666666667,25.6,,,,0.6000000000000001,3.4000000000000425,6.899999999999986,15.300000000000011,28.98333333333333,29.8,5464.0,5392.8,0,0,8,0,13.3,14.0,107.0,117.0,-0.9964928592495044,0.0836778433323154,-0.9329535348254888,-0.3599968081200515,0
2022-08-16,1.0,422.0,141.0,False,True,True,15.6,26.84166666666667,25.6,,,,0.6000000000000001,3.4000000000000425,6.899999999999986,15.300000000000011,28.98333333333333,29.8,5464.0,5392.8,0,0,8,0,13.3,14.0,107.0,117.0,-0.9964928592495044,0.0836778433323154,-0.9329535348254888,-0.3599968081200515,0
2022-08-30,0.0,324.0,42.0,False,False,False,7.7,22.9,17.4,0.0,2022.0,5392.8,0.0,0.0,0.0,0.1000000000000142,23.39583333333333,16.2,,,0,0,8,0,25.1,24.6,118.0,112.0,0.7169106076504828,0.6971651028545646,0.5210096318405764,0.8535507972753275,0
2022-08-30,0.5,1178.0,55.0,True,False,True,7.7,22.9,17.4,0.0,2022.0,5392.8,0.0,0.0,0.0,0.1000000000000142,23.39583333333333,16.2,,,0,0,8,0,25.1,24.6,118.0,112.0,0.7169106076504828,0.6971651028545646,0.5210096318405764,0.8535507972753275,0
2022-08-30,1.0,452.0,38.0,False,False,False,7.7,22.9,17.4,0.0,2022.0,5392.8,0.0,0.0,0.0,0.1000000000000142,23.39583333333333,16.2,,,0,0,8,0,25.1,24.6,118.0,112.0,0.7169106076504828,0.6971651028545646,0.5210096318405764,0.8535507972753275,0
2022-09-26,0.0,262.0,66.0,False,False,False,0.3,20.23333333333333,12.6,,,,0.2,0.2000000000000426,0.2,0.2000000000000142,19.775,16.6,0.0,5392.8,0,0,9,0,,,114.0,108.0,0.9993283937786562,0.0366437087065562,0.5934188866037015,0.8048937973559142,0
2022-09-26,0.5,798.0,445.0,True,True,True,0.3,20.23333333333333,12.6,,,,0.2,0.2000000000000426,0.2,0.2000000000000142,19.775,16.6,0.0,5392.8,0,0,9,0,,,114.0,108.0,0.9993283937786562,0.0366437087065562,0.5934188866037015,0.8048937973559142,0
2022-09-26,1.0,98.0,0.0,False,False,False,0.3,20.23333333333333,12.6,,,,0.2,0.2000000000000426,0.2,0.2000000000000142,19.775,16.6,0.0,5392.8,0,0,9,0,,,114.0,108.0,0.9993283937786562,0.0366437087065562,0.5934188866037015,0.8048937973559142,0
2023-06-07,0.0,0.0,0.0,False,False,False,0.0,20.883333333333333,14.6,6480.0,2023.0,7298.2,0.0,0.0,0.0,6.100000000000029,19.775,14.7,6443.0,7298.2,0,0,6,0,16.1,16.4,107.0,117.0,-0.5269557954966775,-0.849892692986864,-0.1564344650402307,-0.9876883405951378,4
2023-06-07,0.5,1658.0,930.0,True,True,True,0.0,20.883333333333333,14.6,6480.0,2023.0,7298.2,0.0,0.0,0.0,6.100000000000029,19.775,14.7,6443.0,7298.2,0,0,6,0,16.1,16.4,107.0,117.0,-0.5269557954966775,-0.849892692986864,-0.1564344650402307,-0.9876883405951378,4
2023-06-07,1.0,0.0,5.0,False,False,False,0.0,20.883333333333333,14.6,6480.0,2023.0,7298.2,0.0,0.0,0.0,6.100000000000029,19.775,14.7,6443.0,7298.2,0,0,6,0,16.1,16.4,107.0,117.0,-0.5269557954966775,-0.849892692986864,-0.1564344650402307,-0.9876883405951378,4
2023-07-04,0.0,269.0,151.0,False,True,True,16.4,23.33333333333333,11.1,6586.0,2023.0,7298.2,0.6,0.6000000000000355,0.8999999999999965,26.60000000000003,23.954166666666666,11.5,6733.0,7298.2,0,0,7,0,18.8,18.1,115.0,109.0,-0.0819385086300405,-0.9966373868180366,0.9976842788356052,0.0680152906652482,0
2023-07-04,0.5,345.0,155.0,False,True,True,16.4,23.33333333333333,11.1,6586.0,2023.0,7298.2,0.6,0.6000000000000355,0.8999999999999965,26.60000000000003,23.954166666666666,11.5,6733.0,7298.2,0,0,7,0,18.8,18.1,115.0,109.0,-0.0819385086300405,-0.9966373868180366,0.9976842788356052,0.0680152906652482,0
2023-07-19,0.0,3130.0,2053.0,True,True,True,17.1,23.758333333333336,19.3,,,,57.3,63.20000000000004,87.6,114.70000000000005,24.579166666666666,20.1,,,1,0,7,0,14.4,14.2,100.0,100.0,0.9993908270190958,0.034899496702501,-0.6454576877239504,-0.7637960286346424,0
2023-07-19,0.5,4106.0,2442.0,True,True,True,17.1,23.758333333333336,19.3,,,,57.3,63.20000000000004,87.6,114.70000000000005,24.579166666666666,20.1,,,1,0,7,0,14.4,14.2,100.0,100.0,0.9993908270190958,0.034899496702501,-0.6454576877239504,-0.7637960286346424,0
2023-07-27,0.0,6488.0,3635.0,True,True,True,0.0,27.541666666666668,11.0,6916.0,2023.0,7298.2,1.7,2.9000000000000354,6.6,18.50000000000003,26.604166666666668,12.4,7335.0,7298.2,0,0,7,0,13.9,14.2,41.0,53.0,-0.356737999319625,-0.9342044743210296,-0.4257792915650722,-0.9048270524660196,1
2023-07-27,0.5,6867.0,5600.0,True,True,True,0.0,27.541666666666668,11.0,6916.0,2023.0,7298.2,1.7,2.9000000000000354,6.6,18.50000000000003,26.604166666666668,12.4,7335.0,7298.2,0,0,7,0,13.9,14.2,41.0,53.0,-0.356737999319625,-0.9342044743210296,-0.4257792915650722,-0.9048270524660196,1
2023-08-01,0.0,4352.0,230.0,True,True,True,0.0,27.725,11.7,6908.0,2023.0,7298.2,0.0,0.1000000000000355,0.1,0.1000000000000284,28.0125,11.8,6866.0,7298.2,0,0,8,0,17.8,17.4,110.0,100.0,0.9360595357389734,-0.3518416484047016,-0.3123349185122322,-0.9499720515246526,2
2023-08-01,0.5,862.0,196.0,True,True,True,0.0,27.725,11.7,6908.0,2023.0,7298.2,0.0,0.1000000000000355,0.1,0.1000000000000284,28.0125,11.8,6866.0,7298.2,0,0,8,0,17.8,17.4,110.0,100.0,0.9360595357389734,-0.3518416484047016,-0.3123349185122322,-0.9499720515246526,2
2023-08-08,0.0,96.0,73.0,False,False,False,0.0,27.7375,31.2,6657.0,2023.0,7298.2,0.0,0.1000000000000355,0.1,0.1000000000000284,28.73333333333333,25.7,7031.0,7298.2,0,0,8,0,,,66.0,88.0,0.971134279909636,0.2385334575785808,0.9552783621223436,-0.2957080500440466,2
2023-08-08,0.5,158.0,157.0,False,True,True,0.0,27.7375,31.2,6657.0,2023.0,7298.2,0.0,0.1000000000000355,0.1,0.1000000000000284,28.73333333333333,25.7,7031.0,7298.2,0,0,8,0,,,66.0,88.0,0.971134279909636,0.2385334575785808,0.9552783621223436,-0.2957080500440466,2
2023-08-16,0.0,571.0,260.0,True,True,True,1.0,25.17083333333333,10.1,6846.0,2023.0,7298.2,0.0,0.0,0.0,2.9000000000000288,26.02083333333333,25.9,7519.0,7298.2,0,0,8,0,26.5,26.3,98.0,94.0,0.7738402097265062,0.6333808726275502,0.7325428987873788,0.6807208689589178,0
2023-08-16,0.5,243.0,144.0,False,True,True,1.0,25.17083333333333,10.1,6846.0,2023.0,7298.2,0.0,0.0,0.0,2.9000000000000288,26.02083333333333,25.9,7519.0,7298.2,0,0,8,0,26.5,26.3,98.0,94.0,0.7738402097265062,0.6333808726275502,0.7325428987873788,0.6807208689589178,0
2023-08-23,0.0,565.0,61.0,True,False,True,2.2,27.7625,19.1,6583.0,2023.0,7298.2,2.6,2.7000000000000286,6.8,35.90000000000003,27.53333333333333,17.8,,,0,0,8,0,24.6,24.8,71.0,81.0,-0.1702094991660329,-0.98540789848349,-0.1184039683065009,-0.9929655081065368,0
2023-08-23,0.5,10.0,10.0,False,False,False,2.2,27.7625,19.1,6583.0,2023.0,7298.2,2.6,2.7000000000000286,6.8,35.90000000000003,27.53333333333333,17.8,,,0,0,8,0,24.6,24.8,71.0,81.0,-0.1702094991660329,-0.98540789848349,-0.1184039683065009,-0.9929655081065368,0
2023-08-28,0.0,3282.0,382.0,True,True,True,0.6000000000000001,26.004166666666663,21.6,5696.0,2023.0,7298.2,0.1,0.1000000000000284,0.3,49.10000000000003,25.7875,20.1,6125.0,7298.2,0,0,8,0,25.9,25.5,78.0,58.0,0.6279630576493378,0.778243148526021,0.9998766324816606,0.0157073173118208,0
2023-08-28,0.5,3654.0,456.0,True,True,True,0.6000000000000001,26.004166666666663,21.6,5696.0,2023.0,7298.2,0.1,0.1000000000000284,0.3,49.10000000000003,25.7875,20.1,6125.0,7298.2,0,0,8,0,25.9,25.5,78.0,58.0,0.6279630576493378,0.778243148526021,0.9998766324816606,0.0157073173118208,0
2023-09-06,0.0,581.0,93.0,True,False,True,0.8999999999999999,25.325,27.5,5972.0,2023.0,7298.2,0.0,0.8000000000000285,1.0,151.60000000000002,25.65,27.2,6149.0,7298.2,0,0,9,0,26.2,25.7,63.0,87.0,0.4725507648690539,0.8813034520649923,0.6768759696826607,0.7360970871197343,0
2023-09-06,0.5,404.0,77.0,False,False,False,0.8999999999999999,25.325,27.5,5972.0,2023.0,7298.2,0.0,0.8000000000000285,1.0,151.60000000000002,25.65,27.2,6149.0,7298.2,0,0,9,0,26.2,25.7,63.0,87.0,0.4725507648690539,0.8813034520649923,0.6768759696826607,0.7360970871197343,0
2023-09-12,0.0,1529.0,78.0,True,False,True,0.5,24.875,8.9,5647.0,2023.0,7298.2,1.5,1.5000000000000284,1.5,3.1000000000000143,24.3375,12.3,5938.0,7298.2,0,0,9,0,26.5,26.4,79.0,64.0,0.4878596591387326,-0.8729220772698097,0.9882283814465528,-0.152985836284038,0
2023-09-12,0.5,1670.0,84.0,True,False,True,0.5,24.875,8.9,5647.0,2023.0,7298.2,1.5,1.5000000000000284,1.5,3.1000000000000143,24.3375,12.3,5938.0,7298.2,0,0,9,0,26.5,26.4,79.0,64.0,0.4878596591387326,-0.8729220772698097,0.9882283814465528,-0.152985836284038,0
2023-10-06,0.0,10.0,5.0,False,False,False,0.0,16.195833333333333,9.0,6554.0,2023.0,7298.2,0.0,0.0,0.0,0.0,16.820833333333333,18.4,6462.0,7298.2,0,0,10,0,22.8,22.6,44.0,65.0,0.9914448613738104,0.1305261922200517,-0.8443279255020155,0.535826794978996,6
2023-10-06,0.5,10.0,5.0,False,False,False,0.0,16.195833333333333,9.0,6554.0,2023.0,7298.2,0.0,0.0,0.0,0.0,16.820833333333333,18.4,6462.0,7298.2,0,0,10,0,22.8,22.6,44.0,65.0,0.9914448613738104,0.1305261922200517,-0.8443279255020155,0.535826794978996,6
2024-06-07,0.0,0.0,0.0,False,False,False,0.0,21.0,13.0,6867.0,2024.0,8540.7,0.0,0.0,0.0,3.4000000000000075,19.516666666666666,10.4,7025.0,8540.7,0,0,6,0,18.0,18.4,110.0,111.0,-0.5313985795180826,-0.8471219213821374,0.9997014897811832,-0.0244321781526531,4
2024-06-07,0.5,0.0,0.0,False,False,False,0.0,21.0,13.0,6867.0,2024.0,8540.7,0.0,0.0,0.0,3.4000000000000075,19.516666666666666,10.4,7025.0,8540.7,0,0,6,0,18.0,18.4,110.0,111.0,-0.5313985795180826,-0.8471219213821374,0.9997014897811832,-0.0244321781526531,4
2024-06-07,1.0,0.0,0.0,False,False,False,0.0,21.0,13.0,6867.0,2024.0,8540.7,0.0,0.0,0.0,3.4000000000000075,19.516666666666666,10.4,7025.0,8540.7,0,0,6,0,18.0,18.4,110.0,111.0,-0.5313985795180826,-0.8471219213821374,0.9997014897811832,-0.0244321781526531,4
2024-07-18,0.0,63.0,49.0,False,False,False,7.7,25.104166666666668,28.1,,,,1.2,19.10000000000004,38.80000000000001,67.9,25.775,26.3,,,1,0,7,0,15.8,16.8,62.0,47.0,-0.661311865323652,-0.7501110696304594,-0.8642748019537045,-0.5030199466302353,0
2024-07-18,0.5,31.0,0.0,False,False,False,7.7,25.104166666666668,28.1,,,,1.2,19.10000000000004,38.80000000000001,67.9,25.775,26.3,,,1,0,7,0,15.8,16.8,62.0,47.0,-0.661311865323652,-0.7501110696304594,-0.8642748019537045,-0.5030199466302353,0
2024-07-18,1.0,52.0,43.0,False,False,False,7.7,25.104166666666668,28.1,,,,1.2,19.10000000000004,38.80000000000001,67.9,25.775,26.3,,,1,0,7,0,15.8,16.8,62.0,47.0,-0.661311865323652,-0.7501110696304594,-0.8642748019537045,-0.5030199466302353,0
2024-07-31,0.0,0.0,0.0,False,False,False,0.0,29.23333333333333,16.7,,,,0.0,0.0,0.3000000000000133,8.800000000000015,29.429166666666664,15.1,,,0,0,7,0,13.8,14.3,52.0,49.0,-0.2215484976194675,-0.9751493543055632,-0.9945218953682734,0.1045284632676529,3
2024-07-31,0.5,0.0,0.0,False,False,False,0.0,29.23333333333333,16.7,,,,0.0,0.0,0.3000000000000133,8.800000000000015,29.429166666666664,15.1,,,0,0,7,0,13.8,14.3,52.0,49.0,-0.2215484976194675,-0.9751493543055632,-0.9945218953682734,0.1045284632676529,3
2024-07-31,1.0,0.0,0.0,False,False,False,0.0,29.23333333333333,16.7,,,,0.0,0.0,0.3000000000000133,8.800000000000015,29.429166666666664,15.1,,,0,0,7,0,13.8,14.3,52.0,49.0,-0.2215484976194675,-0.9751493543055632,-0.9945218953682734,0.1045284632676529,3
2024-08-14,0.0,0.0,0.0,False,False,False,0.6000000000000001,27.34583333333333,19.7,,,,0.0,0.0,0.0,2.3000000000000145,27.2625,21.5,,,0,0,8,0,28.9,28.3,35.0,40.0,0.9996573249755571,-0.026176948307873,0.9884938868086836,-0.1512608202472192,0
2024-08-14,0.5,0.0,5.0,False,False,False,0.6000000000000001,27.34583333333333,19.7,,,,0.0,0.0,0.0,2.3000000000000145,27.2625,21.5,,,0,0,8,0,28.9,28.3,35.0,40.0,0.9996573249755571,-0.026176948307873,0.9884938868086836,-0.1512608202472192,0
2024-08-14,1.0,0.0,0.0,False,False,False,0.6000000000000001,27.34583333333333,19.7,,,,0.0,0.0,0.0,2.3000000000000145,27.2625,21.5,,,0,0,8,0,28.9,28.3,35.0,40.0,0.9996573249755571,-0.026176948307873,0.9884938868086836,-0.1512608202472192,0
2024-08-27,0.0,504.0,80.0,True,False,True,6.6000000000000005,25.55,24.0,,,,0.0,0.0,0.2000000000000177,6.700000000000011,27.4875,10.8,,,0,0,8,0,18.3,14.9,43.0,62.0,0.7771459614569709,0.6293203910498375,0.9964928592495044,0.0836778433323154,0
2024-08-27,0.5,479.0,72.0,False,False,False,6.6000000000000005,25.55,24.0,,,,0.0,0.0,0.2000000000000177,6.700000000000011,27.4875,10.8,,,0,0,8,0,18.3,14.9,43.0,62.0,0.7771459614569709,0.6293203910498375,0.9964928592495044,0.0836778433323154,0
2024-08-27,1.0,122.0,10.0,False,False,False,6.6000000000000005,25.55,24.0,,,,0.0,0.0,0.2000000000000177,6.700000000000011,27.4875,10.8,,,0,0,8,0,18.3,14.9,43.0,62.0,0.7771459614569709,0.6293203910498375,0.9964928592495044,0.0836778433323154,0
2024-09-20,0.0,488.0,55.0,False,False,False,24.0,26.729166666666668,23.6,,,,0.0,0.0,0.2000000000000213,20.50000000000001,27.7125,11.8,,,0,0,9,0,26.4,26.8,140.0,137.0,-0.5000000000000001,-0.8660254037844386,-0.938493022759556,0.3452981989985347,0
2024-09-20,0.5,754.0,322.0,True,True,True,24.0,26.729166666666668,23.6,,,,0.0,0.0,0.2000000000000213,20.50000000000001,27.7125,11.8,,,0,0,9,0,26.4,26.8,140.0,137.0,-0.5000000000000001,-0.8660254037844386,-0.938493022759556,0.3452981989985347,0
2024-09-20,1.0,173.0,15.0,False,False,False,24.0,26.729166666666668,23.6,,,,0.0,0.0,0.2000000000000213,20.50000000000001,27.7125,11.8,,,0,0,9,0,26.4,26.8,140.0,137.0,-0.5000000000000001,-0.8660254037844386,-0.938493022759556,0.3452981989985347,0
2025-06-13,0.0,146.0,5.0,False,False,False,5.4,19.8375,7.8,,,,0.0,0.0,0.0,0.0,21.225,12.0,,,0,0,6,0,15.4,15.6,93.0,92.0,0.6441236297613865,0.7649214009184319,0.6045991148623746,-0.7965299180241965,0
2025-06-13,0.5,95.0,5.0,False,False,False,5.4,19.8375,7.8,,,,0.0,0.0,0.0,0.0,21.225,12.0,,,0,0,6,0,15.4,15.6,93.0,92.0,0.6441236297613865,0.7649214009184319,0.6045991148623746,-0.7965299180241965,0
2025-06-13,1.0,86.0,5.0,False,False,False,5.4,19.8375,7.8,,,,0.0,0.0,0.0,0.0,21.225,12.0,,,0,0,6,0,15.4,15.6,93.0,92.0,0.6441236297613865,0.7649214009184319,0.6045991148623746,-0.7965299180241965,0
2025-07-03,0.0,0.0,5.0,False,False,False,0.0,28.816666666666663,18.7,,,,0.0,0.0,0.0,0.0,28.8,17.5,,,0,0,7,0,13.7,14.1,51.0,66.0,-0.0401317925325597,-0.999194395114446,-0.5431744499506708,-0.8396198645344132,8
2025-07-03,0.5,0.0,0.0,False,False,False,0.0,28.816666666666663,18.7,,,,0.0,0.0,0.0,0.0,28.8,17.5,,,0,0,7,0,13.7,14.1,51.0,66.0,-0.0401317925325597,-0.999194395114446,-0.5431744499506708,-0.8396198645344132,8
2025-07-03,1.0,0.0,0.0,False,False,False,0.0,28.816666666666663,18.7,,,,0.0,0.0,0.0,0.0,28.8,17.5,,,0,0,7,0,13.7,14.1,51.0,66.0,-0.0401317925325597,-0.999194395114446,-0.5431744499506708,-0.8396198645344132,8
2025-07-17,0.0,465.0,55.0,False,False,False,16.2,25.625,19.7,,,,3.0,5.6000000000000565,57.20000000000003,82.70000000000003,24.84166666666667,20.3,,,1,0,7,0,19.7,21.4,86.0,96.0,-0.1495353434437094,-0.988756381047006,0.3987490689252461,-0.917060074385124,0
2025-07-17,0.5,339.0,114.0,False,True,True,16.2,25.625,19.7,,,,3.0,5.6000000000000565,57.20000000000003,82.70000000000003,24.84166666666667,20.3,,,1,0,7,0,19.7,21.4,86.0,96.0,-0.1495353434437094,-0.988756381047006,0.3987490689252461,-0.917060074385124,0
2025-07-17,1.0,683.0,123.0,True,True,True,16.2,25.625,19.7,,,,3.0,5.6000000000000565,57.20000000000003,82.70000000000003,24.84166666666667,20.3,,,1,0,7,0,19.7,21.4,86.0,96.0,-0.1495353434437094,-0.988756381047006,0.3987490689252461,-0.917060074385124,0
2025-07-22,0.0,31.0,26.0,False,False,False,0.3,27.808333333333334,11.6,7484.0,2025.0,8725.25,1.4,1.4000000000000568,24.800000000000026,62.80000000000003,27.2,17.5,,,1,0,7,0,18.1,18.9,79.0,63.0,0.6360782202777638,-0.77162458338772,0.6293203910498374,-0.7771459614569709,0
2025-07-22,0.5,41.0,66.0,False,False,False,0.3,27.808333333333334,11.6,7484.0,2025.0,8725.25,1.4,1.4000000000000568,24.800000000000026,62.80000000000003,27.2,17.5,,,1,0,7,0,18.1,18.9,79.0,63.0,0.6360782202777638,-0.77162458338772,0.6293203910498374,-0.7771459614569709,0
2025-07-22,1.0,110.0,54.0,False,False,False,0.3,27.808333333333334,11.6,7484.0,2025.0,8725.25,1.4,1.4000000000000568,24.800000000000026,62.80000000000003,27.2,17.5,,,1,0,7,0,18.1,18.9,79.0,63.0,0.6360782202777638,-0.77162458338772,0.6293203910498374,-0.7771459614569709,0
2025-07-30,0.0,31.0,10.0,False,False,False,0.0,27.65833333333333,13.7,,,,0.0,0.0,0.0,0.2000000000000355,27.745833333333334,10.7,,,0,0,7,0,21.1,19.7,85.0,95.0,0.8737722230354652,0.4863353804234905,0.90630778703665,0.4226182617406994,5
2025-07-30,0.5,134.0,5.0,False,False,False,0.0,27.65833333333333,13.7,,,,0.0,0.0,0.0,0.2000000000000355,27.745833333333334,10.7,,,0,0,7,0,21.1,19.7,85.0,95.0,0.8737722230354652,0.4863353804234905,0.90630778703665,0.4226182617406994,5
2025-07-30,1.0,144.0,0.0,False,False,False,0.0,27.65833333333333,13.7,,,,0.0,0.0,0.0,0.2000000000000355,27.745833333333334,10.7,,,0,0,7,0,21.1,19.7,85.0,95.0,0.8737722230354652,0.4863353804234905,0.90630778703665,0.4226182617406994,5
2025-08-13,0.0,2098.0,2080.0,True,True,True,0.9,26.97083333333333,20.7,,,,45.3,82.70000000000005,148.3,185.6,22.6625,15.7,,,1,0,8,0,17.3,19.3,108.0,115.0,-0.9838850379335417,0.1788022151163497,-0.55774510897969,0.8300122850953675,0
2025-08-13,0.5,3609.0,433.0,True,True,True,0.9,26.97083333333333,20.7,,,,45.3,82.70000000000005,148.3,185.6,22.6625,15.7,,,1,0,8,0,17.3,19.3,108.0,115.0,-0.9838850379335417,0.1788022151163497,-0.55774510897969,0.8300122850953675,0
2025-08-13,1.0,1223.0,589.0,True,True,True,0.9,26.97083333333333,20.7,,,,45.3,82.70000000000005,148.3,185.6,22.6625,15.7,,,1,0,8,0,17.3,19.3,108.0,115.0,-0.9838850379335417,0.1788022151163497,-0.55774510897969,0.8300122850953675,0
2025-08-20,0.0,30.0,5.0,False,False,False,2.0,28.025,14.8,,,,0.2,0.2000000000000568,0.2000000000000293,6.100000000000029,28.166666666666668,17.4,,,0,0,8,0,16.3,16.7,73.0,58.0,0.0348994967025011,-0.9993908270190958,-0.0401317925325597,-0.999194395114446,0
2025-08-20,0.5,10.0,21.0,False,False,False,2.0,28.025,14.8,,,,0.2,0.2000000000000568,0.2000000000000293,6.100000000000029,28.166666666666668,17.4,,,0,0,8,0,16.3,16.7,73.0,58.0,0.0348994967025011,-0.9993908270190958,-0.0401317925325597,-0.999194395114446,0
2025-08-20,1.0,10.0,16.0,False,False,False,2.0,28.025,14.8,,,,0.2,0.2000000000000568,0.2000000000000293,6.100000000000029,28.166666666666668,17.4,,,0,0,8,0,16.3,16.7,73.0,58.0,0.0348994967025011,-0.9993908270190958,-0.0401317925325597,-0.999194395114446,0
2025-08-26,0.5,96.0,26.0,False,False,False,1.4,28.433333333333334,22.9,,,,0.3,1.000000000000057,1.1000000000000294,1.4000000000000292,28.77916666666667,18.8,5333.0,8725.25,0,0,8,0,12.5,13.3,111.0,114.0,-0.0697564737441252,-0.9975640502598242,0.0087265354983739,-0.9999619230641712,0
2025-08-26,1.0,250.0,54.0,False,False,False,1.4,28.433333333333334,22.9,,,,0.3,1.000000000000057,1.1000000000000294,1.4000000000000292,28.77916666666667,18.8,5333.0,8725.25,0,0,8,0,12.5,13.3,111.0,114.0,-0.0697564737441252,-0.9975640502598242,0.0087265354983739,-0.9999619230641712,0
2025-09-25,0.0,0.0,53.0,False,False,False,11.6,24.2,10.3,5652.0,2025.0,8725.25,1.3,1.3000000000000569,2.1000000000000285,10.000000000000028,24.504166666666663,17.6,5944.0,8725.25,0,0,9,0,24.3,24.0,96.0,101.0,-0.8987940462991668,-0.4383711467890777,0.8396198645344131,-0.5431744499506708,0
2025-09-25,0.5,0.0,42.0,False,False,False,11.6,24.2,10.3,5652.0,2025.0,8725.25,1.3,1.3000000000000569,2.1000000000000285,10.000000000000028,24.504166666666663,17.6,5944.0,8725.25,0,0,9,0,24.3,24.0,96.0,101.0,-0.8987940462991668,-0.4383711467890777,0.8396198645344131,-0.5431744499506708,0
2025-09-25,1.0,30.0,10.0,False,False,False,11.6,24.2,10.3,5652.0,2025.0,8725.25,1.3,1.3000000000000569,2.1000000000000285,10.000000000000028,24.504166666666663,17.6,5944.0,8725.25,0,0,9,0,24.3,24.0,96.0,101.0,-0.8987940462991668,-0.4383711467890777,0.8396198645344131,-0.5431744499506708,0
