date,distance_from_estuary_km,ecoli_max,enterococcus_max,ecoli_exceed,enterococcus_exceed,any_exceed,precip_daily,temp_daily,wind_max,gijang_discharge_m3_day,year,discharge_95th_thresh,precip_1d_lag,precip_2d_sum_lag,precip_3d_sum_lag,precip_5d_sum_lag,temp_1d_lag,wind_max_1d_lag,gijang_discharge_1d_lag,gijang_thresh_1d_lag,CSO_Flag_Rain,Dual_CSO_Flag
2014-05-13,0.0,4.0,13.0,False,False,False,0.0,19.212500000000002,20.1,,,,52.0,52.9,52.9,56.2,18.683333333333334,34.6,,,1,0
2014-05-13,0.5,10.0,6.0,False,False,False,0.0,19.212500000000002,20.1,,,,52.0,52.9,52.9,56.2,18.683333333333334,34.6,,,1,0
2014-05-13,1.0,6.0,24.0,False,False,False,0.0,19.212500000000002,20.1,,,,52.0,52.9,52.9,56.2,18.683333333333334,34.6,,,1,0
2014-07-01,0.0,244.0,85.0,False,False,False,0.2,23.90833333333333,13.8,,,,0.5,0.7,1.0,1.0,23.133333333333336,12.9,,,0,0
2014-07-01,0.5,107.0,45.0,False,False,False,0.2,23.90833333333333,13.8,,,,0.5,0.7,1.0,1.0,23.133333333333336,12.9,,,0,0
2014-07-01,1.0,5.0,15.0,False,False,False,0.2,23.90833333333333,13.8,,,,0.5,0.7,1.0,1.0,23.133333333333336,12.9,,,0,0
2014-07-15,0.0,112.0,5.0,False,False,False,2.8,23.40416666666667,12.1,,,,0.0,31.7,31.7,33.9,24.78333333333333,17.5,,,1,0
2014-07-15,0.5,107.0,5.0,False,False,False,2.8,23.40416666666667,12.1,,,,0.0,31.7,31.7,33.9,24.78333333333333,17.5,,,1,0
2014-07-15,1.0,5.0,5.0,False,False,False,2.8,23.40416666666667,12.1,,,,0.0,31.7,31.7,33.9,24.78333333333333,17.5,,,1,0
2014-07-22,0.0,1.0,26.0,False,False,False,0.0,25.34166666666667,21.8,,,,0.0,1.0,11.100000000000001,34.5,25.141666666666666,14.7,,,0,0
2014-07-22,0.5,41.0,1.0,False,False,False,0.0,25.34166666666667,21.8,,,,0.0,1.0,11.100000000000001,34.5,25.141666666666666,14.7,,,0,0
2014-07-22,1.0,1.0,1.0,False,False,False,0.0,25.34166666666667,21.8,,,,0.0,1.0,11.100000000000001,34.5,25.141666666666666,14.7,,,0,0
2014-07-29,0.0,20.0,1.0,False,False,False,0.7000000000000001,25.09583333333333,12.3,,,,0.2,0.2,1.8,3.7,23.34583333333333,10.6,,,0,0
2014-07-29,0.5,130.0,1.0,False,False,False,0.7000000000000001,25.09583333333333,12.3,,,,0.2,0.2,1.8,3.7,23.34583333333333,10.6,,,0,0
2014-07-29,1.0,120.0,5.0,False,False,False,0.7000000000000001,25.09583333333333,12.3,,,,0.2,0.2,1.8,3.7,23.34583333333333,10.6,,,0,0
2014-08-12,0.0,42.0,10.0,False,False,False,0.0,24.945833333333336,14.3,,,,1.6,4.399999999999986,5.300000000000001,10.200000000000001,24.21666666666667,13.6,,,0,0
2014-08-12,0.5,49.0,1.0,False,False,False,0.0,24.945833333333336,14.3,,,,1.6,4.399999999999986,5.300000000000001,10.200000000000001,24.21666666666667,13.6,,,0,0
2014-08-12,1.0,470.0,42.0,False,False,False,0.0,24.945833333333336,14.3,,,,1.6,4.399999999999986,5.300000000000001,10.200000000000001,24.21666666666667,13.6,,,0,0
2014-09-21,0.0,140.0,42.0,False,False,False,0.0,21.287499999999998,12.6,,,,0.0,0.0,0.6000000000000036,2.8,21.154166666666665,17.0,,,0,0
2014-09-21,0.5,260.0,32.0,False,False,False,0.0,21.287499999999998,12.6,,,,0.0,0.0,0.6000000000000036,2.8,21.154166666666665,17.0,,,0,0
2014-09-21,1.0,320.0,73.0,False,False,False,0.0,21.287499999999998,12.6,,,,0.0,0.0,0.6000000000000036,2.8,21.154166666666665,17.0,,,0,0
2015-05-06,0.0,10.0,5.0,False,False,False,0.0,15.133333333333333,11.3,,,,0.0,0.0999999999999858,27.199999999999996,27.199999999999996,15.137500000000001,18.2,,,1,0
2015-05-06,0.5,10.0,5.0,False,False,False,0.0,15.133333333333333,11.3,,,,0.0,0.0999999999999858,27.199999999999996,27.199999999999996,15.137500000000001,18.2,,,1,0
2015-05-06,1.0,10.0,5.0,False,False,False,0.0,15.133333333333333,11.3,,,,0.0,0.0999999999999858,27.199999999999996,27.199999999999996,15.137500000000001,18.2,,,1,0
2015-07-02,0.0,52.0,37.0,False,False,False,0.0,21.75,16.3,,,,2.4000000000000004,42.09999999999999,42.099999999999994,42.29999999999999,22.070833333333336,20.4,,,1,0
2015-07-02,0.5,480.0,93.0,False,False,False,0.0,21.75,16.3,,,,2.4000000000000004,42.09999999999999,42.099999999999994,42.29999999999999,22.070833333333336,20.4,,,1,0
2015-07-02,1.0,200.0,1.0,False,False,False,0.0,21.75,16.3,,,,2.4000000000000004,42.09999999999999,42.099999999999994,42.29999999999999,22.070833333333336,20.4,,,1,0
2015-07-16,0.0,540.0,160.0,True,True,True,0.0,21.429166666666664,33.2,,,,0.0,0.0,5.1,82.6,23.945833333333336,23.8,,,0,0
2015-07-16,0.5,530.0,200.0,True,True,True,0.0,21.429166666666664,33.2,,,,0.0,0.0,5.1,82.6,23.945833333333336,23.8,,,0,0
2015-07-16,1.0,470.0,170.0,False,True,True,0.0,21.429166666666664,33.2,,,,0.0,0.0,5.1,82.6,23.945833333333336,23.8,,,0,0
2015-07-28,0.0,10.0,10.0,False,False,False,0.8,27.59583333333333,14.3,,,,0.2,0.2,0.2,12.6,26.974999999999998,19.1,,,0,0
2015-07-28,0.5,30.0,1.0,False,False,False,0.8,27.59583333333333,14.3,,,,0.2,0.2,0.2,12.6,26.974999999999998,19.1,,,0,0
2015-07-28,1.0,30.0,1.0,False,False,False,0.8,27.59583333333333,14.3,,,,0.2,0.2,0.2,12.6,26.974999999999998,19.1,,,0,0
2015-08-04,0.0,120.0,1.0,False,False,False,0.0,26.912499999999998,18.6,,,,0.0,0.0,0.0,0.0,26.84583333333333,19.5,,,0,0
2015-08-04,0.5,190.0,10.0,False,False,False,0.0,26.912499999999998,18.6,,,,0.0,0.0,0.0,0.0,26.84583333333333,19.5,,,0,0
2015-08-04,1.0,670.0,230.0,True,True,True,0.0,26.912499999999998,18.6,,,,0.0,0.0,0.0,0.0,26.84583333333333,19.5,,,0,0
2015-08-11,0.0,1200.0,5.0,True,False,True,1.7999999999999998,27.625,14.1,,,,0.0,0.0,0.0,0.0,28.679166666666664,14.0,,,0,0
2015-08-11,0.5,1800.0,16.0,True,False,True,1.7999999999999998,27.625,14.1,,,,0.0,0.0,0.0,0.0,28.679166666666664,14.0,,,0,0
2015-08-11,1.0,1300.0,5.0,True,False,True,1.7999999999999998,27.625,14.1,,,,0.0,0.0,0.0,0.0,28.679166666666664,14.0,,,0,0
2015-08-18,0.0,690.0,21.0,True,False,True,0.0,24.912499999999998,17.7,,,,17.7,22.9,22.9,23.4,25.104166666666668,14.6,,,1,0
2015-08-18,0.5,52.0,1.0,False,False,False,0.0,24.912499999999998,17.7,,,,17.7,22.9,22.9,23.4,25.104166666666668,14.6,,,1,0
2015-08-18,1.0,52.0,1.0,False,False,False,0.0,24.912499999999998,17.7,,,,17.7,22.9,22.9,23.4,25.104166666666668,14.6,,,1,0
2015-09-21,0.0,230.0,31.0,False,False,False,0.0,21.224999999999998,15.9,,,,0.0,0.0,2.0,37.9,20.412499999999998,7.7,,,0,0
2015-09-21,0.5,1800.0,430.0,True,True,True,0.0,21.224999999999998,15.9,,,,0.0,0.0,2.0,37.9,20.412499999999998,7.7,,,0,0
2015-09-21,1.0,280.0,43.0,False,False,False,0.0,21.224999999999998,15.9,,,,0.0,0.0,2.0,37.9,20.412499999999998,7.7,,,0,0
2016-05-12,0.0,0.0,5.0,False,False,False,0.0,16.508333333333333,14.5,,,,0.0,20.09999999999999,21.2,21.2,14.879166666666668,16.2,,,1,0
2016-05-12,0.5,670.0,233.0,True,True,True,0.0,16.508333333333333,14.5,,,,0.0,20.09999999999999,21.2,21.2,14.879166666666668,16.2,,,1,0
2016-05-12,1.0,10.0,0.0,False,False,False,0.0,16.508333333333333,14.5,,,,0.0,20.09999999999999,21.2,21.2,14.879166666666668,16.2,,,1,0
2016-07-11,0.0,11000.0,9900.0,True,True,True,4.5,24.90416666666667,14.8,,,,0.0,0.0,2.7,5.2,25.425,10.7,,,0,0
2016-07-11,0.5,8700.0,5600.0,True,True,True,4.5,24.90416666666667,14.8,,,,0.0,0.0,2.7,5.2,25.425,10.7,,,0,0
2016-07-11,1.0,13000.0,12000.0,True,True,True,4.5,24.90416666666667,14.8,,,,0.0,0.0,2.7,5.2,25.425,10.7,,,0,0
2016-07-19,0.0,330.0,85.0,False,False,False,0.0,24.287499999999998,16.2,,,,0.0,0.0,6.000000000000001,7.300000000000001,24.6875,9.2,,,0,0
2016-07-19,0.5,410.0,90.0,False,False,False,0.0,24.287499999999998,16.2,,,,0.0,0.0,6.000000000000001,7.300000000000001,24.6875,9.2,,,0,0
2016-07-19,1.0,180.0,66.0,False,False,False,0.0,24.287499999999998,16.2,,,,0.0,0.0,6.000000000000001,7.300000000000001,24.6875,9.2,,,0,0
2016-07-26,0.0,10.0,0.0,False,False,False,0.7,27.354166666666668,18.3,,,,4.2,4.9,4.900000000000001,4.9,27.025000000000002,11.6,,,0,0
2016-07-26,0.5,41.0,0.0,False,False,False,0.7,27.354166666666668,18.3,,,,4.2,4.9,4.900000000000001,4.9,27.025000000000002,11.6,,,0,0
2016-07-26,1.0,41.0,21.0,False,False,False,0.7,27.354166666666668,18.3,,,,4.2,4.9,4.900000000000001,4.9,27.025000000000002,11.6,,,0,0
2016-08-09,0.0,197.0,32.0,False,False,False,0.1,27.745833333333334,17.1,,,,1.0,1.0,1.0000000000000036,1.4,29.229166666666668,6.9,,,0,0
2016-08-09,0.5,156.0,5.0,False,False,False,0.1,27.745833333333334,17.1,,,,1.0,1.0,1.0000000000000036,1.4,29.229166666666668,6.9,,,0,0
2016-08-09,1.0,206.0,21.0,False,False,False,0.1,27.745833333333334,17.1,,,,1.0,1.0,1.0000000000000036,1.4,29.229166666666668,6.9,,,0,0
2016-08-17,0.0,73.0,73.0,False,False,False,0.0,27.78333333333333,9.1,,,,32.5,36.3,36.300000000000004,36.9,27.041666666666668,17.2,,,1,0
2016-08-17,0.5,144.0,43.0,False,False,False,0.0,27.78333333333333,9.1,,,,32.5,36.3,36.300000000000004,36.9,27.041666666666668,17.2,,,1,0
2016-08-17,1.0,235.0,32.0,False,False,False,0.0,27.78333333333333,9.1,,,,32.5,36.3,36.300000000000004,36.9,27.041666666666668,17.2,,,1,0
2016-08-22,0.0,233.0,5.0,False,False,False,0.0,27.483333333333334,16.3,,,,0.0,0.0,0.0,0.0,27.633333333333336,17.9,,,0,0
2016-08-22,0.5,134.0,5.0,False,False,False,0.0,27.483333333333334,16.3,,,,0.0,0.0,0.0,0.0,27.633333333333336,17.9,,,0,0
2016-08-22,1.0,221.0,10.0,False,False,False,0.0,27.483333333333334,16.3,,,,0.0,0.0,0.0,0.0,27.633333333333336,17.9,,,0,0
2016-09-07,0.0,405.0,55.0,False,False,False,0.1,25.40833333333333,6.9,,,,0.0,18.5,18.7,207.7,25.070833333333336,6.8,,,0,0
2016-09-07,0.5,315.0,37.0,False,False,False,0.1,25.40833333333333,6.9,,,,0.0,18.5,18.7,207.7,25.070833333333336,6.8,,,0,0
2016-09-07,1.0,373.0,54.0,False,False,False,0.1,25.40833333333333,6.9,,,,0.0,18.5,18.7,207.7,25.070833333333336,6.8,,,0,0
2017-05-15,0.0,52.0,16.0,False,False,False,0.0,17.879166666666666,20.6,,,,0.0,0.0,21.3,21.9,18.195833333333333,20.3,,,1,0
2017-05-15,0.5,63.0,26.0,False,False,False,0.0,17.879166666666666,20.6,,,,0.0,0.0,21.3,21.9,18.195833333333333,20.3,,,1,0
2017-05-15,1.0,10.0,10.0,False,False,False,0.0,17.879166666666666,20.6,,,,0.0,0.0,21.3,21.9,18.195833333333333,20.3,,,1,0
2017-07-07,0.0,288.0,86.0,False,False,False,5.1,24.895833333333332,21.7,,,,1.9,7.9000000000000075,15.200000000000001,27.699999999999996,24.741666666666664,18.8,,,0,0
2017-07-07,0.5,581.0,171.0,True,True,True,5.1,24.895833333333332,21.7,,,,1.9,7.9000000000000075,15.200000000000001,27.699999999999996,24.741666666666664,18.8,,,0,0
2017-07-07,1.0,313.0,93.0,False,False,False,5.1,24.895833333333332,21.7,,,,1.9,7.9000000000000075,15.200000000000001,27.699999999999996,24.741666666666664,18.8,,,0,0
2017-07-13,0.0,41.0,10.0,False,False,False,0.0,26.537499999999998,18.4,,,,0.0,5.400000000000009,21.400000000000006,23.8,27.46666666666667,16.8,,,1,0
2017-07-13,0.5,52.0,21.0,False,False,False,0.0,26.537499999999998,18.4,,,,0.0,5.400000000000009,21.400000000000006,23.8,27.46666666666667,16.8,,,1,0
2017-07-13,1.0,341.0,93.0,False,False,False,0.0,26.537499999999998,18.4,,,,0.0,5.400000000000009,21.400000000000006,23.8,27.46666666666667,16.8,,,1,0
2017-07-19,0.0,0.0,0.0,False,False,False,0.2,27.525000000000002,15.6,,,,6.4,7.80000000000001,7.900000000000004,10.000000000000002,26.8,14.6,,,0,0
2017-07-19,0.5,0.0,0.0,False,False,False,0.2,27.525000000000002,15.6,,,,6.4,7.80000000000001,7.900000000000004,10.000000000000002,26.8,14.6,,,0,0
2017-07-19,1.0,0.0,0.0,False,False,False,0.2,27.525000000000002,15.6,,,,6.4,7.80000000000001,7.900000000000004,10.000000000000002,26.8,14.6,,,0,0
2017-07-27,0.0,98.0,5.0,False,False,False,0.0,24.791666666666668,17.9,,,,0.0,15.200000000000008,20.1,20.400000000000002,25.099999999999998,28.7,,,1,0
2017-07-27,0.5,109.0,10.0,False,False,False,0.0,24.791666666666668,17.9,,,,0.0,15.200000000000008,20.1,20.400000000000002,25.099999999999998,28.7,,,1,0
2017-07-27,1.0,97.0,37.0,False,False,False,0.0,24.791666666666668,17.9,,,,0.0,15.200000000000008,20.1,20.400000000000002,25.099999999999998,28.7,,,1,0
2017-08-02,0.0,134.0,26.0,False,False,False,0.0,25.912499999999998,18.6,,,,0.0,5.000000000000009,5.0000000000000036,5.0000000000000036,26.295833333333334,15.5,,,0,0
2017-08-02,0.5,41.0,21.0,False,False,False,0.0,25.912499999999998,18.6,,,,0.0,5.000000000000009,5.0000000000000036,5.0000000000000036,26.295833333333334,15.5,,,0,0
2017-08-02,1.0,959.0,273.0,True,True,True,0.0,25.912499999999998,18.6,,,,0.0,5.000000000000009,5.0000000000000036,5.0000000000000036,26.295833333333334,15.5,,,0,0
2017-08-11,0.0,197.0,10.0,False,False,False,2.3000000000000003,26.412499999999998,16.7,,,,5.9,30.80000000000001,31.200000000000003,37.1,27.041666666666668,16.6,,,1,0
2017-08-11,0.5,243.0,26.0,False,False,False,2.3000000000000003,26.412499999999998,16.7,,,,5.9,30.80000000000001,31.200000000000003,37.1,27.041666666666668,16.6,,,1,0
2017-08-11,1.0,41.0,15.0,False,False,False,2.3000000000000003,26.412499999999998,16.7,,,,5.9,30.80000000000001,31.200000000000003,37.1,27.041666666666668,16.6,,,1,0
2017-08-17,0.0,52.0,26.0,False,False,False,6.7,25.704166666666666,12.7,,,,6.8,16.900000000000013,118.7,121.7,25.791666666666668,21.0,,,1,0
2017-08-17,0.5,145.0,26.0,False,False,False,6.7,25.704166666666666,12.7,,,,6.8,16.900000000000013,118.7,121.7,25.791666666666668,21.0,,,1,0
2017-08-17,1.0,120.0,32.0,False,False,False,6.7,25.704166666666666,12.7,,,,6.8,16.900000000000013,118.7,121.7,25.791666666666668,21.0,,,1,0
2017-08-23,0.0,97.0,21.0,False,False,False,1.1,28.116666666666664,22.7,,,,12.7,23.400000000000016,28.6,32.0,26.6125,22.0,,,1,0
2017-08-23,0.5,73.0,16.0,False,False,False,1.1,28.116666666666664,22.7,,,,12.7,23.400000000000016,28.6,32.0,26.6125,22.0,,,1,0
2017-08-23,1.0,86.0,10.0,False,False,False,1.1,28.116666666666664,22.7,,,,12.7,23.400000000000016,28.6,32.0,26.6125,22.0,,,1,0
2018-05-16,0.0,0.0,0.0,False,False,False,1.2000000000000002,20.595833333333335,22.5,,,,0.0,0.0,18.200000000000006,21.900000000000002,20.537499999999998,15.5,,,0,0
2018-05-16,0.5,10.0,0.0,False,False,False,1.2000000000000002,20.595833333333335,22.5,,,,0.0,0.0,18.200000000000006,21.900000000000002,20.537499999999998,15.5,,,0,0
2018-05-16,1.0,31.0,36.0,False,False,False,1.2000000000000002,20.595833333333335,22.5,,,,0.0,0.0,18.200000000000006,21.900000000000002,20.537499999999998,15.5,,,0,0
2018-07-12,0.0,30.0,5.0,False,False,False,0.0,27.1375,15.6,,,,0.1,0.1,4.800000000000014,5.5,26.445833333333336,14.0,,,0,0
2018-07-12,0.5,1553.0,480.0,True,True,True,0.0,27.1375,15.6,,,,0.1,0.1,4.800000000000014,5.5,26.445833333333336,14.0,,,0,0
2018-07-12,1.0,149.0,38.0,False,False,False,0.0,27.1375,15.6,,,,0.1,0.1,4.800000000000014,5.5,26.445833333333336,14.0,,,0,0
2018-07-19,0.0,0.0,26.0,False,False,False,0.0,28.099999999999998,11.1,,,,0.0,0.0,0.0,0.0,27.995833333333334,14.0,,,0,0
2018-07-19,0.5,0.0,42.0,False,False,False,0.0,28.099999999999998,11.1,,,,0.0,0.0,0.0,0.0,27.995833333333334,14.0,,,0,0
2018-07-19,1.0,31.0,32.0,False,False,False,0.0,28.099999999999998,11.1,,,,0.0,0.0,0.0,0.0,27.995833333333334,14.0,,,0,0
2018-07-26,0.0,333.0,85.0,False,False,False,0.0,29.900000000000002,9.7,,,,0.0,0.0,0.0,0.0,29.879166666666666,15.7,,,0,0
2018-07-26,0.5,342.0,115.0,False,True,True,0.0,29.900000000000002,9.7,,,,0.0,0.0,0.0,0.0,29.879166666666666,15.7,,,0,0
2018-07-26,1.0,300.0,71.0,False,False,False,0.0,29.900000000000002,9.7,,,,0.0,0.0,0.0,0.0,29.879166666666666,15.7,,,0,0
2018-08-02,0.0,97.0,16.0,False,False,False,0.0,28.28333333333333,15.2,,,,0.0,0.0,3.300000000000014,8.2,28.641666666666666,14.9,,,0,0
2018-08-02,0.5,3076.0,1538.0,True,True,True,0.0,28.28333333333333,15.2,,,,0.0,0.0,3.300000000000014,8.2,28.641666666666666,14.9,,,0,0
2018-08-02,1.0,350.0,43.0,False,False,False,0.0,28.28333333333333,15.2,,,,0.0,0.0,3.300000000000014,8.2,28.641666666666666,14.9,,,0,0
2018-08-09,0.0,20.0,0.0,False,False,False,1.5,27.254166666666666,12.3,,,,0.0,0.30000000000000004,2.7000000000000144,2.9000000000000004,26.629166666666666,14.1,,,0,0
2018-08-09,0.5,86.0,16.0,False,False,False,1.5,27.254166666666666,12.3,,,,0.0,0.30000000000000004,2.7000000000000144,2.9000000000000004,26.629166666666666,14.1,,,0,0
2018-08-09,1.0,86.0,15.0,False,False,False,1.5,27.254166666666666,12.3,,,,0.0,0.30000000000000004,2.7000000000000144,2.9000000000000004,26.629166666666666,14.1,,,0,0
2018-08-22,0.0,30.0,5.0,False,False,False,0.30000000000000004,28.625,24.6,,,,0.0,0.0,0.0,0.0,26.65416666666667,11.5,,,0,0
2018-08-22,0.5,20.0,5.0,False,False,False,0.30000000000000004,28.625,24.6,,,,0.0,0.0,0.0,0.0,26.65416666666667,11.5,,,0,0
2018-08-22,1.0,10.0,0.0,False,False,False,0.30000000000000004,28.625,24.6,,,,0.0,0.0,0.0,0.0,26.65416666666667,11.5,,,0,0
2018-09-12,0.0,318.0,32.0,False,False,False,0.0,21.766666666666666,21.5,,,,0.1,0.2,1.0000000000000142,24.1,21.166666666666668,32.1,,,0,0
2018-09-12,0.5,2382.0,719.0,True,True,True,0.0,21.766666666666666,21.5,,,,0.1,0.2,1.0000000000000142,24.1,21.166666666666668,32.1,,,0,0
2018-09-12,1.0,437.0,26.0,False,False,False,0.0,21.766666666666666,21.5,,,,0.1,0.2,1.0000000000000142,24.1,21.166666666666668,32.1,,,0,0
2019-06-17,0.0,74.0,16.0,False,False,False,1.0,20.275000000000002,16.2,,,,1.8,13.500000000000002,23.300000000000015,23.300000000000015,19.1125,16.3,,,1,0
2019-06-17,0.5,31.0,42.0,False,False,False,1.0,20.275000000000002,16.2,,,,1.8,13.500000000000002,23.300000000000015,23.300000000000015,19.1125,16.3,,,1,0
2019-06-17,1.0,110.0,117.0,False,True,True,1.0,20.275000000000002,16.2,,,,1.8,13.500000000000002,23.300000000000015,23.300000000000015,19.1125,16.3,,,1,0
2019-07-04,0.0,85.0,84.0,False,False,False,0.0,23.804166666666664,9.8,,,,0.0,0.0,1.0000000000000284,84.4,22.383333333333336,10.0,,,0,0
2019-07-04,0.5,173.0,1405.0,False,True,True,0.0,23.804166666666664,9.8,,,,0.0,0.0,1.0000000000000284,84.4,22.383333333333336,10.0,,,0,0
2019-07-04,1.0,52.0,43.0,False,False,False,0.0,23.804166666666664,9.8,,,,0.0,0.0,1.0000000000000284,84.4,22.383333333333336,10.0,,,0,0
2019-07-16,0.0,31.0,94.0,False,False,False,0.1,22.866666666666664,14.8,,,,1.5999999999999999,1.5999999999999999,3.5000000000000284,13.3,22.695833333333336,11.5,,,0,0
2019-07-16,0.5,30.0,127.0,False,True,True,0.1,22.866666666666664,14.8,,,,1.5999999999999999,1.5999999999999999,3.5000000000000284,13.3,22.695833333333336,11.5,,,0,0
2019-07-16,1.0,41.0,153.0,False,True,True,0.1,22.866666666666664,14.8,,,,1.5999999999999999,1.5999999999999999,3.5000000000000284,13.3,22.695833333333336,11.5,,,0,0
2019-07-30,0.0,0.0,10.0,False,False,False,2.5,26.991666666666664,25.3,,,,1.1,4.2,21.100000000000026,22.800000000000026,26.65833333333333,17.9,,,1,0
2019-07-30,0.5,0.0,26.0,False,False,False,2.5,26.991666666666664,25.3,,,,1.1,4.2,21.100000000000026,22.800000000000026,26.65833333333333,17.9,,,1,0
2019-07-30,1.0,31.0,81.0,False,False,False,2.5,26.991666666666664,25.3,,,,1.1,4.2,21.100000000000026,22.800000000000026,26.65833333333333,17.9,,,1,0
2019-08-13,0.0,31.0,5.0,False,False,False,0.0,28.379166666666666,22.1,,,,0.1,0.2,0.20000000000002843,1.6000000000000285,28.145833333333332,15.5,,,0,0
2019-08-13,0.5,31.0,0.0,False,False,False,0.0,28.379166666666666,22.1,,,,0.1,0.2,0.20000000000002843,1.6000000000000285,28.145833333333332,15.5,,,0,0
2019-08-13,1.0,414.0,141.0,False,True,True,0.0,28.379166666666666,22.1,,,,0.1,0.2,0.20000000000002843,1.6000000000000285,28.145833333333332,15.5,,,0,0
2019-08-20,0.0,40.0,15.0,False,False,False,3.0,25.454166666666666,25.5,,,,2.9,3.1,3.100000000000028,18.100000000000026,25.933333333333334,16.3,,,0,0
2019-08-20,0.5,84.0,0.0,False,False,False,3.0,25.454166666666666,25.5,,,,2.9,3.1,3.100000000000028,18.100000000000026,25.933333333333334,16.3,,,0,0
2019-08-20,1.0,41.0,10.0,False,False,False,3.0,25.454166666666666,25.5,,,,2.9,3.1,3.100000000000028,18.100000000000026,25.933333333333334,16.3,,,0,0
2020-06-17,0.0,41.0,32.0,False,False,False,0.0,21.1875,9.7,,,,0.0,0.0,33.800000000000054,185.7,22.316666666666666,16.6,,,1,0
2020-06-17,0.5,97.0,87.0,False,False,False,0.0,21.1875,9.7,,,,0.0,0.0,33.800000000000054,185.7,22.316666666666666,16.6,,,1,0
2020-06-17,1.0,0.0,5.0,False,False,False,0.0,21.1875,9.7,,,,0.0,0.0,33.800000000000054,185.7,22.316666666666666,16.6,,,1,0
2020-07-09,0.0,141.0,122.0,False,True,True,9.399999999999999,22.287499999999998,15.9,,,,0.4,1.1,4.6000000000000565,13.700000000000028,23.72083333333333,8.8,,,0,0
2020-07-09,0.5,100.0,61.0,False,False,False,9.399999999999999,22.287499999999998,15.9,,,,0.4,1.1,4.6000000000000565,13.700000000000028,23.72083333333333,8.8,,,0,0
2020-07-09,1.0,80.0,81.0,False,False,False,9.399999999999999,22.287499999999998,15.9,,,,0.4,1.1,4.6000000000000565,13.700000000000028,23.72083333333333,8.8,,,0,0
2020-07-17,0.0,98.0,55.0,False,False,False,0.0,20.724999999999998,14.0,,,,0.30000000000000004,5.300000000000014,9.200000000000044,159.30000000000004,20.375,14.2,,,0,0
2020-07-17,0.5,109.0,108.0,False,True,True,0.0,20.724999999999998,14.0,,,,0.30000000000000004,5.300000000000014,9.200000000000044,159.30000000000004,20.375,14.2,,,0,0
2020-07-17,1.0,131.0,99.0,False,False,False,0.0,20.724999999999998,14.0,,,,0.30000000000000004,5.300000000000014,9.200000000000044,159.30000000000004,20.375,14.2,,,0,0
2020-07-21,0.0,74.0,21.0,False,False,False,15.2,25.15833333333333,13.9,,,,5.8,12.100000000000014,13.800000000000043,14.100000000000028,25.224999999999998,27.9,,,0,0
2020-07-21,0.5,41.0,0.0,False,False,False,15.2,25.15833333333333,13.9,,,,5.8,12.100000000000014,13.800000000000043,14.100000000000028,25.224999999999998,27.9,,,0,0
2020-07-21,1.0,31.0,11.0,False,False,False,15.2,25.15833333333333,13.9,,,,5.8,12.100000000000014,13.800000000000043,14.100000000000028,25.224999999999998,27.9,,,0,0
2020-08-04,0.0,86.0,21.0,False,False,False,1.1,26.766666666666666,22.0,,,,0.5,1.2000000000000142,3.400000000000043,16.900000000000013,26.8,26.3,,,0,0
2020-08-04,0.5,41.0,10.0,False,False,False,1.1,26.766666666666666,22.0,,,,0.5,1.2000000000000142,3.400000000000043,16.900000000000013,26.8,26.3,,,0,0
2020-08-04,1.0,85.0,0.0,False,False,False,1.1,26.766666666666666,22.0,,,,0.5,1.2000000000000142,3.400000000000043,16.900000000000013,26.8,26.3,,,0,0
2020-08-14,0.0,86.0,21.0,False,False,False,0.2,27.9375,24.3,,,,0.0,3.000000000000014,15.10000000000005,53.30000000000002,27.820833333333336,22.7,,,0,0
2020-08-14,0.5,41.0,0.0,False,False,False,0.2,27.9375,24.3,,,,0.0,3.000000000000014,15.10000000000005,53.30000000000002,27.820833333333336,22.7,,,0,0
2020-08-14,1.0,85.0,0.0,False,False,False,0.2,27.9375,24.3,,,,0.0,3.000000000000014,15.10000000000005,53.30000000000002,27.820833333333336,22.7,,,0,0
2020-08-19,0.0,3076.0,143.0,True,True,True,0.0,28.791666666666668,13.5,,,,0.0,0.0,0.0,0.20000000000001422,27.974999999999998,12.3,,,0,0
2020-08-19,0.5,3654.0,172.0,True,True,True,0.0,28.791666666666668,13.5,,,,0.0,0.0,0.0,0.20000000000001422,27.974999999999998,12.3,,,0,0
2020-08-19,1.0,17329.0,9932.0,True,True,True,0.0,28.791666666666668,13.5,,,,0.0,0.0,0.0,0.20000000000001422,27.974999999999998,12.3,,,0,0
2020-08-21,0.0,809.0,32.0,True,False,True,0.0,26.02916666666667,17.1,,,,0.0,0.0,0.0,0.0,28.079166666666666,12.4,,,0,0
2020-08-21,0.5,481.0,0.0,False,False,False,0.0,26.02916666666667,17.1,,,,0.0,0.0,0.0,0.0,28.079166666666666,12.4,,,0,0
2020-08-21,1.0,134.0,0.0,False,False,False,0.0,26.02916666666667,17.1,,,,0.0,0.0,0.0,0.0,28.079166666666666,12.4,,,0,0
2020-09-15,0.0,262.0,32.0,False,False,False,0.7,22.145833333333332,10.1,,,,0.2,0.8000000000000302,13.100000000000042,21.500000000000014,21.59166666666667,15.2,,,0,0
2020-09-15,0.5,2098.0,1307.0,True,True,True,0.7,22.145833333333332,10.1,,,,0.2,0.8000000000000302,13.100000000000042,21.500000000000014,21.59166666666667,15.2,,,0,0
2020-09-15,1.0,132.0,26.0,False,False,False,0.7,22.145833333333332,10.1,,,,0.2,0.8000000000000302,13.100000000000042,21.500000000000014,21.59166666666667,15.2,,,0,0
2021-06-08,0.0,0.0,5.0,False,False,False,0.0,22.2,11.8,0.0,2021.0,4859.799999999999,0.0,0.0,0.0,13.500000000000007,22.120833333333334,16.4,4621.0,4859.799999999999,0,0
2021-06-08,0.5,1296.0,315.0,True,True,True,0.0,22.2,11.8,0.0,2021.0,4859.799999999999,0.0,0.0,0.0,13.500000000000007,22.120833333333334,16.4,4621.0,4859.799999999999,0,0
2021-06-08,1.0,0.0,0.0,False,False,False,0.0,22.2,11.8,0.0,2021.0,4859.799999999999,0.0,0.0,0.0,13.500000000000007,22.120833333333334,16.4,4621.0,4859.799999999999,0,0
2021-07-15,0.0,2613.0,153.0,True,True,True,1.5,26.979166666666668,11.2,,,,1.7,3.6000000000000423,7.300000000000021,8.800000000000017,27.191666666666666,15.2,4790.0,4859.799999999999,0,0
2021-07-15,0.5,2359.0,54.0,True,False,True,1.5,26.979166666666668,11.2,,,,1.7,3.6000000000000423,7.300000000000021,8.800000000000017,27.191666666666666,15.2,4790.0,4859.799999999999,0,0
2021-07-15,1.0,2755.0,55.0,True,False,True,1.5,26.979166666666668,11.2,,,,1.7,3.6000000000000423,7.300000000000021,8.800000000000017,27.191666666666666,15.2,4790.0,4859.799999999999,0,0
2021-07-22,0.0,5172.0,49.0,True,False,True,0.0,26.554166666666664,21.6,4581.0,2021.0,4859.799999999999,0.0,0.20000000000004264,4.90000000000002,24.80000000000002,26.525000000000002,22.2,4507.0,4859.799999999999,0,0
2021-07-22,0.5,4611.0,36.0,True,False,True,0.0,26.554166666666664,21.6,4581.0,2021.0,4859.799999999999,0.0,0.20000000000004264,4.90000000000002,24.80000000000002,26.525000000000002,22.2,4507.0,4859.799999999999,0,0
2021-07-22,1.0,3076.0,78.0,True,False,True,0.0,26.554166666666664,21.6,4581.0,2021.0,4859.799999999999,0.0,0.20000000000004264,4.90000000000002,24.80000000000002,26.525000000000002,22.2,4507.0,4859.799999999999,0,0
2021-07-29,0.0,256.0,5.0,False,False,False,0.0,26.820833333333336,10.3,0.0,2021.0,4859.799999999999,1.0,1.3000000000000427,1.3000000000000196,1.4000000000000177,26.554166666666664,14.5,,,0,0
2021-07-29,0.5,275.0,10.0,False,False,False,0.0,26.820833333333336,10.3,0.0,2021.0,4859.799999999999,1.0,1.3000000000000427,1.3000000000000196,1.4000000000000177,26.554166666666664,14.5,,,0,0
2021-07-29,1.0,657.0,0.0,True,False,True,0.0,26.820833333333336,10.3,0.0,2021.0,4859.799999999999,1.0,1.3000000000000427,1.3000000000000196,1.4000000000000177,26.554166666666664,14.5,,,0,0
2021-08-03,0.0,148.0,21.0,False,False,False,0.30000000000000004,27.291666666666668,15.4,,,,6.1,30.100000000000044,33.40000000000002,33.40000000000002,27.9875,13.3,0.0,4859.799999999999,1,0
2021-08-03,0.5,52.0,31.0,False,False,False,0.30000000000000004,27.291666666666668,15.4,,,,6.1,30.100000000000044,33.40000000000002,33.40000000000002,27.9875,13.3,0.0,4859.799999999999,1,0
2021-08-03,1.0,63.0,0.0,False,False,False,0.30000000000000004,27.291666666666668,15.4,,,,6.1,30.100000000000044,33.40000000000002,33.40000000000002,27.9875,13.3,0.0,4859.799999999999,1,0
2021-08-31,0.0,15531.0,677.0,True,True,True,10.6,24.662499999999998,11.0,0.0,2021.0,4859.799999999999,0.8999999999999999,4.100000000000042,5.2,10.600000000000016,25.708333333333332,7.8,0.0,4859.799999999999,0,0
2021-08-31,0.5,1401.0,153.0,True,True,True,10.6,24.662499999999998,11.0,0.0,2021.0,4859.799999999999,0.8999999999999999,4.100000000000042,5.2,10.600000000000016,25.708333333333332,7.8,0.0,4859.799999999999,0,0
2021-08-31,1.0,8664.0,808.0,True,True,True,10.6,24.662499999999998,11.0,0.0,2021.0,4859.799999999999,0.8999999999999999,4.100000000000042,5.2,10.600000000000016,25.708333333333332,7.8,0.0,4859.799999999999,0,0
2021-09-29,0.0,41.0,16.0,False,False,False,10.7,23.241666666666664,20.6,0.0,2021.0,4859.799999999999,4.7,5.800000000000043,5.800000000000001,9.200000000000006,21.7,20.0,0.0,4859.799999999999,0,0
2021-09-29,0.5,52.0,10.0,False,False,False,10.7,23.241666666666664,20.6,0.0,2021.0,4859.799999999999,4.7,5.800000000000043,5.800000000000001,9.200000000000006,21.7,20.0,0.0,4859.799999999999,0,0
2021-09-29,1.0,0.0,5.0,False,False,False,10.7,23.241666666666664,20.6,0.0,2021.0,4859.799999999999,4.7,5.800000000000043,5.800000000000001,9.200000000000006,21.7,20.0,0.0,4859.799999999999,0,0
2022-06-13,0.0,10.0,16.0,False,False,False,0.9,18.8125,26.5,,,,0.0,0.3000000000000427,0.30000000000000004,1.8000000000000143,19.233333333333334,22.7,0.0,5392.8,0,0
2022-06-13,0.5,441.0,54.0,False,False,False,0.9,18.8125,26.5,,,,0.0,0.3000000000000427,0.30000000000000004,1.8000000000000143,19.233333333333334,22.7,0.0,5392.8,0,0
2022-06-13,1.0,183.0,0.0,False,False,False,0.9,18.8125,26.5,,,,0.0,0.3000000000000427,0.30000000000000004,1.8000000000000143,19.233333333333334,22.7,0.0,5392.8,0,0
2022-07-07,0.0,211.0,10.0,False,False,False,0.9,27.258333333333336,17.9,0.0,2022.0,5392.8,4.8999999999999995,10.300000000000042,10.999999999999998,11.900000000000013,25.629166666666666,8.4,,,0,0
2022-07-07,0.5,30.0,5.0,False,False,False,0.9,27.258333333333336,17.9,0.0,2022.0,5392.8,4.8999999999999995,10.300000000000042,10.999999999999998,11.900000000000013,25.629166666666666,8.4,,,0,0
2022-07-07,1.0,41.0,0.0,False,False,False,0.9,27.258333333333336,17.9,0.0,2022.0,5392.8,4.8999999999999995,10.300000000000042,10.999999999999998,11.900000000000013,25.629166666666666,8.4,,,0,0
2022-07-20,0.0,341.0,21.0,False,False,False,1.0,26.704166666666666,16.1,,,,4.2,91.80000000000004,91.79999999999998,92.9,25.204166666666666,10.5,,,1,0
2022-07-20,0.5,341.0,10.0,False,False,False,1.0,26.704166666666666,16.1,,,,4.2,91.80000000000004,91.79999999999998,92.9,25.204166666666666,10.5,,,1,0
2022-07-20,1.0,556.0,21.0,True,False,True,1.0,26.704166666666666,16.1,,,,4.2,91.80000000000004,91.79999999999998,92.9,25.204166666666666,10.5,,,1,0
2022-07-26,0.0,31.0,5.0,False,False,False,0.0,24.791666666666668,14.8,5400.0,2022.0,5392.8,2.9,16.90000000000004,18.599999999999984,32.80000000000001,25.020833333333332,12.2,5558.0,5392.8,0,0
2022-07-26,0.5,97.0,10.0,False,False,False,0.0,24.791666666666668,14.8,5400.0,2022.0,5392.8,2.9,16.90000000000004,18.599999999999984,32.80000000000001,25.020833333333332,12.2,5558.0,5392.8,0,0
2022-07-26,1.0,826.0,91.0,True,False,True,0.0,24.791666666666668,14.8,5400.0,2022.0,5392.8,2.9,16.90000000000004,18.599999999999984,32.80000000000001,25.020833333333332,12.2,5558.0,5392.8,0,0
2022-08-03,0.0,393.0,26.0,False,False,False,2.4000000000000004,27.575,23.1,0.0,2022.0,5392.8,13.5,17.90000000000004,25.799999999999986,27.900000000000013,26.704166666666666,27.8,0.0,5392.8,1,0
2022-08-03,0.5,63.0,16.0,False,False,False,2.4000000000000004,27.575,23.1,0.0,2022.0,5392.8,13.5,17.90000000000004,25.799999999999986,27.900000000000013,26.704166666666666,27.8,0.0,5392.8,1,0
2022-08-03,1.0,10.0,0.0,False,False,False,2.4000000000000004,27.575,23.1,0.0,2022.0,5392.8,13.5,17.90000000000004,25.799999999999986,27.900000000000013,26.704166666666666,27.8,0.0,5392.8,1,0
2022-08-09,0.0,109.0,5.0,False,False,False,0.0,28.166666666666668,25.4,0.0,2022.0,5392.8,0.0,0.9000000000000427,2.499999999999986,7.800000000000014,28.925,24.0,,,0,0
2022-08-09,0.5,41.0,0.0,False,False,False,0.0,28.166666666666668,25.4,0.0,2022.0,5392.8,0.0,0.9000000000000427,2.499999999999986,7.800000000000014,28.925,24.0,,,0,0
2022-08-09,1.0,0.0,0.0,False,False,False,0.0,28.166666666666668,25.4,0.0,2022.0,5392.8,0.0,0.9000000000000427,2.499999999999986,7.800000000000014,28.925,24.0,,,0,0
2022-08-16,0.0,106.0,49.0,False,False,False,15.6,26.84166666666667,25.6,,,,0.6000000000000001,3.4000000000000425,6.899999999999986,15.300000000000013,28.983333333333334,29.8,5464.0,5392.8,0,0
2022-08-16,0.5,345.0,136.0,False,True,True,15.6,26.84166666666667,25.6,,,,0.6000000000000001,3.4000000000000425,6.899999999999986,15.300000000000013,28.983333333333334,29.8,5464.0,5392.8,0,0
2022-08-16,1.0,422.0,141.0,False,True,True,15.6,26.84166666666667,25.6,,,,0.6000000000000001,3.4000000000000425,6.899999999999986,15.300000000000013,28.983333333333334,29.8,5464.0,5392.8,0,0
2022-08-30,0.0,324.0,42.0,False,False,False,7.7,22.900000000000002,17.4,0.0,2022.0,5392.8,0.0,0.0,0.0,0.10000000000001422,23.395833333333332,16.2,,,0,0
2022-08-30,0.5,1178.0,55.0,True,False,True,7.7,22.900000000000002,17.4,0.0,2022.0,5392.8,0.0,0.0,0.0,0.10000000000001422,23.395833333333332,16.2,,,0,0
2022-08-30,1.0,452.0,38.0,False,False,False,7.7,22.900000000000002,17.4,0.0,2022.0,5392.8,0.0,0.0,0.0,0.10000000000001422,23.395833333333332,16.2,,,0,0
2022-09-26,0.0,262.0,66.0,False,False,False,0.3,20.233333333333334,12.6,,,,0.2,0.20000000000004264,0.2,0.20000000000001422,19.775000000000002,16.6,0.0,5392.8,0,0
2022-09-26,0.5,798.0,445.0,True,True,True,0.3,20.233333333333334,12.6,,,,0.2,0.20000000000004264,0.2,0.20000000000001422,19.775000000000002,16.6,0.0,5392.8,0,0
2022-09-26,1.0,98.0,0.0,False,False,False,0.3,20.233333333333334,12.6,,,,0.2,0.20000000000004264,0.2,0.20000000000001422,19.775000000000002,16.6,0.0,5392.8,0,0
2023-06-07,0.0,0.0,0.0,False,False,False,0.0,20.883333333333333,14.6,6480.0,2023.0,7298.2,0.0,0.0,0.0,6.100000000000029,19.775000000000002,14.7,6443.0,7298.2,0,0
2023-06-07,0.5,1658.0,930.0,True,True,True,0.0,20.883333333333333,14.6,6480.0,2023.0,7298.2,0.0,0.0,0.0,6.100000000000029,19.775000000000002,14.7,6443.0,7298.2,0,0
2023-06-07,1.0,0.0,5.0,False,False,False,0.0,20.883333333333333,14.6,6480.0,2023.0,7298.2,0.0,0.0,0.0,6.100000000000029,19.775000000000002,14.7,6443.0,7298.2,0,0
2023-07-04,0.0,269.0,151.0,False,True,True,16.4,23.333333333333332,11.1,6586.0,2023.0,7298.2,0.6,0.6000000000000355,0.8999999999999965,26.60000000000003,23.954166666666666,11.5,6733.0,7298.2,0,0
2023-07-04,0.5,345.0,155.0,False,True,True,16.4,23.333333333333332,11.1,6586.0,2023.0,7298.2,0.6,0.6000000000000355,0.8999999999999965,26.60000000000003,23.954166666666666,11.5,6733.0,7298.2,0,0
2023-07-19,0.0,3130.0,2053.0,True,True,True,17.1,23.758333333333336,19.3,,,,57.300000000000004,63.20000000000004,87.6,114.70000000000003,24.579166666666666,20.1,,,1,0
2023-07-19,0.5,4106.0,2442.0,True,True,True,17.1,23.758333333333336,19.3,,,,57.300000000000004,63.20000000000004,87.6,114.70000000000003,24.579166666666666,20.1,,,1,0
2023-07-27,0.0,6488.0,3635.0,True,True,True,0.0,27.541666666666668,11.0,6916.0,2023.0,7298.2,1.7,2.9000000000000354,6.6,18.50000000000003,26.604166666666668,12.4,7335.0,7298.2,0,0
2023-07-27,0.5,6867.0,5600.0,True,True,True,0.0,27.541666666666668,11.0,6916.0,2023.0,7298.2,1.7,2.9000000000000354,6.6,18.50000000000003,26.604166666666668,12.4,7335.0,7298.2,0,0
2023-08-01,0.0,4352.0,230.0,True,True,True,0.0,27.724999999999998,11.7,6908.0,2023.0,7298.2,0.0,0.10000000000003553,0.1,0.10000000000002843,28.0125,11.8,6866.0,7298.2,0,0
2023-08-01,0.5,862.0,196.0,True,True,True,0.0,27.724999999999998,11.7,6908.0,2023.0,7298.2,0.0,0.10000000000003553,0.1,0.10000000000002843,28.0125,11.8,6866.0,7298.2,0,0
2023-08-08,0.0,96.0,73.0,False,False,False,0.0,27.7375,31.2,6657.0,2023.0,7298.2,0.0,0.10000000000003553,0.1,0.10000000000002843,28.733333333333334,25.7,7031.0,7298.2,0,0
2023-08-08,0.5,158.0,157.0,False,True,True,0.0,27.7375,31.2,6657.0,2023.0,7298.2,0.0,0.10000000000003553,0.1,0.10000000000002843,28.733333333333334,25.7,7031.0,7298.2,0,0
2023-08-16,0.0,571.0,260.0,True,True,True,1.0,25.170833333333334,10.1,6846.0,2023.0,7298.2,0.0,0.0,0.0,2.9000000000000288,26.020833333333332,25.9,7519.0,7298.2,0,0
2023-08-16,0.5,243.0,144.0,False,True,True,1.0,25.170833333333334,10.1,6846.0,2023.0,7298.2,0.0,0.0,0.0,2.9000000000000288,26.020833333333332,25.9,7519.0,7298.2,0,0
2023-08-23,0.0,565.0,61.0,True,False,True,2.2,27.7625,19.1,6583.0,2023.0,7298.2,2.6,2.7000000000000286,6.8,35.90000000000003,27.53333333333333,17.8,,,0,0
2023-08-23,0.5,10.0,10.0,False,False,False,2.2,27.7625,19.1,6583.0,2023.0,7298.2,2.6,2.7000000000000286,6.8,35.90000000000003,27.53333333333333,17.8,,,0,0
2023-08-28,0.0,3282.0,382.0,True,True,True,0.6000000000000001,26.004166666666666,21.6,5696.0,2023.0,7298.2,0.1,0.10000000000002843,0.30000000000000004,49.10000000000003,25.787499999999998,20.1,6125.0,7298.2,0,0
2023-08-28,0.5,3654.0,456.0,True,True,True,0.6000000000000001,26.004166666666666,21.6,5696.0,2023.0,7298.2,0.1,0.10000000000002843,0.30000000000000004,49.10000000000003,25.787499999999998,20.1,6125.0,7298.2,0,0
2023-09-06,0.0,581.0,93.0,True,False,True,0.8999999999999999,25.325,27.5,5972.0,2023.0,7298.2,0.0,0.8000000000000285,1.0,151.60000000000002,25.650000000000002,27.2,6149.0,7298.2,0,0
2023-09-06,0.5,404.0,77.0,False,False,False,0.8999999999999999,25.325,27.5,5972.0,2023.0,7298.2,0.0,0.8000000000000285,1.0,151.60000000000002,25.650000000000002,27.2,6149.0,7298.2,0,0
2023-09-12,0.0,1529.0,78.0,True,False,True,0.5,24.875,8.9,5647.0,2023.0,7298.2,1.5,1.5000000000000284,1.5,3.1000000000000143,24.337500000000002,12.3,5938.0,7298.2,0,0
2023-09-12,0.5,1670.0,84.0,True,False,True,0.5,24.875,8.9,5647.0,2023.0,7298.2,1.5,1.5000000000000284,1.5,3.1000000000000143,24.337500000000002,12.3,5938.0,7298.2,0,0
2023-10-06,0.0,10.0,5.0,False,False,False,0.0,16.195833333333333,9.0,6554.0,2023.0,7298.2,0.0,0.0,0.0,0.0,16.820833333333333,18.4,6462.0,7298.2,0,0
2023-10-06,0.5,10.0,5.0,False,False,False,0.0,16.195833333333333,9.0,6554.0,2023.0,7298.2,0.0,0.0,0.0,0.0,16.820833333333333,18.4,6462.0,7298.2,0,0
2024-06-07,0.0,0.0,0.0,False,False,False,0.0,21.0,13.0,6867.0,2024.0,8540.7,0.0,0.0,0.0,3.4000000000000075,19.516666666666666,10.4,7025.0,8540.7,0,0
2024-06-07,0.5,0.0,0.0,False,False,False,0.0,21.0,13.0,6867.0,2024.0,8540.7,0.0,0.0,0.0,3.4000000000000075,19.516666666666666,10.4,7025.0,8540.7,0,0
2024-06-07,1.0,0.0,0.0,False,False,False,0.0,21.0,13.0,6867.0,2024.0,8540.7,0.0,0.0,0.0,3.4000000000000075,19.516666666666666,10.4,7025.0,8540.7,0,0
2024-07-18,0.0,63.0,49.0,False,False,False,7.7,25.104166666666668,28.1,,,,1.2,19.10000000000004,38.80000000000001,67.9,25.775000000000002,26.3,,,1,0
2024-07-18,0.5,31.0,0.0,False,False,False,7.7,25.104166666666668,28.1,,,,1.2,19.10000000000004,38.80000000000001,67.9,25.775000000000002,26.3,,,1,0
2024-07-18,1.0,52.0,43.0,False,False,False,7.7,25.104166666666668,28.1,,,,1.2,19.10000000000004,38.80000000000001,67.9,25.775000000000002,26.3,,,1,0
2024-07-31,0.0,0.0,0.0,False,False,False,0.0,29.233333333333334,16.7,,,,0.0,0.0,0.30000000000001337,8.800000000000015,29.429166666666664,15.1,,,0,0
2024-07-31,0.5,0.0,0.0,False,False,False,0.0,29.233333333333334,16.7,,,,0.0,0.0,0.30000000000001337,8.800000000000015,29.429166666666664,15.1,,,0,0
2024-07-31,1.0,0.0,0.0,False,False,False,0.0,29.233333333333334,16.7,,,,0.0,0.0,0.30000000000001337,8.800000000000015,29.429166666666664,15.1,,,0,0
2024-08-14,0.0,0.0,0.0,False,False,False,0.6000000000000001,27.34583333333333,19.7,,,,0.0,0.0,0.0,2.3000000000000145,27.2625,21.5,,,0,0
2024-08-14,0.5,0.0,5.0,False,False,False,0.6000000000000001,27.34583333333333,19.7,,,,0.0,0.0,0.0,2.3000000000000145,27.2625,21.5,,,0,0
2024-08-14,1.0,0.0,0.0,False,False,False,0.6000000000000001,27.34583333333333,19.7,,,,0.0,0.0,0.0,2.3000000000000145,27.2625,21.5,,,0,0
2024-08-27,0.0,504.0,80.0,True,False,True,6.6000000000000005,25.55,24.0,,,,0.0,0.0,0.20000000000001777,6.700000000000011,27.4875,10.8,,,0,0
2024-08-27,0.5,479.0,72.0,False,False,False,6.6000000000000005,25.55,24.0,,,,0.0,0.0,0.20000000000001777,6.700000000000011,27.4875,10.8,,,0,0
2024-08-27,1.0,122.0,10.0,False,False,False,6.6000000000000005,25.55,24.0,,,,0.0,0.0,0.20000000000001777,6.700000000000011,27.4875,10.8,,,0,0
2024-09-20,0.0,488.0,55.0,False,False,False,24.0,26.729166666666668,23.6,,,,0.0,0.0,0.20000000000002133,20.50000000000001,27.712500000000002,11.8,,,0,0
2024-09-20,0.5,754.0,322.0,True,True,True,24.0,26.729166666666668,23.6,,,,0.0,0.0,0.20000000000002133,20.50000000000001,27.712500000000002,11.8,,,0,0
2024-09-20,1.0,173.0,15.0,False,False,False,24.0,26.729166666666668,23.6,,,,0.0,0.0,0.20000000000002133,20.50000000000001,27.712500000000002,11.8,,,0,0
2025-06-13,0.0,146.0,5.0,False,False,False,5.4,19.837500000000002,7.8,,,,0.0,0.0,0.0,0.0,21.224999999999998,12.0,,,0,0
2025-06-13,0.5,95.0,5.0,False,False,False,5.4,19.837500000000002,7.8,,,,0.0,0.0,0.0,0.0,21.224999999999998,12.0,,,0,0
2025-06-13,1.0,86.0,5.0,False,False,False,5.4,19.837500000000002,7.8,,,,0.0,0.0,0.0,0.0,21.224999999999998,12.0,,,0,0
2025-07-03,0.0,0.0,5.0,False,False,False,0.0,28.816666666666666,18.7,,,,0.0,0.0,0.0,0.0,28.8,17.5,,,0,0
2025-07-03,0.5,0.0,0.0,False,False,False,0.0,28.816666666666666,18.7,,,,0.0,0.0,0.0,0.0,28.8,17.5,,,0,0
2025-07-03,1.0,0.0,0.0,False,False,False,0.0,28.816666666666666,18.7,,,,0.0,0.0,0.0,0.0,28.8,17.5,,,0,0
2025-07-17,0.0,465.0,55.0,False,False,False,16.2,25.625,19.7,,,,3.0,5.6000000000000565,57.20000000000003,82.70000000000003,24.84166666666667,20.3,,,1,0
2025-07-17,0.5,339.0,114.0,False,True,True,16.2,25.625,19.7,,,,3.0,5.6000000000000565,57.20000000000003,82.70000000000003,24.84166666666667,20.3,,,1,0
2025-07-17,1.0,683.0,123.0,True,True,True,16.2,25.625,19.7,,,,3.0,5.6000000000000565,57.20000000000003,82.70000000000003,24.84166666666667,20.3,,,1,0
2025-07-22,0.0,31.0,26.0,False,False,False,0.30000000000000004,27.808333333333334,11.6,7484.0,2025.0,8725.25,1.4,1.4000000000000568,24.800000000000026,62.80000000000003,27.2,17.5,,,1,0
2025-07-22,0.5,41.0,66.0,False,False,False,0.30000000000000004,27.808333333333334,11.6,7484.0,2025.0,8725.25,1.4,1.4000000000000568,24.800000000000026,62.80000000000003,27.2,17.5,,,1,0
2025-07-22,1.0,110.0,54.0,False,False,False,0.30000000000000004,27.808333333333334,11.6,7484.0,2025.0,8725.25,1.4,1.4000000000000568,24.800000000000026,62.80000000000003,27.2,17.5,,,1,0
2025-07-30,0.0,31.0,10.0,False,False,False,0.0,27.65833333333333,13.7,,,,0.0,0.0,0.0,0.20000000000003554,27.745833333333334,10.7,,,0,0
2025-07-30,0.5,134.0,5.0,False,False,False,0.0,27.65833333333333,13.7,,,,0.0,0.0,0.0,0.20000000000003554,27.745833333333334,10.7,,,0,0
2025-07-30,1.0,144.0,0.0,False,False,False,0.0,27.65833333333333,13.7,,,,0.0,0.0,0.0,0.20000000000003554,27.745833333333334,10.7,,,0,0
2025-08-13,0.0,2098.0,2080.0,True,True,True,0.9,26.97083333333333,20.7,,,,45.3,82.70000000000005,148.3,185.60000000000002,22.662499999999998,15.7,,,1,0
2025-08-13,0.5,3609.0,433.0,True,True,True,0.9,26.97083333333333,20.7,,,,45.3,82.70000000000005,148.3,185.60000000000002,22.662499999999998,15.7,,,1,0
2025-08-13,1.0,1223.0,589.0,True,True,True,0.9,26.97083333333333,20.7,,,,45.3,82.70000000000005,148.3,185.60000000000002,22.662499999999998,15.7,,,1,0
2025-08-20,0.0,30.0,5.0,False,False,False,2.0,28.025000000000002,14.8,,,,0.2,0.20000000000005685,0.20000000000002932,6.100000000000029,28.166666666666668,17.4,,,0,0
2025-08-20,0.5,10.0,21.0,False,False,False,2.0,28.025000000000002,14.8,,,,0.2,0.20000000000005685,0.20000000000002932,6.100000000000029,28.166666666666668,17.4,,,0,0
2025-08-20,1.0,10.0,16.0,False,False,False,2.0,28.025000000000002,14.8,,,,0.2,0.20000000000005685,0.20000000000002932,6.100000000000029,28.166666666666668,17.4,,,0,0
2025-08-26,0.5,96.0,26.0,False,False,False,1.4,28.433333333333334,22.9,,,,0.30000000000000004,1.000000000000057,1.1000000000000294,1.4000000000000292,28.77916666666667,18.8,5333.0,8725.25,0,0
2025-08-26,1.0,250.0,54.0,False,False,False,1.4,28.433333333333334,22.9,,,,0.30000000000000004,1.000000000000057,1.1000000000000294,1.4000000000000292,28.77916666666667,18.8,5333.0,8725.25,0,0
2025-09-25,0.0,0.0,53.0,False,False,False,11.6,24.2,10.3,5652.0,2025.0,8725.25,1.3,1.3000000000000569,2.1000000000000285,10.000000000000028,24.504166666666666,17.6,5944.0,8725.25,0,0
2025-09-25,0.5,0.0,42.0,False,False,False,11.6,24.2,10.3,5652.0,2025.0,8725.25,1.3,1.3000000000000569,2.1000000000000285,10.000000000000028,24.504166666666666,17.6,5944.0,8725.25,0,0
2025-09-25,1.0,30.0,10.0,False,False,False,11.6,24.2,10.3,5652.0,2025.0,8725.25,1.3,1.3000000000000569,2.1000000000000285,10.000000000000028,24.504166666666666,17.6,5944.0,8725.25,0,0
