ctprvnNm,gugunNm,beachKoreanNm,ctprvnCode,gugunCode,stnpntCode,examinOdr,examinLcSeCode,coliDetectCn,entrcccsDetectCn,examinYear,examinDe,examinKnd,examinKndKor,stbltAt,examinLcDetail,la,lo,tempbtn,examinReExamCnt
부산,해운대구,해운대,04,05,002,1,A,10,<1,2014,,3,폐장후,적합,,35.1587500000,129.1616290000,상세보기,0
부산,해운대구,해운대,04,05,002,1,B,5,<1,2014,,3,폐장후,적합,,35.1587500000,129.1616290000,상세보기,0
부산,해운대구,해운대,04,05,002,1,C,<1,5,2014,,3,폐장후,적합,,35.1587500000,129.1616290000,상세보기,0
부산,해운대구,해운대,04,05,002,1,D,10,<1,2014,,3,폐장후,적합,,35.1587500000,129.1616290000,상세보기,0
부산,해운대구,해운대,04,05,002,1,E,80,10,2014,,3,폐장후,적합,,35.1587500000,129.1616290000,상세보기,0
부산,해운대구,해운대,04,05,002,11,A,59,<1,2014,,2,개장중,적합,,35.1587500000,129.1616290000,상세보기,0
부산,해운대구,해운대,04,05,002,11,B,26,<1,2014,,2,개장중,적합,,35.1587500000,129.1616290000,상세보기,0
부산,해운대구,해운대,04,05,002,11,C,48,<1,2014,,2,개장중,적합,,35.1587500000,129.1616290000,상세보기,0
부산,해운대구,해운대,04,05,002,11,D,66,<1,2014,,2,개장중,적합,,35.1587500000,129.1616290000,상세보기,0
부산,해운대구,해운대,04,05,002,11,E,73,<1,2014,,2,개장중,적합,,35.1587500000,129.1616290000,상세보기,0
부산,해운대구,해운대,04,05,002,10,A,110,5,2014,,2,개장중,적합,,35.1587500000,129.1616290000,상세보기,0
부산,해운대구,해운대,04,05,002,10,B,160,30,2014,,2,개장중,적합,,35.1587500000,129.1616290000,상세보기,0
부산,해운대구,해운대,04,05,002,10,C,98,10,2014,,2,개장중,적합,,35.1587500000,129.1616290000,상세보기,0
부산,해운대구,해운대,04,05,002,10,D,86,5,2014,,2,개장중,적합,,35.1587500000,129.1616290000,상세보기,0
부산,해운대구,해운대,04,05,002,10,E,110,10,2014,,2,개장중,적합,,35.1587500000,129.1616290000,상세보기,0
부산,해운대구,해운대,04,05,002,9,A,200,10,2014,,2,개장중,적합,,35.1587500000,129.1616290000,상세보기,0
부산,해운대구,해운대,04,05,002,9,B,200,10,2014,,2,개장중,적합,,35.1587500000,129.1616290000,상세보기,0
부산,해운대구,해운대,04,05,002,9,C,160,<1,2014,,2,개장중,적합,,35.1587500000,129.1616290000,상세보기,0
부산,해운대구,해운대,04,05,002,9,D,160,<1,2014,,2,개장중,적합,,35.1587500000,129.1616290000,상세보기,0
부산,해운대구,해운대,04,05,002,9,E,130,5,2014,,2,개장중,적합,,35.1587500000,129.1616290000,상세보기,0
부산,해운대구,해운대,04,05,002,8,A,260,<1,2014,,2,개장중,적합,,35.1587500000,129.1616290000,상세보기,0
부산,해운대구,해운대,04,05,002,8,B,220,5,2014,,2,개장중,적합,,35.1587500000,129.1616290000,상세보기,0
부산,해운대구,해운대,04,05,002,8,C,290,10,2014,,2,개장중,적합,,35.1587500000,129.1616290000,상세보기,0
부산,해운대구,해운대,04,05,002,8,D,360,<1,2014,,2,개장중,적합,,35.1587500000,129.1616290000,상세보기,0
부산,해운대구,해운대,04,05,002,8,E,240,5,2014,,2,개장중,적합,,35.1587500000,129.1616290000,상세보기,0
부산,해운대구,해운대,04,05,002,7,A,26,<1,2014,,2,개장중,적합,,35.1587500000,129.1616290000,상세보기,0
부산,해운대구,해운대,04,05,002,7,B,94,<1,2014,,2,개장중,적합,,35.1587500000,129.1616290000,상세보기,0
부산,해운대구,해운대,04,05,002,7,C,5,<1,2014,,2,개장중,적합,,35.1587500000,129.1616290000,상세보기,0
부산,해운대구,해운대,04,05,002,7,D,16,<1,2014,,2,개장중,적합,,35.1587500000,129.1616290000,상세보기,0
부산,해운대구,해운대,04,05,002,7,E,10,<1,2014,,2,개장중,적합,,35.1587500000,129.1616290000,상세보기,0
부산,해운대구,해운대,04,05,002,6,A,15,21,2014,,2,개장중,적합,,35.1587500000,129.1616290000,상세보기,0
부산,해운대구,해운대,04,05,002,6,B,20,8,2014,,2,개장중,적합,,35.1587500000,129.1616290000,상세보기,0
부산,해운대구,해운대,04,05,002,6,C,26,12,2014,,2,개장중,적합,,35.1587500000,129.1616290000,상세보기,0
부산,해운대구,해운대,04,05,002,6,D,20,13,2014,,2,개장중,적합,,35.1587500000,129.1616290000,상세보기,0
부산,해운대구,해운대,04,05,002,6,E,16,17,2014,,2,개장중,적합,,35.1587500000,129.1616290000,상세보기,0
부산,해운대구,해운대,04,05,002,5,A,42,4,2014,,2,개장중,적합,,35.1587500000,129.1616290000,상세보기,0
부산,해운대구,해운대,04,05,002,5,B,26,2,2014,,2,개장중,적합,,35.1587500000,129.1616290000,상세보기,0
부산,해운대구,해운대,04,05,002,5,C,43,8,2014,,2,개장중,적합,,35.1587500000,129.1616290000,상세보기,0
부산,해운대구,해운대,04,05,002,5,D,32,6,2014,,2,개장중,적합,,35.1587500000,129.1616290000,상세보기,0
부산,해운대구,해운대,04,05,002,5,E,49,2,2014,,2,개장중,적합,,35.1587500000,129.1616290000,상세보기,0
부산,해운대구,해운대,04,05,002,4,A,26,17,2014,,2,개장중,적합,,35.1587500000,129.1616290000,상세보기,0
부산,해운대구,해운대,04,05,002,4,B,32,10,2014,,2,개장중,적합,,35.1587500000,129.1616290000,상세보기,0
부산,해운대구,해운대,04,05,002,4,C,32,22,2014,,2,개장중,적합,,35.1587500000,129.1616290000,상세보기,0
부산,해운대구,해운대,04,05,002,4,D,76,6,2014,,2,개장중,적합,,35.1587500000,129.1616290000,상세보기,0
부산,해운대구,해운대,04,05,002,4,E,26,10,2014,,2,개장중,적합,,35.1587500000,129.1616290000,상세보기,0
부산,해운대구,해운대,04,05,002,3,A,26,12,2014,,2,개장중,적합,,35.1587500000,129.1616290000,상세보기,0
부산,해운대구,해운대,04,05,002,3,B,10,10,2014,,2,개장중,적합,,35.1587500000,129.1616290000,상세보기,0
부산,해운대구,해운대,04,05,002,3,C,10,6,2014,,2,개장중,적합,,35.1587500000,129.1616290000,상세보기,0
부산,해운대구,해운대,04,05,002,3,D,16,10,2014,,2,개장중,적합,,35.1587500000,129.1616290000,상세보기,0
부산,해운대구,해운대,04,05,002,3,E,5,10,2014,,2,개장중,적합,,35.1587500000,129.1616290000,상세보기,0
부산,해운대구,해운대,04,05,002,2,A,5,12,2014,,2,개장중,적합,,35.1587500000,129.1616290000,상세보기,0
부산,해운대구,해운대,04,05,002,2,B,20,17,2014,,2,개장중,적합,,35.1587500000,129.1616290000,상세보기,0
부산,해운대구,해운대,04,05,002,2,C,5,6,2014,,2,개장중,적합,,35.1587500000,129.1616290000,상세보기,0
부산,해운대구,해운대,04,05,002,2,D,<1,<1,2014,,2,개장중,적합,,35.1587500000,129.1616290000,상세보기,0
부산,해운대구,해운대,04,05,002,2,E,<1,23,2014,,2,개장중,적합,,35.1587500000,129.1616290000,상세보기,0
부산,해운대구,해운대,04,05,002,1,A,16,6,2014,,2,개장중,적합,,35.1587500000,129.1616290000,상세보기,0
부산,해운대구,해운대,04,05,002,1,B,48,4,2014,,2,개장중,적합,,35.1587500000,129.1616290000,상세보기,0
부산,해운대구,해운대,04,05,002,1,C,26,8,2014,,2,개장중,적합,,35.1587500000,129.1616290000,상세보기,0
부산,해운대구,해운대,04,05,002,1,D,42,2,2014,,2,개장중,적합,,35.1587500000,129.1616290000,상세보기,0
부산,해운대구,해운대,04,05,002,1,E,26,6,2014,,2,개장중,적합,,35.1587500000,129.1616290000,상세보기,0
부산,해운대구,해운대,04,05,002,1,A,12,2,2014,,1,개장전,적합,,35.1587500000,129.1616290000,상세보기,0
부산,해운대구,해운대,04,05,002,1,B,24,4,2014,,1,개장전,적합,,35.1587500000,129.1616290000,상세보기,0
부산,해운대구,해운대,04,05,002,1,C,30,4,2014,,1,개장전,적합,,35.1587500000,129.1616290000,상세보기,0
부산,해운대구,해운대,04,05,002,1,D,43,2,2014,,1,개장전,적합,,35.1587500000,129.1616290000,상세보기,0
부산,해운대구,해운대,04,05,002,1,E,61,15,2014,,1,개장전,적합,,35.1587500000,129.1616290000,상세보기,0
부산,해운대구,해운대,04,05,002,1,A,31,<1,2015,2015-09-21,3,폐장후,적합,,35.1587500000,129.1616290000,상세보기,0
부산,해운대구,해운대,04,05,002,1,B,<1,<1,2015,2015-09-21,3,폐장후,적합,,35.1587500000,129.1616290000,상세보기,0
부산,해운대구,해운대,04,05,002,1,C,<1,<1,2015,2015-09-21,3,폐장후,적합,,35.1587500000,129.1616290000,상세보기,0
부산,해운대구,해운대,04,05,002,1,D,<1,<1,2015,2015-09-21,3,폐장후,적합,,35.1587500000,129.1616290000,상세보기,0
부산,해운대구,해운대,04,05,002,1,E,10,<1,2015,2015-09-21,3,폐장후,적합,,35.1587500000,129.1616290000,상세보기,0
부산,해운대구,해운대,04,05,002,6,A,150,<1,2015,2015-08-04,2,개장중,적합,,35.1587500000,129.1616290000,상세보기,0
부산,해운대구,해운대,04,05,002,6,B,230,10,2015,2015-08-04,2,개장중,적합,,35.1587500000,129.1616290000,상세보기,0
부산,해운대구,해운대,04,05,002,6,C,180,5,2015,2015-08-04,2,개장중,적합,,35.1587500000,129.1616290000,상세보기,0
부산,해운대구,해운대,04,05,002,6,D,160,26,2015,2015-08-04,2,개장중,적합,,35.1587500000,129.1616290000,상세보기,0
부산,해운대구,해운대,04,05,002,6,E,280,21,2015,2015-08-04,2,개장중,적합,,35.1587500000,129.1616290000,상세보기,0
부산,해운대구,해운대,04,05,002,5,A,20,5,2015,2015-07-28,2,개장중,적합,,35.1587500000,129.1616290000,상세보기,0
부산,해운대구,해운대,04,05,002,5,B,41,10,2015,2015-07-28,2,개장중,적합,,35.1587500000,129.1616290000,상세보기,0
부산,해운대구,해운대,04,05,002,5,C,41,<1,2015,2015-07-28,2,개장중,적합,,35.1587500000,129.1616290000,상세보기,0
부산,해운대구,해운대,04,05,002,5,D,20,5,2015,2015-07-28,2,개장중,적합,,35.1587500000,129.1616290000,상세보기,0
부산,해운대구,해운대,04,05,002,5,E,74,<1,2015,2015-07-28,2,개장중,적합,,35.1587500000,129.1616290000,상세보기,0
부산,해운대구,해운대,04,05,002,4,A,10,<1,2015,2015-07-16,2,개장중,적합,,35.1587500000,129.1616290000,상세보기,0
부산,해운대구,해운대,04,05,002,4,B,<1,10,2015,2015-07-16,2,개장중,적합,,35.1587500000,129.1616290000,상세보기,0
부산,해운대구,해운대,04,05,002,4,C,10,10,2015,2015-07-16,2,개장중,적합,,35.1587500000,129.1616290000,상세보기,0
부산,해운대구,해운대,04,05,002,4,D,10,5,2015,2015-07-16,2,개장중,적합,,35.1587500000,129.1616290000,상세보기,0
부산,해운대구,해운대,04,05,002,4,E,10,<1,2015,2015-07-16,2,개장중,적합,,35.1587500000,129.1616290000,상세보기,0
부산,해운대구,해운대,04,05,002,3,A,10,<1,2015,2015-07-02,2,개장중,적합,,35.1587500000,129.1616290000,상세보기,0
부산,해운대구,해운대,04,05,002,3,B,<1,5,2015,2015-07-02,2,개장중,적합,,35.1587500000,129.1616290000,상세보기,0
부산,해운대구,해운대,04,05,002,3,C,10,10,2015,2015-07-02,2,개장중,적합,,35.1587500000,129.1616290000,상세보기,0
부산,해운대구,해운대,04,05,002,3,D,<1,<1,2015,2015-07-02,2,개장중,적합,,35.1587500000,129.1616290000,상세보기,0
부산,해운대구,해운대,04,05,002,3,E,<1,5,2015,2015-07-02,2,개장중,적합,,35.1587500000,129.1616290000,상세보기,0
부산,해운대구,해운대,04,05,002,2,A,52,16,2015,2015-06-16,2,개장중,적합,,35.1587500000,129.1616290000,상세보기,0
부산,해운대구,해운대,04,05,002,2,B,51,불검출,2015,2015-06-16,2,개장중,적합,,35.1587500000,129.1616290000,상세보기,0
부산,해운대구,해운대,04,05,002,2,C,41,불검출,2015,2015-06-16,2,개장중,적합,,35.1587500000,129.1616290000,상세보기,0
부산,해운대구,해운대,04,05,002,2,D,63,5,2015,2015-06-16,2,개장중,적합,,35.1587500000,129.1616290000,상세보기,0
부산,해운대구,해운대,04,05,002,2,E,41,10,2015,2015-06-16,2,개장중,적합,,35.1587500000,129.1616290000,상세보기,0
부산,해운대구,해운대,04,05,002,1,A,52,1미만,2016,2016-10-04,3,폐장후,적합,,35.1587500000,129.1616290000,상세보기,0
부산,해운대구,해운대,04,05,002,1,B,41,1미만,2016,2016-10-04,3,폐장후,적합,,35.1587500000,129.1616290000,상세보기,0
부산,해운대구,해운대,04,05,002,1,C,63,1미만,2016,2016-10-04,3,폐장후,적합,,35.1587500000,129.1616290000,상세보기,0
부산,해운대구,해운대,04,05,002,1,D,63,1미만,2016,2016-10-04,3,폐장후,적합,,35.1587500000,129.1616290000,상세보기,0
부산,해운대구,해운대,04,05,002,1,E,130,1미만,2016,2016-10-04,3,폐장후,적합,,35.1587500000,129.1616290000,상세보기,0
부산,해운대구,해운대,04,05,002,8,A,31,21,2016,2016-08-22,2,개장중,적합,,35.1587500000,129.1616290000,상세보기,0
부산,해운대구,해운대,04,05,002,8,B,210,5,2016,2016-08-22,2,개장중,적합,,35.1587500000,129.1616290000,상세보기,0
부산,해운대구,해운대,04,05,002,8,C,20,1미만,2016,2016-08-22,2,개장중,적합,,35.1587500000,129.1616290000,상세보기,0
부산,해운대구,해운대,04,05,002,8,D,31,5,2016,2016-08-22,2,개장중,적합,,35.1587500000,129.1616290000,상세보기,0
부산,해운대구,해운대,04,05,002,8,E,31,5,2016,2016-08-22,2,개장중,적합,,35.1587500000,129.1616290000,상세보기,0
부산,해운대구,해운대,04,05,002,7,A,1미만,1미만,2016,2016-08-17,2,개장중,적합,,35.1587500000,129.1616290000,상세보기,0
부산,해운대구,해운대,04,05,002,7,B,10,1미만,2016,2016-08-17,2,개장중,적합,,35.1587500000,129.1616290000,상세보기,0
부산,해운대구,해운대,04,05,002,7,C,31,10,2016,2016-08-17,2,개장중,적합,,35.1587500000,129.1616290000,상세보기,0
부산,해운대구,해운대,04,05,002,7,D,10,5,2016,2016-08-17,2,개장중,적합,,35.1587500000,129.1616290000,상세보기,0
부산,해운대구,해운대,04,05,002,7,E,41,5,2016,2016-08-17,2,개장중,적합,,35.1587500000,129.1616290000,상세보기,0
부산,해운대구,해운대,04,05,002,6,A,31,5,2016,2016-08-09,2,개장중,적합,,35.1587500000,129.1616290000,상세보기,0
부산,해운대구,해운대,04,05,002,6,B,85,1미만,2016,2016-08-09,2,개장중,적합,,35.1587500000,129.1616290000,상세보기,0
부산,해운대구,해운대,04,05,002,6,C,98,10,2016,2016-08-09,2,개장중,적합,,35.1587500000,129.1616290000,상세보기,0
부산,해운대구,해운대,04,05,002,6,D,86,21,2016,2016-08-09,2,개장중,적합,,35.1587500000,129.1616290000,상세보기,0
부산,해운대구,해운대,04,05,002,6,E,180,5,2016,2016-08-09,2,개장중,적합,,35.1587500000,129.1616290000,상세보기,0
부산,해운대구,해운대,04,05,002,5,A,31,<1,2016,2016-07-26,2,개장중,적합,,35.1587500000,129.1616290000,상세보기,0
부산,해운대구,해운대,04,05,002,5,B,20,5,2016,2016-07-26,2,개장중,적합,,35.1587500000,129.1616290000,상세보기,0
부산,해운대구,해운대,04,05,002,5,C,20,5,2016,2016-07-26,2,개장중,적합,,35.1587500000,129.1616290000,상세보기,0
부산,해운대구,해운대,04,05,002,5,D,41,<1,2016,2016-07-26,2,개장중,적합,,35.1587500000,129.1616290000,상세보기,0
부산,해운대구,해운대,04,05,002,5,E,20,<1,2016,2016-07-26,2,개장중,적합,,35.1587500000,129.1616290000,상세보기,0
부산,해운대구,해운대,04,05,002,4,A,420,49,2016,2016-07-19,2,개장중,적합,,35.1587500000,129.1616290000,상세보기,0
부산,해운대구,해운대,04,05,002,4,B,340,71,2016,2016-07-19,2,개장중,적합,,35.1587500000,129.1616290000,상세보기,0
부산,해운대구,해운대,04,05,002,4,C,380,72,2016,2016-07-19,2,개장중,적합,,35.1587500000,129.1616290000,상세보기,0
부산,해운대구,해운대,04,05,002,4,D,440,65,2016,2016-07-19,2,개장중,적합,,35.1587500000,129.1616290000,상세보기,0
부산,해운대구,해운대,04,05,002,4,E,470,55,2016,2016-07-19,2,개장중,적합,,35.1587500000,129.1616290000,상세보기,0
부산,해운대구,해운대,04,05,002,3,A,150,<1,2016,2016-07-11,2,개장중,적합,,35.1587500000,129.1616290000,상세보기,0
부산,해운대구,해운대,04,05,002,3,B,140,10,2016,2016-07-11,2,개장중,적합,,35.1587500000,129.1616290000,상세보기,0
부산,해운대구,해운대,04,05,002,3,C,130,5,2016,2016-07-11,2,개장중,적합,,35.1587500000,129.1616290000,상세보기,0
부산,해운대구,해운대,04,05,002,3,D,170,<1,2016,2016-07-11,2,개장중,적합,,35.1587500000,129.1616290000,상세보기,0
부산,해운대구,해운대,04,05,002,3,E,190,10,2016,2016-07-11,2,개장중,적합,,35.1587500000,129.1616290000,상세보기,0
부산,해운대구,해운대,04,05,002,2,A,41,10,2016,2016-06-27,2,개장중,적합,,35.1587500000,129.1616290000,상세보기,0
부산,해운대구,해운대,04,05,002,2,B,20,<1,2016,2016-06-27,2,개장중,적합,,35.1587500000,129.1616290000,상세보기,0
부산,해운대구,해운대,04,05,002,2,C,74,<1,2016,2016-06-27,2,개장중,적합,,35.1587500000,129.1616290000,상세보기,0
부산,해운대구,해운대,04,05,002,2,D,84,10,2016,2016-06-27,2,개장중,적합,,35.1587500000,129.1616290000,상세보기,0
부산,해운대구,해운대,04,05,002,2,E,31,10,2016,2016-06-27,2,개장중,적합,,35.1587500000,129.1616290000,상세보기,0
부산,해운대구,해운대,04,05,002,1,A,20,5,2016,2016-06-07,2,개장중,적합,,35.1587500000,129.1616290000,상세보기,0
부산,해운대구,해운대,04,05,002,1,B,30,5,2016,2016-06-07,2,개장중,적합,,35.1587500000,129.1616290000,상세보기,0
부산,해운대구,해운대,04,05,002,1,C,31,<1,2016,2016-06-07,2,개장중,적합,,35.1587500000,129.1616290000,상세보기,0
부산,해운대구,해운대,04,05,002,1,D,52,16,2016,2016-06-07,2,개장중,적합,,35.1587500000,129.1616290000,상세보기,0
부산,해운대구,해운대,04,05,002,1,E,20,<1,2016,2016-06-07,2,개장중,적합,,35.1587500000,129.1616290000,상세보기,0
부산,해운대구,해운대,04,05,002,1,A,<1,<1,2016,2016-05-12,1,개장전,적합,,35.1587500000,129.1616290000,상세보기,0
부산,해운대구,해운대,04,05,002,1,B,<1,<1,2016,2016-05-12,1,개장전,적합,,35.1587500000,129.1616290000,상세보기,0
부산,해운대구,해운대,04,05,002,1,C,<1,<1,2016,2016-05-12,1,개장전,적합,,35.1587500000,129.1616290000,상세보기,0
부산,해운대구,해운대,04,05,002,1,D,<1,<1,2016,2016-05-12,1,개장전,적합,,35.1587500000,129.1616290000,상세보기,0
부산,해운대구,해운대,04,05,002,1,E,<1,<1,2016,2016-05-12,1,개장전,적합,,35.1587500000,129.1616290000,상세보기,0
부산,해운대구,해운대,04,05,002,1,A,1,1,2017,2017-09-20,3,폐장후,적합,조선비치호텔옆계단,35.1587500000,129.1616290000,상세보기,0
부산,해운대구,해운대,04,05,002,1,B,10,5,2017,2017-09-20,3,폐장후,적합,그린나래호텔,35.1587500000,129.1616290000,상세보기,0
부산,해운대구,해운대,04,05,002,1,C,20,5,2017,2017-09-20,3,폐장후,적합,아쿠아리움,35.1587500000,129.1616290000,상세보기,0
부산,해운대구,해운대,04,05,002,1,D,31,10,2017,2017-09-20,3,폐장후,적합,파라다이스신구관사이,35.1587500000,129.1616290000,상세보기,0
부산,해운대구,해운대,04,05,002,1,E,10,10,2017,2017-09-20,3,폐장후,적합,엘시티더？,35.1587500000,129.1616290000,상세보기,0
부산,해운대구,해운대,04,05,002,10,A,63,1,2017,2017-08-23,2,개장중,적합,조선비치호텔옆계단,35.1587500000,129.1616290000,상세보기,0
부산,해운대구,해운대,04,05,002,10,B,235,10,2017,2017-08-23,2,개장중,적합,그린나래호텔,35.1587500000,129.1616290000,상세보기,0
부산,해운대구,해운대,04,05,002,10,C,121,15,2017,2017-08-23,2,개장중,적합,아쿠아리움,35.1587500000,129.1616290000,상세보기,0
부산,해운대구,해운대,04,05,002,10,D,158,10,2017,2017-08-23,2,개장중,적합,파라다이스신구관사이,35.1587500000,129.1616290000,상세보기,0
부산,해운대구,해운대,04,05,002,10,E,171,5,2017,2017-08-23,2,개장중,적합,엘시티더？,35.1587500000,129.1616290000,상세보기,0
부산,해운대구,해운대,04,05,002,9,A,20,1,2017,2017-08-17,2,개장중,적합,조선비치호텔옆계단,35.1587500000,129.1616290000,상세보기,0
부산,해운대구,해운대,04,05,002,9,B,41,5,2017,2017-08-17,2,개장중,적합,그린나래호텔,35.1587500000,129.1616290000,상세보기,0
부산,해운대구,해운대,04,05,002,9,C,10,1,2017,2017-08-17,2,개장중,적합,아쿠아리움,35.1587500000,129.1616290000,상세보기,0
부산,해운대구,해운대,04,05,002,9,D,10,1,2017,2017-08-17,2,개장중,적합,파라다이스신구관사이,35.1587500000,129.1616290000,상세보기,0
부산,해운대구,해운대,04,05,002,9,E,20,1,2017,2017-08-17,2,개장중,적합,엘시티더？,35.1587500000,129.1616290000,상세보기,0
부산,해운대구,해운대,04,05,002,8,A,41,21,2017,2017-08-11,2,개장중,적합,조선비치호텔옆계단,35.1587500000,129.1616290000,상세보기,0
부산,해운대구,해운대,04,05,002,8,B,52,10,2017,2017-08-11,2,개장중,적합,그린나래호텔,35.1587500000,129.1616290000,상세보기,0
부산,해운대구,해운대,04,05,002,8,C,75,21,2017,2017-08-11,2,개장중,적합,아쿠아리움,35.1587500000,129.1616290000,상세보기,0
부산,해운대구,해운대,04,05,002,8,D,1,1,2017,2017-08-11,2,개장중,적합,파라다이스신구관사이,35.1587500000,129.1616290000,상세보기,0
부산,해운대구,해운대,04,05,002,8,E,41,16,2017,2017-08-11,2,개장중,적합,엘시티더？,35.1587500000,129.1616290000,상세보기,0
부산,해운대구,해운대,04,05,002,7,A,1,5,2017,2017-08-02,2,개장중,적합,조선비치호텔옆계단,35.1587500000,129.1616290000,상세보기,0
부산,해운대구,해운대,04,05,002,7,B,10,1,2017,2017-08-02,2,개장중,적합,그린나래호텔,35.1587500000,129.1616290000,상세보기,0
부산,해운대구,해운대,04,05,002,7,C,1,1,2017,2017-08-02,2,개장중,적합,아쿠아리움,35.1587500000,129.1616290000,상세보기,0
부산,해운대구,해운대,04,05,002,7,D,10,1,2017,2017-08-02,2,개장중,적합,파라다이스신구관사이,35.1587500000,129.1616290000,상세보기,0
부산,해운대구,해운대,04,05,002,7,E,10,1,2017,2017-08-02,2,개장중,적합,엘시티더？,35.1587500000,129.1616290000,상세보기,0
부산,해운대구,해운대,04,05,002,6,A,84,1,2017,2017-07-27,2,개장중,적합,조선비치호텔옆계단,35.1587500000,129.1616290000,상세보기,0
부산,해운대구,해운대,04,05,002,6,B,31,10,2017,2017-07-27,2,개장중,적합,그린나래호텔,35.1587500000,129.1616290000,상세보기,0
부산,해운대구,해운대,04,05,002,6,C,97,5,2017,2017-07-27,2,개장중,적합,아쿠아리움,35.1587500000,129.1616290000,상세보기,0
부산,해운대구,해운대,04,05,002,6,D,75,10,2017,2017-07-27,2,개장중,적합,파라다이스신구관사이,35.1587500000,129.1616290000,상세보기,0
부산,해운대구,해운대,04,05,002,6,E,52,1,2017,2017-07-27,2,개장중,적합,엘시티더？,35.1587500000,129.1616290000,상세보기,0
부산,해운대구,해운대,04,05,002,5,A,5,5,2017,2017-07-19,2,개장중,적합,조선비치호텔옆계단,35.1587500000,129.1616290000,상세보기,0
부산,해운대구,해운대,04,05,002,5,B,5,5,2017,2017-07-19,2,개장중,적합,그린나래호텔,35.1587500000,129.1616290000,상세보기,0
부산,해운대구,해운대,04,05,002,5,C,1,1,2017,2017-07-19,2,개장중,적합,아쿠아리움,35.1587500000,129.1616290000,상세보기,0
부산,해운대구,해운대,04,05,002,5,D,1,1,2017,2017-07-19,2,개장중,적합,파라다이스신구관사이,35.1587500000,129.1616290000,상세보기,0
부산,해운대구,해운대,04,05,002,5,E,1,1,2017,2017-07-19,2,개장중,적합,엘시티더？,35.1587500000,129.1616290000,상세보기,0
부산,해운대구,해운대,04,05,002,4,A,20,5,2017,2017-07-13,2,개장중,적합,조선비치호텔옆계단,35.1587500000,129.1616290000,상세보기,0
부산,해운대구,해운대,04,05,002,4,B,30,5,2017,2017-07-13,2,개장중,적합,그린나래호텔,35.1587500000,129.1616290000,상세보기,0
부산,해운대구,해운대,04,05,002,4,C,20,1,2017,2017-07-13,2,개장중,적합,아쿠아리움,35.1587500000,129.1616290000,상세보기,0
부산,해운대구,해운대,04,05,002,4,D,20,10,2017,2017-07-13,2,개장중,적합,파라다이스신구관사이,35.1587500000,129.1616290000,상세보기,0
부산,해운대구,해운대,04,05,002,4,E,31,1,2017,2017-07-13,2,개장중,적합,엘시티더？,35.1587500000,129.1616290000,상세보기,0
부산,해운대구,해운대,04,05,002,3,A,10,10,2017,2017-07-07,2,개장중,적합,조선비치호텔옆계단,35.1587500000,129.1616290000,상세보기,0
부산,해운대구,해운대,04,05,002,3,B,30,10,2017,2017-07-07,2,개장중,적합,그린나래호텔,35.1587500000,129.1616290000,상세보기,0
부산,해운대구,해운대,04,05,002,3,C,10,15,2017,2017-07-07,2,개장중,적합,아쿠아리움,35.1587500000,129.1616290000,상세보기,0
부산,해운대구,해운대,04,05,002,3,D,31,10,2017,2017-07-07,2,개장중,적합,파라다이스신구관사이,35.1587500000,129.1616290000,상세보기,0
부산,해운대구,해운대,04,05,002,3,E,10,10,2017,2017-07-07,2,개장중,적합,엘시티더？,35.1587500000,129.1616290000,상세보기,0
부산,해운대구,해운대,04,05,002,2,A,30,5,2017,2017-06-22,2,개장중,적합,조선비치호텔옆계단,35.1587500000,129.1616290000,상세보기,0
부산,해운대구,해운대,04,05,002,2,B,20,1,2017,2017-06-22,2,개장중,적합,그린나래호텔,35.1587500000,129.1616290000,상세보기,0
부산,해운대구,해운대,04,05,002,2,C,52,5,2017,2017-06-22,2,개장중,적합,아쿠아리움,35.1587500000,129.1616290000,상세보기,0
부산,해운대구,해운대,04,05,002,2,D,1,1,2017,2017-06-22,2,개장중,적합,파라다이스신구관사이,35.1587500000,129.1616290000,상세보기,0
부산,해운대구,해운대,04,05,002,2,E,20,5,2017,2017-06-22,2,개장중,적합,엘시티더？,35.1587500000,129.1616290000,상세보기,0
부산,해운대구,해운대,04,05,002,1,A,41,10,2017,2017-06-09,2,개장중,적합,조선비치호텔옆계단,35.1587500000,129.1616290000,상세보기,0
부산,해운대구,해운대,04,05,002,1,B,1,1,2017,2017-06-09,2,개장중,적합,그린나래호텔,35.1587500000,129.1616290000,상세보기,0
부산,해운대구,해운대,04,05,002,1,C,10,5,2017,2017-06-09,2,개장중,적합,아쿠아리움,35.1587500000,129.1616290000,상세보기,0
부산,해운대구,해운대,04,05,002,1,D,1,1,2017,2017-06-09,2,개장중,적합,파라다이스신구관사이,35.1587500000,129.1616290000,상세보기,0
부산,해운대구,해운대,04,05,002,1,E,1,5,2017,2017-06-09,2,개장중,적합,엘시티더？,35.1587500000,129.1616290000,상세보기,0
부산,해운대구,해운대,04,05,002,1,A,20,1,2017,2017-05-15,1,개장전,적합,조선비치호텔옆계단,35.1587500000,129.1616290000,상세보기,0
부산,해운대구,해운대,04,05,002,1,B,1,1,2017,2017-05-15,1,개장전,적합,그린나래호텔,35.1587500000,129.1616290000,상세보기,0
부산,해운대구,해운대,04,05,002,1,C,1,5,2017,2017-05-15,1,개장전,적합,아쿠아리움,35.1587500000,129.1616290000,상세보기,0
부산,해운대구,해운대,04,05,002,1,D,1,1,2017,2017-05-15,1,개장전,적합,파라다이스호텔신구관사이,35.1587500000,129.1616290000,상세보기,0
부산,해운대구,해운대,04,05,002,1,E,20,10,2017,2017-05-15,1,개장전,적합,엘시티더？,35.1587500000,129.1616290000,상세보기,0
부산,해운대구,해운대,04,05,002,2,A,10,1,2018,2018-06-18,2,개장중,적합,조선비치호텔옆계단,35.1587500000,129.1616290000,상세보기,0
부산,해운대구,해운대,04,05,002,2,B,10,1,2018,2018-06-18,2,개장중,적합,그린나래호텔,35.1587500000,129.1616290000,상세보기,0
부산,해운대구,해운대,04,05,002,2,C,1,1,2018,2018-06-18,2,개장중,적합,아쿠아리움,35.1587500000,129.1616290000,상세보기,0
부산,해운대구,해운대,04,05,002,2,D,10,5,2018,2018-06-18,2,개장중,적합,"파라다이스호텔신,구관사이",35.1587500000,129.1616290000,상세보기,0
부산,해운대구,해운대,04,05,002,2,E,583,61,2018,2018-06-18,2,개장중,적합,동편마지막계단(엘시티더샵),35.1587500000,129.1616290000,상세보기,0
부산,해운대구,해운대,04,05,002,1,A,43,75,2018,2018-05-16,2,개장중,적합,조선비치호텔옆계단,35.1587500000,129.1616290000,상세보기,0
부산,해운대구,해운대,04,05,002,1,B,43,41,2018,2018-05-16,2,개장중,적합,그린나래호텔,35.1587500000,129.1616290000,상세보기,0
부산,해운대구,해운대,04,05,002,1,C,31,85,2018,2018-05-16,2,개장중,적합,아쿠아리움,35.1587500000,129.1616290000,상세보기,0
부산,해운대구,해운대,04,05,002,1,D,61,146,2018,2018-05-16,2,개장중,적합,"파라다이스호텔신,구관사이",35.1587500000,129.1616290000,상세보기,0
부산,해운대구,해운대,04,05,002,1,E,78,63,2018,2018-05-16,2,개장중,적합,동편마지막계단(엘시티더샵),35.1587500000,129.1616290000,상세보기,0
부산,해운대구,해운대,04,05,002,1,A,52,<1,2019,2019-09-25,3,폐장후,적합,A,35.1587500000,129.1616290000,상세보기,0
부산,해운대구,해운대,04,05,002,1,B,30,<1,2019,2019-09-25,3,폐장후,적합,B,35.1587500000,129.1616290000,상세보기,0
부산,해운대구,해운대,04,05,002,1,C,10,5,2019,2019-09-25,3,폐장후,적합,C,35.1587500000,129.1616290000,상세보기,0
부산,해운대구,해운대,04,05,002,1,D,10,5,2019,2019-09-25,3,폐장후,적합,D,35.1587500000,129.1616290000,상세보기,0
부산,해운대구,해운대,04,05,002,1,E,20,<1,2019,2019-09-25,3,폐장후,적합,E,35.1587500000,129.1616290000,상세보기,0
부산,해운대구,해운대,04,05,002,7,A,<1,21,2019,2019-08-20,2,개장중,적합,A,35.1587500000,129.1616290000,상세보기,0
부산,해운대구,해운대,04,05,002,7,B,<1,43,2019,2019-08-20,2,개장중,적합,B,35.1587500000,129.1616290000,상세보기,0
부산,해운대구,해운대,04,05,002,7,C,<1,10,2019,2019-08-20,2,개장중,적합,C,35.1587500000,129.1616290000,상세보기,0
부산,해운대구,해운대,04,05,002,7,D,41,21,2019,2019-08-20,2,개장중,적합,D,35.1587500000,129.1616290000,상세보기,0
부산,해운대구,해운대,04,05,002,7,E,<1,16,2019,2019-08-20,2,개장중,적합,E,35.1587500000,129.1616290000,상세보기,0
부산,해운대구,해운대,04,05,002,6,A,404,61,2019,2019-08-13,2,개장중,적합,A,35.1587500000,129.1616290000,상세보기,0
부산,해운대구,해운대,04,05,002,6,B,384,55,2019,2019-08-13,2,개장중,적합,B,35.1587500000,129.1616290000,상세보기,0
부산,해운대구,해운대,04,05,002,6,C,443,38,2019,2019-08-13,2,개장중,적합,C,35.1587500000,129.1616290000,상세보기,0
부산,해운대구,해운대,04,05,002,6,D,556,55,2019,2019-08-13,2,개장중,적합,D,35.1587500000,129.1616290000,상세보기,0
부산,해운대구,해운대,04,05,002,6,E,301,68,2019,2019-08-13,2,개장중,적합,E,35.1587500000,129.1616290000,상세보기,0
부산,해운대구,해운대,04,05,002,5,A,30,<1,2019,2019-07-30,2,개장중,적합,A,35.1587500000,129.1616290000,상세보기,0
부산,해운대구,해운대,04,05,002,5,B,10,32,2019,2019-07-30,2,개장중,적합,B,35.1587500000,129.1616290000,상세보기,0
부산,해운대구,해운대,04,05,002,5,C,52,32,2019,2019-07-30,2,개장중,적합,C,35.1587500000,129.1616290000,상세보기,0
부산,해운대구,해운대,04,05,002,5,D,10,48,2019,2019-07-30,2,개장중,적합,D,35.1587500000,129.1616290000,상세보기,0
부산,해운대구,해운대,04,05,002,5,E,20,10,2019,2019-07-30,2,개장중,적합,E,35.1587500000,129.1616290000,상세보기,0
부산,해운대구,해운대,04,05,002,4,A,31,10,2019,2019-07-16,2,개장중,적합,A,35.1587500000,129.1616290000,상세보기,0
부산,해운대구,해운대,04,05,002,4,B,52,10,2019,2019-07-16,2,개장중,적합,B,35.1587500000,129.1616290000,상세보기,0
부산,해운대구,해운대,04,05,002,4,C,41,5,2019,2019-07-16,2,개장중,적합,C,35.1587500000,129.1616290000,상세보기,0
부산,해운대구,해운대,04,05,002,4,D,<1,26,2019,2019-07-16,2,개장중,적합,D,35.1587500000,129.1616290000,상세보기,0
부산,해운대구,해운대,04,05,002,4,E,20,10,2019,2019-07-16,2,개장중,적합,E,35.1587500000,129.1616290000,상세보기,0
부산,해운대구,해운대,04,05,002,3,A,31,16,2019,2019-07-04,2,개장중,적합,A,35.1587500000,129.1616290000,상세보기,0
부산,해운대구,해운대,04,05,002,3,B,52,21,2019,2019-07-04,2,개장중,적합,B,35.1587500000,129.1616290000,상세보기,0
부산,해운대구,해운대,04,05,002,3,C,52,16,2019,2019-07-04,2,개장중,적합,C,35.1587500000,129.1616290000,상세보기,0
부산,해운대구,해운대,04,05,002,3,D,52,10,2019,2019-07-04,2,개장중,적합,D,35.1587500000,129.1616290000,상세보기,0
부산,해운대구,해운대,04,05,002,3,E,86,<1,2019,2019-07-04,2,개장중,적합,E,35.1587500000,129.1616290000,상세보기,0
부산,해운대구,해운대,04,05,002,2,A,41,26,2019,2019-06-18,2,개장중,적합,A,35.1587500000,129.1616290000,상세보기,0
부산,해운대구,해운대,04,05,002,2,B,20,32,2019,2019-06-18,2,개장중,적합,B,35.1587500000,129.1616290000,상세보기,0
부산,해운대구,해운대,04,05,002,2,C,41,54,2019,2019-06-18,2,개장중,적합,C,35.1587500000,129.1616290000,상세보기,0
부산,해운대구,해운대,04,05,002,2,D,41,48,2019,2019-06-18,2,개장중,적합,D,35.1587500000,129.1616290000,상세보기,0
부산,해운대구,해운대,04,05,002,2,E,30,10,2019,2019-06-18,2,개장중,적합,E,35.1587500000,129.1616290000,상세보기,0
부산,해운대구,해운대,04,05,002,1,A,20,5,2019,2019-06-04,2,개장중,적합,A,35.1587500000,129.1616290000,상세보기,0
부산,해운대구,해운대,04,05,002,1,B,10,<1,2019,2019-06-04,2,개장중,적합,B,35.1587500000,129.1616290000,상세보기,0
부산,해운대구,해운대,04,05,002,1,C,10,5,2019,2019-06-04,2,개장중,적합,C,35.1587500000,129.1616290000,상세보기,0
부산,해운대구,해운대,04,05,002,1,D,20,<1,2019,2019-06-04,2,개장중,적합,D,35.1587500000,129.1616290000,상세보기,0
부산,해운대구,해운대,04,05,002,1,E,20,5,2019,2019-06-04,2,개장중,적합,E,35.1587500000,129.1616290000,상세보기,0
부산,해운대구,해운대,04,05,002,1,A,<1,<1,2019,2019-05-14,1,개장전,적합,동편 마지막 계단(엘시티 더 샵),35.1587500000,129.1616290000,상세보기,0
부산,해운대구,해운대,04,05,002,1,B,40,<1,2019,2019-05-14,1,개장전,적합,파라다이스비호텔 신·구관사이,35.1587500000,129.1616290000,상세보기,0
부산,해운대구,해운대,04,05,002,1,C,<1,<1,2019,2019-05-14,1,개장전,적합,아쿠아리움,35.1587500000,129.1616290000,상세보기,0
부산,해운대구,해운대,04,05,002,1,D,20,5,2019,2019-05-14,1,개장전,적합,그린나래호텔,35.1587500000,129.1616290000,상세보기,0
부산,해운대구,해운대,04,05,002,1,E,10,<1,2019,2019-05-14,1,개장전,적합,조선비치호텔 옆 계단,35.1587500000,129.1616290000,상세보기,0
부산,해운대구,해운대,04,05,002,1,A,<1,5,2020,2020-09-15,3,폐장후,적합,엘시티 더 샵,35.1587500000,129.1616290000,상세보기,0
부산,해운대구,해운대,04,05,002,1,B,10,16,2020,2020-09-15,3,폐장후,적합,파라다이스호텔,35.1587500000,129.1616290000,상세보기,0
부산,해운대구,해운대,04,05,002,1,C,31,5,2020,2020-09-15,3,폐장후,적합,아쿠아리움,35.1587500000,129.1616290000,상세보기,0
부산,해운대구,해운대,04,05,002,1,D,10,5,2020,2020-09-15,3,폐장후,적합,그린나래호텔,35.1587500000,129.1616290000,상세보기,0
부산,해운대구,해운대,04,05,002,1,E,<1,<1,2020,2020-09-15,3,폐장후,적합,조선비치호텔,35.1587500000,129.1616290000,상세보기,0
부산,해운대구,해운대,04,05,002,9,A,10,5,2020,2020-08-19,2,개장중,적합,엘시티 더 샵,35.1587500000,129.1616290000,상세보기,0
부산,해운대구,해운대,04,05,002,9,B,<1,<1,2020,2020-08-19,2,개장중,적합,파라다이스호텔,35.1587500000,129.1616290000,상세보기,0
부산,해운대구,해운대,04,05,002,9,C,<1,10,2020,2020-08-19,2,개장중,적합,아쿠아리움,35.1587500000,129.1616290000,상세보기,0
부산,해운대구,해운대,04,05,002,9,D,20,<1,2020,2020-08-19,2,개장중,적합,그린나래호텔,35.1587500000,129.1616290000,상세보기,0
부산,해운대구,해운대,04,05,002,9,E,31,<1,2020,2020-08-19,2,개장중,적합,조선비치호텔,35.1587500000,129.1616290000,상세보기,0
부산,해운대구,해운대,04,05,002,8,A,543,32,2020,2020-08-14,2,개장중,적합,엘시티 더 샵,35.1587500000,129.1616290000,상세보기,0
부산,해운대구,해운대,04,05,002,8,B,520,21,2020,2020-08-14,2,개장중,적합,파라다이스호텔,35.1587500000,129.1616290000,상세보기,0
부산,해운대구,해운대,04,05,002,8,C,490,21,2020,2020-08-14,2,개장중,적합,아쿠아리움,35.1587500000,129.1616290000,상세보기,0
부산,해운대구,해운대,04,05,002,8,D,505,21,2020,2020-08-14,2,개장중,적합,그린나래호텔,35.1587500000,129.1616290000,상세보기,0
부산,해운대구,해운대,04,05,002,8,E,535,42,2020,2020-08-14,2,개장중,적합,조선비치호텔,35.1587500000,129.1616290000,상세보기,0
부산,해운대구,해운대,04,05,002,7,A,148,10,2020,2020-08-04,2,개장중,적합,엘시티 더 샵,35.1587500000,129.1616290000,상세보기,0
부산,해운대구,해운대,04,05,002,7,B,86,10,2020,2020-08-04,2,개장중,적합,파라다이스호텔,35.1587500000,129.1616290000,상세보기,0
부산,해운대구,해운대,04,05,002,7,C,1187,26,2020,2020-08-04,2,개장중,적합,아쿠아리움,35.1587500000,129.1616290000,상세보기,0
부산,해운대구,해운대,04,05,002,7,D,173,16,2020,2020-08-04,2,개장중,적합,그린나래호텔,35.1587500000,129.1616290000,상세보기,0
부산,해운대구,해운대,04,05,002,7,E,275,37,2020,2020-08-04,2,개장중,적합,조선비치호텔,35.1587500000,129.1616290000,상세보기,0
부산,해운대구,해운대,04,05,002,6,A,364,10,2020,2020-07-21,2,개장중,적합,엘시티 더 샵,35.1587500000,129.1616290000,상세보기,0
부산,해운대구,해운대,04,05,002,6,B,110,21,2020,2020-07-21,2,개장중,적합,파라다이스호텔,35.1587500000,129.1616290000,상세보기,0
부산,해운대구,해운대,04,05,002,6,C,135,<1,2020,2020-07-21,2,개장중,적합,아쿠아리움,35.1587500000,129.1616290000,상세보기,0
부산,해운대구,해운대,04,05,002,6,D,146,5,2020,2020-07-21,2,개장중,적합,그린나래호텔,35.1587500000,129.1616290000,상세보기,0
부산,해운대구,해운대,04,05,002,6,E,142,<1,2020,2020-07-21,2,개장중,적합,조선비치호텔,35.1587500000,129.1616290000,상세보기,0
부산,해운대구,해운대,04,05,002,5,A,<1,5,2020,2020-07-17,2,개장중,적합,엘시티 더 샵,35.1587500000,129.1616290000,상세보기,0
부산,해운대구,해운대,04,05,002,5,B,<1,<1,2020,2020-07-17,2,개장중,적합,파라다이스호텔,35.1587500000,129.1616290000,상세보기,0
부산,해운대구,해운대,04,05,002,5,C,<1,<1,2020,2020-07-17,2,개장중,적합,아쿠아리움,35.1587500000,129.1616290000,상세보기,0
부산,해운대구,해운대,04,05,002,5,D,<1,<1,2020,2020-07-17,2,개장중,적합,그린나래호텔,35.1587500000,129.1616290000,상세보기,0
부산,해운대구,해운대,04,05,002,5,E,<1,<1,2020,2020-07-17,2,개장중,적합,조선비치호텔,35.1587500000,129.1616290000,상세보기,0
부산,해운대구,해운대,04,05,002,4,A,14136,1094,2020,2020-07-11,2,개장중,적합,엘시티 더 샵,35.1587500000,129.1616290000,상세보기,1
부산,해운대구,해운대,04,05,002,4,B,11199,1426,2020,2020-07-11,2,개장중,적합,파라다이스호텔,35.1587500000,129.1616290000,상세보기,1
부산,해운대구,해운대,04,05,002,4,C,19863,862,2020,2020-07-11,2,개장중,적합,아쿠아리움,35.1587500000,129.1616290000,상세보기,1
부산,해운대구,해운대,04,05,002,4,D,9206,594,2020,2020-07-11,2,개장중,적합,그린나래호텔,35.1587500000,129.1616290000,상세보기,1
부산,해운대구,해운대,04,05,002,4,E,5475,577,2020,2020-07-11,2,개장중,적합,조선비치호텔,35.1587500000,129.1616290000,상세보기,1
부산,해운대구,해운대,04,05,002,3,A,3076,296,2020,2020-07-09,2,개장중,적합,엘시티 더 샵,35.1587500000,129.1616290000,상세보기,0
부산,해운대구,해운대,04,05,002,3,B,3873,380,2020,2020-07-09,2,개장중,적합,파라다이스호텔,35.1587500000,129.1616290000,상세보기,0
부산,해운대구,해운대,04,05,002,3,C,20,180,2020,2020-07-09,2,개장중,적합,아쿠아리움,35.1587500000,129.1616290000,상세보기,0
부산,해운대구,해운대,04,05,002,3,D,17329,1724,2020,2020-07-09,2,개장중,적합,그린나래호텔,35.1587500000,129.1616290000,상세보기,0
부산,해운대구,해운대,04,05,002,3,E,3255,388,2020,2020-07-09,2,개장중,적합,조선비치호텔,35.1587500000,129.1616290000,상세보기,0
부산,해운대구,해운대,04,05,002,2,A,<1,<1,2020,2020-06-23,2,개장중,적합,엘시티 더 샵,35.1587500000,129.1616290000,상세보기,0
부산,해운대구,해운대,04,05,002,2,B,31,316,2020,2020-06-23,2,개장중,적합,파라다이스호텔,35.1587500000,129.1616290000,상세보기,0
부산,해운대구,해운대,04,05,002,2,C,63,5,2020,2020-06-23,2,개장중,적합,아쿠아리움,35.1587500000,129.1616290000,상세보기,0
부산,해운대구,해운대,04,05,002,2,D,31,21,2020,2020-06-23,2,개장중,적합,그린나래호텔,35.1587500000,129.1616290000,상세보기,0
부산,해운대구,해운대,04,05,002,2,E,63,<1,2020,2020-06-23,2,개장중,적합,조선비치호텔,35.1587500000,129.1616290000,상세보기,0
부산,해운대구,해운대,04,05,002,1,A,<1,<1,2020,2020-06-09,2,개장중,적합,엘시티 더 샵,35.1587500000,129.1616290000,상세보기,0
부산,해운대구,해운대,04,05,002,1,B,<1,<1,2020,2020-06-09,2,개장중,적합,파라다이스호텔,35.1587500000,129.1616290000,상세보기,0
부산,해운대구,해운대,04,05,002,1,C,<1,10,2020,2020-06-09,2,개장중,적합,아쿠아리움,35.1587500000,129.1616290000,상세보기,0
부산,해운대구,해운대,04,05,002,1,D,<1,<1,2020,2020-06-09,2,개장중,적합,그린나래호텔,35.1587500000,129.1616290000,상세보기,0
부산,해운대구,해운대,04,05,002,1,E,<1,26,2020,2020-06-09,2,개장중,적합,조선비치호텔,35.1587500000,129.1616290000,상세보기,0
부산,해운대구,해운대,04,05,002,1,A,10,5,2020,2020-05-22,1,개장전,적합,엘시티 더 샵,35.1587500000,129.1616290000,상세보기,0
부산,해운대구,해운대,04,05,002,1,B,<1,<1,2020,2020-05-22,1,개장전,적합,파라다이스호텔,35.1587500000,129.1616290000,상세보기,0
부산,해운대구,해운대,04,05,002,1,C,<1,5,2020,2020-05-22,1,개장전,적합,아쿠아리움,35.1587500000,129.1616290000,상세보기,0
부산,해운대구,해운대,04,05,002,1,D,<1,<1,2020,2020-05-22,1,개장전,적합,그린나래호텔,35.1587500000,129.1616290000,상세보기,0
부산,해운대구,해운대,04,05,002,1,E,<1,<1,2020,2020-05-22,1,개장전,적합,조선비치호텔,35.1587500000,129.1616290000,상세보기,0
부산,해운대구,해운대,04,05,002,1,A,<1,<1,2021,2021-09-29,3,폐장후,적합,엘시티더샵,35.1587500000,129.1616290000,상세보기,0
부산,해운대구,해운대,04,05,002,1,B,<1,<1,2021,2021-09-29,3,폐장후,적합,파라다이스호텔,35.1587500000,129.1616290000,상세보기,0
부산,해운대구,해운대,04,05,002,1,C,<1,<1,2021,2021-09-29,3,폐장후,적합,부산아쿠아리움,35.1587500000,129.1616290000,상세보기,0
부산,해운대구,해운대,04,05,002,1,D,<1,<1,2021,2021-09-29,3,폐장후,적합,그린나래호텔,35.1587500000,129.1616290000,상세보기,0
부산,해운대구,해운대,04,05,002,1,E,<1,<1,2021,2021-09-29,3,폐장후,적합,조선비치호텔,35.1587500000,129.1616290000,상세보기,0
부산,해운대구,해운대,04,05,002,8,A,120,32,2021,2021-08-31,2,개장중,적합,엘시티더샵,35.1587500000,129.1616290000,상세보기,0
부산,해운대구,해운대,04,05,002,8,B,241,16,2021,2021-08-31,2,개장중,적합,파라다이스호텔 신관~구관,35.1587500000,129.1616290000,상세보기,0
부산,해운대구,해운대,04,05,002,8,C,95,<1,2021,2021-08-31,2,개장중,적합,부산아쿠아리움,35.1587500000,129.1616290000,상세보기,0
부산,해운대구,해운대,04,05,002,8,D,120,16,2021,2021-08-31,2,개장중,적합,그린나래호텔,35.1587500000,129.1616290000,상세보기,0
부산,해운대구,해운대,04,05,002,8,E,97,5,2021,2021-08-31,2,개장중,적합,조선비치호텔 옆 계단,35.1587500000,129.1616290000,상세보기,0
부산,해운대구,해운대,04,05,002,7,A,20,<1,2021,2021-08-10,2,개장중,적합,엘시티더샵,35.1587500000,129.1616290000,상세보기,0
부산,해운대구,해운대,04,05,002,7,B,<1,<1,2021,2021-08-10,2,개장중,적합,파라다이스호텔 신관~구관,35.1587500000,129.1616290000,상세보기,0
부산,해운대구,해운대,04,05,002,7,C,10,<1,2021,2021-08-10,2,개장중,적합,부산아쿠아리움,35.1587500000,129.1616290000,상세보기,0
부산,해운대구,해운대,04,05,002,7,D,<1,5,2021,2021-08-10,2,개장중,적합,그린나래호텔,35.1587500000,129.1616290000,상세보기,0
부산,해운대구,해운대,04,05,002,7,E,<1,5,2021,2021-08-10,2,개장중,적합,조선비치호텔 옆 계단,35.1587500000,129.1616290000,상세보기,0
부산,해운대구,해운대,04,05,002,6,A,<1,5,2021,2021-08-03,2,개장중,적합,엘시티더샵,35.1587500000,129.1616290000,상세보기,0
부산,해운대구,해운대,04,05,002,6,B,10,5,2021,2021-08-03,2,개장중,적합,파라다이스호텔 신관~구관,35.1587500000,129.1616290000,상세보기,0
부산,해운대구,해운대,04,05,002,6,C,10,<1,2021,2021-08-03,2,개장중,적합,부산아쿠아리움,35.1587500000,129.1616290000,상세보기,0
부산,해운대구,해운대,04,05,002,6,D,10,<1,2021,2021-08-03,2,개장중,적합,그린나래호텔,35.1587500000,129.1616290000,상세보기,0
부산,해운대구,해운대,04,05,002,6,E,<1,<1,2021,2021-08-03,2,개장중,적합,조선비치호텔 옆 계단,35.1587500000,129.1616290000,상세보기,0
부산,해운대구,해운대,04,05,002,5,A,158,21,2021,2021-07-29,2,개장중,적합,엘시티더샵,35.1587500000,129.1616290000,상세보기,0
부산,해운대구,해운대,04,05,002,5,B,173,43,2021,2021-07-29,2,개장중,적합,파라다이스호텔 신관~구관,35.1587500000,129.1616290000,상세보기,0
부산,해운대구,해운대,04,05,002,5,C,97,26,2021,2021-07-29,2,개장중,적합,부산아쿠아리움,35.1587500000,129.1616290000,상세보기,0
부산,해운대구,해운대,04,05,002,5,D,85,26,2021,2021-07-29,2,개장중,적합,그린나래호텔,35.1587500000,129.1616290000,상세보기,0
부산,해운대구,해운대,04,05,002,5,E,75,10,2021,2021-07-29,2,개장중,적합,조선비치호텔 옆 계단,35.1587500000,129.1616290000,상세보기,0
부산,해운대구,해운대,04,05,002,4,A,20,5,2021,2021-07-22,2,개장중,적합,엘시티더샵,35.1587500000,129.1616290000,상세보기,0
부산,해운대구,해운대,04,05,002,4,B,10,<1,2021,2021-07-22,2,개장중,적합,파라다이스호텔 신관~구관,35.1587500000,129.1616290000,상세보기,0
부산,해운대구,해운대,04,05,002,4,C,<1,<1,2021,2021-07-22,2,개장중,적합,부산아쿠아리움,35.1587500000,129.1616290000,상세보기,0
부산,해운대구,해운대,04,05,002,4,D,<1,<1,2021,2021-07-22,2,개장중,적합,그린나래호텔,35.1587500000,129.1616290000,상세보기,0
부산,해운대구,해운대,04,05,002,4,E,<1,5,2021,2021-07-22,2,개장중,적합,조선비치호텔 옆 계단,35.1587500000,129.1616290000,상세보기,0
부산,해운대구,해운대,04,05,002,3,A,10,5,2021,2021-07-15,2,개장중,적합,엘시티더샵,35.1587500000,129.1616290000,상세보기,0
부산,해운대구,해운대,04,05,002,3,B,85,<1,2021,2021-07-15,2,개장중,적합,파라다이스호텔 신관~구관,35.1587500000,129.1616290000,상세보기,0
부산,해운대구,해운대,04,05,002,3,C,20,<1,2021,2021-07-15,2,개장중,적합,부산아쿠아리움,35.1587500000,129.1616290000,상세보기,0
부산,해운대구,해운대,04,05,002,3,D,41,5,2021,2021-07-15,2,개장중,적합,그린나래호텔,35.1587500000,129.1616290000,상세보기,0
부산,해운대구,해운대,04,05,002,3,E,<1,<1,2021,2021-07-15,2,개장중,적합,조선비치호텔 옆 계단,35.1587500000,129.1616290000,상세보기,0
부산,해운대구,해운대,04,05,002,2,A,<1,10,2021,2021-06-22,2,개장중,적합,엘시티더샵,35.1587500000,129.1616290000,상세보기,0
부산,해운대구,해운대,04,05,002,2,B,<1,5,2021,2021-06-22,2,개장중,적합,파라다이스호텔 신관~구관,35.1587500000,129.1616290000,상세보기,0
부산,해운대구,해운대,04,05,002,2,C,<1,<1,2021,2021-06-22,2,개장중,적합,부산아쿠아리움,35.1587500000,129.1616290000,상세보기,0
부산,해운대구,해운대,04,05,002,2,D,<1,5,2021,2021-06-22,2,개장중,적합,그린나래호텔,35.1587500000,129.1616290000,상세보기,0
부산,해운대구,해운대,04,05,002,2,E,10,21,2021,2021-06-22,2,개장중,적합,조선비치호텔 옆 계단,35.1587500000,129.1616290000,상세보기,0
부산,해운대구,해운대,04,05,002,1,A,275,21,2021,2021-06-08,2,개장중,적합,엘시티더샵,35.1587500000,129.1616290000,상세보기,0
부산,해운대구,해운대,04,05,002,1,B,175,16,2021,2021-06-08,2,개장중,적합,파라다이스호텔 신관~구관,35.1587500000,129.1616290000,상세보기,0
부산,해운대구,해운대,04,05,002,1,C,<1,<1,2021,2021-06-08,2,개장중,적합,부산아쿠아리움,35.1587500000,129.1616290000,상세보기,0
부산,해운대구,해운대,04,05,002,1,D,<1,63,2021,2021-06-08,2,개장중,적합,그린나래호텔,35.1587500000,129.1616290000,상세보기,0
부산,해운대구,해운대,04,05,002,1,E,<1,85,2021,2021-06-08,2,개장중,적합,조선비치호텔 옆 계단,35.1587500000,129.1616290000,상세보기,0
부산,해운대구,해운대,04,05,002,1,A,20,5,2021,2021-05-25,1,개장전,적합,엘시티더샵,35.1587500000,129.1616290000,상세보기,0
부산,해운대구,해운대,04,05,002,1,B,20,5,2021,2021-05-25,1,개장전,적합,파라다이스호텔 신관~구관,35.1587500000,129.1616290000,상세보기,0
부산,해운대구,해운대,04,05,002,1,C,10,5,2021,2021-05-25,1,개장전,적합,부산아쿠아리움,35.1587500000,129.1616290000,상세보기,0
부산,해운대구,해운대,04,05,002,1,D,<1,<1,2021,2021-05-25,1,개장전,적합,그린나래호텔,35.1587500000,129.1616290000,상세보기,0
부산,해운대구,해운대,04,05,002,1,E,<1,<1,2021,2021-05-25,1,개장전,적합,조선비치호텔 옆 계단,35.1587500000,129.1616290000,상세보기,0
부산,해운대구,해운대,04,05,002,1,A,262,148,2022,2022-09-26,3,폐장후,적합,엘시티 더 샵,35.1587500000,129.1616290000,상세보기,0
부산,해운대구,해운대,04,05,002,1,B,86,16,2022,2022-09-26,3,폐장후,적합,파라다이스호텔,35.1587500000,129.1616290000,상세보기,0
부산,해운대구,해운대,04,05,002,1,C,20,<1,2022,2022-09-26,3,폐장후,적합,부산아쿠아리움,35.1587500000,129.1616290000,상세보기,0
부산,해운대구,해운대,04,05,002,1,D,<1,5,2022,2022-09-26,3,폐장후,적합,그린나래호텔,35.1587500000,129.1616290000,상세보기,0
부산,해운대구,해운대,04,05,002,1,E,<1,<1,2022,2022-09-26,3,폐장후,적합,조선비치호텔,35.1587500000,129.1616290000,상세보기,0
부산,해운대구,해운대,04,05,002,7,A,<1,<1,2022,2022-08-30,2,개장중,적합,엘시티 더 샵,35.1587500000,129.1616290000,상세보기,0
부산,해운대구,해운대,04,05,002,7,B,<1,<1,2022,2022-08-30,2,개장중,적합,파라다이스호텔,35.1587500000,129.1616290000,상세보기,0
부산,해운대구,해운대,04,05,002,7,C,<1,<1,2022,2022-08-30,2,개장중,적합,부산아쿠아리움,35.1587500000,129.1616290000,상세보기,0
부산,해운대구,해운대,04,05,002,7,D,<1,<1,2022,2022-08-30,2,개장중,적합,그린나래호텔,35.1587500000,129.1616290000,상세보기,0
부산,해운대구,해운대,04,05,002,7,E,<1,<1,2022,2022-08-30,2,개장중,적합,조선비치호텔,35.1587500000,129.1616290000,상세보기,0
부산,해운대구,해운대,04,05,002,6,B,10,<1,2022,2022-08-16,2,개장중,적합,파라다이스 호텔,35.1587500000,129.1616290000,상세보기,0
부산,해운대구,해운대,04,05,002,6,C,10,<1,2022,2022-08-16,2,개장중,적합,부산아쿠아리움,35.1587500000,129.1616290000,상세보기,0
부산,해운대구,해운대,04,05,002,6,D,52,5,2022,2022-08-16,2,개장중,적합,그린나래 호텔,35.1587500000,129.1616290000,상세보기,0
부산,해운대구,해운대,04,05,002,6,E,10,5,2022,2022-08-16,2,개장중,적합,조선비치 호텔,35.1587500000,129.1616290000,상세보기,0
부산,해운대구,해운대,04,05,002,5,A,<1,<1,2022,2022-08-09,2,개장중,적합,엘시티 더 샵,35.1587500000,129.1616290000,상세보기,0
부산,해운대구,해운대,04,05,002,5,B,<1,<1,2022,2022-08-09,2,개장중,적합,파라다이스호텔,35.1587500000,129.1616290000,상세보기,0
부산,해운대구,해운대,04,05,002,5,C,10,<1,2022,2022-08-09,2,개장중,적합,부산아쿠아리움,35.1587500000,129.1616290000,상세보기,0
부산,해운대구,해운대,04,05,002,5,D,<1,<1,2022,2022-08-09,2,개장중,적합,그린나래호텔,35.1587500000,129.1616290000,상세보기,0
부산,해운대구,해운대,04,05,002,5,E,<1,<1,2022,2022-08-09,2,개장중,적합,조선비치호텔,35.1587500000,129.1616290000,상세보기,0
부산,해운대구,해운대,04,05,002,4,A,31,<1,2022,2022-08-03,2,개장중,적합,엘시티 더 샵,35.1587500000,129.1616290000,상세보기,0
부산,해운대구,해운대,04,05,002,4,B,52,<1,2022,2022-08-03,2,개장중,적합,파라다이스호텔,35.1587500000,129.1616290000,상세보기,0
부산,해운대구,해운대,04,05,002,4,C,10,<1,2022,2022-08-03,2,개장중,적합,부산아쿠아리움,35.1587500000,129.1616290000,상세보기,0
부산,해운대구,해운대,04,05,002,4,D,20,<1,2022,2022-08-03,2,개장중,적합,그린나래호텔,35.1587500000,129.1616290000,상세보기,0
부산,해운대구,해운대,04,05,002,4,E,31,<1,2022,2022-08-03,2,개장중,적합,조선비치호텔,35.1587500000,129.1616290000,상세보기,0
부산,해운대구,해운대,04,05,002,3,A,<1,5,2022,2022-07-26,2,개장중,적합,엘시티 더 샵,35.1587500000,129.1616290000,상세보기,0
부산,해운대구,해운대,04,05,002,3,B,<1,<1,2022,2022-07-26,2,개장중,적합,파라다이스호텔,35.1587500000,129.1616290000,상세보기,0
부산,해운대구,해운대,04,05,002,3,C,<1,<1,2022,2022-07-26,2,개장중,적합,부산아쿠아리움,35.1587500000,129.1616290000,상세보기,0
부산,해운대구,해운대,04,05,002,3,D,<1,5,2022,2022-07-26,2,개장중,적합,그린나래호텔,35.1587500000,129.1616290000,상세보기,0
부산,해운대구,해운대,04,05,002,3,E,<1,<1,2022,2022-07-26,2,개장중,적합,조선비치호텔,35.1587500000,129.1616290000,상세보기,0
부산,해운대구,해운대,04,05,002,2,A,98,<1,2022,2022-07-20,2,개장중,적합,엘시티 더 샵,35.1587500000,129.1616290000,상세보기,0
부산,해운대구,해운대,04,05,002,2,B,109,<1,2022,2022-07-20,2,개장중,적합,파라다이스호텔,35.1587500000,129.1616290000,상세보기,0
부산,해운대구,해운대,04,05,002,2,C,63,<1,2022,2022-07-20,2,개장중,적합,부산아쿠아리움,35.1587500000,129.1616290000,상세보기,0
부산,해운대구,해운대,04,05,002,2,D,63,<1,2022,2022-07-20,2,개장중,적합,그린나래호텔,35.1587500000,129.1616290000,상세보기,0
부산,해운대구,해운대,04,05,002,2,E,75,<1,2022,2022-07-20,2,개장중,적합,조선비치호텔,35.1587500000,129.1616290000,상세보기,0
부산,해운대구,해운대,04,05,002,1,B,62,10,2022,2022-07-07,2,개장중,적합,파라다이스 호텔,35.1587500000,129.1616290000,상세보기,0
부산,해운대구,해운대,04,05,002,1,C,31,5,2022,2022-07-07,2,개장중,적합,부산 아쿠아리움,35.1587500000,129.1616290000,상세보기,0
부산,해운대구,해운대,04,05,002,1,D,63,5,2022,2022-07-07,2,개장중,적합,그린나래호텔,35.1587500000,129.1616290000,상세보기,0
부산,해운대구,해운대,04,05,002,1,E,74,26,2022,2022-07-07,2,개장중,적합,조선비치호텔,35.1587500000,129.1616290000,상세보기,0
부산,해운대구,해운대,04,05,002,3,A,<1,<1,2022,2022-06-30,1,개장전,적합,엘시티 더 샵,35.1587500000,129.1616290000,상세보기,0
부산,해운대구,해운대,04,05,002,3,B,20,<1,2022,2022-06-30,1,개장전,적합,파라다이스 호텔,35.1587500000,129.1616290000,상세보기,0
부산,해운대구,해운대,04,05,002,3,C,63,<1,2022,2022-06-30,1,개장전,적합,부산아쿠아리움,35.1587500000,129.1616290000,상세보기,0
부산,해운대구,해운대,04,05,002,3,D,<1,<1,2022,2022-06-30,1,개장전,적합,해운대 그린나래호텔,35.1587500000,129.1616290000,상세보기,0
부산,해운대구,해운대,04,05,002,3,E,20,<1,2022,2022-06-30,1,개장전,적합,조선비치호텔,35.1587500000,129.1616290000,상세보기,0
부산,해운대구,해운대,04,05,002,2,B,10,<1,2022,2022-06-07,1,개장전,적합,파라다이스호텔,35.1587500000,129.1616290000,상세보기,0
부산,해운대구,해운대,04,05,002,2,C,41,<1,2022,2022-06-07,1,개장전,적합,부산아쿠아리움,35.1587500000,129.1616290000,상세보기,0
부산,해운대구,해운대,04,05,002,2,D,31,5,2022,2022-06-07,1,개장전,적합,해운대 그린나래호텔,35.1587500000,129.1616290000,상세보기,0
부산,해운대구,해운대,04,05,002,2,E,20,<1,2022,2022-06-07,1,개장전,적합,조선비치호텔,35.1587500000,129.1616290000,상세보기,0
부산,해운대구,해운대,04,05,002,1,B,10,10,2022,2022-05-19,1,개장전,적합,파라다이스호텔,35.1587500000,129.1616290000,상세보기,0
부산,해운대구,해운대,04,05,002,1,C,10,<1,2022,2022-05-19,1,개장전,적합,부산아쿠아리움,35.1587500000,129.1616290000,상세보기,0
부산,해운대구,해운대,04,05,002,6,A,<1,<1,2023,2023-08-08,2,개장중,적합,엘시티 더 샵,35.1587500000,129.1616290000,상세보기,0
부산,해운대구,해운대,04,05,002,6,B,<1,<1,2023,2023-08-08,2,개장중,적합,파라다이스호텔,35.1587500000,129.1616290000,상세보기,0
부산,해운대구,해운대,04,05,002,6,C,10,<1,2023,2023-08-08,2,개장중,적합,부산아쿠아리움,35.1587500000,129.1616290000,상세보기,0
부산,해운대구,해운대,04,05,002,6,D,<1,<1,2023,2023-08-08,2,개장중,적합,그린나래호텔,35.1587500000,129.1616290000,상세보기,0
부산,해운대구,해운대,04,05,002,6,E,10,<1,2023,2023-08-08,2,개장중,적합,조선비치호텔,35.1587500000,129.1616290000,상세보기,0
부산,해운대구,해운대,04,05,002,5,A,<1,<1,2023,2023-08-01,2,개장중,적합,엘시티 더 샵,35.1587500000,129.1616290000,상세보기,0
부산,해운대구,해운대,04,05,002,5,B,<1,<1,2023,2023-08-01,2,개장중,적합,파라다이스호텔,35.1587500000,129.1616290000,상세보기,0
부산,해운대구,해운대,04,05,002,5,C,<1,5,2023,2023-08-01,2,개장중,적합,부산아쿠아리움,35.1587500000,129.1616290000,상세보기,0
부산,해운대구,해운대,04,05,002,5,D,<1,5,2023,2023-08-01,2,개장중,적합,그린나래호텔,35.1587500000,129.1616290000,상세보기,0
부산,해운대구,해운대,04,05,002,5,E,10,21,2023,2023-08-01,2,개장중,적합,조선비치호텔,35.1587500000,129.1616290000,상세보기,0
부산,해운대구,해운대,04,05,002,4,A,108,5,2023,2023-07-27,2,개장중,적합,엘시티 더 샵,35.1587500000,129.1616290000,상세보기,0
부산,해운대구,해운대,04,05,002,4,B,108,5,2023,2023-07-27,2,개장중,적합,파라다이스호텔,35.1587500000,129.1616290000,상세보기,0
부산,해운대구,해운대,04,05,002,4,C,86,10,2023,2023-07-27,2,개장중,적합,부산아쿠아리움,35.1587500000,129.1616290000,상세보기,0
부산,해운대구,해운대,04,05,002,4,D,253,5,2023,2023-07-27,2,개장중,적합,그린나래호텔,35.1587500000,129.1616290000,상세보기,0
부산,해운대구,해운대,04,05,002,4,E,160,10,2023,2023-07-27,2,개장중,적합,조선비치호텔,35.1587500000,129.1616290000,상세보기,0
부산,해운대구,해운대,04,05,002,3,A,10,10,2023,2023-07-04,2,개장중,적합,엘시티 더 샵,35.1587500000,129.1616290000,상세보기,0
부산,해운대구,해운대,04,05,002,3,B,20,16,2023,2023-07-04,2,개장중,적합,파라다이스 호텔,35.1587500000,129.1616290000,상세보기,0
부산,해운대구,해운대,04,05,002,3,C,<1,<1,2023,2023-07-04,2,개장중,적합,부산 아쿠아리움 ,35.1587500000,129.1616290000,상세보기,0
부산,해운대구,해운대,04,05,002,3,D,<1,10,2023,2023-07-04,2,개장중,적합,그린나래호텔,35.1587500000,129.1616290000,상세보기,0
부산,해운대구,해운대,04,05,002,3,E,10,<1,2023,2023-07-04,2,개장중,적합,조선비치호텔,35.1587500000,129.1616290000,상세보기,0
부산,해운대구,해운대,04,05,002,2,A,<1,<1,2023,2023-06-20,2,개장중,적합,엘시티 더 샵,35.1587500000,129.1616290000,상세보기,0
부산,해운대구,해운대,04,05,002,2,B,<1,<1,2023,2023-06-20,2,개장중,적합,파라다이스호텔,35.1587500000,129.1616290000,상세보기,0
부산,해운대구,해운대,04,05,002,2,C,<1,<1,2023,2023-06-20,2,개장중,적합,부산아쿠아리움,35.1587500000,129.1616290000,상세보기,0
부산,해운대구,해운대,04,05,002,2,D,<1,<1,2023,2023-06-20,2,개장중,적합,그린나래호텔,35.1587500000,129.1616290000,상세보기,0
부산,해운대구,해운대,04,05,002,2,E,41,26,2023,2023-06-20,2,개장중,적합,조선비치호텔,35.1587500000,129.1616290000,상세보기,0
부산,해운대구,해운대,04,05,002,1,A,20,<1,2023,2023-06-07,2,개장중,적합,엘시티 더 샵,35.1587500000,129.1616290000,상세보기,0
부산,해운대구,해운대,04,05,002,1,B,20,5,2023,2023-06-07,2,개장중,적합,파라다이스호텔,35.1587500000,129.1616290000,상세보기,0
부산,해운대구,해운대,04,05,002,1,C,31,<1,2023,2023-06-07,2,개장중,적합,부산아쿠아리움,35.1587500000,129.1616290000,상세보기,0
부산,해운대구,해운대,04,05,002,1,D,<1,<1,2023,2023-06-07,2,개장중,적합,그린나래호텔,35.1587500000,129.1616290000,상세보기,0
부산,해운대구,해운대,04,05,002,1,E,10,5,2023,2023-06-07,2,개장중,적합,조선비치호텔,35.1587500000,129.1616290000,상세보기,0
부산,해운대구,해운대,04,05,002,1,A,<1,<1,2023,2023-05-12,1,개장전,적합,엘시티 더 샵,35.1587500000,129.1616290000,상세보기,0
부산,해운대구,해운대,04,05,002,1,B,10,<1,2023,2023-05-12,1,개장전,적합,파라다이스호텔,35.1587500000,129.1616290000,상세보기,0
부산,해운대구,해운대,04,05,002,1,C,10,<1,2023,2023-05-12,1,개장전,적합,부산 아쿠아리움,35.1587500000,129.1616290000,상세보기,0
부산,해운대구,해운대,04,05,002,1,D,<1,<1,2023,2023-05-12,1,개장전,적합,그린나래 호텔,35.1587500000,129.1616290000,상세보기,0
부산,해운대구,해운대,04,05,002,1,E,<1,5,2023,2023-05-12,1,개장전,적합,조선비치 호텔,35.1587500000,129.1616290000,상세보기,0
부산,해운대구,해운대,04,05,002,1,A,<1,<1,2024,2024-09-06,3,폐장후,적합,LCT 더 샵,35.1587500000,129.1616290000,상세보기,0
부산,해운대구,해운대,04,05,002,1,B,10,<1,2024,2024-09-06,3,폐장후,적합,파라다이스 호텔,35.1587500000,129.1616290000,상세보기,0
부산,해운대구,해운대,04,05,002,1,C,<1,<1,2024,2024-09-06,3,폐장후,적합,부산 아쿠아리움,35.1587500000,129.1616290000,상세보기,0
부산,해운대구,해운대,04,05,002,1,D,<1,<1,2024,2024-09-06,3,폐장후,적합,그린나래 호텔,35.1587500000,129.1616290000,상세보기,0
부산,해운대구,해운대,04,05,002,1,E,<1,<1,2024,2024-09-06,3,폐장후,적합,조선비치 호텔,35.1587500000,129.1616290000,상세보기,0
부산,해운대구,해운대,04,05,002,7,A,<1,<1,2024,2024-08-19,2,개장중,적합,LCT 더 샵,35.1587500000,129.1616290000,상세보기,0
부산,해운대구,해운대,04,05,002,7,B,<1,5,2024,2024-08-19,2,개장중,적합,파라다이스 호텔,35.1587500000,129.1616290000,상세보기,0
부산,해운대구,해운대,04,05,002,7,C,<1,<1,2024,2024-08-19,2,개장중,적합,부산 아쿠아리움,35.1587500000,129.1616290000,상세보기,0
부산,해운대구,해운대,04,05,002,7,D,<1,<1,2024,2024-08-19,2,개장중,적합,그린나래 호텔,35.1587500000,129.1616290000,상세보기,0
부산,해운대구,해운대,04,05,002,7,E,<1,10,2024,2024-08-19,2,개장중,적합,조선비치 호텔,35.1587500000,129.1616290000,상세보기,0
부산,해운대구,해운대,04,05,002,6,A,<1,<1,2024,2024-08-05,2,개장중,적합,LCT 더 샵,35.1587500000,129.1616290000,상세보기,0
부산,해운대구,해운대,04,05,002,6,B,<1,<1,2024,2024-08-05,2,개장중,적합,파라다이스 호텔,35.1587500000,129.1616290000,상세보기,0
부산,해운대구,해운대,04,05,002,6,C,<1,16,2024,2024-08-05,2,개장중,적합,부산 아쿠아리움,35.1587500000,129.1616290000,상세보기,0
부산,해운대구,해운대,04,05,002,6,D,<1,<1,2024,2024-08-05,2,개장중,적합,그린나래 호텔,35.1587500000,129.1616290000,상세보기,0
부산,해운대구,해운대,04,05,002,6,E,<1,<1,2024,2024-08-05,2,개장중,적합,조선비치 호텔,35.1587500000,129.1616290000,상세보기,0
부산,해운대구,해운대,04,05,002,5,A,10,5,2024,2024-07-22,2,개장중,적합,LCT 더 샵,35.1587500000,129.1616290000,상세보기,0
부산,해운대구,해운대,04,05,002,5,B,20,<1,2024,2024-07-22,2,개장중,적합,파라다이스 호텔,35.1587500000,129.1616290000,상세보기,0
부산,해운대구,해운대,04,05,002,5,C,10,<1,2024,2024-07-22,2,개장중,적합,부산 아쿠아리움,35.1587500000,129.1616290000,상세보기,0
부산,해운대구,해운대,04,05,002,5,D,<1,<1,2024,2024-07-22,2,개장중,적합,그린나래 호텔,35.1587500000,129.1616290000,상세보기,0
부산,해운대구,해운대,04,05,002,5,E,<1,,2024,2024-07-22,2,개장중,적합,조선비치 호텔,35.1587500000,129.1616290000,상세보기,0
부산,해운대구,해운대,04,05,002,4,A,20,5,2024,2024-07-08,2,개장중,적합,LCT 더 샵,35.1587500000,129.1616290000,상세보기,0
부산,해운대구,해운대,04,05,002,4,B,86,5,2024,2024-07-08,2,개장중,적합,파라다이스 호텔,35.1587500000,129.1616290000,상세보기,0
부산,해운대구,해운대,04,05,002,4,C,20,<1,2024,2024-07-08,2,개장중,적합,부산 아쿠아리움,35.1587500000,129.1616290000,상세보기,0
부산,해운대구,해운대,04,05,002,4,D,30,10,2024,2024-07-08,2,개장중,적합,그린나래 호텔,35.1587500000,129.1616290000,상세보기,0
부산,해운대구,해운대,04,05,002,4,E,41,10,2024,2024-07-08,2,개장중,적합,조선비치 호텔,35.1587500000,129.1616290000,상세보기,0
부산,해운대구,해운대,04,05,002,3,A,<1,<1,2024,2024-06-26,2,개장중,적합,LCT 더 샵,35.1587500000,129.1616290000,상세보기,0
부산,해운대구,해운대,04,05,002,3,B,10,<1,2024,2024-06-26,2,개장중,적합,파라다이스 호텔,35.1587500000,129.1616290000,상세보기,0
부산,해운대구,해운대,04,05,002,3,C,10,<1,2024,2024-06-26,2,개장중,적합,부산 아쿠아리움,35.1587500000,129.1616290000,상세보기,0
부산,해운대구,해운대,04,05,002,3,D,20,<1,2024,2024-06-26,2,개장중,적합,그린나래 호텔,35.1587500000,129.1616290000,상세보기,0
부산,해운대구,해운대,04,05,002,3,E,52,<1,2024,2024-06-26,2,개장중,적합,조선비치 호텔,35.1587500000,129.1616290000,상세보기,0
부산,해운대구,해운대,04,05,002,2,A,<1,<1,2024,2024-06-17,2,개장중,적합,LCT 더 샾,35.1587500000,129.1616290000,상세보기,0
부산,해운대구,해운대,04,05,002,2,C,<1,<1,2024,2024-06-17,2,개장중,적합,부산 아쿠아리움,35.1587500000,129.1616290000,상세보기,0
부산,해운대구,해운대,04,05,002,2,D,110,5,2024,2024-06-17,2,개장중,적합,그린나래 호텔,35.1587500000,129.1616290000,상세보기,0
부산,해운대구,해운대,04,05,002,2,E,122,<1,2024,2024-06-17,2,개장중,적합,조선비치 호텔,35.1587500000,129.1616290000,상세보기,0
부산,해운대구,해운대,04,05,002,1,A,<1,<1,2024,2024-06-03,2,개장중,적합,LCT 앞,35.1587500000,129.1616290000,상세보기,0
부산,해운대구,해운대,04,05,002,1,B,<1,<1,2024,2024-06-03,2,개장중,적합,파라다이스 호텔 앞,35.1587500000,129.1616290000,상세보기,0
부산,해운대구,해운대,04,05,002,1,C,<1,5,2024,2024-06-03,2,개장중,적합,아쿠아리움 앞,35.1587500000,129.1616290000,상세보기,0
부산,해운대구,해운대,04,05,002,1,D,<1,16,2024,2024-06-03,2,개장중,적합,그린나래 호텔 앞,35.1587500000,129.1616290000,상세보기,0
부산,해운대구,해운대,04,05,002,1,E,<1,<1,2024,2024-06-03,2,개장중,적합,조선비치 호텔 앞,35.1587500000,129.1616290000,상세보기,0
부산,해운대구,해운대,04,05,002,1,A,<1,73,2024,2024-05-03,1,개장전,적합,엘시티 더 샵,35.1587500000,129.1616290000,상세보기,0
부산,해운대구,해운대,04,05,002,1,B,<1,5,2024,2024-05-03,1,개장전,적합,파라다이스호텔,35.1587500000,129.1616290000,상세보기,0
부산,해운대구,해운대,04,05,002,1,C,<1,<1,2024,2024-05-03,1,개장전,적합,부산아쿠아리움,35.1587500000,129.1616290000,상세보기,0
부산,해운대구,해운대,04,05,002,1,D,<1,<1,2024,2024-05-03,1,개장전,적합,그린나래호텔,35.1587500000,129.1616290000,상세보기,0
부산,해운대구,해운대,04,05,002,1,E,<1,<1,2024,2024-05-03,1,개장전,적합,조선비치호텔,35.1587500000,129.1616290000,상세보기,0
부산,해운대구,해운대,04,05,002,1,A-1,10,5,2025,2025-09-22,3,폐장후,적합,LCT 더 샵,35.1587500000,129.1616290000,상세보기,0
부산,해운대구,해운대,04,05,002,1,A-2,20,21,2025,2025-09-22,3,폐장후,적합,LCT 더 샵,35.1587500000,129.1616290000,상세보기,0
부산,해운대구,해운대,04,05,002,1,B-1,<1,<1,2025,2025-09-22,3,폐장후,적합,파라다이스 호텔,35.1587500000,129.1616290000,상세보기,0
부산,해운대구,해운대,04,05,002,1,B-2,<1,5,2025,2025-09-22,3,폐장후,적합,파라다이스 호텔,35.1587500000,129.1616290000,상세보기,0
부산,해운대구,해운대,04,05,002,1,C-1,10,10,2025,2025-09-22,3,폐장후,적합,부산 아쿠아리움,35.1587500000,129.1616290000,상세보기,0
부산,해운대구,해운대,04,05,002,1,C-2,<1,<1,2025,2025-09-22,3,폐장후,적합,부산 아쿠아리움,35.1587500000,129.1616290000,상세보기,0
부산,해운대구,해운대,04,05,002,1,D-1,<1,5,2025,2025-09-22,3,폐장후,적합,그린나래 호텔,35.1587500000,129.1616290000,상세보기,0
부산,해운대구,해운대,04,05,002,1,D-2,10,<1,2025,2025-09-22,3,폐장후,적합,그린나래 호텔,35.1587500000,129.1616290000,상세보기,0
부산,해운대구,해운대,04,05,002,1,E-1,<1,5,2025,2025-09-22,3,폐장후,적합,조선비치 호텔,35.1587500000,129.1616290000,상세보기,0
부산,해운대구,해운대,04,05,002,1,E-2,<1,5,2025,2025-09-22,3,폐장후,적합,조선비치 호텔,35.1587500000,129.1616290000,상세보기,0
부산,해운대구,해운대,04,05,002,6,A-1,10,<1,2025,2025-09-08,2,개장중,적합,LCT,35.1587500000,129.1616290000,상세보기,0
부산,해운대구,해운대,04,05,002,6,A-2,20,5,2025,2025-09-08,2,개장중,적합,LCT,35.1587500000,129.1616290000,상세보기,0
부산,해운대구,해운대,04,05,002,6,B-1,10,<1,2025,2025-09-08,2,개장중,적합,파라다이스호텔,35.1587500000,129.1616290000,상세보기,0
부산,해운대구,해운대,04,05,002,6,B-2,<1,5,2025,2025-09-08,2,개장중,적합,파라다이스호텔,35.1587500000,129.1616290000,상세보기,0
부산,해운대구,해운대,04,05,002,6,C-1,10,<1,2025,2025-09-08,2,개장중,적합,부산 아쿠아리움,35.1587500000,129.1616290000,상세보기,0
부산,해운대구,해운대,04,05,002,6,C-2,10,<1,2025,2025-09-08,2,개장중,적합,부산 아쿠아리움,35.1587500000,129.1616290000,상세보기,0
부산,해운대구,해운대,04,05,002,6,D-1,<1,<1,2025,2025-09-08,2,개장중,적합,그린나래호텔,35.1587500000,129.1616290000,상세보기,0
부산,해운대구,해운대,04,05,002,6,D-2,10,<1,2025,2025-09-08,2,개장중,적합,그린나래호텔,35.1587500000,129.1616290000,상세보기,0
부산,해운대구,해운대,04,05,002,6,E-1,<1,<1,2025,2025-09-08,2,개장중,적합,조선비치호텔,35.1587500000,129.1616290000,상세보기,0
부산,해운대구,해운대,04,05,002,6,E-2,<1,<1,2025,2025-09-08,2,개장중,적합,조선비치호텔,35.1587500000,129.1616290000,상세보기,0
부산,해운대구,해운대,04,05,002,5,A-1,<1,<1,2025,2025-08-25,2,개장중,적합,LCT,35.1587500000,129.1616290000,상세보기,0
부산,해운대구,해운대,04,05,002,5,A-2,<1,<1,2025,2025-08-25,2,개장중,적합,LCT,35.1587500000,129.1616290000,상세보기,0
부산,해운대구,해운대,04,05,002,5,B-1,10,<1,2025,2025-08-25,2,개장중,적합,파라다이스호텔,35.1587500000,129.1616290000,상세보기,0
부산,해운대구,해운대,04,05,002,5,B-2,20,<1,2025,2025-08-25,2,개장중,적합,파라다이스호텔,35.1587500000,129.1616290000,상세보기,0
부산,해운대구,해운대,04,05,002,5,C-1,10,<1,2025,2025-08-25,2,개장중,적합,부산 아쿠아리움,35.1587500000,129.1616290000,상세보기,0
부산,해운대구,해운대,04,05,002,5,C-2,10,<1,2025,2025-08-25,2,개장중,적합,부산 아쿠아리움,35.1587500000,129.1616290000,상세보기,0
부산,해운대구,해운대,04,05,002,5,D-1,<1,<1,2025,2025-08-25,2,개장중,적합,그린나래호텔,35.1587500000,129.1616290000,상세보기,0
부산,해운대구,해운대,04,05,002,5,D-2,20,<1,2025,2025-08-25,2,개장중,적합,그린나래호텔,35.1587500000,129.1616290000,상세보기,0
부산,해운대구,해운대,04,05,002,5,E-1,20,<1,2025,2025-08-25,2,개장중,적합,조선비치호텔,35.1587500000,129.1616290000,상세보기,0
부산,해운대구,해운대,04,05,002,5,E-2,10,<1,2025,2025-08-25,2,개장중,적합,조선비치호텔,35.1587500000,129.1616290000,상세보기,0
부산,해운대구,해운대,04,05,002,4,A-1,<1,5,2025,2025-08-11,2,개장중,적합,"A1,A2",35.1587500000,129.1616290000,상세보기,0
부산,해운대구,해운대,04,05,002,4,A-2,20,<1,2025,2025-08-11,2,개장중,적합,"A1,A2",35.1587500000,129.1616290000,상세보기,0
부산,해운대구,해운대,04,05,002,4,B-1,10,5,2025,2025-08-11,2,개장중,적합,"B1,B2",35.1587500000,129.1616290000,상세보기,0
부산,해운대구,해운대,04,05,002,4,B-2,20,<1,2025,2025-08-11,2,개장중,적합,"B1,B2",35.1587500000,129.1616290000,상세보기,0
부산,해운대구,해운대,04,05,002,4,C-1,<1,<1,2025,2025-08-11,2,개장중,적합,"C1,C2",35.1587500000,129.1616290000,상세보기,0
부산,해운대구,해운대,04,05,002,4,C-2,<1,<1,2025,2025-08-11,2,개장중,적합,"C1,C2",35.1587500000,129.1616290000,상세보기,0
부산,해운대구,해운대,04,05,002,4,D-1,<1,16,2025,2025-08-11,2,개장중,적합,"D1,D2",35.1587500000,129.1616290000,상세보기,0
부산,해운대구,해운대,04,05,002,4,D-2,10,<1,2025,2025-08-11,2,개장중,적합,"D1,D2",35.1587500000,129.1616290000,상세보기,0
부산,해운대구,해운대,04,05,002,4,E-1,10,5,2025,2025-08-11,2,개장중,적합,"E1,E2",35.1587500000,129.1616290000,상세보기,0
부산,해운대구,해운대,04,05,002,4,E-2,10,<1,2025,2025-08-11,2,개장중,적합,"E1,E2",35.1587500000,129.1616290000,상세보기,0
부산,해운대구,해운대,04,05,002,3,A-1,<1,5,2025,2025-07-28,2,개장중,적합,"A1,A2",35.1587500000,129.1616290000,상세보기,0
부산,해운대구,해운대,04,05,002,3,A-2,<1,<1,2025,2025-07-28,2,개장중,적합,"A1,A2",35.1587500000,129.1616290000,상세보기,0
부산,해운대구,해운대,04,05,002,3,B-1,10,<1,2025,2025-07-28,2,개장중,적합,"B1,B2",35.1587500000,129.1616290000,상세보기,0
부산,해운대구,해운대,04,05,002,3,B-2,<1,10,2025,2025-07-28,2,개장중,적합,"B1,B2",35.1587500000,129.1616290000,상세보기,0
부산,해운대구,해운대,04,05,002,3,C-1,10,5,2025,2025-07-28,2,개장중,적합,"C1,C2",35.1587500000,129.1616290000,상세보기,0
부산,해운대구,해운대,04,05,002,3,C-2,<1,<1,2025,2025-07-28,2,개장중,적합,"C1,C2",35.1587500000,129.1616290000,상세보기,0
부산,해운대구,해운대,04,05,002,3,D-1,<1,<1,2025,2025-07-28,2,개장중,적합,"D1,D2",35.1587500000,129.1616290000,상세보기,0
부산,해운대구,해운대,04,05,002,3,D-2,<1,<1,2025,2025-07-28,2,개장중,적합,"D1,D2",35.1587500000,129.1616290000,상세보기,0
부산,해운대구,해운대,04,05,002,3,E-1,<1,<1,2025,2025-07-28,2,개장중,적합,"E1,E2",35.1587500000,129.1616290000,상세보기,0
부산,해운대구,해운대,04,05,002,3,E-2,<1,<1,2025,2025-07-28,2,개장중,적합,"E1,E2",35.1587500000,129.1616290000,상세보기,0
부산,해운대구,해운대,04,05,002,2,A-1,<1,<1,2025,2025-07-14,2,개장중,적합,"A1,A2",35.1587500000,129.1616290000,상세보기,0
부산,해운대구,해운대,04,05,002,2,A-2,<1,<1,2025,2025-07-14,2,개장중,적합,"A1,A2",35.1587500000,129.1616290000,상세보기,0
부산,해운대구,해운대,04,05,002,2,B-1,<1,5,2025,2025-07-14,2,개장중,적합,"B1,B2",35.1587500000,129.1616290000,상세보기,0
부산,해운대구,해운대,04,05,002,2,B-2,<1,<1,2025,2025-07-14,2,개장중,적합,"B1,B2",35.1587500000,129.1616290000,상세보기,0
부산,해운대구,해운대,04,05,002,2,C-1,10,5,2025,2025-07-14,2,개장중,적합,"C1,C2",35.1587500000,129.1616290000,상세보기,0
부산,해운대구,해운대,04,05,002,2,C-2,<1,5,2025,2025-07-14,2,개장중,적합,"C1,C2",35.1587500000,129.1616290000,상세보기,0
부산,해운대구,해운대,04,05,002,2,D-1,<1,5,2025,2025-07-14,2,개장중,적합,"D1,D2",35.1587500000,129.1616290000,상세보기,0
부산,해운대구,해운대,04,05,002,2,D-2,<1,5,2025,2025-07-14,2,개장중,적합,"D1,D2",35.1587500000,129.1616290000,상세보기,0
부산,해운대구,해운대,04,05,002,2,E-1,<1,<1,2025,2025-07-14,2,개장중,적합,"E1,E2",35.1587500000,129.1616290000,상세보기,0
부산,해운대구,해운대,04,05,002,2,E-2,<1,5,2025,2025-07-14,2,개장중,적합,"E1,E2",35.1587500000,129.1616290000,상세보기,0
부산,해운대구,해운대,04,05,002,1,A-1,110,<1,2025,2025-06-30,2,개장중,적합,"A1,A2",35.1587500000,129.1616290000,상세보기,0
부산,해운대구,해운대,04,05,002,1,A-2,171,<1,2025,2025-06-30,2,개장중,적합,"A1,A2",35.1587500000,129.1616290000,상세보기,0
부산,해운대구,해운대,04,05,002,1,B-1,122,<1,2025,2025-06-30,2,개장중,적합,"B1,B2",35.1587500000,129.1616290000,상세보기,0
부산,해운대구,해운대,04,05,002,1,B-2,74,<1,2025,2025-06-30,2,개장중,적합,"B1,B2",35.1587500000,129.1616290000,상세보기,0
부산,해운대구,해운대,04,05,002,1,C-1,31,<1,2025,2025-06-30,2,개장중,적합,"C1,C2",35.1587500000,129.1616290000,상세보기,0
부산,해운대구,해운대,04,05,002,1,C-2,63,<1,2025,2025-06-30,2,개장중,적합,"C1,C2",35.1587500000,129.1616290000,상세보기,0
부산,해운대구,해운대,04,05,002,1,D-1,73,<1,2025,2025-06-30,2,개장중,적합,"D1,D2",35.1587500000,129.1616290000,상세보기,0
부산,해운대구,해운대,04,05,002,1,D-2,295,<1,2025,2025-06-30,2,개장중,적합,"D1,D2",35.1587500000,129.1616290000,상세보기,0
부산,해운대구,해운대,04,05,002,1,E-1,238,5,2025,2025-06-30,2,개장중,적합,"E1,E2",35.1587500000,129.1616290000,상세보기,0
부산,해운대구,해운대,04,05,002,1,E-2,189,<1,2025,2025-06-30,2,개장중,적합,"E1,E2",35.1587500000,129.1616290000,상세보기,0
부산,해운대구,해운대,04,05,002,1,A-1,10,5,2025,2025-06-11,1,개장전,적합,LCT 더 샵,35.1587500000,129.1616290000,상세보기,0
부산,해운대구,해운대,04,05,002,1,A-2,<1,<1,2025,2025-06-11,1,개장전,적합,LCT 더 샵,35.1587500000,129.1616290000,상세보기,0
부산,해운대구,해운대,04,05,002,1,B-1,<1,<1,2025,2025-06-11,1,개장전,적합,파라다이스 호텔,35.1587500000,129.1616290000,상세보기,0
부산,해운대구,해운대,04,05,002,1,B-2,<1,5,2025,2025-06-11,1,개장전,적합,파라다이스 호텔,35.1587500000,129.1616290000,상세보기,0
부산,해운대구,해운대,04,05,002,1,C-1,<1,<1,2025,2025-06-11,1,개장전,적합,부산 아쿠아리움,35.1587500000,129.1616290000,상세보기,0
부산,해운대구,해운대,04,05,002,1,C-2,10,5,2025,2025-06-11,1,개장전,적합,부산 아쿠아리움,35.1587500000,129.1616290000,상세보기,0
부산,해운대구,해운대,04,05,002,1,D-1,<1,<1,2025,2025-06-11,1,개장전,적합,그린나래 호텔,35.1587500000,129.1616290000,상세보기,0
부산,해운대구,해운대,04,05,002,1,D-2,<1,<1,2025,2025-06-11,1,개장전,적합,그린나래 호텔,35.1587500000,129.1616290000,상세보기,0
부산,해운대구,해운대,04,05,002,1,E-1,<1,<1,2025,2025-06-11,1,개장전,적합,조선비치 호텔,35.1587500000,129.1616290000,상세보기,0
부산,해운대구,해운대,04,05,002,1,E-2,<1,<1,2025,2025-06-11,1,개장전,적합,조선비치 호텔,35.1587500000,129.1616290000,상세보기,0
부산,해운대구,해운대,04,05,002,2,A-1,<1,<1,2026,2026-07-14,2,개장중,적합,LCT,35.1587500000,129.1616290000,상세보기,0
부산,해운대구,해운대,04,05,002,2,A-2,10,5,2026,2026-07-14,2,개장중,적합,LCT,35.1587500000,129.1616290000,상세보기,0
부산,해운대구,해운대,04,05,002,2,B-1,<1,<1,2026,2026-07-14,2,개장중,적합,파라다이스 호텔,35.1587500000,129.1616290000,상세보기,0
부산,해운대구,해운대,04,05,002,2,B-2,<1,<1,2026,2026-07-14,2,개장중,적합,파라다이스 호텔,35.1587500000,129.1616290000,상세보기,0
부산,해운대구,해운대,04,05,002,2,C-1,<1,<1,2026,2026-07-14,2,개장중,적합,부산 아쿠아리움,35.1587500000,129.1616290000,상세보기,0
부산,해운대구,해운대,04,05,002,2,C-2,<1,5,2026,2026-07-14,2,개장중,적합,부산 아쿠아리움,35.1587500000,129.1616290000,상세보기,0
부산,해운대구,해운대,04,05,002,2,D-1,<1,<1,2026,2026-07-14,2,개장중,적합,그린나래 호텔,35.1587500000,129.1616290000,상세보기,0
부산,해운대구,해운대,04,05,002,2,D-2,<1,<1,2026,2026-07-14,2,개장중,적합,그린나래 호텔,35.1587500000,129.1616290000,상세보기,0
부산,해운대구,해운대,04,05,002,2,I-1,10,<1,2026,2026-07-14,2,개장중,적합,조선비치 호텔,35.1587500000,129.1616290000,상세보기,0
부산,해운대구,해운대,04,05,002,2,I-2,<1,<1,2026,2026-07-14,2,개장중,적합,조선비치 호텔,35.1587500000,129.1616290000,상세보기,0
부산,해운대구,해운대,04,05,002,1,A-1,10,49,2026,2026-07-01,2,개장중,적합,LCT,35.1587500000,129.1616290000,상세보기,0
부산,해운대구,해운대,04,05,002,1,A-2,10,61,2026,2026-07-01,2,개장중,적합,LCT,35.1587500000,129.1616290000,상세보기,0
부산,해운대구,해운대,04,05,002,1,B-1,<1,10,2026,2026-07-01,2,개장중,적합,파라다이스 호텔,35.1587500000,129.1616290000,상세보기,0
부산,해운대구,해운대,04,05,002,1,B-2,<1,5,2026,2026-07-01,2,개장중,적합,파라다이스 호텔,35.1587500000,129.1616290000,상세보기,0
부산,해운대구,해운대,04,05,002,1,C-1,<1,<1,2026,2026-07-01,2,개장중,적합,부산 아쿠아리움,35.1587500000,129.1616290000,상세보기,0
부산,해운대구,해운대,04,05,002,1,C-2,<1,<1,2026,2026-07-01,2,개장중,적합,부산 아쿠아리움,35.1587500000,129.1616290000,상세보기,0
부산,해운대구,해운대,04,05,002,1,D-1,10,<1,2026,2026-07-01,2,개장중,적합,그린나래 호텔,35.1587500000,129.1616290000,상세보기,0
부산,해운대구,해운대,04,05,002,1,D-2,<1,<1,2026,2026-07-01,2,개장중,적합,그린나래 호텔,35.1587500000,129.1616290000,상세보기,0
부산,해운대구,해운대,04,05,002,1,E-1,1455,4902,2026,2026-07-01,2,개장중,적합,조선비치 호텔,35.1587500000,129.1616290000,상세보기,0
부산,해운대구,해운대,04,05,002,1,E-2,1607,3244,2026,2026-07-01,2,개장중,적합,조선비치 호텔,35.1587500000,129.1616290000,상세보기,0
부산,해운대구,해운대,04,05,002,1,A-1,<1,<1,2026,2026-06-18,1,개장전,적합,LCT,35.1587500000,129.1616290000,상세보기,0
부산,해운대구,해운대,04,05,002,1,A-2,<1,<1,2026,2026-06-18,1,개장전,적합,LCT,35.1587500000,129.1616290000,상세보기,0
부산,해운대구,해운대,04,05,002,1,B-1,<1,<1,2026,2026-06-18,1,개장전,적합,파라다이스호텔,35.1587500000,129.1616290000,상세보기,0
부산,해운대구,해운대,04,05,002,1,B-2,<1,<1,2026,2026-06-18,1,개장전,적합,파라다이스호텔,35.1587500000,129.1616290000,상세보기,0
부산,해운대구,해운대,04,05,002,1,C-1,<1,<1,2026,2026-06-18,1,개장전,적합,아쿠아리움,35.1587500000,129.1616290000,상세보기,0
부산,해운대구,해운대,04,05,002,1,C-2,<1,<1,2026,2026-06-18,1,개장전,적합,아쿠아리움,35.1587500000,129.1616290000,상세보기,0
부산,해운대구,해운대,04,05,002,1,D-1,<1,<1,2026,2026-06-18,1,개장전,적합,그린나래 호텔,35.1587500000,129.1616290000,상세보기,0
부산,해운대구,해운대,04,05,002,1,D-2,<1,<1,2026,2026-06-18,1,개장전,적합,그린나래 호텔,35.1587500000,129.1616290000,상세보기,0
부산,해운대구,해운대,04,05,002,1,E-1,10,5,2026,2026-06-18,1,개장전,적합,조선비치 호텔,35.1587500000,129.1616290000,상세보기,0
부산,해운대구,해운대,04,05,002,1,E-2,<1,<1,2026,2026-06-18,1,개장전,적합,조선비치 호텔,35.1587500000,129.1616290000,상세보기,0
