관리구군명,관리기관명,방문객수(명),방문일,연번,연도
부산광역시 해운대구,관광시설관리사업소,"35,337",2018-06-01,1,2019
부산광역시 해운대구,관광시설관리사업소,"51,771",2018-06-02,2,2019
부산광역시 해운대구,관광시설관리사업소,"41,613",2018-06-03,3,2019
부산광역시 해운대구,관광시설관리사업소,"25,728",2018-06-04,4,2019
부산광역시 해운대구,관광시설관리사업소,"28,564",2018-06-05,5,2019
부산광역시 해운대구,관광시설관리사업소,"30,671",2018-06-06,6,2019
부산광역시 해운대구,관광시설관리사업소,"26,840",2018-06-07,7,2019
부산광역시 해운대구,관광시설관리사업소,"27,811",2018-06-08,8,2019
부산광역시 해운대구,관광시설관리사업소,"37,564",2018-06-09,9,2019
부산광역시 해운대구,관광시설관리사업소,"29,389",2018-06-10,10,2019
부산광역시 해운대구,관광시설관리사업소,"20,274",2018-06-11,11,2019
부산광역시 해운대구,관광시설관리사업소,"23,629",2018-06-12,12,2019
부산광역시 해운대구,관광시설관리사업소,"23,611",2018-06-13,13,2019
부산광역시 해운대구,관광시설관리사업소,"22,308",2018-06-14,14,2019
부산광역시 해운대구,관광시설관리사업소,"26,803",2018-06-15,15,2019
부산광역시 해운대구,관광시설관리사업소,"36,216",2018-06-16,16,2019
부산광역시 해운대구,관광시설관리사업소,"29,672",2018-06-17,17,2019
부산광역시 해운대구,관광시설관리사업소,"20,568",2018-06-18,18,2019
부산광역시 해운대구,관광시설관리사업소,"20,747",2018-06-19,19,2019
부산광역시 해운대구,관광시설관리사업소,"22,347",2018-06-20,20,2019
부산광역시 해운대구,관광시설관리사업소,"24,672",2018-06-21,21,2019
부산광역시 해운대구,관광시설관리사업소,"28,481",2018-06-22,22,2019
부산광역시 해운대구,관광시설관리사업소,"37,715",2018-06-23,23,2019
부산광역시 해운대구,관광시설관리사업소,"31,773",2018-06-24,24,2019
부산광역시 해운대구,관광시설관리사업소,"23,070",2018-06-25,25,2019
부산광역시 해운대구,관광시설관리사업소,"22,508",2018-06-26,26,2019
부산광역시 해운대구,관광시설관리사업소,"22,829",2018-06-27,27,2019
부산광역시 해운대구,관광시설관리사업소,"22,881",2018-06-28,28,2019
부산광역시 해운대구,관광시설관리사업소,"26,888",2018-06-29,29,2019
부산광역시 해운대구,관광시설관리사업소,"30,699",2018-06-30,30,2019
부산광역시 해운대구,관광시설관리사업소,"51,127",2018-07-01,31,2019
부산광역시 해운대구,관광시설관리사업소,"42,685",2018-07-02,32,2019
부산광역시 해운대구,관광시설관리사업소,"38,439",2018-07-03,33,2019
부산광역시 해운대구,관광시설관리사업소,"49,173",2018-07-04,34,2019
부산광역시 해운대구,관광시설관리사업소,"50,270",2018-07-05,35,2019
부산광역시 해운대구,관광시설관리사업소,"56,143",2018-07-06,36,2019
부산광역시 해운대구,관광시설관리사업소,"74,205",2018-07-07,37,2019
부산광역시 해운대구,관광시설관리사업소,"62,646",2018-07-08,38,2019
부산광역시 해운대구,관광시설관리사업소,"48,270",2018-07-09,39,2019
부산광역시 해운대구,관광시설관리사업소,"51,196",2018-07-10,40,2019
부산광역시 해운대구,관광시설관리사업소,"51,620",2018-07-11,41,2019
부산광역시 해운대구,관광시설관리사업소,"54,192",2018-07-12,42,2019
부산광역시 해운대구,관광시설관리사업소,"60,489",2018-07-13,43,2019
부산광역시 해운대구,관광시설관리사업소,"77,210",2018-07-14,44,2019
부산광역시 해운대구,관광시설관리사업소,"95,065",2018-07-15,45,2019
부산광역시 해운대구,관광시설관리사업소,"52,990",2018-07-16,46,2019
부산광역시 해운대구,관광시설관리사업소,"53,076",2018-07-17,47,2019
부산광역시 해운대구,관광시설관리사업소,"54,278",2018-07-18,48,2019
부산광역시 해운대구,관광시설관리사업소,"56,786",2018-07-19,49,2019
부산광역시 해운대구,관광시설관리사업소,"62,809",2018-07-20,50,2019
부산광역시 해운대구,관광시설관리사업소,"75,757",2018-07-21,51,2019
부산광역시 해운대구,관광시설관리사업소,"67,626",2018-07-22,52,2019
부산광역시 해운대구,관광시설관리사업소,"54,883",2018-07-23,53,2019
부산광역시 해운대구,관광시설관리사업소,"58,401",2018-07-24,54,2019
부산광역시 해운대구,관광시설관리사업소,"87,987",2018-07-25,55,2019
부산광역시 해운대구,관광시설관리사업소,"89,259",2018-07-26,56,2019
부산광역시 해운대구,관광시설관리사업소,"99,135",2018-07-27,57,2019
부산광역시 해운대구,관광시설관리사업소,"115,813",2018-07-28,58,2019
부산광역시 해운대구,관광시설관리사업소,"104,910",2018-07-29,59,2019
부산광역시 해운대구,관광시설관리사업소,"197,223",2018-07-30,60,2019
부산광역시 해운대구,관광시설관리사업소,"193,805",2018-07-31,61,2019
부산광역시 해운대구,관광시설관리사업소,"202,010",2018-08-01,62,2019
부산광역시 해운대구,관광시설관리사업소,"206,168",2018-08-02,63,2019
부산광역시 해운대구,관광시설관리사업소,"217,117",2018-08-03,64,2019
부산광역시 해운대구,관광시설관리사업소,"219,419",2018-08-04,65,2019
부산광역시 해운대구,관광시설관리사업소,"193,633",2018-08-05,66,2019
부산광역시 해운대구,관광시설관리사업소,"181,643",2018-08-06,67,2019
부산광역시 해운대구,관광시설관리사업소,"183,684",2018-08-07,68,2019
부산광역시 해운대구,관광시설관리사업소,"183,105",2018-08-08,69,2019
부산광역시 해운대구,관광시설관리사업소,"179,473",2018-08-09,70,2019
부산광역시 해운대구,관광시설관리사업소,"185,638",2018-08-10,71,2019
부산광역시 해운대구,관광시설관리사업소,"202,659",2018-08-11,72,2019
부산광역시 해운대구,관광시설관리사업소,"169,432",2018-08-12,73,2019
부산광역시 해운대구,관광시설관리사업소,"156,965",2018-08-13,74,2019
부산광역시 해운대구,관광시설관리사업소,"166,126",2018-08-14,75,2019
부산광역시 해운대구,관광시설관리사업소,"160,661",2018-08-15,76,2019
부산광역시 해운대구,관광시설관리사업소,"143,074",2018-08-16,77,2019
부산광역시 해운대구,관광시설관리사업소,"168,204",2018-08-17,78,2019
부산광역시 해운대구,관광시설관리사업소,"185,612",2018-08-18,79,2019
부산광역시 해운대구,관광시설관리사업소,"168,250",2018-08-19,80,2019
부산광역시 해운대구,관광시설관리사업소,"50,338",2018-08-20,81,2019
부산광역시 해운대구,관광시설관리사업소,"51,858",2018-08-21,82,2019
부산광역시 해운대구,관광시설관리사업소,"49,476",2018-08-22,83,2019
부산광역시 해운대구,관광시설관리사업소,"41,204",2018-08-23,84,2019
부산광역시 해운대구,관광시설관리사업소,"49,332",2018-08-24,85,2019
부산광역시 해운대구,관광시설관리사업소,"63,024",2018-08-25,86,2019
부산광역시 해운대구,관광시설관리사업소,"51,477",2018-08-26,87,2019
부산광역시 해운대구,관광시설관리사업소,"39,051",2018-08-27,88,2019
부산광역시 해운대구,관광시설관리사업소,"43,277",2018-08-28,89,2019
부산광역시 해운대구,관광시설관리사업소,"43,850",2018-08-29,90,2019
부산광역시 해운대구,관광시설관리사업소,"44,921",2018-08-30,91,2019
부산광역시 해운대구,관광시설관리사업소,"23,416",2018-08-31,92,2019
부산광역시 해운대구,관광시설관리사업소,7843,2020-06-01,1,2020
부산광역시 해운대구,관광시설관리사업소,22450,2020-06-02,2,2020
부산광역시 해운대구,관광시설관리사업소,23454,2020-06-03,3,2020
부산광역시 해운대구,관광시설관리사업소,23727,2020-06-04,4,2020
부산광역시 해운대구,관광시설관리사업소,24739,2020-06-05,5,2020
부산광역시 해운대구,관광시설관리사업소,29359,2020-06-06,6,2020
부산광역시 해운대구,관광시설관리사업소,38538,2020-06-07,7,2020
부산광역시 해운대구,관광시설관리사업소,27799,2020-06-08,8,2020
부산광역시 해운대구,관광시설관리사업소,25177,2020-06-09,9,2020
부산광역시 해운대구,관광시설관리사업소,25689,2020-06-10,10,2020
부산광역시 해운대구,관광시설관리사업소,25571,2020-06-11,11,2020
부산광역시 해운대구,관광시설관리사업소,25843,2020-06-12,12,2020
부산광역시 해운대구,관광시설관리사업소,26441,2020-06-13,13,2020
부산광역시 해운대구,관광시설관리사업소,31894,2020-06-14,14,2020
부산광역시 해운대구,관광시설관리사업소,26234,2020-06-15,15,2020
부산광역시 해운대구,관광시설관리사업소,23059,2020-06-16,16,2020
부산광역시 해운대구,관광시설관리사업소,23170,2020-06-17,17,2020
부산광역시 해운대구,관광시설관리사업소,23392,2020-06-18,18,2020
부산광역시 해운대구,관광시설관리사업소,21113,2020-06-19,19,2020
부산광역시 해운대구,관광시설관리사업소,31414,2020-06-20,20,2020
부산광역시 해운대구,관광시설관리사업소,41331,2020-06-21,21,2020
부산광역시 해운대구,관광시설관리사업소,31178,2020-06-22,22,2020
부산광역시 해운대구,관광시설관리사업소,23625,2020-06-23,23,2020
부산광역시 해운대구,관광시설관리사업소,24557,2020-06-24,24,2020
부산광역시 해운대구,관광시설관리사업소,21551,2020-06-25,25,2020
부산광역시 해운대구,관광시설관리사업소,22507,2020-06-26,26,2020
부산광역시 해운대구,관광시설관리사업소,30993,2020-06-27,27,2020
부산광역시 해운대구,관광시설관리사업소,43432,2020-06-28,28,2020
부산광역시 해운대구,관광시설관리사업소,33187,2020-06-29,29,2020
부산광역시 해운대구,관광시설관리사업소,21039,2020-06-30,30,2020
부산광역시 해운대구,관광시설관리사업소,23774,2020-07-01,31,2020
부산광역시 해운대구,관광시설관리사업소,26027,2020-07-02,32,2020
부산광역시 해운대구,관광시설관리사업소,26569,2020-07-03,33,2020
부산광역시 해운대구,관광시설관리사업소,28460,2020-07-04,34,2020
부산광역시 해운대구,관광시설관리사업소,68704,2020-07-05,35,2020
부산광역시 해운대구,관광시설관리사업소,32172,2020-07-06,36,2020
부산광역시 해운대구,관광시설관리사업소,23105,2020-07-07,37,2020
부산광역시 해운대구,관광시설관리사업소,25490,2020-07-08,38,2020
부산광역시 해운대구,관광시설관리사업소,26381,2020-07-09,39,2020
부산광역시 해운대구,관광시설관리사업소,22237,2020-07-10,40,2020
부산광역시 해운대구,관광시설관리사업소,68686,2020-07-11,41,2020
부산광역시 해운대구,관광시설관리사업소,82559,2020-07-12,42,2020
부산광역시 해운대구,관광시설관리사업소,61175,2020-07-13,43,2020
부산광역시 해운대구,관광시설관리사업소,55765,2020-07-14,44,2020
부산광역시 해운대구,관광시설관리사업소,60162,2020-07-15,45,2020
부산광역시 해운대구,관광시설관리사업소,64857,2020-07-16,46,2020
부산광역시 해운대구,관광시설관리사업소,70333,2020-07-17,47,2020
부산광역시 해운대구,관광시설관리사업소,79645,2020-07-18,48,2020
부산광역시 해운대구,관광시설관리사업소,89298,2020-07-19,49,2020
부산광역시 해운대구,관광시설관리사업소,64635,2020-07-20,50,2020
부산광역시 해운대구,관광시설관리사업소,62001,2020-07-21,51,2020
부산광역시 해운대구,관광시설관리사업소,63199,2020-07-22,52,2020
부산광역시 해운대구,관광시설관리사업소,60563,2020-07-23,53,2020
부산광역시 해운대구,관광시설관리사업소,60656,2020-07-24,54,2020
부산광역시 해운대구,관광시설관리사업소,72155,2020-07-25,55,2020
부산광역시 해운대구,관광시설관리사업소,81363,2020-07-26,56,2020
부산광역시 해운대구,관광시설관리사업소,75673,2020-07-27,57,2020
부산광역시 해운대구,관광시설관리사업소,58619,2020-07-28,58,2020
부산광역시 해운대구,관광시설관리사업소,63216,2020-07-29,59,2020
부산광역시 해운대구,관광시설관리사업소,67051,2020-07-30,60,2020
부산광역시 해운대구,관광시설관리사업소,73573,2020-07-31,61,2020
부산광역시 해운대구,관광시설관리사업소,247941,2020-08-01,62,2020
부산광역시 해운대구,관광시설관리사업소,277656,2020-08-02,63,2020
부산광역시 해운대구,관광시설관리사업소,258034,2020-08-03,64,2020
부산광역시 해운대구,관광시설관리사업소,246333,2020-08-04,65,2020
부산광역시 해운대구,관광시설관리사업소,243453,2020-08-05,66,2020
부산광역시 해운대구,관광시설관리사업소,235457,2020-08-06,67,2020
부산광역시 해운대구,관광시설관리사업소,232047,2020-08-07,68,2020
부산광역시 해운대구,관광시설관리사업소,231085,2020-08-08,69,2020
부산광역시 해운대구,관광시설관리사업소,232622,2020-08-09,70,2020
부산광역시 해운대구,관광시설관리사업소,232181,2020-08-10,71,2020
부산광역시 해운대구,관광시설관리사업소,210814,2020-08-11,72,2020
부산광역시 해운대구,관광시설관리사업소,221131,2020-08-12,73,2020
부산광역시 해운대구,관광시설관리사업소,225025,2020-08-13,74,2020
부산광역시 해운대구,관광시설관리사업소,235920,2020-08-14,75,2020
부산광역시 해운대구,관광시설관리사업소,249119,2020-08-15,76,2020
부산광역시 해운대구,관광시설관리사업소,267413,2020-08-16,77,2020
부산광역시 해운대구,관광시설관리사업소,99271,2020-08-17,78,2020
부산광역시 해운대구,관광시설관리사업소,40535,2020-08-18,79,2020
부산광역시 해운대구,관광시설관리사업소,35475,2020-08-19,80,2020
부산광역시 해운대구,관광시설관리사업소,34486,2020-08-20,81,2020
부산광역시 해운대구,관광시설관리사업소,33280,2020-08-21,82,2020
부산광역시 해운대구,관광시설관리사업소,32853,2020-08-22,83,2020
부산광역시 해운대구,관광시설관리사업소,33601,2020-08-23,84,2020
부산광역시 해운대구,관광시설관리사업소,28727,2020-08-24,85,2020
부산광역시 해운대구,관광시설관리사업소,26560,2020-08-25,86,2020
부산광역시 해운대구,관광시설관리사업소,25498,2020-08-26,87,2020
부산광역시 해운대구,관광시설관리사업소,22465,2020-08-27,88,2020
부산광역시 해운대구,관광시설관리사업소,23900,2020-08-28,89,2020
부산광역시 해운대구,관광시설관리사업소,24388,2020-08-29,90,2020
부산광역시 해운대구,관광시설관리사업소,25083,2020-08-30,91,2020
부산광역시 해운대구,관광시설관리사업소,22234,2020-08-31,92,2020
부산광역시 해운대구,관광시설관리사업소,28423,2021-06-01,1,2021
부산광역시 해운대구,관광시설관리사업소,29540,2021-06-02,2,2021
부산광역시 해운대구,관광시설관리사업소,28603,2021-06-03,3,2021
부산광역시 해운대구,관광시설관리사업소,27336,2021-06-04,4,2021
부산광역시 해운대구,관광시설관리사업소,37173,2021-06-05,5,2021
부산광역시 해운대구,관광시설관리사업소,46514,2021-06-06,6,2021
부산광역시 해운대구,관광시설관리사업소,39360,2021-06-07,7,2021
부산광역시 해운대구,관광시설관리사업소,30006,2021-06-08,8,2021
부산광역시 해운대구,관광시설관리사업소,30346,2021-06-09,9,2021
부산광역시 해운대구,관광시설관리사업소,31145,2021-06-10,10,2021
부산광역시 해운대구,관광시설관리사업소,30427,2021-06-11,11,2021
부산광역시 해운대구,관광시설관리사업소,30220,2021-06-12,12,2021
부산광역시 해운대구,관광시설관리사업소,41412,2021-06-13,13,2021
부산광역시 해운대구,관광시설관리사업소,40416,2021-06-14,14,2021
부산광역시 해운대구,관광시설관리사업소,31212,2021-06-15,15,2021
부산광역시 해운대구,관광시설관리사업소,26296,2021-06-16,16,2021
부산광역시 해운대구,관광시설관리사업소,29250,2021-06-17,17,2021
부산광역시 해운대구,관광시설관리사업소,32045,2021-06-18,18,2021
부산광역시 해운대구,관광시설관리사업소,40401,2021-06-19,19,2021
부산광역시 해운대구,관광시설관리사업소,57311,2021-06-20,20,2021
부산광역시 해운대구,관광시설관리사업소,45026,2021-06-21,21,2021
부산광역시 해운대구,관광시설관리사업소,35757,2021-06-22,22,2021
부산광역시 해운대구,관광시설관리사업소,35337,2021-06-23,23,2021
부산광역시 해운대구,관광시설관리사업소,36627,2021-06-24,24,2021
부산광역시 해운대구,관광시설관리사업소,38557,2021-06-25,25,2021
부산광역시 해운대구,관광시설관리사업소,44307,2021-06-26,26,2021
부산광역시 해운대구,관광시설관리사업소,55938,2021-06-27,27,2021
부산광역시 해운대구,관광시설관리사업소,42553,2021-06-28,28,2021
부산광역시 해운대구,관광시설관리사업소,36234,2021-06-29,29,2021
부산광역시 해운대구,관광시설관리사업소,41856,2021-06-30,30,2021
부산광역시 해운대구,관광시설관리사업소,36847,2021-07-01,31,2021
부산광역시 해운대구,관광시설관리사업소,37513,2021-07-02,32,2021
부산광역시 해운대구,관광시설관리사업소,28460,2021-07-03,33,2021
부산광역시 해운대구,관광시설관리사업소,32172,2021-07-04,34,2021
부산광역시 해운대구,관광시설관리사업소,39947,2021-07-05,35,2021
부산광역시 해운대구,관광시설관리사업소,30210,2021-07-06,36,2021
부산광역시 해운대구,관광시설관리사업소,28887,2021-07-07,37,2021
부산광역시 해운대구,관광시설관리사업소,26566,2021-07-08,38,2021
부산광역시 해운대구,관광시설관리사업소,30206,2021-07-09,39,2021
부산광역시 해운대구,관광시설관리사업소,36907,2021-07-10,40,2021
부산광역시 해운대구,관광시설관리사업소,46005,2021-07-11,41,2021
부산광역시 해운대구,관광시설관리사업소,38402,2021-07-12,42,2021
부산광역시 해운대구,관광시설관리사업소,31834,2021-07-13,43,2021
부산광역시 해운대구,관광시설관리사업소,31896,2021-07-14,44,2021
부산광역시 해운대구,관광시설관리사업소,31971,2021-07-15,45,2021
부산광역시 해운대구,관광시설관리사업소,31949,2021-07-16,46,2021
부산광역시 해운대구,관광시설관리사업소,72264,2021-07-17,47,2021
부산광역시 해운대구,관광시설관리사업소,78314,2021-07-18,48,2021
부산광역시 해운대구,관광시설관리사업소,71941,2021-07-19,49,2021
부산광역시 해운대구,관광시설관리사업소,31769,2021-07-20,50,2021
부산광역시 해운대구,관광시설관리사업소,31443,2021-07-21,51,2021
부산광역시 해운대구,관광시설관리사업소,32876,2021-07-22,52,2021
부산광역시 해운대구,관광시설관리사업소,32296,2021-07-23,53,2021
부산광역시 해운대구,관광시설관리사업소,33911,2021-07-24,54,2021
부산광역시 해운대구,관광시설관리사업소,39535,2021-07-25,55,2021
부산광역시 해운대구,관광시설관리사업소,36708,2021-07-26,56,2021
부산광역시 해운대구,관광시설관리사업소,32092,2021-07-27,57,2021
부산광역시 해운대구,관광시설관리사업소,31964,2021-07-28,58,2021
부산광역시 해운대구,관광시설관리사업소,33337,2021-07-29,59,2021
부산광역시 해운대구,관광시설관리사업소,35040,2021-07-30,60,2021
부산광역시 해운대구,관광시설관리사업소,37137,2021-07-31,61,2021
부산광역시 해운대구,관광시설관리사업소,43295,2021-08-01,62,2021
부산광역시 해운대구,관광시설관리사업소,42677,2021-08-02,63,2021
부산광역시 해운대구,관광시설관리사업소,39833,2021-08-03,64,2021
부산광역시 해운대구,관광시설관리사업소,36661,2021-08-04,65,2021
부산광역시 해운대구,관광시설관리사업소,34778,2021-08-05,66,2021
부산광역시 해운대구,관광시설관리사업소,68671,2021-08-06,67,2021
부산광역시 해운대구,관광시설관리사업소,224656,2021-08-07,68,2021
부산광역시 해운대구,관광시설관리사업소,195831,2021-08-08,69,2021
부산광역시 해운대구,관광시설관리사업소,208904,2021-08-09,70,2021
부산광역시 해운대구,관광시설관리사업소,205710,2021-08-10,71,2021
부산광역시 해운대구,관광시설관리사업소,201046,2021-08-11,72,2021
부산광역시 해운대구,관광시설관리사업소,199528,2021-08-12,73,2021
부산광역시 해운대구,관광시설관리사업소,199290,2021-08-13,74,2021
부산광역시 해운대구,관광시설관리사업소,204691,2021-08-14,75,2021
부산광역시 해운대구,관광시설관리사업소,211806,2021-08-15,76,2021
부산광역시 해운대구,관광시설관리사업소,68314,2021-08-16,77,2021
부산광역시 해운대구,관광시설관리사업소,61970,2021-08-17,78,2021
부산광역시 해운대구,관광시설관리사업소,54401,2021-08-18,79,2021
부산광역시 해운대구,관광시설관리사업소,54265,2021-08-19,80,2021
부산광역시 해운대구,관광시설관리사업소,55332,2021-08-20,81,2021
부산광역시 해운대구,관광시설관리사업소,57600,2021-08-21,82,2021
부산광역시 해운대구,관광시설관리사업소,51252,2021-08-22,83,2021
부산광역시 해운대구,관광시설관리사업소,31412,2021-08-23,84,2021
부산광역시 해운대구,관광시설관리사업소,22652,2021-08-24,85,2021
부산광역시 해운대구,관광시설관리사업소,23778,2021-08-25,86,2021
부산광역시 해운대구,관광시설관리사업소,23627,2021-08-26,87,2021
부산광역시 해운대구,관광시설관리사업소,29620,2021-08-27,88,2021
부산광역시 해운대구,관광시설관리사업소,28630,2021-08-28,89,2021
부산광역시 해운대구,관광시설관리사업소,32691,2021-08-29,90,2021
부산광역시 해운대구,관광시설관리사업소,31387,2021-08-30,91,2021
부산광역시 해운대구,관광시설관리사업소,26343,2021-08-31,92,2021
부산광역시 해운대구,관광시설관리사업소,49522,2022-06-02,1,2022
부산광역시 해운대구,관광시설관리사업소,41983,2022-06-03,2,2022
부산광역시 해운대구,관광시설관리사업소,51085,2022-06-04,3,2022
부산광역시 해운대구,관광시설관리사업소,73291,2022-06-05,4,2022
부산광역시 해운대구,관광시설관리사업소,52055,2022-06-06,5,2022
부산광역시 해운대구,관광시설관리사업소,45795,2022-06-07,6,2022
부산광역시 해운대구,관광시설관리사업소,32849,2022-06-08,7,2022
부산광역시 해운대구,관광시설관리사업소,34557,2022-06-09,8,2022
부산광역시 해운대구,관광시설관리사업소,37056,2022-06-10,9,2022
부산광역시 해운대구,관광시설관리사업소,43986,2022-06-11,10,2022
부산광역시 해운대구,관광시설관리사업소,58896,2022-06-12,11,2022
부산광역시 해운대구,관광시설관리사업소,45245,2022-06-13,12,2022
부산광역시 해운대구,관광시설관리사업소,31347,2022-06-14,13,2022
부산광역시 해운대구,관광시설관리사업소,29293,2022-06-15,14,2022
부산광역시 해운대구,관광시설관리사업소,33466,2022-06-16,15,2022
부산광역시 해운대구,관광시설관리사업소,36745,2022-06-17,16,2022
부산광역시 해운대구,관광시설관리사업소,44085,2022-06-18,17,2022
부산광역시 해운대구,관광시설관리사업소,56126,2022-06-19,18,2022
부산광역시 해운대구,관광시설관리사업소,44674,2022-06-20,19,2022
부산광역시 해운대구,관광시설관리사업소,35179,2022-06-21,20,2022
부산광역시 해운대구,관광시설관리사업소,35161,2022-06-22,21,2022
부산광역시 해운대구,관광시설관리사업소,36517,2022-06-23,22,2022
부산광역시 해운대구,관광시설관리사업소,34377,2022-06-24,23,2022
부산광역시 해운대구,관광시설관리사업소,43219,2022-06-25,24,2022
부산광역시 해운대구,관광시설관리사업소,50086,2022-06-26,25,2022
부산광역시 해운대구,관광시설관리사업소,40856,2022-06-27,26,2022
부산광역시 해운대구,관광시설관리사업소,33774,2022-06-28,27,2022
부산광역시 해운대구,관광시설관리사업소,34886,2022-06-29,28,2022
부산광역시 해운대구,관광시설관리사업소,34617,2022-06-30,29,2022
부산광역시 해운대구,관광시설관리사업소,39130,2022-07-01,30,2022
부산광역시 해운대구,관광시설관리사업소,48638,2022-07-02,31,2022
부산광역시 해운대구,관광시설관리사업소,58919,2022-07-03,32,2022
부산광역시 해운대구,관광시설관리사업소,43876,2022-07-04,33,2022
부산광역시 해운대구,관광시설관리사업소,35129,2022-07-05,34,2022
부산광역시 해운대구,관광시설관리사업소,35464,2022-07-06,35,2022
부산광역시 해운대구,관광시설관리사업소,36594,2022-07-07,36,2022
부산광역시 해운대구,관광시설관리사업소,75657,2022-07-08,37,2022
부산광역시 해운대구,관광시설관리사업소,84189,2022-07-09,38,2022
부산광역시 해운대구,관광시설관리사업소,101155,2022-07-10,39,2022
부산광역시 해운대구,관광시설관리사업소,86862,2022-07-11,40,2022
부산광역시 해운대구,관광시설관리사업소,67306,2022-07-12,41,2022
부산광역시 해운대구,관광시설관리사업소,68960,2022-07-13,42,2022
부산광역시 해운대구,관광시설관리사업소,74965,2022-07-14,43,2022
부산광역시 해운대구,관광시설관리사업소,77132,2022-07-15,44,2022
부산광역시 해운대구,관광시설관리사업소,98839,2022-07-16,45,2022
부산광역시 해운대구,관광시설관리사업소,114599,2022-07-17,46,2022
부산광역시 해운대구,관광시설관리사업소,85732,2022-07-18,47,2022
부산광역시 해운대구,관광시설관리사업소,68654,2022-07-19,48,2022
부산광역시 해운대구,관광시설관리사업소,70734,2022-07-20,49,2022
부산광역시 해운대구,관광시설관리사업소,77215,2022-07-21,50,2022
부산광역시 해운대구,관광시설관리사업소,79758,2022-07-22,51,2022
부산광역시 해운대구,관광시설관리사업소,92148,2022-07-23,52,2022
부산광역시 해운대구,관광시설관리사업소,104956,2022-07-24,53,2022
부산광역시 해운대구,관광시설관리사업소,92214,2022-07-25,54,2022
부산광역시 해운대구,관광시설관리사업소,84024,2022-07-26,55,2022
부산광역시 해운대구,관광시설관리사업소,83259,2022-07-27,56,2022
부산광역시 해운대구,관광시설관리사업소,85367,2022-07-28,57,2022
부산광역시 해운대구,관광시설관리사업소,241237,2022-07-29,58,2022
부산광역시 해운대구,관광시설관리사업소,256361,2022-07-30,59,2022
부산광역시 해운대구,관광시설관리사업소,281855,2022-07-31,60,2022
부산광역시 해운대구,관광시설관리사업소,262737,2022-08-01,61,2022
부산광역시 해운대구,관광시설관리사업소,263089,2022-08-02,62,2022
부산광역시 해운대구,관광시설관리사업소,254656,2022-08-03,63,2022
부산광역시 해운대구,관광시설관리사업소,254265,2022-08-04,64,2022
부산광역시 해운대구,관광시설관리사업소,254163,2022-08-05,65,2022
부산광역시 해운대구,관광시설관리사업소,247382,2022-08-06,66,2022
부산광역시 해운대구,관광시설관리사업소,263855,2022-08-07,67,2022
부산광역시 해운대구,관광시설관리사업소,251352,2022-08-08,68,2022
부산광역시 해운대구,관광시설관리사업소,236649,2022-08-09,69,2022
부산광역시 해운대구,관광시설관리사업소,234203,2022-08-10,70,2022
부산광역시 해운대구,관광시설관리사업소,236028,2022-08-11,71,2022
부산광역시 해운대구,관광시설관리사업소,236968,2022-08-12,72,2022
부산광역시 해운대구,관광시설관리사업소,256891,2022-08-13,73,2022
부산광역시 해운대구,관광시설관리사업소,274404,2022-08-14,74,2022
부산광역시 해운대구,관광시설관리사업소,274386,2022-08-15,75,2022
부산광역시 해운대구,관광시설관리사업소,95170,2022-08-16,76,2022
부산광역시 해운대구,관광시설관리사업소,72395,2022-08-17,77,2022
부산광역시 해운대구,관광시설관리사업소,81544,2022-08-18,78,2022
부산광역시 해운대구,관광시설관리사업소,87820,2022-08-19,79,2022
부산광역시 해운대구,관광시설관리사업소,88575,2022-08-20,80,2022
부산광역시 해운대구,관광시설관리사업소,88190,2022-08-21,81,2022
부산광역시 해운대구,관광시설관리사업소,50346,2022-08-22,82,2022
부산광역시 해운대구,관광시설관리사업소,40028,2022-08-23,83,2022
부산광역시 해운대구,관광시설관리사업소,37683,2022-08-24,84,2022
부산광역시 해운대구,관광시설관리사업소,39550,2022-08-25,85,2022
부산광역시 해운대구,관광시설관리사업소,42156,2022-08-26,86,2022
부산광역시 해운대구,관광시설관리사업소,46208,2022-08-27,87,2022
부산광역시 해운대구,관광시설관리사업소,54929,2022-08-28,88,2022
부산광역시 해운대구,관광시설관리사업소,44999,2022-08-29,89,2022
부산광역시 해운대구,관광시설관리사업소,38395,2022-08-30,90,2022
부산광역시 해운대구,관광시설관리사업소,33540,2022-08-31,91,2022
부산광역시 해운대구,관광시설관리사업소,63374,2024-06-01,1,2024
부산광역시 해운대구,관광시설관리사업소,51849,2024-06-02,2,2024
부산광역시 해운대구,관광시설관리사업소,34829,2024-06-03,3,2024
부산광역시 해운대구,관광시설관리사업소,35427,2024-06-04,4,2024
부산광역시 해운대구,관광시설관리사업소,40693,2024-06-05,5,2024
부산광역시 해운대구,관광시설관리사업소,68899,2024-06-06,6,2024
부산광역시 해운대구,관광시설관리사업소,67501,2024-06-07,7,2024
부산광역시 해운대구,관광시설관리사업소,56378,2024-06-08,8,2024
부산광역시 해운대구,관광시설관리사업소,51815,2024-06-09,9,2024
부산광역시 해운대구,관광시설관리사업소,34657,2024-06-10,10,2024
부산광역시 해운대구,관광시설관리사업소,33547,2024-06-11,11,2024
부산광역시 해운대구,관광시설관리사업소,33652,2024-06-12,12,2024
부산광역시 해운대구,관광시설관리사업소,35851,2024-06-13,13,2024
부산광역시 해운대구,관광시설관리사업소,41483,2024-06-14,14,2024
부산광역시 해운대구,관광시설관리사업소,60953,2024-06-15,15,2024
부산광역시 해운대구,관광시설관리사업소,53697,2024-06-16,16,2024
부산광역시 해운대구,관광시설관리사업소,39828,2024-06-17,17,2024
부산광역시 해운대구,관광시설관리사업소,37516,2024-06-18,18,2024
부산광역시 해운대구,관광시설관리사업소,38098,2024-06-19,19,2024
부산광역시 해운대구,관광시설관리사업소,38978,2024-06-20,20,2024
부산광역시 해운대구,관광시설관리사업소,47234,2024-06-21,21,2024
부산광역시 해운대구,관광시설관리사업소,46736,2024-06-22,22,2024
부산광역시 해운대구,관광시설관리사업소,54291,2024-06-23,23,2024
부산광역시 해운대구,관광시설관리사업소,40850,2024-06-24,24,2024
부산광역시 해운대구,관광시설관리사업소,40859,2024-06-25,25,2024
부산광역시 해운대구,관광시설관리사업소,43187,2024-06-26,26,2024
부산광역시 해운대구,관광시설관리사업소,39269,2024-06-27,27,2024
부산광역시 해운대구,관광시설관리사업소,47110,2024-06-28,28,2024
부산광역시 해운대구,관광시설관리사업소,49646,2024-06-29,29,2024
부산광역시 해운대구,관광시설관리사업소,42972,2024-06-30,30,2024
부산광역시 해운대구,관광시설관리사업소,38828,2024-07-01,31,2024
부산광역시 해운대구,관광시설관리사업소,31112,2024-07-02,32,2024
부산광역시 해운대구,관광시설관리사업소,37483,2024-07-03,33,2024
부산광역시 해운대구,관광시설관리사업소,38323,2024-07-04,34,2024
부산광역시 해운대구,관광시설관리사업소,46502,2024-07-05,35,2024
부산광역시 해운대구,관광시설관리사업소,62519,2024-07-06,36,2024
부산광역시 해운대구,관광시설관리사업소,54828,2024-07-07,37,2024
부산광역시 해운대구,관광시설관리사업소,37773,2024-07-08,38,2024
부산광역시 해운대구,관광시설관리사업소,35568,2024-07-09,39,2024
부산광역시 해운대구,관광시설관리사업소,36136,2024-07-10,40,2024
부산광역시 해운대구,관광시설관리사업소,42230,2024-07-11,41,2024
부산광역시 해운대구,관광시설관리사업소,47925,2024-07-12,42,2024
부산광역시 해운대구,관광시설관리사업소,72519,2024-07-13,43,2024
부산광역시 해운대구,관광시설관리사업소,44752,2024-07-14,44,2024
부산광역시 해운대구,관광시설관리사업소,72445,2024-07-15,45,2024
부산광역시 해운대구,관광시설관리사업소,68070,2024-07-16,46,2024
부산광역시 해운대구,관광시설관리사업소,75571,2024-07-17,47,2024
부산광역시 해운대구,관광시설관리사업소,72599,2024-07-18,48,2024
부산광역시 해운대구,관광시설관리사업소,89198,2024-07-19,49,2024
부산광역시 해운대구,관광시설관리사업소,106925,2024-07-20,50,2024
부산광역시 해운대구,관광시설관리사업소,100248,2024-07-21,51,2024
부산광역시 해운대구,관광시설관리사업소,82298,2024-07-22,52,2024
부산광역시 해운대구,관광시설관리사업소,80943,2024-07-23,53,2024
부산광역시 해운대구,관광시설관리사업소,81152,2024-07-24,54,2024
부산광역시 해운대구,관광시설관리사업소,88568,2024-07-25,55,2024
부산광역시 해운대구,관광시설관리사업소,95354,2024-07-26,56,2024
부산광역시 해운대구,관광시설관리사업소,117558,2024-07-27,57,2024
부산광역시 해운대구,관광시설관리사업소,260696,2024-07-28,58,2024
부산광역시 해운대구,관광시설관리사업소,259791,2024-07-29,59,2024
부산광역시 해운대구,관광시설관리사업소,257462,2024-07-30,60,2024
부산광역시 해운대구,관광시설관리사업소,258122,2024-07-31,61,2024
부산광역시 해운대구,관광시설관리사업소,270358,2024-08-01,62,2024
부산광역시 해운대구,관광시설관리사업소,279756,2024-08-02,63,2024
부산광역시 해운대구,관광시설관리사업소,283857,2024-08-03,64,2024
부산광역시 해운대구,관광시설관리사업소,262816,2024-08-04,65,2024
부산광역시 해운대구,관광시설관리사업소,244829,2024-08-05,66,2024
부산광역시 해운대구,관광시설관리사업소,240399,2024-08-06,67,2024
부산광역시 해운대구,관광시설관리사업소,236721,2024-08-07,68,2024
부산광역시 해운대구,관광시설관리사업소,236450,2024-08-08,69,2024
부산광역시 해운대구,관광시설관리사업소,248624,2024-08-09,70,2024
부산광역시 해운대구,관광시설관리사업소,274999,2024-08-10,71,2024
부산광역시 해운대구,관광시설관리사업소,254437,2024-08-11,72,2024
부산광역시 해운대구,관광시설관리사업소,239392,2024-08-12,73,2024
부산광역시 해운대구,관광시설관리사업소,238611,2024-08-13,74,2024
부산광역시 해운대구,관광시설관리사업소,246142,2024-08-14,75,2024
부산광역시 해운대구,관광시설관리사업소,261154,2024-08-15,76,2024
부산광역시 해운대구,관광시설관리사업소,118970,2024-08-16,77,2024
부산광역시 해운대구,관광시설관리사업소,130928,2024-08-17,78,2024
부산광역시 해운대구,관광시설관리사업소,111139,2024-08-18,79,2024
부산광역시 해운대구,관광시설관리사업소,91117,2024-08-19,80,2024
부산광역시 해운대구,관광시설관리사업소,85050,2024-08-20,81,2024
부산광역시 해운대구,관광시설관리사업소,50977,2024-08-21,82,2024
부산광역시 해운대구,관광시설관리사업소,50034,2024-08-22,83,2024
부산광역시 해운대구,관광시설관리사업소,59390,2024-08-23,84,2024
부산광역시 해운대구,관광시설관리사업소,78305,2024-08-24,85,2024
부산광역시 해운대구,관광시설관리사업소,73104,2024-08-25,86,2024
부산광역시 해운대구,관광시설관리사업소,53113,2024-08-26,87,2024
부산광역시 해운대구,관광시설관리사업소,50482,2024-08-27,88,2024
부산광역시 해운대구,관광시설관리사업소,49804,2024-08-28,89,2024
부산광역시 해운대구,관광시설관리사업소,49591,2024-08-29,90,2024
부산광역시 해운대구,관광시설관리사업소,15414,2024-08-30,91,2024
부산광역시 해운대구,관광시설관리사업소,66289,2024-08-31,92,2024
부산광역시 해운대구,관광시설관리사업소,59540,2025-06-21,1,2025
부산광역시 해운대구,관광시설관리사업소,68944,2025-06-22,2,2025
부산광역시 해운대구,관광시설관리사업소,52284,2025-06-23,3,2025
부산광역시 해운대구,관광시설관리사업소,43566,2025-06-24,4,2025
부산광역시 해운대구,관광시설관리사업소,53035,2025-06-25,5,2025
부산광역시 해운대구,관광시설관리사업소,55334,2025-06-26,6,2025
부산광역시 해운대구,관광시설관리사업소,62811,2025-06-27,7,2025
부산광역시 해운대구,관광시설관리사업소,82182,2025-06-28,8,2025
부산광역시 해운대구,관광시설관리사업소,74179,2025-06-29,9,2025
부산광역시 해운대구,관광시설관리사업소,51299,2025-06-30,10,2025
부산광역시 해운대구,관광시설관리사업소,49630,2025-07-01,11,2025
부산광역시 해운대구,관광시설관리사업소,51237,2025-07-02,12,2025
부산광역시 해운대구,관광시설관리사업소,52555,2025-07-03,13,2025
부산광역시 해운대구,관광시설관리사업소,64568,2025-07-04,14,2025
부산광역시 해운대구,관광시설관리사업소,85827,2025-07-05,15,2025
부산광역시 해운대구,관광시설관리사업소,76248,2025-07-06,16,2025
부산광역시 해운대구,관광시설관리사업소,52373,2025-07-07,17,2025
부산광역시 해운대구,관광시설관리사업소,50827,2025-07-08,18,2025
부산광역시 해운대구,관광시설관리사업소,52775,2025-07-09,19,2025
부산광역시 해운대구,관광시설관리사업소,53871,2025-07-10,20,2025
부산광역시 해운대구,관광시설관리사업소,63064,2025-07-11,21,2025
부산광역시 해운대구,관광시설관리사업소,118371,2025-07-12,22,2025
부산광역시 해운대구,관광시설관리사업소,95630,2025-07-13,23,2025
부산광역시 해운대구,관광시설관리사업소,76235,2025-07-14,24,2025
부산광역시 해운대구,관광시설관리사업소,77075,2025-07-15,25,2025
부산광역시 해운대구,관광시설관리사업소,77897,2025-07-16,26,2025
부산광역시 해운대구,관광시설관리사업소,76247,2025-07-17,27,2025
부산광역시 해운대구,관광시설관리사업소,80120,2025-07-18,28,2025
부산광역시 해운대구,관광시설관리사업소,96620,2025-07-19,29,2025
부산광역시 해운대구,관광시설관리사업소,99224,2025-07-20,30,2025
부산광역시 해운대구,관광시설관리사업소,81008,2025-07-21,31,2025
부산광역시 해운대구,관광시설관리사업소,81374,2025-07-22,32,2025
부산광역시 해운대구,관광시설관리사업소,83261,2025-07-23,33,2025
부산광역시 해운대구,관광시설관리사업소,87197,2025-07-24,34,2025
부산광역시 해운대구,관광시설관리사업소,231794,2025-07-25,35,2025
부산광역시 해운대구,관광시설관리사업소,254699,2025-07-26,36,2025
부산광역시 해운대구,관광시설관리사업소,247493,2025-07-27,37,2025
부산광역시 해운대구,관광시설관리사업소,238685,2025-07-28,38,2025
부산광역시 해운대구,관광시설관리사업소,238077,2025-07-29,39,2025
부산광역시 해운대구,관광시설관리사업소,245330,2025-07-30,40,2025
부산광역시 해운대구,관광시설관리사업소,248068,2025-07-31,41,2025
부산광역시 해운대구,관광시설관리사업소,263483,2025-08-01,42,2025
부산광역시 해운대구,관광시설관리사업소,275564,2025-08-02,43,2025
부산광역시 해운대구,관광시설관리사업소,254135,2025-08-03,44,2025
부산광역시 해운대구,관광시설관리사업소,230177,2025-08-04,45,2025
부산광역시 해운대구,관광시설관리사업소,230540,2025-08-05,46,2025
부산광역시 해운대구,관광시설관리사업소,222879,2025-08-06,47,2025
부산광역시 해운대구,관광시설관리사업소,227667,2025-08-07,48,2025
부산광역시 해운대구,관광시설관리사업소,239947,2025-08-08,49,2025
부산광역시 해운대구,관광시설관리사업소,247053,2025-08-09,50,2025
부산광역시 해운대구,관광시설관리사업소,228836,2025-08-10,51,2025
부산광역시 해운대구,관광시설관리사업소,213181,2025-08-11,52,2025
부산광역시 해운대구,관광시설관리사업소,144878,2025-08-12,53,2025
부산광역시 해운대구,관광시설관리사업소,221893,2025-08-13,54,2025
부산광역시 해운대구,관광시설관리사업소,239882,2025-08-14,55,2025
부산광역시 해운대구,관광시설관리사업소,270637,2025-08-15,56,2025
부산광역시 해운대구,관광시설관리사업소,271111,2025-08-16,57,2025
부산광역시 해운대구,관광시설관리사업소,240851,2025-08-17,58,2025
부산광역시 해운대구,관광시설관리사업소,84573,2025-08-18,59,2025
부산광역시 해운대구,관광시설관리사업소,82604,2025-08-19,60,2025
부산광역시 해운대구,관광시설관리사업소,80145,2025-08-20,61,2025
부산광역시 해운대구,관광시설관리사업소,79291,2025-08-21,62,2025
부산광역시 해운대구,관광시설관리사업소,89522,2025-08-22,63,2025
부산광역시 해운대구,관광시설관리사업소,110049,2025-08-23,64,2025
부산광역시 해운대구,관광시설관리사업소,99901,2025-08-24,65,2025
부산광역시 해운대구,관광시설관리사업소,56508,2025-08-25,66,2025
부산광역시 해운대구,관광시설관리사업소,54758,2025-08-26,67,2025
부산광역시 해운대구,관광시설관리사업소,57475,2025-08-27,68,2025
부산광역시 해운대구,관광시설관리사업소,58281,2025-08-28,69,2025
부산광역시 해운대구,관광시설관리사업소,66449,2025-08-29,70,2025
부산광역시 해운대구,관광시설관리사업소,86132,2025-08-30,71,2025
부산광역시 해운대구,관광시설관리사업소,66751,2025-08-31,72,2025
부산광역시 해운대구,관광시설관리사업소,46400,2025-09-01,73,2025
부산광역시 해운대구,관광시설관리사업소,44552,2025-09-02,74,2025
부산광역시 해운대구,관광시설관리사업소,47188,2025-09-03,75,2025
부산광역시 해운대구,관광시설관리사업소,48981,2025-09-04,76,2025
부산광역시 해운대구,관광시설관리사업소,58062,2025-09-05,77,2025
부산광역시 해운대구,관광시설관리사업소,79519,2025-09-06,78,2025
부산광역시 해운대구,관광시설관리사업소,66717,2025-09-07,79,2025
부산광역시 해운대구,관광시설관리사업소,48345,2025-09-08,80,2025
부산광역시 해운대구,관광시설관리사업소,48668,2025-09-09,81,2025
부산광역시 해운대구,관광시설관리사업소,52270,2025-09-10,82,2025
부산광역시 해운대구,관광시설관리사업소,56504,2025-09-11,83,2025
부산광역시 해운대구,관광시설관리사업소,65214,2025-09-12,84,2025
부산광역시 해운대구,관광시설관리사업소,81336,2025-09-13,85,2025
부산광역시 해운대구,관광시설관리사업소,65452,2025-09-14,86,2025
