date,sewage_discharge
2026-09-10,352428
2026-09-09,340735
2026-09-08,343478
2026-09-07,342173
2026-09-06,333862
2026-09-05,353708
2026-09-04,354431
2026-09-03,366330
2026-09-02,391660
2026-09-01,393439
2026-08-31,413898
2026-08-30,420921
2026-08-29,418829
2026-08-28,362991
2026-08-27,344972
2026-08-26,323870
2026-08-25,318550
2026-08-24,332301
2026-08-23,323130
2026-08-22,329180
2026-08-21,347775
2026-08-20,381566
2026-08-19,397753
2026-08-18,411227
2026-08-17,405304
2026-08-16,398325
2026-08-15,309030
2026-08-14,323747
2026-08-13,337078
2026-08-12,309612
2026-08-11,296586
2026-08-10,331395
2026-08-09,312652
2026-08-08,297299
2026-08-07,297952
2026-08-06,294329
2026-08-05,297345
2026-08-04,297208
2026-08-03,300233
2026-08-02,296985
2026-08-01,295835
2026-07-31,298007
2026-07-30,298537
2026-07-29,301635
2026-07-28,298600
2026-07-27,299887
2026-07-26,312839
2026-07-25,308293
2026-07-24,299996
2026-07-23,311833
2026-07-22,320116
2026-07-21,319714
2026-07-20,346717
2026-07-19,309251
2026-07-18,313662
2026-07-17,311380
2026-07-16,308826
2026-07-15,322184
2026-07-14,314074
2026-07-13,320977
2026-07-12,322076
2026-07-11,326628
2026-07-10,319665
2026-07-09,319090
2026-07-08,313980
2026-07-07,333760
2026-07-06,333588
2026-07-05,354944
2026-07-04,353226
2026-07-03,364646
2026-07-02,404556
2026-07-01,384847
2026-06-30,308086
2026-06-29,327477
2026-06-28,304289
2026-06-27,308247
2026-06-26,319816
2026-06-25,318939
2026-06-24,320803
2026-06-23,301759
2026-06-22,331625
2026-06-21,353693
2026-06-20,388531
2026-06-19,319578
2026-06-18,297710
2026-06-17,298420
2026-06-16,293997
2026-06-15,301616
2026-06-14,294074
2026-06-13,291043
2026-06-12,297983
2026-06-11,293677
2026-06-10,296116
2026-06-09,297849
2026-06-08,306165
2026-06-07,292158
2026-06-06,305559
2026-06-05,313792
2026-06-04,313617
2026-06-03,356468
2026-06-02,387359
2026-06-01,311750
2026-05-31,301433
2026-05-30,310560
2026-05-29,320471
2026-05-28,359655
2026-05-27,368543
2026-05-26,307833
2026-05-25,306708
2026-05-24,302971
2026-05-23,307084
2026-05-22,333852
2026-05-21,391104
2026-05-20,317530
2026-05-19,296286
2026-05-18,308043
2026-05-17,301232
2026-05-16,296804
2026-05-15,300642
2026-05-14,300415
2026-05-13,300138
2026-05-12,296100
2026-05-11,303105
2026-05-10,295552
2026-05-09,304489
2026-05-08,296910
2026-05-07,301205
2026-05-06,307049
2026-05-05,307779
2026-05-04,340089
2026-05-03,324345
2026-05-02,314006
2026-05-01,362383
2026-04-30,296683
2026-04-29,303313
2026-04-28,292964
2026-04-27,305877
2026-04-26,298669
2026-04-25,294619
2026-04-24,303459
2026-04-23,304923
2026-04-22,300554
2026-04-21,309284
2026-04-20,324441
2026-04-19,317873
2026-04-18,355049
2026-04-17,312159
2026-04-16,312031
2026-04-15,308807
2026-04-14,312214
2026-04-13,326568
2026-04-12,323600
2026-04-11,341970
2026-04-10,343555
2026-04-09,302286
2026-04-08,319735
2026-04-07,317744
2026-04-06,344129
2026-04-05,343058
2026-04-04,324665
2026-04-03,302444
2026-04-02,309036
2026-04-01,319177
2026-03-31,336507
2026-03-30,301941
2026-03-29,292896
2026-03-28,292704
2026-03-27,288345
2026-03-26,292173
2026-03-25,287891
2026-03-24,295679
2026-03-23,297575
2026-03-22,293050
2026-03-21,290723
2026-03-20,294842
2026-03-19,310834
2026-03-18,304609
2026-03-17,295119
2026-03-16,298111
2026-03-15,288970
2026-03-14,290140
2026-03-13,291351
2026-03-12,294885
2026-03-11,293379
2026-03-10,292171
2026-03-09,298695
2026-03-08,289656
2026-03-07,295012
2026-03-06,302478
2026-03-05,305767
2026-03-04,316433
2026-03-03,331615
2026-03-02,299133
2026-03-01,294737
2026-02-28,311764
2026-02-27,309463
2026-02-26,298180
2026-02-25,320492
2026-02-24,290378
2026-02-23,285502
2026-02-22,283633
2026-02-21,275675
2026-02-20,280843
2026-02-19,281684
2026-02-18,269581
2026-02-17,283371
2026-02-16,288629
2026-02-15,299206
2026-02-14,287236
2026-02-13,290472
2026-02-12,279403
2026-02-11,280122
2026-02-10,279100
2026-02-09,284986
2026-02-08,278438
2026-02-07,278047
2026-02-06,286231
2026-02-05,281718
2026-02-04,290960
2026-02-03,279486
2026-02-02,283395
2026-02-01,286291
2026-01-31,274125
2026-01-30,284391
2026-01-29,278721
2026-01-28,286107
2026-01-27,281215
2026-01-26,291324
2026-01-25,277036
2026-01-24,284604
2026-01-23,283055
2026-01-22,283051
2026-01-21,281456
2026-01-20,275594
2026-01-19,288623
2026-01-18,289285
2026-01-17,287141
2026-01-16,295032
2026-01-15,282153
2026-01-14,283593
2026-01-13,278608
2026-01-12,294314
2026-01-11,280291
2026-01-10,290725
2026-01-09,279392
2026-01-08,283891
2026-01-07,276378
2026-01-06,289571
2026-01-05,296727
2026-01-04,285807
2026-01-03,275959
2026-01-02,283027
2026-01-01,284752
2025-12-31,283427
2025-12-30,290137
2025-12-29,299278
2025-12-28,290388
2025-12-27,292163
2025-12-26,299405
2025-12-25,298207
2025-12-24,338794
2025-12-23,289985
2025-12-22,290938
2025-12-21,291400
2025-12-20,290836
2025-12-19,289108
2025-12-18,285557
2025-12-17,306445
2025-12-16,290580
2025-12-15,301648
2025-12-14,295948
2025-12-13,293938
2025-12-12,294352
2025-12-11,295412
2025-12-10,291412
2025-12-09,293897
2025-12-08,302861
2025-12-07,294561
2025-12-06,302220
2025-12-05,298198
2025-12-04,285783
2025-12-03,295357
2025-12-02,289156
2025-12-01,302200
2025-11-30,301360
2025-11-29,302266
2025-11-28,293435
2025-11-27,310606
2025-11-26,294007
2025-11-25,291908
2025-11-24,291603
2025-11-23,302788
2025-11-22,301821
2025-11-21,299794
2025-11-20,301873
2025-11-19,293576
2025-11-18,299286
2025-11-17,302506
2025-11-16,300119
2025-11-15,307565
2025-11-14,302375
2025-11-13,304633
2025-11-12,308678
2025-11-11,310394
2025-11-10,344211
2025-11-09,383587
2025-11-08,318466
2025-11-07,318456
2025-11-06,311985
2025-11-05,319075
2025-11-04,313773
2025-11-03,320941
2025-11-02,316686
2025-11-01,322523
2025-10-31,310139
2025-10-30,318099
2025-10-29,321249
2025-10-28,312837
2025-10-27,328510
2025-10-26,332757
2025-10-25,365422
2025-10-24,337371
2025-10-23,330879
2025-10-22,325367
2025-10-21,321662
2025-10-20,333915
2025-10-19,331241
2025-10-18,342216
2025-10-17,370476
2025-10-16,379565
2025-10-15,349157
2025-10-14,344885
2025-10-13,315807
2025-10-12,324551
2025-10-11,329898
2025-10-10,338086
2025-10-09,334693
2025-10-08,341189
2025-10-07,350073
2025-10-06,375232
2025-10-05,355913
2025-10-04,386529
2025-10-03,357406
2025-10-02,319909
2025-10-01,324037
2025-09-30,319185
2025-09-29,333713
2025-09-28,341837
2025-09-27,323988
2025-09-26,320690
2025-09-25,323539
2025-09-24,322038
2025-09-23,318598
2025-09-22,324737
2025-09-21,321511
2025-09-20,346052
2025-09-19,329490
2025-09-18,351138
2025-09-17,351753
2025-09-16,342722
2025-09-15,364040
2025-09-14,352196
2025-09-13,368530
2025-09-12,332265
2025-09-11,340163
2025-09-10,334762
2025-09-09,376522
2025-09-08,344236
2025-09-07,341378
2025-09-06,329707
2025-09-05,328269
2025-09-04,340947
2025-09-03,367480
2025-09-02,353495
2025-09-01,346705
2025-08-31,344708
2025-08-30,348354
2025-08-29,339399
2025-08-28,330296
2025-08-27,345172
2025-08-26,358867
2025-08-25,349051
2025-08-24,351933
2025-08-23,353610
2025-08-22,349956
2025-08-21,354572
2025-08-20,369270
2025-08-19,371413
2025-08-18,386002
2025-08-17,395742
2025-08-16,411081
2025-08-15,404154
2025-08-14,417475
2025-08-13,433435
2025-08-12,431457
2025-08-11,422754
2025-08-10,425298
2025-08-09,356570
2025-08-08,357166
2025-08-07,381747
2025-08-06,424292
2025-08-05,422842
2025-08-04,420486
2025-08-03,359333
2025-08-02,351843
2025-08-01,351796
2025-07-31,358803
2025-07-30,350461
2025-07-29,346660
2025-07-28,372304
2025-07-27,364549
2025-07-26,382152
2025-07-25,379960
2025-07-24,410061
2025-07-23,422368
2025-07-22,397548
2025-07-21,421977
2025-07-20,436125
2025-07-19,442543
2025-07-18,425861
2025-07-17,415960
2025-07-16,413291
2025-07-15,416246
2025-07-14,405354
2025-07-13,348961
2025-07-12,344100
2025-07-11,339741
2025-07-10,338631
2025-07-09,340708
2025-07-08,341324
2025-07-07,336484
2025-07-06,333045
2025-07-05,343180
2025-07-04,350353
2025-07-03,347614
2025-07-02,351744
2025-07-01,344014
2025-06-30,390293
2025-06-29,389966
2025-06-28,397772
2025-06-27,415353
2025-06-26,416736
2025-06-25,433686
2025-06-24,412141
2025-06-23,401740
2025-06-22,415139
2025-06-21,372147
2025-06-20,369974
2025-06-19,377651
2025-06-18,387341
2025-06-17,409493
2025-06-16,417274
2025-06-15,419264
2025-06-14,412949
2025-06-13,331905
2025-06-12,333600
2025-06-11,311426
2025-06-10,342802
2025-06-09,336711
2025-06-08,335378
2025-06-07,311645
2025-06-06,322053
2025-06-05,330475
2025-06-04,324476
2025-06-03,368021
2025-06-02,325633
2025-06-01,318459
2025-05-31,319383
2025-05-30,314492
2025-05-29,327212
2025-05-28,328747
2025-05-27,318495
2025-05-26,340074
2025-05-25,330897
2025-05-24,350639
2025-05-23,331112
2025-05-22,339829
2025-05-21,361432
2025-05-20,360295
2025-05-19,380512
2025-05-18,368031
2025-05-17,393728
2025-05-16,337040
2025-05-15,326796
2025-05-14,326099
2025-05-13,336794
2025-05-12,361261
2025-05-11,359603
2025-05-10,395221
2025-05-09,349890
2025-05-08,313794
2025-05-07,346601
2025-05-06,323492
2025-05-05,307209
2025-05-04,318462
2025-05-03,342985
2025-05-02,355436
2025-05-01,322740
2025-04-30,313801
2025-04-29,314003
2025-04-28,332865
2025-04-27,324685
2025-04-26,330799
2025-04-25,334643
2025-04-24,353441
2025-04-23,411647
2025-04-22,355522
2025-04-21,321451
2025-04-20,313178
2025-04-19,332476
2025-04-18,334612
2025-04-17,332034
2025-04-16,361038
2025-04-15,354435
2025-04-14,384018
2025-04-13,393382
2025-04-12,299193
2025-04-11,314201
2025-04-10,305418
2025-04-09,308363
2025-04-08,300465
2025-04-07,322073
2025-04-06,308624
2025-04-05,301927
2025-04-04,310292
2025-04-03,309327
2025-04-02,304830
2025-04-01,309510
2025-03-31,314782
2025-03-30,314022
2025-03-29,322787
2025-03-28,329267
2025-03-27,342623
2025-03-26,326307
2025-03-25,321430
2025-03-24,353557
2025-03-23,337248
2025-03-22,313536
2025-03-21,334256
2025-03-20,330748
2025-03-19,326879
2025-03-18,341168
2025-03-17,351285
2025-03-16,392973
2025-03-15,349031
2025-03-14,330744
2025-03-13,334976
2025-03-12,326469
2025-03-11,325803
2025-03-10,333381
2025-03-09,334291
2025-03-08,325148
2025-03-07,332983
2025-03-06,335706
2025-03-05,347614
2025-03-04,401019
2025-03-03,394438
2025-03-02,307570
2025-03-01,317356
2025-02-28,310023
2025-02-27,310485
2025-02-26,312675
2025-02-25,297170
2025-02-24,305379
2025-02-23,296487
2025-02-22,299077
2025-02-21,303137
2025-02-20,301711
2025-02-19,300960
2025-02-18,300439
2025-02-17,310986
2025-02-16,305591
2025-02-15,309441
2025-02-14,312816
2025-02-13,331283
2025-02-12,339538
2025-02-11,313926
2025-02-10,310929
2025-02-09,305239
2025-02-08,302425
2025-02-07,304576
2025-02-06,307305
2025-02-05,312562
2025-02-04,313421
2025-02-03,324983
2025-02-02,327875
2025-02-01,308853
2025-01-31,305178
2025-01-30,281334
2025-01-29,307486
2025-01-28,316920
2025-01-27,319540
2025-01-26,311716
2025-01-25,306468
2025-01-24,313911
2025-01-23,302131
2025-01-22,308619
2025-01-21,306576
2025-01-20,309127
2025-01-19,313463
2025-01-18,314983
2025-01-17,307235
2025-01-16,302421
2025-01-15,307838
2025-01-14,313428
2025-01-13,317186
2025-01-12,311703
2025-01-11,313465
2025-01-10,318324
2025-01-09,300908
2025-01-08,304418
2025-01-07,301677
2025-01-06,313989
2025-01-05,304026
2025-01-04,313060
2025-01-03,303346
2025-01-02,308720
2025-01-01,300967
2024-12-31,299706
2024-12-30,310566
2024-12-29,314452
2024-12-28,305900
2024-12-27,309688
2024-12-26,304042
2024-12-25,314459
2024-12-24,317066
2024-12-23,312887
2024-12-22,319980
2024-12-21,325309
2024-12-20,319924
2024-12-19,299538
2024-12-18,315960
2024-12-17,314843
2024-12-16,328307
2024-12-15,312505
2024-12-14,325786
2024-12-13,321192
2024-12-12,328688
2024-12-11,314920
2024-12-10,328762
2024-12-09,326978
2024-12-08,323837
2024-12-07,320400
2024-12-06,327547
2024-12-05,325402
2024-12-04,331828
2024-12-03,332239
2024-12-02,344971
2024-12-01,327518
2024-11-30,343561
2024-11-29,327750
2024-11-28,357803
2024-11-27,362570
2024-11-26,356074
2024-11-25,331094
2024-11-24,326675
2024-11-23,342603
2024-11-22,331606
2024-11-21,333279
2024-11-20,334001
2024-11-19,335781
2024-11-18,338326
2024-11-17,340332
2024-11-16,345693
2024-11-15,339998
2024-11-14,348137
2024-11-13,347282
2024-11-12,351424
2024-11-11,369146
2024-11-10,358770
2024-11-09,368539
2024-11-08,381641
2024-11-07,384030
2024-11-06,396055
2024-11-05,410767
2024-11-04,427167
2024-11-03,416606
2024-11-02,422583
2024-11-01,386700
2024-10-31,364293
2024-10-30,367492
2024-10-29,370087
2024-10-28,380998
2024-10-27,374345
2024-10-26,389732
2024-10-25,396918
2024-10-24,388985
2024-10-23,331497
2024-10-22,409914
2024-10-21,399369
2024-10-20,418830
2024-10-19,406300
2024-10-18,381677
2024-10-17,403275
2024-10-16,411312
2024-10-15,417933
2024-10-14,344477
2024-10-13,346369
2024-10-12,356205
2024-10-11,357687
2024-10-10,358708
2024-10-09,361423
2024-10-08,385503
2024-10-07,393311
2024-10-06,339901
2024-10-05,344331
2024-10-04,392008
2024-10-03,346559
2024-10-02,347524
2024-10-01,356299
2024-09-30,362868
2024-09-29,363119
2024-09-28,371634
2024-09-27,367630
2024-09-26,400378
2024-09-25,395515
2024-09-24,405961
2024-09-23,423595
2024-09-22,421682
2024-09-21,429774
2024-09-20,361155
2024-09-19,344642
2024-09-18,348130
2024-09-17,334988
2024-09-16,377521
2024-09-15,344938
2024-09-14,362718
2024-09-13,358500
2024-09-12,361778
2024-09-11,373436
2024-09-10,347097
2024-09-09,334522
2024-09-08,353449
2024-09-07,346453
2024-09-06,336549
2024-09-05,356876
2024-09-04,349549
2024-09-03,337665
2024-09-02,348147
2024-09-01,347523
2024-08-31,360441
2024-08-30,390110
2024-08-29,412584
2024-08-28,364347
2024-08-27,350093
2024-08-26,362029
2024-08-25,346655
2024-08-24,361668
2024-08-23,389924
2024-08-22,392555
2024-08-21,427739
2024-08-20,429611
2024-08-19,351046
2024-08-18,337645
2024-08-17,348379
2024-08-16,338723
2024-08-15,334127
2024-08-14,346091
2024-08-13,347608
2024-08-12,345616
2024-08-11,347927
2024-08-10,356684
2024-08-09,364070
2024-08-08,389624
2024-08-07,387366
2024-08-06,360268
2024-08-05,362525
2024-08-04,368717
2024-08-03,374986
2024-08-02,368246
2024-08-01,368201
2024-07-31,372017
2024-07-30,380368
2024-07-29,405530
2024-07-28,433741
2024-07-27,400724
2024-07-26,406225
2024-07-25,396670
2024-07-24,413013
2024-07-23,393890
2024-07-22,393066
2024-07-21,405832
2024-07-20,405552
2024-07-19,410542
2024-07-18,412524
2024-07-17,419178
2024-07-16,423071
2024-07-15,422299
2024-07-14,424384
2024-07-13,384476
2024-07-12,408887
2024-07-11,425837
2024-07-10,441607
2024-07-09,374574
2024-07-08,367126
2024-07-07,381548
2024-07-06,380901
2024-07-05,390235
2024-07-04,423200
2024-07-03,414171
2024-07-02,420477
2024-07-01,408675
2024-06-30,416415
2024-06-29,353485
2024-06-28,333596
2024-06-27,337775
2024-06-26,331931
2024-06-25,341952
2024-06-24,375008
2024-06-23,374583
2024-06-22,356088
2024-06-21,332494
2024-06-20,327638
2024-06-19,321707
2024-06-18,339275
2024-06-17,337904
2024-06-16,344418
2024-06-15,338166
2024-06-14,331228
2024-06-13,337037
2024-06-12,329883
2024-06-11,345281
2024-06-10,341774
2024-06-09,369318
2024-06-08,326660
2024-06-07,315387
2024-06-06,324003
2024-06-05,317331
2024-06-04,324059
2024-06-03,333797
2024-06-02,323661
2024-06-01,336351
2024-05-31,321100
2024-05-30,327547
2024-05-29,331192
2024-05-28,346418
2024-05-27,399119
2024-05-26,333064
2024-05-25,336897
2024-05-24,342044
2024-05-23,340361
2024-05-22,342984
2024-05-21,338302
2024-05-20,369284
2024-05-19,357330
2024-05-18,360572
2024-05-17,368234
2024-05-16,376746
2024-05-15,374105
2024-05-14,392292
2024-05-13,401027
2024-05-12,418654
2024-05-11,394998
2024-05-10,413519
2024-05-09,410063
2024-05-08,425583
2024-05-07,381904
2024-05-06,352877
2024-05-05,348467
2024-05-04,340744
2024-05-03,350915
2024-05-02,355082
2024-05-01,368361
2024-04-30,378803
2024-04-29,372603
2024-04-28,357159
2024-04-27,358826
2024-04-26,364671
2024-04-25,367514
2024-04-24,353271
2024-04-23,376223
2024-04-22,372237
2024-04-21,406042
2024-04-20,374045
2024-04-19,369116
2024-04-18,361103
2024-04-17,386011
2024-04-16,396303
2024-04-15,364022
2024-04-14,358686
2024-04-13,364248
2024-04-12,361847
2024-04-11,369477
2024-04-10,369596
2024-04-09,386332
2024-04-08,383639
2024-04-07,405730
2024-04-06,420603
2024-04-05,409415
2024-04-04,407150
2024-04-03,397552
2024-04-02,367769
2024-04-01,374116
2024-03-31,362077
2024-03-30,370627
2024-03-29,357771
2024-03-28,347715
2024-03-27,363315
2024-03-26,354637
2024-03-25,338053
2024-03-24,334282
2024-03-23,375385
2024-03-22,332392
2024-03-21,336591
2024-03-20,334204
2024-03-19,326790
2024-03-18,345501
2024-03-17,329449
2024-03-16,330303
2024-03-15,329457
2024-03-14,341734
2024-03-13,350505
2024-03-12,346426
2024-03-11,344098
2024-03-10,335788
2024-03-09,338277
2024-03-08,344466
2024-03-07,356089
2024-03-06,379873
2024-03-05,384260
2024-03-04,347174
2024-03-03,341682
2024-03-02,328854
2024-03-01,356935
2024-02-29,346824
2024-02-28,339807
2024-02-27,311959
2024-02-26,371251
2024-02-25,393022
2024-02-24,372238
2024-02-23,374468
2024-02-22,388708
2024-02-21,395891
2024-02-20,393469
2024-02-19,378770
2024-02-18,333060
2024-02-17,335350
2024-02-16,342813
2024-02-15,385617
2024-02-14,347126
2024-02-13,347864
2024-02-12,338408
2024-02-11,314106
2024-02-10,358354
2024-02-09,362542
2024-02-08,369732
2024-02-07,370814
2024-02-06,382106
2024-02-05,386414
2024-02-04,351792
2024-02-03,332283
2024-02-02,333657
2024-02-01,327941
2024-01-31,316128
2024-01-30,324553
2024-01-29,331499
2024-01-28,327195
2024-01-27,324715
2024-01-26,333158
2024-01-25,329184
2024-01-24,327706
2024-01-23,337563
2024-01-22,358019
2024-01-21,400926
2024-01-20,378358
2024-01-19,383584
2024-01-18,354306
2024-01-17,339941
2024-01-16,331557
2024-01-15,336997
2024-01-14,345478
2024-01-13,326404
2024-01-12,334475
2024-01-11,338928
2024-01-10,395376
2024-01-09,332255
2024-01-08,336256
2024-01-07,336638
2024-01-06,332914
2024-01-05,328785
2024-01-04,339477
2024-01-03,332062
2024-01-02,340370
2024-01-01,339239
2023-12-31,361389
2023-12-30,359471
2023-12-29,337266
2023-12-28,343664
2023-12-27,356313
2023-12-26,360741
2023-12-25,360329
2023-12-24,355196
2023-12-23,350225
2023-12-22,353243
2023-12-21,369294
2023-12-20,364228
2023-12-19,373195
2023-12-18,350278
2023-12-17,363145
2023-12-16,427616
2023-12-15,415210
2023-12-14,356331
2023-12-13,339508
2023-12-12,369622
2023-12-11,381254
2023-12-10,333395
2023-12-09,336308
2023-12-08,328810
2023-12-07,343451
2023-12-06,320408
2023-12-05,313788
2023-12-04,344655
2023-12-03,338531
2023-12-02,338314
2023-12-01,313519
2023-11-30,323484
2023-11-29,320668
2023-11-28,312533
2023-11-27,322745
2023-11-26,318337
2023-11-25,317225
2023-11-24,311427
2023-11-23,338563
2023-11-22,323654
2023-11-21,328015
2023-11-20,342810
2023-11-19,331360
2023-11-18,332040
2023-11-17,373497
2023-11-16,349253
2023-11-15,328965
2023-11-14,328986
2023-11-13,334867
2023-11-12,340827
2023-11-11,339862
2023-11-10,344839
2023-11-09,335205
2023-11-08,336238
2023-11-07,345035
2023-11-06,448935
2023-11-05,326963
2023-11-04,342649
2023-11-03,345654
2023-11-02,332382
2023-11-01,343113
2023-10-31,337785
2023-10-30,337646
2023-10-29,341549
2023-10-28,338636
2023-10-27,348697
2023-10-26,346269
2023-10-25,346361
2023-10-24,318316
2023-10-23,356878
2023-10-22,339029
2023-10-21,344545
2023-10-20,350674
2023-10-19,351539
2023-10-18,342556
2023-10-17,349729
2023-10-16,360254
2023-10-15,350760
2023-10-14,350174
2023-10-13,347385
2023-10-12,348875
2023-10-11,345508
2023-10-10,346677
2023-10-09,352460
2023-10-08,336254
2023-10-07,352366
2023-10-06,347182
2023-10-05,369815
2023-10-04,364162
2023-10-03,371880
2023-10-02,370440
2023-10-01,379986
2023-09-30,389012
2023-09-29,415165
2023-09-28,423985
2023-09-27,431619
2023-09-26,448014
2023-09-25,433405
2023-09-24,446065
2023-09-23,454276
2023-09-22,456871
2023-09-21,457515
2023-09-20,442885
2023-09-19,444862
2023-09-18,463358
2023-09-17,491352
2023-09-16,419989
2023-09-15,423959
2023-09-14,448509
2023-09-13,388799
2023-09-12,382897
2023-09-11,385036
2023-09-10,384824
2023-09-09,391076
2023-09-08,405349
2023-09-07,419229
2023-09-06,416147
2023-09-05,414987
2023-09-04,409303
2023-09-03,423796
2023-09-02,429821
2023-09-01,440949
2023-08-31,436850
2023-08-30,435808
2023-08-29,406911
2023-08-28,404224
2023-08-27,418391
2023-08-26,397708
2023-08-25,399142
2023-08-24,399849
2023-08-23,392033
2023-08-22,412969
2023-08-21,421717
2023-08-20,435804
2023-08-19,453210
2023-08-18,418643
2023-08-17,412818
2023-08-16,404824
2023-08-15,421728
2023-08-14,406774
2023-08-13,463959
2023-08-12,433019
2023-08-11,444795
2023-08-10,460117
2023-08-09,400149
2023-08-08,348140
2023-08-07,339911
2023-08-06,351794
2023-08-05,360961
2023-08-04,358145
2023-08-03,368290
2023-08-02,399885
2023-08-01,383089
2023-07-31,413663
2023-07-30,404939
2023-07-29,426515
2023-07-28,428473
2023-07-27,439085
2023-07-26,422267
2023-07-25,447577
2023-07-24,446138
2023-07-23,433995
2023-07-22,453102
2023-07-21,431898
2023-07-20,435051
2023-07-19,446996
2023-07-18,437196
2023-07-17,440362
2023-07-16,449763
2023-07-15,433974
2023-07-14,429571
2023-07-13,414284
2023-07-12,416318
2023-07-11,386614
2023-07-10,394034
2023-07-09,401365
2023-07-08,406843
2023-07-07,395977
2023-07-06,385619
2023-07-05,398563
2023-07-04,357692
2023-07-03,370596
2023-07-02,362902
2023-07-01,380349
2023-06-30,401417
2023-06-29,411788
2023-06-28,425613
2023-06-27,366994
2023-06-26,442784
2023-06-25,331873
2023-06-24,333131
2023-06-23,348327
2023-06-22,367045
2023-06-21,438994
2023-06-20,333986
2023-06-19,346458
2023-06-18,332442
2023-06-17,323855
2023-06-16,330574
2023-06-15,370348
2023-06-14,326244
2023-06-13,323070
2023-06-12,333392
2023-06-11,331862
2023-06-10,334669
2023-06-09,331300
2023-06-08,338799
2023-06-07,342368
2023-06-06,343917
2023-06-05,355413
2023-06-04,374573
2023-06-03,380692
2023-06-02,422045
2023-06-01,416393
2023-05-31,433076
2023-05-30,441359
2023-05-29,428656
2023-05-28,350211
2023-05-27,329129
2023-05-26,335575
2023-05-25,338890
2023-05-24,337478
2023-05-23,344400
2023-05-22,361972
2023-05-21,376050
2023-05-20,396517
2023-05-19,440719
2023-05-18,373408
2023-05-17,388320
2023-05-16,350031
2023-05-15,387373
2023-05-14,384807
2023-05-13,424116
2023-05-12,373582
2023-05-11,390313
2023-05-10,403240
2023-05-09,417241
2023-05-08,406548
2023-05-07,429738
2023-05-06,427808
2023-05-05,408914
2023-05-04,294854
2023-05-03,306607
2023-05-02,310443
2023-05-01,331172
2023-04-30,342972
2023-04-29,384481
2023-04-28,317431
2023-04-27,317337
2023-04-26,348082
2023-04-25,331039
2023-04-24,312932
2023-04-23,312372
2023-04-22,310183
2023-04-21,320891
2023-04-20,321212
2023-04-19,320490
2023-04-18,329725
2023-04-17,380012
2023-04-16,341638
2023-04-15,388164
2023-04-14,348711
2023-04-13,339948
2023-04-12,334069
2023-04-11,357686
2023-04-10,369592
2023-04-09,361971
2023-04-08,405432
2023-04-07,432468
2023-04-06,425961
2023-04-05,395901
2023-04-04,306981
2023-04-03,323373
2023-04-02,310475
2023-04-01,305480
2023-03-31,305030
2023-03-30,305191
2023-03-29,305217
2023-03-28,296407
2023-03-27,335122
2023-03-26,316992
2023-03-25,357909
2023-03-24,388379
2023-03-23,410033
2023-03-22,326719
2023-03-21,316782
2023-03-20,328310
2023-03-19,315029
2023-03-18,315374
2023-03-17,312250
2023-03-16,310013
2023-03-15,294657
2023-03-14,318314
2023-03-13,344644
2023-03-12,302968
2023-03-11,320619
2023-03-10,308185
2023-03-09,310921
2023-03-08,325197
2023-03-07,304464
2023-03-06,322787
2023-03-05,309117
2023-03-04,314015
2023-03-03,311329
2023-03-02,307486
2023-03-01,299739
2023-02-28,295273
2023-02-27,299118
2023-02-26,304000
2023-02-25,304928
2023-02-24,308953
2023-02-23,303143
2023-02-22,296753
2023-02-21,292087
2023-02-20,310671
2023-02-19,306598
2023-02-18,344369
2023-02-17,301959
2023-02-16,297823
2023-02-15,292920
2023-02-14,301639
2023-02-13,303037
2023-02-12,317561
2023-02-11,299805
2023-02-10,358086
2023-02-09,296343
2023-02-08,289286
2023-02-07,275719
2023-02-06,278362
2023-02-05,283815
2023-02-04,288831
2023-02-03,291807
2023-02-02,301695
2023-02-01,303909
2023-01-31,316569
2023-01-30,323938
2023-01-29,322393
2023-01-28,320761
2023-01-27,314946
2023-01-26,306731
2023-01-25,296994
2023-01-24,304853
2023-01-23,304503
2023-01-22,309468
2023-01-21,320087
2023-01-20,317292
2023-01-19,317188
2023-01-18,317839
2023-01-17,333125
2023-01-16,327312
2023-01-15,330772
2023-01-14,335180
2023-01-13,340990
2023-01-12,302954
2023-01-11,296969
2023-01-10,291971
2023-01-09,305003
2023-01-08,307000
2023-01-07,304312
2023-01-06,306674
2023-01-05,313387
2023-01-04,298023
2023-01-03,297235
2023-01-02,298557
2023-01-01,308428
2022-12-31,299185
2022-12-30,302284
2022-12-29,295638
2022-12-28,295865
2022-12-27,303284
2022-12-26,298629
2022-12-25,312912
2022-12-24,318460
2022-12-23,312933
2022-12-22,334567
2022-12-21,357493
2022-12-20,301032
2022-12-19,305786
2022-12-18,295707
2022-12-17,294608
2022-12-16,301199
2022-12-15,279232
2022-12-14,289205
2022-12-13,296293
2022-12-12,304742
2022-12-11,304773
2022-12-10,304400
2022-12-09,305359
2022-12-08,299936
2022-12-07,305709
2022-12-06,297296
2022-12-05,300944
2022-12-04,298096
2022-12-03,311684
2022-12-02,341534
2022-12-01,338322
2022-11-30,374504
2022-11-29,434059
2022-11-28,324256
2022-11-27,290691
2022-11-26,299997
2022-11-25,310498
2022-11-24,314180
2022-11-23,352679
2022-11-22,322140
2022-11-21,302670
2022-11-20,306050
2022-11-19,311071
2022-11-18,296193
2022-11-17,303184
2022-11-16,298011
2022-11-15,292093
2022-11-14,310915
2022-11-13,409144
2022-11-12,305445
2022-11-11,289027
2022-11-10,286430
2022-11-09,296496
2022-11-08,297639
2022-11-07,299462
2022-11-06,290774
2022-11-05,308694
2022-11-04,307188
2022-11-03,302836
2022-11-02,312434
2022-11-01,300311
2022-10-31,309328
2022-10-30,289630
2022-10-29,294600
2022-10-28,300017
2022-10-27,279207
2022-10-26,296260
2022-10-25,289117
2022-10-24,306196
2022-10-23,309650
2022-10-22,293990
2022-10-21,285691
2022-10-20,292631
2022-10-19,303684
2022-10-18,282267
2022-10-17,312179
2022-10-16,312189
2022-10-15,316122
2022-10-14,303954
2022-10-13,299508
2022-10-12,326162
2022-10-11,319939
2022-10-10,321276
2022-10-09,304520
2022-10-08,312076
2022-10-07,319932
2022-10-06,325274
2022-10-05,363237
2022-10-04,372920
2022-10-03,353210
2022-10-02,310662
2022-10-01,318564
2022-09-30,329977
2022-09-29,325208
2022-09-28,335249
2022-09-27,332581
2022-09-26,341051
2022-09-25,320237
2022-09-24,322032
2022-09-23,338693
2022-09-22,337630
2022-09-21,355514
2022-09-20,400998
2022-09-19,447606
2022-09-18,357794
2022-09-17,352938
2022-09-16,336562
2022-09-15,345817
2022-09-14,344100
2022-09-13,367903
2022-09-12,379597
2022-09-11,382797
2022-09-10,410007
2022-09-09,466266
2022-09-08,473959
2022-09-07,468352
2022-09-06,488416
2022-09-05,475726
2022-09-04,488081
2022-09-03,479786
2022-09-02,462557
2022-09-01,425392
2022-08-31,412971
2022-08-30,350995
2022-08-29,348795
2022-08-28,340134
2022-08-27,355177
2022-08-26,379327
2022-08-25,407235
2022-08-24,425767
2022-08-23,371572
2022-08-22,395179
2022-08-21,398030
2022-08-20,374069
2022-08-19,364823
2022-08-18,388897
2022-08-17,452744
2022-08-16,389890
2022-08-15,356616
2022-08-14,388224
2022-08-13,366431
2022-08-12,338347
2022-08-11,321425
2022-08-10,353445
2022-08-09,322786
2022-08-08,337496
2022-08-07,338516
2022-08-06,361194
2022-08-05,367767
2022-08-04,355850
2022-08-03,428802
2022-08-02,369851
2022-08-01,366187
2022-07-31,378536
2022-07-30,360671
2022-07-29,367877
2022-07-28,331233
2022-07-27,361656
2022-07-26,411168
2022-07-25,412312
2022-07-24,414029
2022-07-23,356909
2022-07-22,366144
2022-07-21,405162
2022-07-20,402284
2022-07-19,465008
2022-07-18,406545
2022-07-17,335556
2022-07-16,345591
2022-07-15,338745
2022-07-14,347119
2022-07-13,359426
2022-07-12,342587
2022-07-11,350064
2022-07-10,323487
2022-07-09,329267
2022-07-08,335020
2022-07-07,315958
2022-07-06,319589
2022-07-05,340537
2022-07-04,352472
2022-07-03,344166
2022-07-02,356317
2022-07-01,360031
2022-06-30,381271
2022-06-29,397960
2022-06-28,388480
2022-06-27,373654
2022-06-26,348855
2022-06-25,349118
2022-06-24,384845
2022-06-23,335190
2022-06-22,334482
2022-06-21,330770
2022-06-20,329037
2022-06-19,329617
2022-06-18,335465
2022-06-17,324391
2022-06-16,321685
2022-06-15,356513
2022-06-14,388229
2022-06-13,327638
2022-06-12,315765
2022-06-11,311055
2022-06-10,326877
2022-06-09,330087
2022-06-08,325489
2022-06-07,317939
2022-06-06,436854
2022-06-05,331103
2022-06-04,309831
2022-06-03,302838
2022-06-02,309318
2022-06-01,305275
2022-05-31,306566
2022-05-30,308086
2022-05-29,285099
2022-05-28,286258
2022-05-27,284982
2022-05-26,302214
2022-05-25,320173
2022-05-24,311654
2022-05-23,318485
2022-05-22,313424
2022-05-21,314102
2022-05-20,303698
2022-05-19,302456
2022-05-18,314601
2022-05-17,305453
2022-05-16,314574
2022-05-15,307931
2022-05-14,318710
2022-05-13,314400
2022-05-12,306502
2022-05-11,293502
2022-05-10,305716
2022-05-09,323674
2022-05-08,309367
2022-05-07,323674
2022-05-06,324161
2022-05-05,316763
2022-05-04,338451
2022-05-03,363767
2022-05-02,348129
2022-05-01,323935
2022-04-30,334495
2022-04-29,362937
2022-04-28,360283
2022-04-27,379285
2022-04-26,396599
2022-04-25,315378
2022-04-24,309328
2022-04-23,306940
2022-04-22,314605
2022-04-21,313203
2022-04-20,305626
2022-04-19,302417
2022-04-18,305278
2022-04-17,314077
2022-04-16,296660
2022-04-15,308394
2022-04-14,296790
2022-04-13,297238
2022-04-12,318256
2022-04-11,326454
2022-04-10,313448
2022-04-09,307129
2022-04-08,309210
2022-04-07,309342
2022-04-06,304920
2022-04-05,310078
2022-04-04,332982
2022-04-03,313165
2022-04-02,311944
2022-04-01,321141
2022-03-31,327381
2022-03-30,335547
2022-03-29,342292
2022-03-28,331704
2022-03-27,401398
2022-03-26,362783
2022-03-25,306522
2022-03-24,307033
2022-03-23,316796
2022-03-22,313591
2022-03-21,293505
2022-03-20,347973
2022-03-19,355584
2022-03-18,310930
2022-03-17,285457
2022-03-16,270944
2022-03-15,300134
2022-03-14,295359
2022-03-13,272539
2022-03-12,281045
2022-03-11,284396
2022-03-10,295333
2022-03-09,273094
2022-03-08,277619
2022-03-07,289979
2022-03-06,281698
2022-03-05,280732
2022-03-04,296754
2022-03-03,294743
2022-03-02,301056
2022-03-01,277094
2022-02-28,288285
2022-02-27,284563
2022-02-26,288934
2022-02-25,284587
2022-02-24,288772
2022-02-23,300405
2022-02-22,286767
2022-02-21,296008
2022-02-20,276875
2022-02-19,274443
2022-02-18,291933
2022-02-17,279791
2022-02-16,284754
2022-02-15,289241
2022-02-14,285969
2022-02-13,279321
2022-02-12,273713
2022-02-11,279198
2022-02-10,276035
2022-02-09,281130
2022-02-08,275840
2022-02-07,282985
2022-02-06,269782
2022-02-05,270796
2022-02-04,277924
2022-02-03,282094
2022-02-02,275649
2022-02-01,282053
2022-01-31,278226
2022-01-30,291341
2022-01-29,291940
2022-01-28,294976
2022-01-27,289497
2022-01-26,293779
2022-01-25,285806
2022-01-24,300070
2022-01-23,300122
2022-01-22,311326
2022-01-21,298063
2022-01-20,289211
2022-01-19,301224
2022-01-18,300976
2022-01-17,286398
2022-01-16,313313
2022-01-15,312748
2022-01-14,311689
2022-01-13,310903
2022-01-12,310893
2022-01-11,295604
2022-01-10,284822
2022-01-09,285495
2022-01-08,290548
2022-01-07,285584
2022-01-06,292169
2022-01-05,290397
2022-01-04,277535
2022-01-03,290104
2022-01-02,289384
2022-01-01,279805
2021-12-31,294116
2021-12-30,289690
2021-12-29,294896
2021-12-28,287980
2021-12-27,278280
2021-12-26,274901
2021-12-25,290613
2021-12-24,279023
2021-12-23,285287
2021-12-22,287586
2021-12-21,294061
2021-12-20,284963
2021-12-19,282453
2021-12-18,286656
2021-12-17,297278
2021-12-16,314973
2021-12-15,288084
2021-12-14,284262
2021-12-13,289124
2021-12-12,300040
2021-12-11,301807
2021-12-10,297546
2021-12-09,294188
2021-12-08,295307
2021-12-07,302074
2021-12-06,298293
2021-12-05,313135
2021-12-04,315885
2021-12-03,316818
2021-12-02,318833
2021-12-01,352176
2021-11-30,390767
2021-11-29,295049
2021-11-28,298627
2021-11-27,299225
2021-11-26,294800
2021-11-25,299920
2021-11-24,306828
2021-11-23,293245
2021-11-22,307452
2021-11-21,306244
2021-11-20,301906
2021-11-19,302585
2021-11-18,307242
2021-11-17,309353
2021-11-16,303309
2021-11-15,322198
2021-11-14,309860
2021-11-13,313345
2021-11-12,316914
2021-11-11,326921
2021-11-10,321573
2021-11-09,355443
2021-11-08,383794
2021-11-07,306842
2021-11-06,316186
2021-11-05,312526
2021-11-04,317490
2021-11-03,316655
2021-11-02,308134
2021-11-01,326160
2021-10-31,322428
2021-10-30,318641
2021-10-29,305929
2021-10-28,315546
2021-10-27,323059
2021-10-26,314829
2021-10-25,314075
2021-10-24,324313
2021-10-23,321558
2021-10-22,346948
2021-10-21,343240
2021-10-20,320458
2021-10-19,330861
2021-10-18,346695
2021-10-17,366468
2021-10-16,395318
2021-10-15,325623
2021-10-14,334594
2021-10-13,334441
2021-10-12,365846
2021-10-11,336649
2021-10-10,325726
2021-10-09,355896
2021-10-08,350308
2021-10-07,361972
2021-10-06,349489
2021-10-05,350098
2021-10-04,371104
2021-10-03,347513
2021-10-02,369056
2021-10-01,390752
2021-09-30,419421
2021-09-29,364603
2021-09-28,353529
2021-09-27,401535
2021-09-26,377808
2021-09-25,401504
2021-09-24,399338
2021-09-23,405144
2021-09-22,401921
2021-09-21,432731
2021-09-20,419628
2021-09-19,431896
2021-09-18,413508
2021-09-17,407489
2021-09-16,365517
2021-09-15,400858
2021-09-14,405756
2021-09-13,383514
2021-09-12,385809
2021-09-11,403147
2021-09-10,402125
2021-09-09,419949
2021-09-08,442463
2021-09-07,454361
2021-09-06,444024
2021-09-05,424454
2021-09-04,490703
2021-09-03,489975
2021-09-02,503004
2021-09-01,453672
2021-08-31,434857
2021-08-30,440513
2021-08-29,442487
2021-08-28,504048
2021-08-27,464286
2021-08-26,472845
2021-08-25,486377
2021-08-24,489035
2021-08-23,464267
2021-08-22,484997
2021-08-21,410703
2021-08-20,375878
2021-08-19,398375
2021-08-18,445347
2021-08-17,424832
2021-08-16,342251
2021-08-15,390452
2021-08-14,439909
2021-08-13,383757
2021-08-12,346105
2021-08-11,382131
2021-08-10,361677
2021-08-09,402310
2021-08-08,404006
2021-08-07,332498
2021-08-06,331243
2021-08-05,329874
2021-08-04,330284
2021-08-03,323725
2021-08-02,346994
2021-08-01,347513
2021-07-31,361894
2021-07-30,339111
2021-07-29,339232
2021-07-28,375292
2021-07-27,356484
2021-07-26,359745
2021-07-25,369826
2021-07-24,396082
2021-07-23,393240
2021-07-22,388442
2021-07-21,389796
2021-07-20,419811
2021-07-19,425571
2021-07-18,444048
2021-07-17,498880
2021-07-16,427985
2021-07-15,443806
2021-07-14,456245
2021-07-13,479734
2021-07-12,413210
2021-07-11,403227
2021-07-10,428199
2021-07-09,437141
2021-07-08,434415
2021-07-07,400254
2021-07-06,462619
2021-07-05,423521
2021-07-04,443622
2021-07-03,370933
2021-07-02,333844
2021-07-01,321792
2021-06-30,340534
2021-06-29,338557
2021-06-28,341396
2021-06-27,346791
2021-06-26,349955
2021-06-25,353816
2021-06-24,352194
2021-06-23,373117
2021-06-22,381482
2021-06-21,404277
2021-06-20,409922
2021-06-19,432495
2021-06-18,458017
2021-06-17,471712
2021-06-16,476412
2021-06-15,440993
2021-06-14,456993
2021-06-13,458453
2021-06-12,488110
2021-06-11,411444
2021-06-10,323456
2021-06-09,329505
2021-06-08,327097
2021-06-07,339128
2021-06-06,332350
2021-06-05,354999
2021-06-04,413366
2021-06-03,363538
2021-06-02,319178
2021-06-01,320649
2021-05-31,336245
2021-05-30,339046
2021-05-29,364202
2021-05-28,349306
2021-05-27,335414
2021-05-26,328736
2021-05-25,341904
2021-05-24,349820
2021-05-23,368302
2021-05-22,389290
2021-05-21,415667
2021-05-20,383529
2021-05-19,400843
2021-05-18,393659
2021-05-17,399780
2021-05-16,425784
2021-05-15,362246
2021-05-14,332807
2021-05-13,315864
2021-05-12,321397
2021-05-11,306946
2021-05-10,324740
2021-05-09,323788
2021-05-08,322394
2021-05-07,352377
2021-05-06,388921
2021-05-05,439447
2021-05-04,315161
2021-05-03,318319
2021-05-02,313649
2021-05-01,416837
2021-04-30,313079
2021-04-29,313993
2021-04-28,316805
2021-04-27,305281
2021-04-26,316246
2021-04-25,323844
2021-04-24,329427
2021-04-23,321816
2021-04-22,316624
2021-04-21,327471
2021-04-20,328866
2021-04-19,339039
2021-04-18,354643
2021-04-17,374581
2021-04-16,374773
2021-04-15,411800
2021-04-14,448440
2021-04-13,466795
2021-04-12,363679
2021-04-11,330507
2021-04-10,336352
2021-04-09,345620
2021-04-08,350094
2021-04-07,381036
2021-04-06,409099
2021-04-05,424848
2021-04-04,431581
2021-04-03,333844
2021-04-02,315630
2021-04-01,327162
2021-03-31,349237
2021-03-30,381601
2021-03-29,402311
2021-03-28,397778
2021-03-27,315852
2021-03-26,311276
2021-03-25,304028
2021-03-24,307889
2021-03-23,301124
2021-03-22,317512
2021-03-21,337033
2021-03-20,350033
2021-03-19,315771
2021-03-18,299318
2021-03-17,322585
2021-03-16,346613
2021-03-15,327885
2021-03-14,338219
2021-03-13,381114
2021-03-12,364875
2021-03-11,297847
2021-03-10,295577
2021-03-09,308305
2021-03-08,314548
2021-03-07,317600
2021-03-06,328139
2021-03-05,399865
2021-03-04,346361
2021-03-03,358227
2021-03-02,394686
2021-03-01,285252
2021-02-28,292550
2021-02-27,293600
2021-02-26,327276
2021-02-25,275576
2021-02-24,286351
2021-02-23,297397
2021-02-22,298331
2021-02-21,280032
2021-02-20,288107
2021-02-19,292144
2021-02-18,295645
2021-02-17,302034
2021-02-16,308639
2021-02-15,361628
2021-02-14,352187
2021-02-13,267189
2021-02-12,306022
2021-02-11,327367
2021-02-10,340865
2021-02-09,306283
2021-02-08,313342
2021-02-07,338347
2021-02-06,334820
2021-02-05,296892
2021-02-04,299134
2021-02-03,311459
2021-02-02,314293
2021-02-01,330121
2021-01-31,280793
2021-01-30,293119
2021-01-29,300611
2021-01-28,315800
2021-01-27,296639
2021-01-26,338034
2021-01-25,317743
2021-01-24,326008
2021-01-23,303982
2021-01-22,330040
2021-01-21,324718
2021-01-20,314636
2021-01-19,312004
2021-01-18,305485
2021-01-17,297353
2021-01-16,319951
2021-01-15,296121
2021-01-14,308145
2021-01-13,313533
2021-01-12,295887
2021-01-11,289644
2021-01-10,280927
2021-01-09,275502
2021-01-08,277559
2021-01-07,271060
2021-01-06,279991
2021-01-05,287588
2021-01-04,297809
2021-01-03,279608
2021-01-02,278200
2021-01-01,278249
2020-12-31,285876
2020-12-30,307919
2020-12-29,286079
2020-12-28,279118
2020-12-27,269779
2020-12-26,276233
2020-12-25,287577
2020-12-24,277979
2020-12-23,278396
2020-12-22,264099
2020-12-21,266099
2020-12-20,268772
2020-12-19,279469
2020-12-18,267637
2020-12-17,284256
2020-12-16,294318
2020-12-15,280459
2020-12-14,282597
2020-12-13,301265
2020-12-12,292887
2020-12-11,290463
2020-12-10,287128
2020-12-09,289903
2020-12-08,286565
2020-12-07,300127
2020-12-06,288217
2020-12-05,293382
2020-12-04,283376
2020-12-03,294279
2020-12-02,292554
2020-12-01,293603
2020-11-30,295996
2020-11-29,303510
2020-11-28,299567
2020-11-27,308576
2020-11-26,299417
2020-11-25,311777
2020-11-24,304274
2020-11-23,317130
2020-11-22,319677
2020-11-21,321345
2020-11-20,360640
2020-11-19,436200
2020-11-18,310898
2020-11-17,293082
2020-11-16,305847
2020-11-15,308041
2020-11-14,310605
2020-11-13,291013
2020-11-12,310121
2020-11-11,293302
2020-11-10,284480
2020-11-09,285081
2020-11-08,308099
2020-11-07,317473
2020-11-06,305486
2020-11-05,303864
2020-11-04,303302
2020-11-03,303534
2020-11-02,326016
2020-11-01,308121
2020-10-31,315905
2020-10-30,316295
2020-10-29,311344
2020-10-28,308845
2020-10-27,309130
2020-10-26,313565
2020-10-25,307767
2020-10-24,311424
2020-10-23,335567
2020-10-22,385623
2020-10-21,299956
2020-10-20,298103
2020-10-19,309845
2020-10-18,298643
2020-10-17,307042
2020-10-16,302567
2020-10-15,307540
2020-10-14,313191
2020-10-13,321896
2020-10-12,323744
2020-10-11,313393
2020-10-10,297086
2020-10-09,310480
2020-10-08,306818
2020-10-07,307984
2020-10-06,301070
2020-10-05,307480
2020-10-04,322217
2020-10-03,318232
2020-10-02,312909
2020-10-01,310753
2020-09-30,340853
2020-09-29,338448
2020-09-28,331508
2020-09-27,334089
2020-09-26,340820
2020-09-25,337215
2020-09-24,345796
2020-09-23,344534
2020-09-22,345542
2020-09-21,356418
2020-09-20,361724
2020-09-19,372325
2020-09-18,440084
2020-09-17,400115
2020-09-16,370947
2020-09-15,403854
2020-09-14,424065
2020-09-13,434448
2020-09-12,475067
2020-09-11,456585
2020-09-10,475330
2020-09-09,492003
2020-09-08,506228
2020-09-07,488293
2020-09-06,504664
2020-09-05,464166
2020-09-04,442273
2020-09-03,450532
2020-09-02,395726
2020-09-01,360633
2020-08-31,378486
2020-08-30,373663
2020-08-29,419633
2020-08-28,446542
2020-08-27,440467
2020-08-26,376612
2020-08-25,390642
2020-08-24,407300
2020-08-23,412629
2020-08-22,399168
2020-08-21,397416
2020-08-20,408379
2020-08-19,425772
2020-08-18,442595
2020-08-17,447217
2020-08-16,458243
2020-08-15,447958
2020-08-14,457937
2020-08-13,476373
2020-08-12,472828
2020-08-11,476492
2020-08-10,491858
2020-08-09,495656
2020-08-08,507574
2020-08-07,420407
2020-08-06,439004
2020-08-05,417538
2020-08-04,426194
2020-08-03,430418
2020-08-02,457426
2020-08-01,469182
2020-07-31,471533
2020-07-30,494429
2020-07-29,480628
2020-07-28,493821
2020-07-27,459366
2020-07-26,442928
2020-07-25,478626
2020-07-24,495626
2020-07-23,487313
2020-07-22,465454
2020-07-21,462115
2020-07-20,447945
2020-07-19,414045
2020-07-18,432476
2020-07-17,451409
2020-07-16,458483
2020-07-15,466008
2020-07-14,472191
2020-07-13,468648
2020-07-12,461894
2020-07-11,476893
2020-07-10,470204
2020-07-09,348204
2020-07-08,358819
2020-07-07,378830
2020-07-06,370011
2020-07-05,373540
2020-07-04,431952
2020-07-03,414895
2020-07-02,443059
2020-07-01,489595
2020-06-30,484605
2020-06-29,388868
2020-06-28,360622
2020-06-27,401512
2020-06-26,453302
2020-06-25,500955
2020-06-24,341689
2020-06-23,327488
2020-06-22,336690
2020-06-21,348212
2020-06-20,360201
2020-06-19,455841
2020-06-18,458946
2020-06-17,322386
2020-06-16,330461
2020-06-15,380360
2020-06-14,383000
2020-06-13,377282
2020-06-12,317078
2020-06-11,373877
2020-06-10,302736
2020-06-09,291224
2020-06-08,300725
2020-06-07,302320
2020-06-06,300204
2020-06-05,313872
2020-06-04,308458
2020-06-03,292313
2020-06-02,298513
2020-06-01,311956
2020-05-31,310127
2020-05-30,297803
2020-05-29,304027
2020-05-28,302799
2020-05-27,315715
2020-05-26,306906
2020-05-25,311323
2020-05-24,319943
2020-05-23,315015
2020-05-22,309310
2020-05-21,306584
2020-05-20,319539
2020-05-19,355602
2020-05-18,351273
2020-05-17,320965
2020-05-16,355682
2020-05-15,390228
2020-05-14,313957
2020-05-13,323624
2020-05-12,341763
2020-05-11,384243
2020-05-10,468281
2020-05-09,419219
2020-05-08,317824
2020-05-07,315926
2020-05-06,317894
2020-05-05,313004
2020-05-04,378998
2020-05-03,398251
2020-05-02,316617
2020-05-01,324421
2020-04-30,310601
2020-04-29,312752
2020-04-28,310166
2020-04-27,313267
2020-04-26,319046
2020-04-25,327559
2020-04-24,323209
2020-04-23,336217
2020-04-22,345481
2020-04-21,385982
2020-04-20,468439
2020-04-19,371434
2020-04-18,404273
2020-04-17,351962
2020-04-16,298839
2020-04-15,299441
2020-04-14,298489
2020-04-13,331934
2020-04-12,371994
2020-04-11,297792
2020-04-10,290307
2020-04-09,295598
2020-04-08,302452
2020-04-07,301329
2020-04-06,306410
2020-04-05,308708
2020-04-04,310753
2020-04-03,307846
2020-04-02,306586
2020-04-01,320814
2020-03-31,308819
2020-03-30,319015
2020-03-29,321980
2020-03-28,339679
2020-03-27,385102
2020-03-26,297900
2020-03-25,292729
2020-03-24,293851
2020-03-23,295453
2020-03-22,304214
2020-03-21,308707
2020-03-20,301511
2020-03-19,301476
2020-03-18,306634
2020-03-17,307505
2020-03-16,314578
2020-03-15,322351
2020-03-14,328819
2020-03-13,328608
2020-03-12,341923
2020-03-11,374721
2020-03-10,440689
2020-03-09,315585
2020-03-08,350764
2020-03-07,326679
2020-03-06,316020
2020-03-05,312005
2020-03-04,319837
2020-03-03,320928
2020-03-02,339859
2020-03-01,347826
2020-02-29,361266
2020-02-28,372385
2020-02-27,457133
2020-02-26,423669
2020-02-25,394208
2020-02-24,313312
2020-02-23,316929
2020-02-22,363980
2020-02-21,320957
2020-02-20,318718
2020-02-19,314466
2020-02-18,315912
2020-02-17,327438
2020-02-16,391712
2020-02-15,349350
2020-02-14,364522
2020-02-13,401951
2020-02-12,355704
2020-02-11,314923
2020-02-10,309561
2020-02-09,320352
2020-02-08,311523
2020-02-07,320120
2020-02-06,312620
2020-02-05,315636
2020-02-04,323358
2020-02-03,336256
2020-02-02,342684
2020-02-01,351212
2020-01-31,369172
2020-01-30,384190
2020-01-29,397477
2020-01-28,400268
2020-01-27,395642
2020-01-26,290600
2020-01-25,313062
2020-01-24,331074
2020-01-23,353675
2020-01-22,309404
2020-01-21,305132
2020-01-20,303572
2020-01-19,307107
2020-01-18,326462
2020-01-17,298653
2020-01-16,298366
2020-01-15,307143
2020-01-14,295727
2020-01-13,303721
2020-01-12,321826
2020-01-11,322580
2020-01-10,327234
2020-01-09,350644
2020-01-08,421677
2020-01-07,410779
2020-01-06,331302
2020-01-05,281497
2020-01-04,308747
2020-01-03,288039
2020-01-02,296944
2020-01-01,284464
2019-12-31,294050
2019-12-30,344336
2019-12-29,278067
2019-12-28,292105
2019-12-27,294287
2019-12-26,294880
2019-12-25,288188
2019-12-24,285811
2019-12-23,297173
2019-12-22,297578
2019-12-21,305833
2019-12-20,295599
2019-12-19,298050
2019-12-18,300235
2019-12-17,289173
2019-12-16,302507
2019-12-15,308251
2019-12-14,312468
2019-12-13,301500
2019-12-12,300710
2019-12-11,311198
2019-12-10,304301
2019-12-09,306789
2019-12-08,314799
2019-12-07,315260
2019-12-06,306549
2019-12-05,316556
2019-12-04,320971
2019-12-03,327428
2019-12-02,385106
2019-12-01,330865
2019-11-30,307091
2019-11-29,302293
2019-11-28,301826
2019-11-27,297283
2019-11-26,294780
2019-11-25,308265
2019-11-24,307747
2019-11-23,318344
2019-11-22,311567
2019-11-21,310152
2019-11-20,311447
2019-11-19,313348
2019-11-18,415457
2019-11-17,305902
2019-11-16,309098
2019-11-15,305203
2019-11-14,307997
2019-11-13,304598
2019-11-12,308673
2019-11-11,348602
2019-11-10,314651
2019-11-09,319744
2019-11-08,310714
2019-11-07,318080
2019-11-06,329417
2019-11-05,323428
2019-11-04,323605
2019-11-03,336343
2019-11-02,323878
2019-11-01,321904
2019-10-31,320821
2019-10-30,324261
2019-10-29,320659
2019-10-28,338667
2019-10-27,335038
2019-10-26,338823
2019-10-25,341143
2019-10-24,342541
2019-10-23,339694
2019-10-22,347209
2019-10-21,358302
2019-10-20,378923
2019-10-19,392590
2019-10-18,422182
2019-10-17,339914
2019-10-16,338508
2019-10-15,336978
2019-10-14,351868
2019-10-13,358724
2019-10-12,362913
2019-10-11,362470
2019-10-10,368096
2019-10-09,390422
2019-10-08,399052
2019-10-07,418006
2019-10-06,438641
2019-10-05,484069
2019-10-04,499659
2019-10-03,506155
2019-10-02,470749
2019-10-01,458334
2019-09-30,453143
2019-09-29,472707
2019-09-28,486471
2019-09-27,389926
2019-09-26,415110
2019-09-25,437852
2019-09-24,481491
2019-09-23,480375
2019-09-22,500010
2019-09-21,435181
2019-09-20,325022
2019-09-19,336542
2019-09-18,326695
2019-09-17,326956
2019-09-16,364116
2019-09-15,355732
2019-09-14,345054
2019-09-13,348076
2019-09-12,418067
2019-09-11,443568
2019-09-10,375483
2019-09-09,403788
2019-09-08,407168
2019-09-07,461047
2019-09-06,392735
2019-09-05,415438
2019-09-04,394070
2019-09-03,393693
2019-09-02,399345
2019-09-01,344867
2019-08-31,349481
2019-08-30,360995
2019-08-29,369965
2019-08-28,373192
2019-08-27,411822
2019-08-26,370476
2019-08-25,374925
2019-08-24,426741
2019-08-23,432465
2019-08-22,453732
2019-08-21,343725
2019-08-20,332068
2019-08-19,339838
2019-08-18,363335
2019-08-17,356409
2019-08-16,377506
2019-08-15,411397
2019-08-14,363759
2019-08-13,357351
2019-08-12,373638
2019-08-11,361432
2019-08-10,391834
2019-08-09,411317
2019-08-08,423820
2019-08-07,437722
2019-08-06,378532
2019-08-05,342092
2019-08-04,343184
2019-08-03,339564
2019-08-02,358915
2019-08-01,359143
2019-07-31,415501
2019-07-30,384662
2019-07-29,410459
2019-07-28,417586
2019-07-27,428145
2019-07-26,422711
2019-07-25,420982
2019-07-24,459449
2019-07-23,448118
2019-07-22,451165
2019-07-21,495017
2019-07-20,466928
2019-07-19,420013
2019-07-18,432541
2019-07-17,333350
2019-07-16,335173
2019-07-15,342608
2019-07-14,365984
2019-07-13,372961
2019-07-12,409901
2019-07-11,486941
2019-07-10,384897
2019-07-09,320989
2019-07-08,333875
2019-07-07,341720
2019-07-06,360512
2019-07-05,368285
2019-07-04,386388
2019-07-03,403694
2019-07-02,449189
2019-07-01,460650
2019-06-30,477590
2019-06-29,445071
2019-06-28,497494
2019-06-27,515968
2019-06-26,403208
2019-06-25,294760
2019-06-24,290644
2019-06-23,296703
2019-06-22,300113
2019-06-21,299507
2019-06-20,305872
2019-06-19,304778
2019-06-18,300378
2019-06-17,312494
2019-06-16,334383
2019-06-15,360197
2019-06-14,344578
2019-06-13,309701
2019-06-12,309044
2019-06-11,309373
2019-06-10,321467
2019-06-09,336986
2019-06-08,392297
2019-06-07,464155
2019-06-06,319758
2019-06-05,304276
2019-06-04,307232
2019-06-03,301322
2019-06-02,309019
2019-06-01,315346
2019-05-31,316566
2019-05-30,324518
2019-05-29,351064
2019-05-28,434213
2019-05-27,357107
2019-05-26,319094
2019-05-25,305334
2019-05-24,307952
2019-05-23,311686
2019-05-22,301699
2019-05-21,315123
2019-05-20,408103
2019-05-19,365144
2019-05-18,340240
2019-05-17,297952
2019-05-16,299001
2019-05-15,299943
2019-05-14,295863
2019-05-13,296708
2019-05-12,295691
2019-05-11,301152
2019-05-10,293163
2019-05-09,292998
2019-05-08,290859
2019-05-07,299335
2019-05-06,307249
2019-05-05,297011
2019-05-04,307670
2019-05-03,316843
2019-05-02,330264
2019-05-01,349184
2019-04-30,380472
2019-04-29,336966
2019-04-28,302100
2019-04-27,329537
2019-04-26,341892
2019-04-25,321179
2019-04-24,397960
2019-04-23,302855
2019-04-22,297401
2019-04-21,304343
2019-04-20,305550
2019-04-19,295917
2019-04-18,300333
2019-04-17,295060
2019-04-16,307643
2019-04-15,302434
2019-04-14,303614
2019-04-13,305735
2019-04-12,316751
2019-04-11,309890
2019-04-10,385401
2019-04-09,295038
2019-04-08,306488
2019-04-07,311065
2019-04-06,301213
2019-04-05,297231
2019-04-04,299166
2019-04-03,297651
2019-04-02,294889
2019-04-01,294932
2019-03-31,305071
2019-03-30,314148
2019-03-29,300488
2019-03-28,301195
2019-03-27,303131
2019-03-26,303876
2019-03-25,335876
2019-03-24,321307
2019-03-23,334581
2019-03-22,392152
2019-03-21,427762
2019-03-20,299249
2019-03-19,300548
2019-03-18,289001
2019-03-17,304398
2019-03-16,320075
2019-03-15,313544
2019-03-14,294314
2019-03-13,299933
2019-03-12,310465
2019-03-11,370384
2019-03-10,380001
2019-03-09,290016
2019-03-08,289537
2019-03-07,273359
2019-03-06,290964
2019-03-05,279443
2019-03-04,298531
2019-03-03,298271
2019-03-02,289974
2019-03-01,289418
2019-02-28,291665
2019-02-27,284877
2019-02-26,288944
2019-02-25,293540
2019-02-24,303287
2019-02-23,306057
2019-02-22,300428
2019-02-21,303630
2019-02-20,342516
2019-02-19,372004
2019-02-18,284419
2019-02-17,294284
2019-02-16,289454
2019-02-15,280785
2019-02-14,280624
2019-02-13,280691
2019-02-12,277333
2019-02-11,281284
2019-02-10,288589
2019-02-09,289388
2019-02-08,282366
2019-02-07,296653
2019-02-06,294828
2019-02-05,287855
2019-02-04,356353
2019-02-03,354331
2019-02-02,308535
2019-02-01,314308
2019-01-31,326887
2019-01-30,285487
2019-01-29,282848
2019-01-28,293958
2019-01-27,295723
2019-01-26,290658
2019-01-25,282127
2019-01-24,286124
2019-01-23,281856
2019-01-22,293176
2019-01-21,288226
2019-01-20,295296
2019-01-19,297137
2019-01-18,281640
2019-01-17,282960
2019-01-16,280844
2019-01-15,280656
2019-01-14,286511
2019-01-13,293532
2019-01-12,296730
2019-01-11,285320
2019-01-10,288017
2019-01-09,293620
2019-01-08,281905
2019-01-07,286842
2019-01-06,297101
2019-01-05,290295
2019-01-04,287082
2019-01-03,286733
2019-01-02,282630
2019-01-01,283523
2018-12-31,294764
2018-12-30,297245
2018-12-29,296705
2018-12-28,284951
2018-12-27,288780
2018-12-26,285876
2018-12-25,289211
2018-12-24,284053
2018-12-23,310452
2018-12-22,303653
2018-12-21,293062
2018-12-20,281915
2018-12-19,290542
2018-12-18,291626
2018-12-17,295491
2018-12-16,311873
2018-12-15,300081
2018-12-14,301888
2018-12-13,283224
2018-12-12,302142
2018-12-11,317644
2018-12-10,315897
2018-12-09,317214
2018-12-08,327520
2018-12-07,320410
2018-12-06,344002
2018-12-05,366155
2018-12-04,345279
2018-12-03,351614
2018-12-02,314347
2018-12-01,307050
2018-11-30,296844
2018-11-29,306572
2018-11-28,307298
2018-11-27,304617
2018-11-26,308024
2018-11-25,313094
2018-11-24,311082
2018-11-23,312104
2018-11-22,315510
2018-11-21,308276
2018-11-20,308131
2018-11-19,322005
2018-11-18,313776
2018-11-17,324445
2018-11-16,325652
2018-11-15,328872
2018-11-14,336142
2018-11-13,340211
2018-11-12,378286
2018-11-11,373204
2018-11-10,409242
2018-11-09,443813
2018-11-08,370493
2018-11-07,301695
2018-11-06,307884
2018-11-05,307932
2018-11-04,308876
2018-11-03,310713
2018-11-02,305095
2018-11-01,302211
2018-10-31,302079
2018-10-30,303574
2018-10-29,314392
2018-10-28,313675
2018-10-27,329168
2018-10-26,340331
2018-10-25,315867
2018-10-24,317304
2018-10-23,314263
2018-10-22,321872
2018-10-21,327363
2018-10-20,326327
2018-10-19,320789
2018-10-18,324875
2018-10-17,345532
2018-10-16,339395
2018-10-15,349197
2018-10-14,355396
2018-10-13,352553
2018-10-12,358641
2018-10-11,378138
2018-10-10,402300
2018-10-09,428676
2018-10-08,442381
2018-10-07,439720
2018-10-06,434139
2018-10-05,452500
2018-10-04,343432
2018-10-03,349248
2018-10-02,365804
2018-10-01,426340
2018-09-30,464262
2018-09-29,393448
2018-09-28,330285
2018-09-27,341377
2018-09-26,351683
2018-09-25,345926
2018-09-24,362200
2018-09-23,420999
2018-09-22,446864
2018-09-21,434604
2018-09-20,432493
2018-09-19,353984
2018-09-18,371630
2018-09-17,381040
2018-09-16,428353
2018-09-15,470054
2018-09-14,453197
2018-09-13,378408
2018-09-12,354631
2018-09-11,349560
2018-09-10,353845
2018-09-09,364516
2018-09-08,396333
2018-09-07,425423
2018-09-06,383171
2018-09-05,463136
2018-09-04,455298
2018-09-03,451049
2018-09-02,464403
2018-09-01,515113
2018-08-31,393846
2018-08-30,344108
2018-08-29,352126
2018-08-28,382951
2018-08-27,442488
2018-08-26,411078
2018-08-25,334310
2018-08-24,451202
2018-08-23,347031
2018-08-22,311435
2018-08-21,306745
2018-08-20,302922
2018-08-19,304383
2018-08-18,300566
2018-08-17,325158
2018-08-16,409750
2018-08-15,351235
2018-08-14,316126
2018-08-13,322411
2018-08-12,324717
2018-08-11,320680
2018-08-10,313350
2018-08-09,313207
2018-08-08,315083
2018-08-07,311675
2018-08-06,327827
2018-08-05,320443
2018-08-04,318182
2018-08-03,315807
2018-08-02,307083
2018-08-01,317775
2018-07-31,320364
2018-07-30,341209
2018-07-29,329485
2018-07-28,345781
2018-07-27,337585
2018-07-26,333670
2018-07-25,330427
2018-07-24,338321
2018-07-23,333459
2018-07-22,341625
2018-07-21,349324
2018-07-20,350469
2018-07-19,341266
2018-07-18,347233
2018-07-17,346284
2018-07-16,359533
2018-07-15,370662
2018-07-14,382007
2018-07-13,392208
2018-07-12,404630
2018-07-11,359982
2018-07-10,398955
2018-07-09,408159
2018-07-08,405850
2018-07-07,444014
2018-07-06,464932
2018-07-05,489845
2018-07-04,493383
2018-07-03,479632
2018-07-02,414946
2018-07-01,419152
2018-06-30,403794
2018-06-29,416073
2018-06-28,402485
2018-06-27,348039
2018-06-26,318372
2018-06-25,317705
2018-06-24,318727
2018-06-23,311528
2018-06-22,305264
2018-06-21,313205
2018-06-20,361977
2018-06-19,327342
2018-06-18,319533
2018-06-17,316011
2018-06-16,312259
2018-06-15,319915
2018-06-14,319149
2018-06-13,321254
2018-06-12,353847
2018-06-11,398664
2018-06-10,317500
2018-06-09,314931
2018-06-08,319770
2018-06-07,316967
2018-06-06,323899
2018-06-05,348332
2018-06-04,323065
2018-06-03,332425
2018-06-02,331609
2018-06-01,324432
2018-05-31,324634
2018-05-30,331251
2018-05-29,325231
2018-05-28,333636
2018-05-27,344628
2018-05-26,368864
2018-05-25,376244
2018-05-24,390122
2018-05-23,426421
2018-05-22,316864
2018-05-21,316066
2018-05-20,334269
2018-05-19,356253
2018-05-18,405817
2018-05-17,368232
2018-05-16,347462
2018-05-15,380922
2018-05-14,375200
2018-05-13,434781
2018-05-12,349772
2018-05-11,354204
2018-05-10,388120
2018-05-09,405980
2018-05-08,442277
2018-05-07,456272
2018-05-06,373591
2018-05-05,312482
2018-05-04,324418
2018-05-03,344020
2018-05-02,442762
2018-05-01,336170
2018-04-30,334320
2018-04-29,345222
2018-04-28,359412
2018-04-27,360214
2018-04-26,412517
2018-04-25,456022
2018-04-24,490989
2018-04-23,399729
2018-04-22,315920
2018-04-21,321543
2018-04-20,319765
2018-04-19,318660
2018-04-18,322593
2018-04-17,328430
2018-04-16,371157
2018-04-15,409220
2018-04-14,364772
2018-04-13,313891
2018-04-12,314542
2018-04-11,320632
2018-04-10,313070
2018-04-09,326022
2018-04-08,341354
2018-04-07,379999
2018-04-06,376835
2018-04-05,311412
2018-04-04,319578
2018-04-03,310759
2018-04-02,321136
2018-04-01,341053
2018-03-31,330709
2018-03-30,321163
2018-03-29,333967
2018-03-28,344393
2018-03-27,342795
2018-03-26,360942
2018-03-25,378122
2018-03-24,397616
2018-03-23,429702
2018-03-22,443893
2018-03-21,480785
2018-03-20,454655
2018-03-19,458300
2018-03-18,357548
2018-03-17,385395
2018-03-16,453710
2018-03-15,383959
2018-03-14,324429
2018-03-13,321039
2018-03-12,338416
2018-03-11,338390
2018-03-10,363579
2018-03-09,405499
2018-03-08,436327
2018-03-07,328993
2018-03-06,370723
2018-03-05,435804
2018-03-04,312979
2018-03-03,304499
2018-03-02,304361
2018-03-01,371289
2018-02-28,315548
2018-02-27,283415
2018-02-26,296779
2018-02-25,289489
2018-02-24,292340
2018-02-23,279735
2018-02-22,278464
2018-02-21,279925
2018-02-20,282218
2018-02-19,297986
2018-02-18,307410
2018-02-17,285887
2018-02-16,290220
2018-02-15,314330
2018-02-14,307862
2018-02-13,292486
2018-02-12,298978
2018-02-11,310345
2018-02-10,319046
2018-02-09,301927
2018-02-08,290493
2018-02-07,283732
2018-02-06,281812
2018-02-05,286232
2018-02-04,300977
2018-02-03,313781
2018-02-02,310419
2018-02-01,302609
2018-01-31,316073
2018-01-30,291313
2018-01-29,306620
2018-01-28,322341
2018-01-27,304562
2018-01-26,305424
2018-01-25,289607
2018-01-24,294826
2018-01-23,297685
2018-01-22,285945
2018-01-21,296930
2018-01-20,301670
2018-01-19,310949
2018-01-18,328314
2018-01-17,421839
2018-01-16,352612
2018-01-15,313360
2018-01-14,311784
2018-01-13,293985
2018-01-12,285295
2018-01-11,283244
2018-01-10,271179
2018-01-09,275915
2018-01-08,314287
2018-01-07,279991
2018-01-06,287659
2018-01-05,276664
2018-01-04,280737
2018-01-03,280829
2018-01-02,279317
2018-01-01,284075
2017-12-31,287767
2017-12-30,298036
2017-12-29,291626
2017-12-28,283089
2017-12-27,278982
2017-12-26,282651
2017-12-25,299433
2017-12-24,318226
2017-12-23,298607
2017-12-22,290789
2017-12-21,290558
2017-12-20,281112
2017-12-19,282234
2017-12-18,296818
2017-12-17,309440
2017-12-16,308557
2017-12-15,294198
2017-12-14,300892
2017-12-13,288006
2017-12-12,307138
2017-12-11,297042
2017-12-10,310048
2017-12-09,298000
2017-12-08,301303
2017-12-07,303505
2017-12-06,301203
2017-12-05,284855
2017-12-04,293742
2017-12-03,309038
2017-12-02,307544
2017-12-01,304104
2017-11-30,298640
2017-11-29,296580
2017-11-28,294765
2017-11-27,292658
2017-11-26,300048
2017-11-25,305136
2017-11-24,298909
2017-11-23,311623
2017-11-22,298792
2017-11-21,302175
2017-11-20,307718
2017-11-19,302824
2017-11-18,309522
2017-11-17,309524
2017-11-16,305425
2017-11-15,303566
2017-11-14,305551
2017-11-13,308002
2017-11-12,306315
2017-11-11,304666
2017-11-10,300105
2017-11-09,308331
2017-11-08,310731
2017-11-07,328709
2017-11-06,293520
2017-11-05,309753
2017-11-04,312913
2017-11-03,307754
2017-11-02,310899
2017-11-01,310473
2017-10-31,307645
2017-10-30,312078
2017-10-29,319113
2017-10-28,312999
2017-10-27,309920
2017-10-26,322825
2017-10-25,320859
2017-10-24,343654
2017-10-23,310313
2017-10-22,320012
2017-10-21,321880
2017-10-20,318268
2017-10-19,326189
2017-10-18,311137
2017-10-17,323329
2017-10-16,331642
2017-10-15,407475
2017-10-14,320642
2017-10-13,373300
2017-10-12,362837
2017-10-11,325018
2017-10-10,331261
2017-10-09,352597
2017-10-08,358509
2017-10-07,362031
2017-10-06,405853
2017-10-05,314024
2017-10-04,343284
2017-10-03,446417
2017-10-02,479110
2017-10-01,330044
2017-09-30,320249
2017-09-29,312872
2017-09-28,324363
2017-09-27,405594
2017-09-26,320333
2017-09-25,322009
2017-09-24,328943
2017-09-23,328594
2017-09-22,319735
2017-09-21,321915
2017-09-20,320591
2017-09-19,325785
2017-09-18,360358
2017-09-17,403951
2017-09-16,331543
2017-09-15,335531
2017-09-14,349796
2017-09-13,401176
2017-09-12,377937
2017-09-11,395892
2017-09-10,328288
2017-09-09,331184
2017-09-08,341282
2017-09-07,460520
2017-09-06,326151
2017-09-05,303782
2017-09-04,301641
2017-09-03,308664
2017-09-02,315686
2017-09-01,311739
2017-08-31,313162
2017-08-30,313237
2017-08-29,299538
2017-08-28,308426
2017-08-27,310718
2017-08-26,317552
2017-08-25,331693
2017-08-24,345302
2017-08-23,371667
2017-08-22,350129
2017-08-21,343098
2017-08-20,324959
2017-08-19,317997
2017-08-18,321876
2017-08-17,340069
2017-08-16,345305
2017-08-15,417017
2017-08-14,365961
2017-08-13,309192
2017-08-12,315134
2017-08-11,341051
2017-08-10,339507
2017-08-09,372479
2017-08-08,324652
2017-08-07,328652
2017-08-06,322456
2017-08-05,317941
2017-08-04,315717
2017-08-03,311778
2017-08-02,304136
2017-08-01,326647
2017-07-31,330502
2017-07-30,321773
2017-07-29,324392
2017-07-28,316908
2017-07-27,320308
2017-07-26,345395
2017-07-25,347504
2017-07-24,342182
2017-07-23,336024
2017-07-22,338012
2017-07-21,335994
2017-07-20,332178
2017-07-19,333991
2017-07-18,396286
2017-07-17,330075
2017-07-16,338174
2017-07-15,338630
2017-07-14,340367
2017-07-13,339349
2017-07-12,338608
2017-07-11,376029
2017-07-10,331830
2017-07-09,356622
2017-07-08,342880
2017-07-07,338451
2017-07-06,355483
2017-07-05,443137
2017-07-04,427683
2017-07-03,326740
2017-07-02,366298
2017-07-01,328995
2017-06-30,379901
2017-06-29,322930
2017-06-28,315113
2017-06-27,308379
2017-06-26,318299
2017-06-25,325609
2017-06-24,323758
2017-06-23,321710
2017-06-22,322224
2017-06-21,356194
2017-06-20,328285
2017-06-19,312487
2017-06-18,316245
2017-06-17,314258
2017-06-16,311776
2017-06-15,310229
2017-06-14,304290
2017-06-13,302166
2017-06-12,303483
2017-06-11,319014
2017-06-10,313707
2017-06-09,312418
2017-06-08,324295
2017-06-07,407609
2017-06-06,295991
2017-06-05,300823
2017-06-04,309660
2017-06-03,313682
2017-06-02,312134
2017-06-01,320891
2017-05-31,310315
2017-05-30,310781
2017-05-29,315320
2017-05-28,314569
2017-05-27,317594
2017-05-26,314565
2017-05-25,322231
2017-05-24,315323
2017-05-23,313399
2017-05-22,321015
2017-05-21,322971
2017-05-20,323618
2017-05-19,319909
2017-05-18,317963
2017-05-17,317736
2017-05-16,317234
2017-05-15,325243
2017-05-14,333042
2017-05-13,362588
2017-05-12,368883
2017-05-11,330835
2017-05-10,360050
2017-05-09,400838
2017-05-08,317330
2017-05-07,329873
2017-05-06,332784
2017-05-05,343049
2017-05-04,318274
2017-05-03,309543
2017-05-02,318264
2017-05-01,333824
2017-04-30,337323
2017-04-29,341086
2017-04-28,333210
2017-04-27,342799
2017-04-26,373191
2017-04-25,330688
2017-04-24,339877
2017-04-23,354919
2017-04-22,359199
2017-04-21,360400
2017-04-20,368391
2017-04-19,408902
2017-04-18,458585
2017-04-17,411299
2017-04-16,356509
2017-04-15,354579
2017-04-14,348594
2017-04-13,360572
2017-04-12,381105
2017-04-11,434250
2017-04-10,355490
2017-04-09,376937
2017-04-08,409056
2017-04-07,463108
2017-04-06,483925
2017-04-05,386849
2017-04-04,315385
2017-04-03,324113
2017-04-02,349399
2017-04-01,354066
2017-03-31,306911
2017-03-30,317609
2017-03-29,315480
2017-03-28,313387
2017-03-27,333177
2017-03-26,357668
2017-03-25,320607
2017-03-24,309105
2017-03-23,312882
2017-03-22,313837
2017-03-21,385948
2017-03-20,321800
2017-03-19,321559
2017-03-18,318351
2017-03-17,309492
2017-03-16,313813
2017-03-15,300836
2017-03-14,306702
2017-03-13,314277
2017-03-12,318906
2017-03-11,320276
2017-03-10,307195
2017-03-09,310408
2017-03-08,300026
2017-03-07,302491
2017-03-06,314686
2017-03-05,324696
2017-03-04,322476
2017-03-03,314607
2017-03-02,375779
2017-03-01,306750
2017-02-28,306772
2017-02-27,309762
2017-02-26,322566
2017-02-25,324188
2017-02-24,321714
2017-02-23,380690
2017-02-22,340673
2017-02-21,300070
2017-02-20,311946
2017-02-19,316359
2017-02-18,316813
2017-02-17,380085
2017-02-16,310902
2017-02-15,304167
2017-02-14,305871
2017-02-13,310424
2017-02-12,321753
2017-02-11,319298
2017-02-10,313198
2017-02-09,310177
2017-02-08,310841
2017-02-07,306191
2017-02-06,315037
2017-02-05,376972
2017-02-04,320635
2017-02-03,310600
2017-02-02,311518
2017-02-01,311526
2017-01-31,317563
2017-01-30,347191
2017-01-29,336275
2017-01-28,310204
2017-01-27,360007
2017-01-26,340990
2017-01-25,325509
2017-01-24,316085
2017-01-23,316298
2017-01-22,329861
2017-01-21,325457
2017-01-20,322156
2017-01-19,321323
2017-01-18,325323
2017-01-17,321064
2017-01-16,326728
2017-01-15,330963
2017-01-14,330997
2017-01-13,321261
2017-01-12,329338
2017-01-11,322667
2017-01-10,325884
2017-01-09,338428
2017-01-08,393895
2017-01-07,339075
2017-01-06,336468
2017-01-05,340485
2017-01-04,342077
2017-01-03,343510
2017-01-02,351216
2017-01-01,358303
2016-12-31,374825
2016-12-30,369242
2016-12-29,389941
2016-12-28,422218
2016-12-27,464877
2016-12-26,398051
2016-12-25,395504
2016-12-24,421875
2016-12-23,460214
2016-12-22,459396
2016-12-21,342918
2016-12-20,383333
2016-12-19,363876
2016-12-18,325985
2016-12-17,321733
2016-12-16,310762
2016-12-15,317306
2016-12-14,324365
2016-12-13,319840
2016-12-12,314190
2016-12-11,327635
2016-12-10,326578
2016-12-09,323682
2016-12-08,317734
2016-12-07,319188
2016-12-06,312496
2016-12-05,325973
2016-12-04,333107
2016-12-03,336181
2016-12-02,327502
2016-12-01,335865
2016-11-30,378670
2016-11-29,322550
2016-11-28,331332
2016-11-27,335661
2016-11-26,334250
2016-11-25,327437
2016-11-24,326432
2016-11-23,329244
2016-11-22,336747
2016-11-21,348033
2016-11-20,365587
2016-11-19,442705
2016-11-18,351766
2016-11-17,332847
2016-11-16,342513
2016-11-15,346183
2016-11-14,403971
2016-11-13,339500
2016-11-12,346536
2016-11-11,359553
2016-11-10,371768
2016-11-09,327674
2016-11-08,330347
2016-11-07,334208
2016-11-06,338749
2016-11-05,350406
2016-11-04,341384
2016-11-03,344221
2016-11-02,344674
2016-11-01,351693
2016-10-31,348900
2016-10-30,358188
2016-10-29,377481
2016-10-28,406275
2016-10-27,358418
2016-10-26,370200
2016-10-25,376799
2016-10-24,375484
2016-10-23,382032
2016-10-22,389155
2016-10-21,393586
2016-10-20,412670
2016-10-19,435955
2016-10-18,452084
2016-10-17,464098
2016-10-16,402340
2016-10-15,394303
2016-10-14,394791
2016-10-13,397558
2016-10-12,409605
2016-10-11,422116
2016-10-10,442637
2016-10-09,455814
2016-10-08,461505
2016-10-07,452370
2016-10-06,459852
2016-10-05,464615
2016-10-04,412428
2016-10-03,424637
2016-10-02,443948
2016-10-01,464084
2016-09-30,442048
2016-09-29,459288
2016-09-28,406994
2016-09-27,374771
2016-09-26,368017
2016-09-25,380030
2016-09-24,390107
2016-09-23,396838
2016-09-22,404388
2016-09-21,428193
2016-09-20,448276
2016-09-19,449130
2016-09-18,445350
2016-09-17,439173
2016-09-16,361579
2016-09-15,373538
2016-09-14,406499
2016-09-13,418560
2016-09-12,405914
2016-09-11,375317
2016-09-10,379930
2016-09-09,384934
2016-09-08,423729
2016-09-07,406509
2016-09-06,428678
2016-09-05,449513
2016-09-04,476603
2016-09-03,480983
2016-09-02,438367
2016-09-01,356105
2016-08-31,362835
2016-08-30,377762
2016-08-29,452023
2016-08-28,442208
2016-08-27,323583
2016-08-26,333454
2016-08-25,330609
2016-08-24,331805
2016-08-23,332796
2016-08-22,341089
2016-08-21,338597
2016-08-20,345278
2016-08-19,341029
2016-08-18,344728
2016-08-17,348125
2016-08-16,359348
2016-08-15,361583
2016-08-14,338475
2016-08-13,355036
2016-08-12,355568
2016-08-11,352958
2016-08-10,351167
2016-08-09,358034
2016-08-08,353842
2016-08-07,367051
2016-08-06,373263
2016-08-05,384481
2016-08-04,423571
2016-08-03,368566
2016-08-02,361945
2016-08-01,370291
2016-07-31,347034
2016-07-30,352957
2016-07-29,353993
2016-07-28,357984
2016-07-27,358082
2016-07-26,358456
2016-07-25,363280
2016-07-24,366366
2016-07-23,363409
2016-07-22,355271
2016-07-21,363146
2016-07-20,372225
2016-07-19,382855
2016-07-18,399359
2016-07-17,421213
2016-07-16,391541
2016-07-15,374373
2016-07-14,390361
2016-07-13,448053
2016-07-12,418941
2016-07-11,387115
2016-07-10,391946
2016-07-09,424064
2016-07-08,421755
2016-07-07,444807
2016-07-06,462444
2016-07-05,475092
2016-07-04,484882
2016-07-03,482768
2016-07-02,480471
2016-07-01,364422
2016-06-30,352630
2016-06-29,344959
2016-06-28,338639
2016-06-27,345022
2016-06-26,361539
2016-06-25,420028
2016-06-24,375327
2016-06-23,378449
2016-06-22,378052
2016-06-21,393389
2016-06-20,346359
2016-06-19,412354
2016-06-18,339427
2016-06-17,333414
2016-06-16,348355
2016-06-15,324395
2016-06-14,323574
2016-06-13,350520
2016-06-12,345011
2016-06-11,339869
2016-06-10,327791
2016-06-09,335963
2016-06-08,335183
2016-06-07,338334
2016-06-06,356970
2016-06-05,348183
2016-06-04,360873
2016-06-03,322135
2016-06-02,332854
2016-06-01,346404
2016-05-31,350012
2016-05-30,349139
2016-05-29,355007
2016-05-28,341635
2016-05-27,364580
2016-05-26,354673
2016-05-25,393440
2016-05-24,365524
2016-05-23,342510
2016-05-22,348669
2016-05-21,349963
2016-05-20,346778
2016-05-19,353163
2016-05-18,362516
2016-05-17,399024
2016-05-16,438211
2016-05-15,385578
2016-05-14,372668
2016-05-13,371292
2016-05-12,381003
2016-05-11,417060
2016-05-10,418278
2016-05-09,390469
2016-05-08,406238
2016-05-07,423046
2016-05-06,429591
2016-05-05,446408
2016-05-04,457171
2016-05-03,414570
2016-05-02,371837
2016-05-01,382488
2016-04-30,396275
2016-04-29,427752
2016-04-28,462061
2016-04-27,434924
2016-04-26,364077
2016-04-25,380528
2016-04-24,410098
2016-04-23,429559
2016-04-22,452940
2016-04-21,426136
2016-04-20,388565
2016-04-19,429391
2016-04-18,446250
2016-04-17,459950
2016-04-16,360950
2016-04-15,342786
2016-04-14,372432
2016-04-13,385099
2016-04-12,340183
2016-04-11,359512
2016-04-10,395232
2016-04-09,420822
2016-04-08,452563
2016-04-07,461030
2016-04-06,327563
2016-04-05,319232
2016-04-04,356235
2016-04-03,329131
2016-04-02,334446
2016-04-01,329214
2016-03-31,320002
2016-03-30,332584
2016-03-29,320066
2016-03-28,338231
2016-03-27,404302
2016-03-26,366475
2016-03-25,327599
2016-03-24,332108
2016-03-23,345752
2016-03-22,350645
2016-03-21,366918
2016-03-20,392926
2016-03-19,442687
2016-03-18,423816
2016-03-17,324160
2016-03-16,322272
2016-03-15,327154
2016-03-14,333796
2016-03-13,348306
2016-03-12,357010
2016-03-11,362010
2016-03-10,382194
2016-03-09,454013
2016-03-08,389195
2016-03-07,445174
2016-03-06,451550
2016-03-05,422223
2016-03-04,410969
2016-03-03,309023
2016-03-02,305480
2016-03-01,304234
2016-02-29,312424
2016-02-28,325035
2016-02-27,318645
2016-02-26,307577
2016-02-25,303377
2016-02-24,306653
2016-02-23,310090
2016-02-22,313306
2016-02-21,329782
2016-02-20,334581
2016-02-19,334225
2016-02-18,317589
2016-02-17,337968
2016-02-16,347239
2016-02-15,371558
2016-02-14,457426
2016-02-13,460658
2016-02-12,377892
2016-02-11,316867
2016-02-10,312877
2016-02-09,306910
2016-02-08,321807
2016-02-07,355134
2016-02-06,347119
2016-02-05,324642
2016-02-04,318011
2016-02-03,316427
2016-02-02,322078
2016-02-01,347124
2016-01-31,365404
2016-01-30,393244
2016-01-29,403496
2016-01-28,333266
2016-01-27,333008
2016-01-26,312511
2016-01-25,299817
2016-01-24,306875
2016-01-23,309538
2016-01-22,307376
2016-01-21,298624
2016-01-20,302808
2016-01-19,290415
2016-01-18,329267
2016-01-17,320545
2016-01-16,302142
2016-01-15,293494
2016-01-14,295497
2016-01-13,294540
2016-01-12,291781
2016-01-11,298840
2016-01-10,308327
2016-01-09,306885
2016-01-08,297836
2016-01-07,298371
2016-01-06,300788
2016-01-05,292985
2016-01-04,306808
2016-01-03,311520
2016-01-02,309706
2016-01-01,303003
2015-12-31,306869
2015-12-30,298498
2015-12-29,300408
2015-12-28,302154
2015-12-27,316894
2015-12-26,313161
2015-12-25,312681
2015-12-24,316684
2015-12-23,321165
2015-12-22,312774
2015-12-21,354581
2015-12-20,322782
2015-12-19,330869
2015-12-18,314561
2015-12-17,314110
2015-12-16,324034
2015-12-15,330872
2015-12-14,330928
2015-12-13,356804
2015-12-12,383798
2015-12-11,445338
2015-12-10,377227
2015-12-09,304808
2015-12-08,311933
2015-12-07,314093
2015-12-06,320091
2015-12-05,317938
2015-12-04,307336
2015-12-03,311567
2015-12-02,312712
2015-12-01,315047
2015-11-30,321908
2015-11-29,327110
2015-11-28,328716
2015-11-27,324809
2015-11-26,330671
2015-11-25,332090
2015-11-24,330487
2015-11-23,323739
2015-11-22,340877
2015-11-21,335671
2015-11-20,334259
2015-11-19,348386
2015-11-18,383510
2015-11-17,379193
2015-11-16,347101
2015-11-15,355559
2015-11-14,398536
2015-11-13,372216
2015-11-12,324933
2015-11-11,338333
2015-11-10,350512
2015-11-09,396140
2015-11-08,467006
2015-11-07,375875
2015-11-06,313199
2015-11-05,309250
2015-11-04,313994
2015-11-03,314963
2015-11-02,320395
2015-11-01,314015
2015-10-31,316336
2015-10-30,317955
2015-10-29,318993
2015-10-28,333121
2015-10-27,357708
2015-10-26,321194
2015-10-25,325767
2015-10-24,329528
2015-10-23,325092
2015-10-22,319209
2015-10-21,321962
2015-10-20,315633
2015-10-19,323055
2015-10-18,335785
2015-10-17,331879
2015-10-16,324282
2015-10-15,321971
2015-10-14,320029
2015-10-13,322596
2015-10-12,329987
2015-10-11,337777
2015-10-10,335240
2015-10-09,337890
2015-10-08,341669
2015-10-07,345456
2015-10-06,345369
2015-10-05,358185
2015-10-04,378872
2015-10-03,410485
2015-10-02,467297
2015-10-01,450983
2015-09-30,344861
2015-09-29,364232
2015-09-28,362633
2015-09-27,386017
2015-09-26,426032
2015-09-25,452726
2015-09-24,475228
2015-09-23,386530
2015-09-22,362915
2015-09-21,367649
2015-09-20,394172
2015-09-19,415939
2015-09-18,461138
2015-09-17,486079
2015-09-16,343850
2015-09-15,373538
2015-09-14,335229
2015-09-13,357102
2015-09-12,374680
2015-09-11,344688
2015-09-10,347137
2015-09-09,351642
2015-09-08,369042
2015-09-07,415316
2015-09-06,486560
2015-09-05,366547
2015-09-04,373508
2015-09-03,409656
2015-09-02,392778
2015-09-01,470102
2015-08-31,373818
2015-08-30,366080
2015-08-29,371456
2015-08-28,382451
2015-08-27,412294
2015-08-26,472593
2015-08-25,477947
2015-08-24,342126
2015-08-23,362124
2015-08-22,404464
2015-08-21,450622
2015-08-20,352239
2015-08-19,328251
2015-08-18,325750
2015-08-17,387206
2015-08-16,335766
2015-08-15,331835
2015-08-14,340540
2015-08-13,362475
2015-08-12,430883
2015-08-11,321800
2015-08-10,319217
2015-08-09,326674
2015-08-08,326284
2015-08-07,323059
2015-08-06,329683
2015-08-05,332298
2015-08-04,336072
2015-08-03,349735
2015-08-02,336117
2015-08-01,347816
2015-07-31,350626
2015-07-30,362920
2015-07-29,373224
2015-07-28,379771
2015-07-27,399760
2015-07-26,414527
2015-07-25,473463
2015-07-24,454283
2015-07-23,452334
2015-07-22,358113
2015-07-21,388487
2015-07-20,382088
2015-07-19,363506
2015-07-18,371474
2015-07-17,360715
2015-07-16,371709
2015-07-15,409451
2015-07-14,459157
2015-07-13,491581
2015-07-12,435179
2015-07-11,406925
2015-07-10,422120
2015-07-09,489518
2015-07-08,478572
2015-07-07,382844
2015-07-06,314015
2015-07-05,326989
2015-07-04,328815
2015-07-03,329325
2015-07-02,332836
2015-07-01,393809
2015-06-30,367756
2015-06-29,323018
2015-06-28,326275
2015-06-27,343320
2015-06-26,462082
2015-06-25,324999
2015-06-24,312015
2015-06-23,313697
2015-06-22,311061
2015-06-21,314473
2015-06-20,315382
2015-06-19,313128
2015-06-18,311359
2015-06-17,315735
2015-06-16,314823
2015-06-15,314965
2015-06-14,328315
2015-06-13,322038
2015-06-12,328922
2015-06-11,315819
2015-06-10,324224
2015-06-09,321647
2015-06-08,320974
2015-06-07,321268
2015-06-06,330616
2015-06-05,362703
2015-06-04,317572
2015-06-03,319538
2015-06-02,314349
2015-06-01,322851
2015-05-31,338440
2015-05-30,345200
2015-05-29,329788
2015-05-28,327443
2015-05-27,333200
2015-05-26,332137
2015-05-25,335476
2015-05-24,341342
2015-05-23,346342
2015-05-22,349206
2015-05-21,357155
2015-05-20,387810
2015-05-19,446244
2015-05-18,407488
2015-05-17,379696
2015-05-16,389093
2015-05-15,415593
2015-05-14,426838
2015-05-13,487176
2015-05-12,504151
2015-05-11,353402
2015-05-10,345460
2015-05-09,350131
2015-05-08,348337
2015-05-07,358744
2015-05-06,374579
2015-05-05,408794
2015-05-04,493837
2015-05-03,444928
2015-05-02,355153
2015-05-01,367149
2015-04-30,391283
2015-04-29,413130
2015-04-28,345581
2015-04-27,353571
2015-04-26,365160
2015-04-25,380698
2015-04-24,383177
2015-04-23,400520
2015-04-22,448806
2015-04-21,485090
2015-04-20,492872
2015-04-19,433715
2015-04-18,358155
2015-04-17,343752
2015-04-16,356943
2015-04-15,375534
2015-04-14,430417
2015-04-13,453233
2015-04-12,341405
2015-04-11,351474
2015-04-10,349179
2015-04-09,362221
2015-04-08,380998
2015-04-07,412692
2015-04-06,484502
2015-04-05,484207
2015-04-04,407188
2015-04-03,449772
2015-04-02,332400
2015-04-01,330404
2015-03-31,329288
2015-03-30,316958
2015-03-29,321726
2015-03-28,321799
2015-03-27,308608
2015-03-26,307334
2015-03-25,308413
2015-03-24,312424
2015-03-23,325040
2015-03-22,348612
2015-03-21,359033
2015-03-20,380144
2015-03-19,443309
2015-03-18,355548
2015-03-17,299388
2015-03-16,306735
2015-03-15,314870
2015-03-14,333547
2015-03-13,304030
2015-03-12,299219
2015-03-11,297526
2015-03-10,291672
2015-03-09,311108
2015-03-08,317602
2015-03-07,318425
2015-03-06,312686
2015-03-05,317287
2015-03-04,334606
2015-03-03,340932
2015-03-02,320961
2015-03-01,400960
2015-02-28,311817
2015-02-27,299446
2015-02-26,302172
2015-02-25,301675
2015-02-24,306742
2015-02-23,327658
2015-02-22,401748
2015-02-21,328705
2015-02-20,300816
2015-02-19,302829
2015-02-18,335035
2015-02-17,339348
2015-02-16,385512
2015-02-15,315130
2015-02-14,315105
2015-02-13,296332
2015-02-12,298461
2015-02-11,299828
2015-02-10,296227
2015-02-09,293338
2015-02-08,302321
2015-02-07,308365
2015-02-06,299799
2015-02-05,300142
2015-02-04,295412
2015-02-03,298229
2015-02-02,307737
2015-02-01,308838
2015-01-31,307164
2015-01-30,300168
2015-01-29,298090
2015-01-28,302045
2015-01-27,304877
2015-01-26,369266
2015-01-25,312968
2015-01-24,309165
2015-01-23,308110
2015-01-22,358970
2015-01-21,307993
2015-01-20,298746
2015-01-19,303689
2015-01-18,312745
2015-01-17,312267
2015-01-16,311224
2015-01-15,350156
2015-01-14,307427
2015-01-13,301500
2015-01-12,305145
2015-01-11,310648
2015-01-10,313615
2015-01-09,308419
2015-01-08,307492
2015-01-07,305651
2015-01-06,394080
2015-01-05,303962
2015-01-04,310997
2015-01-03,303172
2015-01-02,299899
2015-01-01,300137
2014-12-31,311983
2014-12-30,299733
2014-12-29,312028
2014-12-28,314918
2014-12-27,315261
2014-12-26,305717
2014-12-25,310113
2014-12-24,311803
2014-12-23,307524
2014-12-22,306537
2014-12-21,335286
2014-12-20,393821
2014-12-19,318050
2014-12-18,308046
2014-12-17,305147
2014-12-16,376355
2014-12-15,307513
2014-12-14,323836
2014-12-13,324042
2014-12-12,319503
2014-12-11,313321
2014-12-10,314532
2014-12-09,313741
2014-12-08,336946
2014-12-07,321169
2014-12-06,320033
2014-12-05,314328
2014-12-04,315544
2014-12-03,311084
2014-12-02,314146
2014-12-01,345799
2014-11-30,347901
2014-11-29,339077
2014-11-28,331683
2014-11-27,343223
2014-11-26,353227
2014-11-25,422788
2014-11-24,336765
2014-11-23,327146
2014-11-22,328186
2014-11-21,315964
2014-11-20,319201
2014-11-19,323032
2014-11-18,329218
2014-11-17,348375
2014-11-16,360903
2014-11-15,361150
2014-11-14,357738
2014-11-13,348795
2014-11-12,354916
2014-11-11,353608
2014-11-10,357794
2014-11-09,378889
2014-11-08,364853
2014-11-07,361531
2014-11-06,372269
2014-11-05,361873
2014-11-04,365222
2014-11-03,370189
2014-11-02,389560
2014-11-01,453331
2014-10-31,412027
2014-10-30,365968
2014-10-29,372114
2014-10-28,371654
2014-10-27,396619
2014-10-26,398915
2014-10-25,408577
2014-10-24,430538
2014-10-23,489396
2014-10-22,495424
2014-10-21,425123
2014-10-20,445634
2014-10-19,371128
2014-10-18,369737
2014-10-17,362957
2014-10-16,369445
2014-10-15,379845
2014-10-14,415304
2014-10-13,447171
2014-10-12,373636
2014-10-11,370678
2014-10-10,371282
2014-10-09,377082
2014-10-08,373794
2014-10-07,375158
2014-10-06,377401
2014-10-05,374606
2014-10-04,368685
2014-10-03,380944
2014-10-02,385404
2014-10-01,386409
2014-09-30,388137
2014-09-29,395651
2014-09-28,410171
2014-09-27,424098
2014-09-26,442714
2014-09-25,475643
2014-09-24,476686
2014-09-23,364832
2014-09-22,369503
2014-09-21,372826
2014-09-20,385390
2014-09-19,377336
2014-09-18,381410
2014-09-17,375298
2014-09-16,384725
2014-09-15,380737
2014-09-14,381235
2014-09-13,391545
2014-09-12,384000
2014-09-11,398869
2014-09-10,411595
2014-09-09,409645
2014-09-08,420548
2014-09-07,444642
2014-09-06,454695
2014-09-05,466373
2014-09-04,481734
2014-09-03,431816
2014-09-02,398988
2014-09-01,396869
2014-08-31,405120
2014-08-30,422071
2014-08-29,436610
2014-08-28,463901
2014-08-27,513333
2014-08-26,516111
2014-08-25,460999
2014-08-24,459687
2014-08-23,490770
2014-08-22,538617
2014-08-21,529265
2014-08-20,510987
2014-08-19,536970
2014-08-18,496934
2014-08-17,457716
2014-08-16,492257
2014-08-15,500330
2014-08-14,478702
2014-08-13,392801
2014-08-12,416335
2014-08-11,497785
2014-08-10,427447
2014-08-09,438049
2014-08-08,430452
2014-08-07,471463
2014-08-06,539207
2014-08-05,540397
2014-08-04,512901
2014-08-03,471017
2014-08-02,380004
2014-08-01,354986
2014-07-31,358307
2014-07-30,359323
2014-07-29,353471
2014-07-28,362599
2014-07-27,360170
2014-07-26,389313
2014-07-25,375347
2014-07-24,371009
2014-07-23,370614
2014-07-22,370591
2014-07-21,392374
2014-07-20,405847
2014-07-19,448397
2014-07-18,435095
2014-07-17,409004
2014-07-16,400460
2014-07-15,385901
2014-07-14,393765
2014-07-13,450994
2014-07-12,373805
2014-07-11,383631
2014-07-10,413045
2014-07-09,426876
2014-07-08,446364
2014-07-07,380051
2014-07-06,384814
2014-07-05,362646
2014-07-04,382378
2014-07-03,440630
2014-07-02,349268
2014-07-01,354190
2014-06-30,350966
2014-06-29,350774
2014-06-28,356390
2014-06-27,350774
2014-06-26,340994
2014-06-25,345590
2014-06-24,353669
2014-06-23,344551
2014-06-22,342078
2014-06-21,347307
2014-06-20,340687
2014-06-19,350084
2014-06-18,367473
2014-06-17,332694
2014-06-16,348783
2014-06-15,356943
2014-06-14,362111
2014-06-13,345251
2014-06-12,366489
2014-06-11,341662
2014-06-10,335345
2014-06-09,337026
2014-06-08,352918
2014-06-07,355959
2014-06-06,354877
2014-06-05,384010
2014-06-04,363387
2014-06-03,453811
2014-06-02,363713
2014-06-01,357629
2014-05-31,363821
2014-05-30,358989
2014-05-29,355508
2014-05-28,365910
2014-05-27,364377
2014-05-26,462150
2014-05-25,373157
2014-05-24,353875
2014-05-23,346145
2014-05-22,362938
2014-05-21,361199
2014-05-20,384215
2014-05-19,354307
2014-05-18,379469
2014-05-17,371463
2014-05-16,372334
2014-05-15,389444
2014-05-14,412994
2014-05-13,467333
2014-05-12,483961
2014-05-11,347337
2014-05-10,348462
2014-05-09,344440
2014-05-08,348357
2014-05-07,344232
2014-05-06,347131
2014-05-05,347503
2014-05-04,351581
2014-05-03,371245
2014-05-02,388670
2014-05-01,412192
2014-04-30,454246
2014-04-29,464759
2014-04-28,435804
2014-04-27,349427
2014-04-26,339842
2014-04-25,328468
2014-04-24,327636
2014-04-23,332990
2014-04-22,325750
2014-04-21,347857
2014-04-20,354959
2014-04-19,349791
2014-04-18,388543
2014-04-17,345748
2014-04-16,333081
2014-04-15,335568
2014-04-14,356495
2014-04-13,355658
2014-04-12,343903
2014-04-11,330965
2014-04-10,334667
2014-04-09,334705
2014-04-08,348882
2014-04-07,342430
2014-04-06,355099
2014-04-05,351588
2014-04-04,402856
2014-04-03,367523
2014-04-02,379568
2014-04-01,400437
2014-03-31,410250
2014-03-30,443151
2014-03-29,380566
2014-03-28,365919
2014-03-27,387916
2014-03-26,431280
2014-03-25,342002
2014-03-24,332973
2014-03-23,351549
2014-03-22,343143
2014-03-21,342049
2014-03-20,358423
2014-03-19,340047
2014-03-18,368355
2014-03-17,354911
2014-03-16,370126
2014-03-15,379636
2014-03-14,418330
2014-03-13,426586
2014-03-12,352514
2014-03-11,325841
2014-03-10,333507
2014-03-09,338482
2014-03-08,340158
2014-03-07,334059
2014-03-06,332075
2014-03-05,336293
2014-03-04,339121
2014-03-03,347951
2014-03-02,367056
2014-03-01,343144
2014-02-28,354531
2014-02-27,387062
2014-02-26,330687
2014-02-25,317476
2014-02-24,329402
2014-02-23,336205
2014-02-22,330226
2014-02-21,326558
2014-02-20,314217
2014-02-19,320013
2014-02-18,359135
2014-02-17,343620
2014-02-16,332929
2014-02-15,326743
2014-02-14,314724
2014-02-13,337162
2014-02-12,326079
2014-02-11,328931
2014-02-10,374955
2014-02-09,339434
2014-02-08,387168
2014-02-07,345847
2014-02-06,309329
2014-02-05,310221
2014-02-04,307135
2014-02-03,337489
2014-02-02,357280
2014-02-01,323017
2014-01-31,311312
2014-01-30,350918
2014-01-29,337070
2014-01-28,321540
2014-01-27,326542
2014-01-26,341149
2014-01-25,336079
2014-01-24,315841
2014-01-23,319028
2014-01-22,310397
2014-01-21,316789
2014-01-20,322074
2014-01-19,328893
2014-01-18,326395
2014-01-17,322247
2014-01-16,310360
2014-01-15,317654
2014-01-14,313791
2014-01-13,320287
2014-01-12,328755
2014-01-11,329604
2014-01-10,315602
2014-01-09,330730
2014-01-08,333611
2014-01-07,302227
2014-01-06,316508
2014-01-05,331863
2014-01-04,328177
2014-01-03,318165
2014-01-02,319176
2014-01-01,322016
