No,관측소명,관측시간,조위(Cm)
1,2015년_고리,2015-04-08 17:00,2.1
2,2015년_고리,2015-04-08 18:00,12.7
3,2015년_고리,2015-04-08 19:00,22
4,2015년_고리,2015-04-08 20:00,37
5,2015년_고리,2015-04-08 21:00,49.6
6,2015년_고리,2015-04-08 22:00,55.7
7,2015년_고리,2015-04-08 23:00,55.4
8,2015년_고리,2015-04-09 00:00,43.5
9,2015년_고리,2015-04-09 01:00,32
10,2015년_고리,2015-04-09 02:00,15.7
11,2015년_고리,2015-04-09 03:00,2.6
12,2015년_고리,2015-04-09 04:00,-7.2
13,2015년_고리,2015-04-09 05:00,-6.7
14,2015년_고리,2015-04-09 06:00,1.8
15,2015년_고리,2015-04-09 07:00,15.7
16,2015년_고리,2015-04-09 08:00,32.1
17,2015년_고리,2015-04-09 09:00,45.3
18,2015년_고리,2015-04-09 10:00,53.6
19,2015년_고리,2015-04-09 11:00,55.7
20,2015년_고리,2015-04-09 12:00,53.4
21,2015년_고리,2015-04-09 13:00,42.2
22,2015년_고리,2015-04-09 14:00,25.7
23,2015년_고리,2015-04-09 15:00,14.3
24,2015년_고리,2015-04-09 16:00,6.1
25,2015년_고리,2015-04-09 17:00,5.5
26,2015년_고리,2015-04-09 18:00,13.3
27,2015년_고리,2015-04-09 19:00,19.7
28,2015년_고리,2015-04-09 20:00,30.7
29,2015년_고리,2015-04-09 21:00,48.6
30,2015년_고리,2015-04-09 22:00,49.4
31,2015년_고리,2015-04-09 23:00,56.5
32,2015년_고리,2015-04-10 00:00,52.3
33,2015년_고리,2015-04-10 01:00,44
34,2015년_고리,2015-04-10 02:00,30
35,2015년_고리,2015-04-10 03:00,16
36,2015년_고리,2015-04-10 04:00,4.9
37,2015년_고리,2015-04-10 05:00,2.5
38,2015년_고리,2015-04-10 06:00,8.8
39,2015년_고리,2015-04-10 07:00,13
40,2015년_고리,2015-04-10 08:00,29.3
41,2015년_고리,2015-04-10 09:00,37.2
42,2015년_고리,2015-04-10 10:00,48.9
43,2015년_고리,2015-04-10 11:00,50.5
44,2015년_고리,2015-04-10 12:00,49.7
45,2015년_고리,2015-04-10 13:00,40.6
46,2015년_고리,2015-04-10 14:00,33
47,2015년_고리,2015-04-10 15:00,29.6
48,2015년_고리,2015-04-10 16:00,18.1
49,2015년_고리,2015-04-10 17:00,10.5
50,2015년_고리,2015-04-10 18:00,11.9
51,2015년_고리,2015-04-10 19:00,18.5
52,2015년_고리,2015-04-10 20:00,24.9
53,2015년_고리,2015-04-10 21:00,40.2
54,2015년_고리,2015-04-10 22:00,47.6
55,2015년_고리,2015-04-10 23:00,50.5
56,2015년_고리,2015-04-11 00:00,52.2
57,2015년_고리,2015-04-11 01:00,45.6
58,2015년_고리,2015-04-11 02:00,34.5
59,2015년_고리,2015-04-11 03:00,25.2
60,2015년_고리,2015-04-11 04:00,17.6
61,2015년_고리,2015-04-11 05:00,12.3
62,2015년_고리,2015-04-11 06:00,6.4
63,2015년_고리,2015-04-11 07:00,8.8
64,2015년_고리,2015-04-11 08:00,16.3
65,2015년_고리,2015-04-11 09:00,26.8
66,2015년_고리,2015-04-11 10:00,34.6
67,2015년_고리,2015-04-11 11:00,41.3
68,2015년_고리,2015-04-11 12:00,45.4
69,2015년_고리,2015-04-11 13:00,45.8
70,2015년_고리,2015-04-11 14:00,39.7
71,2015년_고리,2015-04-11 15:00,38.1
72,2015년_고리,2015-04-11 16:00,27.2
73,2015년_고리,2015-04-11 17:00,18
74,2015년_고리,2015-04-11 18:00,14.6
75,2015년_고리,2015-04-11 19:00,15.2
76,2015년_고리,2015-04-11 20:00,25.4
77,2015년_고리,2015-04-11 21:00,30.1
78,2015년_고리,2015-04-11 22:00,41.2
79,2015년_고리,2015-04-11 23:00,41.3
80,2015년_고리,2015-04-12 00:00,49.9
81,2015년_고리,2015-04-12 01:00,48.3
82,2015년_고리,2015-04-12 02:00,46.1
83,2015년_고리,2015-04-12 03:00,42.6
84,2015년_고리,2015-04-12 04:00,30.9
85,2015년_고리,2015-04-12 05:00,25.4
86,2015년_고리,2015-04-12 06:00,16.1
87,2015년_고리,2015-04-12 07:00,15.9
88,2015년_고리,2015-04-12 08:00,15.4
89,2015년_고리,2015-04-12 09:00,21.1
90,2015년_고리,2015-04-12 10:00,34
91,2015년_고리,2015-04-12 11:00,39
92,2015년_고리,2015-04-12 12:00,44.4
93,2015년_고리,2015-04-12 13:00,47
94,2015년_고리,2015-04-12 14:00,49
95,2015년_고리,2015-04-12 15:00,48.5
96,2015년_고리,2015-04-12 16:00,40
97,2015년_고리,2015-04-12 17:00,33.4
98,2015년_고리,2015-04-12 18:00,29.2
99,2015년_고리,2015-04-12 19:00,25.7
100,2015년_고리,2015-04-12 20:00,29
101,2015년_고리,2015-04-12 21:00,17.9
102,2015년_고리,2015-04-12 22:00,39.4
103,2015년_고리,2015-04-12 23:00,28.4
104,2015년_고리,2015-04-13 00:00,34.4
105,2015년_고리,2015-04-13 01:00,49.7
106,2015년_고리,2015-04-13 02:00,41.8
107,2015년_고리,2015-04-13 03:00,50.1
108,2015년_고리,2015-04-13 04:00,49
109,2015년_고리,2015-04-13 05:00,45.2
110,2015년_고리,2015-04-13 06:00,31.7
111,2015년_고리,2015-04-13 07:00,23.7
112,2015년_고리,2015-04-13 08:00,17.8
113,2015년_고리,2015-04-13 09:00,19.8
114,2015년_고리,2015-04-13 10:00,20.5
115,2015년_고리,2015-04-13 11:00,23.8
116,2015년_고리,2015-04-13 12:00,38.8
117,2015년_고리,2015-04-13 13:00,44.5
118,2015년_고리,2015-04-13 14:00,45.9
119,2015년_고리,2015-04-13 15:00,55.8
120,2015년_고리,2015-04-13 16:00,48.4
121,2015년_고리,2015-04-13 17:00,49.7
122,2015년_고리,2015-04-13 18:00,33.4
123,2015년_고리,2015-04-13 19:00,27.9
124,2015년_고리,2015-04-13 20:00,27.2
125,2015년_고리,2015-04-13 21:00,20.8
126,2015년_고리,2015-04-13 22:00,29.4
127,2015년_고리,2015-04-13 23:00,26.5
128,2015년_고리,2015-04-14 00:00,38.6
129,2015년_고리,2015-04-14 01:00,38.2
130,2015년_고리,2015-04-14 02:00,42.1
131,2015년_고리,2015-04-14 03:00,53.5
132,2015년_고리,2015-04-14 04:00,56
133,2015년_고리,2015-04-14 05:00,47.6
134,2015년_고리,2015-04-14 06:00,45
135,2015년_고리,2015-04-14 07:00,39.1
136,2015년_고리,2015-04-14 08:00,26.1
137,2015년_고리,2015-04-14 09:00,22.2
138,2015년_고리,2015-04-14 10:00,16.3
139,2015년_고리,2015-04-14 11:00,21
140,2015년_고리,2015-04-14 12:00,30.1
141,2015년_고리,2015-04-14 13:00,35.6
142,2015년_고리,2015-04-14 14:00,49.5
143,2015년_고리,2015-04-14 15:00,54.4
144,2015년_고리,2015-04-14 16:00,59.9
145,2015년_고리,2015-04-14 17:00,65.9
146,2015년_고리,2015-04-14 18:00,62.3
147,2015년_고리,2015-04-14 19:00,53.7
148,2015년_고리,2015-04-14 20:00,46
149,2015년_고리,2015-04-14 21:00,36.4
150,2015년_고리,2015-04-14 22:00,32.8
151,2015년_고리,2015-04-14 23:00,36.1
152,2015년_고리,2015-04-15 00:00,36.3
153,2015년_고리,2015-04-15 01:00,40.4
154,2015년_고리,2015-04-15 02:00,52.4
155,2015년_고리,2015-04-15 03:00,58.2
156,2015년_고리,2015-04-15 04:00,66.6
157,2015년_고리,2015-04-15 05:00,71.4
158,2015년_고리,2015-04-15 06:00,66.8
159,2015년_고리,2015-04-15 07:00,61.9
160,2015년_고리,2015-04-15 08:00,53.1
161,2015년_고리,2015-04-15 09:00,41
162,2015년_고리,2015-04-15 10:00,26.6
163,2015년_고리,2015-04-15 11:00,20.3
164,2015년_고리,2015-04-15 12:00,24.4
165,2015년_고리,2015-04-15 13:00,30.1
166,2015년_고리,2015-04-15 14:00,45.7
167,2015년_고리,2015-04-15 15:00,60.1
168,2015년_고리,2015-04-15 16:00,68.3
169,2015년_고리,2015-04-15 17:00,75.6
170,2015년_고리,2015-04-15 18:00,79.5
171,2015년_고리,2015-04-15 19:00,76.4
172,2015년_고리,2015-04-15 20:00,60.6
173,2015년_고리,2015-04-15 21:00,47.3
174,2015년_고리,2015-04-15 22:00,34.5
175,2015년_고리,2015-04-15 23:00,27.1
176,2015년_고리,2015-04-16 00:00,32.3
177,2015년_고리,2015-04-16 01:00,35.5
178,2015년_고리,2015-04-16 02:00,44.2
179,2015년_고리,2015-04-16 03:00,55.9
180,2015년_고리,2015-04-16 04:00,66.4
181,2015년_고리,2015-04-16 05:00,76.4
182,2015년_고리,2015-04-16 06:00,81.2
183,2015년_고리,2015-04-16 07:00,82.6
184,2015년_고리,2015-04-16 08:00,72.6
185,2015년_고리,2015-04-16 09:00,56.9
186,2015년_고리,2015-04-16 10:00,37.4
187,2015년_고리,2015-04-16 11:00,25.3
188,2015년_고리,2015-04-16 12:00,19.8
189,2015년_고리,2015-04-16 13:00,20.9
190,2015년_고리,2015-04-16 14:00,31.7
191,2015년_고리,2015-04-16 15:00,47.9
192,2015년_고리,2015-04-16 16:00,62.3
193,2015년_고리,2015-04-16 17:00,78.4
194,2015년_고리,2015-04-16 18:00,88.8
195,2015년_고리,2015-04-16 19:00,88.1
196,2015년_고리,2015-04-16 20:00,77.6
197,2015년_고리,2015-04-16 21:00,54.2
198,2015년_고리,2015-04-16 22:00,42.9
199,2015년_고리,2015-04-16 23:00,22.8
200,2015년_고리,2015-04-17 00:00,15.4
201,2015년_고리,2015-04-17 01:00,19.6
202,2015년_고리,2015-04-17 02:00,21.9
203,2015년_고리,2015-04-17 03:00,35
204,2015년_고리,2015-04-17 04:00,45.8
205,2015년_고리,2015-04-17 05:00,61.2
206,2015년_고리,2015-04-17 06:00,73.7
207,2015년_고리,2015-04-17 07:00,78.6
208,2015년_고리,2015-04-17 08:00,69.2
209,2015년_고리,2015-04-17 09:00,59.6
210,2015년_고리,2015-04-17 10:00,36.9
211,2015년_고리,2015-04-17 11:00,17.4
212,2015년_고리,2015-04-17 12:00,3.7
213,2015년_고리,2015-04-17 13:00,-4.2
214,2015년_고리,2015-04-17 14:00,2.5
215,2015년_고리,2015-04-17 15:00,20.4
216,2015년_고리,2015-04-17 16:00,32.5
217,2015년_고리,2015-04-17 17:00,56.8
218,2015년_고리,2015-04-17 18:00,67.5
219,2015년_고리,2015-04-17 19:00,77.7
220,2015년_고리,2015-04-17 20:00,79.8
221,2015년_고리,2015-04-17 21:00,61.9
222,2015년_고리,2015-04-17 22:00,43.4
223,2015년_고리,2015-04-17 23:00,22.3
224,2015년_고리,2015-04-18 00:00,1.1
225,2015년_고리,2015-04-18 01:00,-2.8
226,2015년_고리,2015-04-18 02:00,5.3
227,2015년_고리,2015-04-18 03:00,12.3
228,2015년_고리,2015-04-18 04:00,22.7
229,2015년_고리,2015-04-18 05:00,51.7
230,2015년_고리,2015-04-18 06:00,60.7
231,2015년_고리,2015-04-18 07:00,71.8
232,2015년_고리,2015-04-18 08:00,80.1
233,2015년_고리,2015-04-18 09:00,68.4
234,2015년_고리,2015-04-18 10:00,55.8
235,2015년_고리,2015-04-18 11:00,28.7
236,2015년_고리,2015-04-18 12:00,3.9
237,2015년_고리,2015-04-18 13:00,-3.8
238,2015년_고리,2015-04-18 14:00,-10.2
239,2015년_고리,2015-04-18 15:00,2
240,2015년_고리,2015-04-18 16:00,16.7
241,2015년_고리,2015-04-18 17:00,39.4
242,2015년_고리,2015-04-18 18:00,60.4
243,2015년_고리,2015-04-18 19:00,80.9
244,2015년_고리,2015-04-18 20:00,82.8
245,2015년_고리,2015-04-18 21:00,81.3
246,2015년_고리,2015-04-18 22:00,69.3
247,2015년_고리,2015-04-18 23:00,36.4
248,2015년_고리,2015-04-19 00:00,22.6
249,2015년_고리,2015-04-19 01:00,6.5
250,2015년_고리,2015-04-19 02:00,1.7
251,2015년_고리,2015-04-19 03:00,9.1
252,2015년_고리,2015-04-19 04:00,24.2
253,2015년_고리,2015-04-19 05:00,39.9
254,2015년_고리,2015-04-19 06:00,60.7
255,2015년_고리,2015-04-19 07:00,76.2
256,2015년_고리,2015-04-19 08:00,85.1
257,2015년_고리,2015-04-19 09:00,86.7
258,2015년_고리,2015-04-19 10:00,77.2
259,2015년_고리,2015-04-19 11:00,58.9
260,2015년_고리,2015-04-19 12:00,35.5
261,2015년_고리,2015-04-19 13:00,11.8
262,2015년_고리,2015-04-19 14:00,4.9
263,2015년_고리,2015-04-19 15:00,9.8
264,2015년_고리,2015-04-19 16:00,21.4
265,2015년_고리,2015-04-19 17:00,38.4
266,2015년_고리,2015-04-19 18:00,60.8
267,2015년_고리,2015-04-19 19:00,81.7
268,2015년_고리,2015-04-19 20:00,92
269,2015년_고리,2015-04-19 21:00,96.5
270,2015년_고리,2015-04-19 22:00,89.4
271,2015년_고리,2015-04-19 23:00,72.3
272,2015년_고리,2015-04-20 00:00,42.7
273,2015년_고리,2015-04-20 01:00,20.3
274,2015년_고리,2015-04-20 02:00,13.8
275,2015년_고리,2015-04-20 03:00,11.4
276,2015년_고리,2015-04-20 04:00,20
277,2015년_고리,2015-04-20 05:00,43.1
278,2015년_고리,2015-04-20 06:00,58.3
279,2015년_고리,2015-04-20 07:00,70.3
280,2015년_고리,2015-04-20 08:00,87.4
281,2015년_고리,2015-04-20 09:00,98.9
282,2015년_고리,2015-04-20 10:00,97
283,2015년_고리,2015-04-20 11:00,82.4
284,2015년_고리,2015-04-20 12:00,58.3
285,2015년_고리,2015-04-20 13:00,37.7
286,2015년_고리,2015-04-20 14:00,18.4
287,2015년_고리,2015-04-20 15:00,13
288,2015년_고리,2015-04-20 16:00,21.6
289,2015년_고리,2015-04-20 17:00,31.1
290,2015년_고리,2015-04-20 18:00,50.6
291,2015년_고리,2015-04-20 19:00,68.4
292,2015년_고리,2015-04-20 20:00,83.5
293,2015년_고리,2015-04-20 21:00,86.9
294,2015년_고리,2015-04-20 22:00,93.1
295,2015년_고리,2015-04-20 23:00,74.9
296,2015년_고리,2015-04-21 00:00,56.4
297,2015년_고리,2015-04-21 01:00,32.7
298,2015년_고리,2015-04-21 02:00,9.6
299,2015년_고리,2015-04-21 03:00,-4
300,2015년_고리,2015-04-21 04:00,0.8
301,2015년_고리,2015-04-21 05:00,21.6
302,2015년_고리,2015-04-21 06:00,27.3
303,2015년_고리,2015-04-21 07:00,48
304,2015년_고리,2015-04-21 08:00,64.4
305,2015년_고리,2015-04-21 09:00,82.2
306,2015년_고리,2015-04-21 10:00,79.5
307,2015년_고리,2015-04-21 11:00,68.2
308,2015년_고리,2015-04-21 12:00,48.4
309,2015년_고리,2015-04-21 13:00,28.4
310,2015년_고리,2015-04-21 14:00,13.7
311,2015년_고리,2015-04-21 15:00,4.3
312,2015년_고리,2015-04-21 16:00,2.9
313,2015년_고리,2015-04-21 17:00,13.4
314,2015년_고리,2015-04-21 18:00,26.5
315,2015년_고리,2015-04-21 19:00,41
316,2015년_고리,2015-04-21 20:00,55.4
317,2015년_고리,2015-04-21 21:00,67.3
318,2015년_고리,2015-04-21 22:00,73.4
319,2015년_고리,2015-04-21 23:00,69.6
320,2015년_고리,2015-04-22 00:00,53.4
321,2015년_고리,2015-04-22 01:00,33
322,2015년_고리,2015-04-22 02:00,12.4
323,2015년_고리,2015-04-22 03:00,-0.9
324,2015년_고리,2015-04-22 04:00,-2.5
325,2015년_고리,2015-04-22 05:00,-0.1
326,2015년_고리,2015-04-22 06:00,14.1
327,2015년_고리,2015-04-22 07:00,29.7
328,2015년_고리,2015-04-22 08:00,43.2
329,2015년_고리,2015-04-22 09:00,58
330,2015년_고리,2015-04-22 10:00,62.6
331,2015년_고리,2015-04-22 11:00,66.1
332,2015년_고리,2015-04-22 12:00,59.6
333,2015년_고리,2015-04-22 13:00,39.3
334,2015년_고리,2015-04-22 14:00,24.7
335,2015년_고리,2015-04-22 15:00,11.5
336,2015년_고리,2015-04-22 16:00,7.5
337,2015년_고리,2015-04-22 17:00,9.3
338,2015년_고리,2015-04-22 18:00,22.6
339,2015년_고리,2015-04-22 19:00,32.6
340,2015년_고리,2015-04-22 20:00,45.7
341,2015년_고리,2015-04-22 21:00,62.1
342,2015년_고리,2015-04-22 22:00,68.1
343,2015년_고리,2015-04-22 23:00,68.7
344,2015년_고리,2015-04-23 00:00,62.1
345,2015년_고리,2015-04-23 01:00,46.4
346,2015년_고리,2015-04-23 02:00,28.7
347,2015년_고리,2015-04-23 03:00,9.8
348,2015년_고리,2015-04-23 04:00,-1.5
349,2015년_고리,2015-04-23 05:00,-1.5
350,2015년_고리,2015-04-23 06:00,8.5
351,2015년_고리,2015-04-23 07:00,21.8
352,2015년_고리,2015-04-23 08:00,34.8
353,2015년_고리,2015-04-23 09:00,46.7
354,2015년_고리,2015-04-23 10:00,58.2
355,2015년_고리,2015-04-23 11:00,58
356,2015년_고리,2015-04-23 12:00,57
357,2015년_고리,2015-04-23 13:00,45.9
358,2015년_고리,2015-04-23 14:00,34.7
359,2015년_고리,2015-04-23 15:00,19.6
360,2015년_고리,2015-04-23 16:00,13.2
361,2015년_고리,2015-04-23 17:00,9.7
362,2015년_고리,2015-04-23 18:00,13.6
363,2015년_고리,2015-04-23 19:00,22
364,2015년_고리,2015-04-23 20:00,34.7
365,2015년_고리,2015-04-23 21:00,45.8
366,2015년_고리,2015-04-23 22:00,54.8
367,2015년_고리,2015-04-23 23:00,57.8
368,2015년_고리,2015-04-24 00:00,56.1
369,2015년_고리,2015-04-24 01:00,47.4
370,2015년_고리,2015-04-24 02:00,34.4
371,2015년_고리,2015-04-24 03:00,19.7
372,2015년_고리,2015-04-24 04:00,8.3
373,2015년_고리,2015-04-24 05:00,0.1
374,2015년_고리,2015-04-24 06:00,5.9
375,2015년_고리,2015-04-24 07:00,13.8
376,2015년_고리,2015-04-24 08:00,24.3
377,2015년_고리,2015-04-24 09:00,35.9
378,2015년_고리,2015-04-24 10:00,43.8
379,2015년_고리,2015-04-24 11:00,49.2
380,2015년_고리,2015-04-24 12:00,51.9
381,2015년_고리,2015-04-24 13:00,49.9
382,2015년_고리,2015-04-24 14:00,43
383,2015년_고리,2015-04-24 15:00,33.6
384,2015년_고리,2015-04-24 16:00,26.8
385,2015년_고리,2015-04-24 17:00,21
386,2015년_고리,2015-04-24 18:00,22.5
387,2015년_고리,2015-04-24 19:00,27.1
388,2015년_고리,2015-04-24 20:00,35.1
389,2015년_고리,2015-04-24 21:00,44.7
390,2015년_고리,2015-04-24 22:00,52.3
391,2015년_고리,2015-04-24 23:00,57.5
392,2015년_고리,2015-04-25 00:00,57.5
393,2015년_고리,2015-04-25 01:00,53.8
394,2015년_고리,2015-04-25 02:00,47.9
395,2015년_고리,2015-04-25 03:00,37.2
396,2015년_고리,2015-04-25 04:00,25.5
397,2015년_고리,2015-04-25 05:00,15.2
398,2015년_고리,2015-04-25 06:00,13
399,2015년_고리,2015-04-25 07:00,16.9
400,2015년_고리,2015-04-25 08:00,21.4
401,2015년_고리,2015-04-25 09:00,30.3
402,2015년_고리,2015-04-25 10:00,39.6
403,2015년_고리,2015-04-25 11:00,45.2
404,2015년_고리,2015-04-25 12:00,46.9
405,2015년_고리,2015-04-25 13:00,47.2
406,2015년_고리,2015-04-25 14:00,43.8
407,2015년_고리,2015-04-25 15:00,39.1
408,2015년_고리,2015-04-25 16:00,33.6
409,2015년_고리,2015-04-25 17:00,25.2
410,2015년_고리,2015-04-25 18:00,22
411,2015년_고리,2015-04-25 19:00,21
412,2015년_고리,2015-04-25 20:00,23.8
413,2015년_고리,2015-04-25 21:00,31.7
414,2015년_고리,2015-04-25 22:00,37.5
415,2015년_고리,2015-04-25 23:00,43.5
416,2015년_고리,2015-04-26 00:00,46.4
417,2015년_고리,2015-04-26 01:00,44.4
418,2015년_고리,2015-04-26 02:00,43.7
419,2015년_고리,2015-04-26 03:00,37.3
420,2015년_고리,2015-04-26 04:00,30.2
421,2015년_고리,2015-04-26 05:00,22.6
422,2015년_고리,2015-04-26 06:00,13.8
423,2015년_고리,2015-04-26 07:00,11.3
424,2015년_고리,2015-04-26 08:00,14.1
425,2015년_고리,2015-04-26 09:00,20.9
426,2015년_고리,2015-04-26 10:00,26.5
427,2015년_고리,2015-04-26 11:00,32.5
428,2015년_고리,2015-04-26 12:00,36.8
429,2015년_고리,2015-04-26 13:00,39.6
430,2015년_고리,2015-04-26 14:00,39.9
431,2015년_고리,2015-04-26 15:00,39.2
432,2015년_고리,2015-04-26 16:00,37.2
433,2015년_고리,2015-04-26 17:00,30.7
434,2015년_고리,2015-04-26 18:00,28.2
435,2015년_고리,2015-04-26 19:00,22.6
436,2015년_고리,2015-04-26 20:00,22.9
437,2015년_고리,2015-04-26 21:00,24.4
438,2015년_고리,2015-04-26 22:00,30.4
439,2015년_고리,2015-04-26 23:00,33.1
440,2015년_고리,2015-04-27 00:00,37.3
441,2015년_고리,2015-04-27 01:00,40.1
442,2015년_고리,2015-04-27 02:00,41.1
443,2015년_고리,2015-04-27 03:00,38.5
444,2015년_고리,2015-04-27 04:00,37
445,2015년_고리,2015-04-27 05:00,32.8
446,2015년_고리,2015-04-27 06:00,25.5
447,2015년_고리,2015-04-27 07:00,21.2
448,2015년_고리,2015-04-27 08:00,18.2
449,2015년_고리,2015-04-27 09:00,16.8
450,2015년_고리,2015-04-27 10:00,21.6
451,2015년_고리,2015-04-27 11:00,27.8
452,2015년_고리,2015-04-27 12:00,33.7
453,2015년_고리,2015-04-27 13:00,38.2
454,2015년_고리,2015-04-27 14:00,40.5
455,2015년_고리,2015-04-27 15:00,43.8
456,2015년_고리,2015-04-27 16:00,43.4
457,2015년_고리,2015-04-27 17:00,41.9
458,2015년_고리,2015-04-27 18:00,39
459,2015년_고리,2015-04-27 19:00,33.7
460,2015년_고리,2015-04-27 20:00,27
461,2015년_고리,2015-04-27 21:00,27.3
462,2015년_고리,2015-04-27 22:00,27.7
463,2015년_고리,2015-04-27 23:00,32.1
464,2015년_고리,2015-04-28 00:00,38.5
465,2015년_고리,2015-04-28 01:00,39.9
466,2015년_고리,2015-04-28 02:00,43.4
467,2015년_고리,2015-04-28 03:00,45.1
468,2015년_고리,2015-04-28 04:00,48.2
469,2015년_고리,2015-04-28 05:00,46.8
470,2015년_고리,2015-04-28 06:00,45.6
471,2015년_고리,2015-04-28 07:00,38
472,2015년_고리,2015-04-28 08:00,28.4
473,2015년_고리,2015-04-28 09:00,24.3
474,2015년_고리,2015-04-28 10:00,20.5
475,2015년_고리,2015-04-28 11:00,25.8
476,2015년_고리,2015-04-28 12:00,26
477,2015년_고리,2015-04-28 13:00,36.8
478,2015년_고리,2015-04-28 14:00,43.3
479,2015년_고리,2015-04-28 15:00,48.3
480,2015년_고리,2015-04-28 16:00,52.2
481,2015년_고리,2015-04-28 17:00,52.4
482,2015년_고리,2015-04-28 18:00,50.7
483,2015년_고리,2015-04-28 19:00,45.4
484,2015년_고리,2015-04-28 20:00,37.7
485,2015년_고리,2015-04-28 21:00,31.8
486,2015년_고리,2015-04-28 22:00,27.5
487,2015년_고리,2015-04-28 23:00,27.9
488,2015년_고리,2015-04-29 00:00,30.3
489,2015년_고리,2015-04-29 01:00,34.5
490,2015년_고리,2015-04-29 02:00,38.3
491,2015년_고리,2015-04-29 03:00,44.4
492,2015년_고리,2015-04-29 04:00,52.6
493,2015년_고리,2015-04-29 05:00,54.4
494,2015년_고리,2015-04-29 06:00,53.7
495,2015년_고리,2015-04-29 07:00,43.4
496,2015년_고리,2015-04-29 08:00,34.3
497,2015년_고리,2015-04-29 09:00,28.6
498,2015년_고리,2015-04-29 10:00,17.5
499,2015년_고리,2015-04-29 11:00,17.7
500,2015년_고리,2015-04-29 12:00,21.4
501,2015년_고리,2015-04-29 13:00,26
502,2015년_고리,2015-04-29 14:00,38.3
503,2015년_고리,2015-04-29 15:00,44.8
504,2015년_고리,2015-04-29 16:00,52.2
505,2015년_고리,2015-04-29 17:00,53.8
506,2015년_고리,2015-04-29 18:00,56
507,2015년_고리,2015-04-29 19:00,57.7
508,2015년_고리,2015-04-29 20:00,46.9
509,2015년_고리,2015-04-29 21:00,37.9
510,2015년_고리,2015-04-29 22:00,31.4
511,2015년_고리,2015-04-29 23:00,22.5
512,2015년_고리,2015-04-30 00:00,22.3
513,2015년_고리,2015-04-30 01:00,24.7
514,2015년_고리,2015-04-30 02:00,35.3
515,2015년_고리,2015-04-30 03:00,43.8
516,2015년_고리,2015-04-30 04:00,54.4
517,2015년_고리,2015-04-30 05:00,60.9
518,2015년_고리,2015-04-30 06:00,59.8
519,2015년_고리,2015-04-30 07:00,55.2
520,2015년_고리,2015-04-30 08:00,45.1
521,2015년_고리,2015-04-30 09:00,34.4
522,2015년_고리,2015-04-30 10:00,23.6
523,2015년_고리,2015-04-30 11:00,15.1
524,2015년_고리,2015-04-30 12:00,14.7
525,2015년_고리,2015-04-30 13:00,17.9
526,2015년_고리,2015-04-30 14:00,24.5
527,2015년_고리,2015-04-30 15:00,35.2
528,2015년_고리,2015-04-30 16:00,45.3
529,2015년_고리,2015-04-30 17:00,53.6
530,2015년_고리,2015-04-30 18:00,57.7
531,2015년_고리,2015-04-30 19:00,56.8
532,2015년_고리,2015-04-30 20:00,51.8
533,2015년_고리,2015-04-30 21:00,39.6
534,2015년_고리,2015-04-30 22:00,27.3
535,2015년_고리,2015-04-30 23:00,18.2
536,2015년_고리,2015-05-01 00:00,15.5
537,2015년_고리,2015-05-01 01:00,14
538,2015년_고리,2015-05-01 02:00,21.8
539,2015년_고리,2015-05-01 03:00,31.1
540,2015년_고리,2015-05-01 04:00,42.3
541,2015년_고리,2015-05-01 05:00,52.8
542,2015년_고리,2015-05-01 06:00,58.3
543,2015년_고리,2015-05-01 07:00,58.8
544,2015년_고리,2015-05-01 08:00,50.9
545,2015년_고리,2015-05-01 09:00,40.3
546,2015년_고리,2015-05-01 10:00,28.8
547,2015년_고리,2015-05-01 11:00,17.4
548,2015년_고리,2015-05-01 12:00,12.1
549,2015년_고리,2015-05-01 13:00,15.8
550,2015년_고리,2015-05-01 14:00,22.2
551,2015년_고리,2015-05-01 15:00,33.8
552,2015년_고리,2015-05-01 16:00,46.4
553,2015년_고리,2015-05-01 17:00,53
554,2015년_고리,2015-05-01 18:00,61.6
555,2015년_고리,2015-05-01 19:00,65.4
556,2015년_고리,2015-05-01 20:00,63.5
557,2015년_고리,2015-05-01 21:00,53.5
558,2015년_고리,2015-05-01 22:00,40.4
559,2015년_고리,2015-05-01 23:00,25.8
560,2015년_고리,2015-05-02 00:00,14.9
561,2015년_고리,2015-05-02 01:00,11.2
562,2015년_고리,2015-05-02 02:00,13.7
563,2015년_고리,2015-05-02 03:00,26.7
564,2015년_고리,2015-05-02 04:00,40.4
565,2015년_고리,2015-05-02 05:00,54.3
566,2015년_고리,2015-05-02 06:00,61.4
567,2015년_고리,2015-05-02 07:00,66.6
568,2015년_고리,2015-05-02 08:00,64.4
569,2015년_고리,2015-05-02 09:00,51.3
570,2015년_고리,2015-05-02 10:00,35
571,2015년_고리,2015-05-02 11:00,25.4
572,2015년_고리,2015-05-02 12:00,14.8
573,2015년_고리,2015-05-02 13:00,11.7
574,2015년_고리,2015-05-02 14:00,16.6
575,2015년_고리,2015-05-02 15:00,25.6
576,2015년_고리,2015-05-02 16:00,39.6
577,2015년_고리,2015-05-02 17:00,52.8
578,2015년_고리,2015-05-02 18:00,61.3
579,2015년_고리,2015-05-02 19:00,69
580,2015년_고리,2015-05-02 20:00,69
581,2015년_고리,2015-05-02 21:00,62.2
582,2015년_고리,2015-05-02 22:00,51.3
583,2015년_고리,2015-05-02 23:00,30.5
584,2015년_고리,2015-05-03 00:00,15.8
585,2015년_고리,2015-05-03 01:00,9.2
586,2015년_고리,2015-05-03 02:00,11.5
587,2015년_고리,2015-05-03 03:00,19.7
588,2015년_고리,2015-05-03 04:00,35.5
589,2015년_고리,2015-05-03 05:00,50.7
590,2015년_고리,2015-05-03 06:00,62.7
591,2015년_고리,2015-05-03 07:00,74.4
592,2015년_고리,2015-05-03 08:00,75.8
593,2015년_고리,2015-05-03 09:00,65.8
594,2015년_고리,2015-05-03 10:00,58
595,2015년_고리,2015-05-03 11:00,36.2
596,2015년_고리,2015-05-03 12:00,23.3
597,2015년_고리,2015-05-03 13:00,15.3
598,2015년_고리,2015-05-03 14:00,16.6
599,2015년_고리,2015-05-03 15:00,26.6
600,2015년_고리,2015-05-03 16:00,38.2
601,2015년_고리,2015-05-03 17:00,54.2
602,2015년_고리,2015-05-03 18:00,66.8
603,2015년_고리,2015-05-03 19:00,75.2
604,2015년_고리,2015-05-03 20:00,80.7
605,2015년_고리,2015-05-03 21:00,77.2
606,2015년_고리,2015-05-03 22:00,65.1
607,2015년_고리,2015-05-03 23:00,46.9
608,2015년_고리,2015-05-04 00:00,28.8
609,2015년_고리,2015-05-04 01:00,16.5
610,2015년_고리,2015-05-04 02:00,13
611,2015년_고리,2015-05-04 03:00,17.2
612,2015년_고리,2015-05-04 04:00,28.9
613,2015년_고리,2015-05-04 05:00,45
614,2015년_고리,2015-05-04 06:00,60.3
615,2015년_고리,2015-05-04 07:00,72
616,2015년_고리,2015-05-04 08:00,82.1
617,2015년_고리,2015-05-04 09:00,75.6
618,2015년_고리,2015-05-04 10:00,62.2
619,2015년_고리,2015-05-04 11:00,47
620,2015년_고리,2015-05-04 12:00,26.7
621,2015년_고리,2015-05-04 13:00,19.9
622,2015년_고리,2015-05-04 14:00,16
623,2015년_고리,2015-05-04 15:00,19.5
624,2015년_고리,2015-05-04 16:00,28
625,2015년_고리,2015-05-04 17:00,43.9
626,2015년_고리,2015-05-04 18:00,58.7
627,2015년_고리,2015-05-04 19:00,73.3
628,2015년_고리,2015-05-04 20:00,80.1
629,2015년_고리,2015-05-04 21:00,79.3
630,2015년_고리,2015-05-04 22:00,70.2
631,2015년_고리,2015-05-04 23:00,55.5
632,2015년_고리,2015-05-05 00:00,33.7
633,2015년_고리,2015-05-05 01:00,20.1
634,2015년_고리,2015-05-05 02:00,10.6
635,2015년_고리,2015-05-05 03:00,7.5
636,2015년_고리,2015-05-05 04:00,17.2
637,2015년_고리,2015-05-05 05:00,29.4
638,2015년_고리,2015-05-05 06:00,49.7
639,2015년_고리,2015-05-05 07:00,65.9
640,2015년_고리,2015-05-05 08:00,73.5
641,2015년_고리,2015-05-05 09:00,79.1
642,2015년_고리,2015-05-05 10:00,70.5
643,2015년_고리,2015-05-05 11:00,55.1
644,2015년_고리,2015-05-05 12:00,37.7
645,2015년_고리,2015-05-05 13:00,15.6
646,2015년_고리,2015-05-05 14:00,11.1
647,2015년_고리,2015-05-05 15:00,11.2
648,2015년_고리,2015-05-05 16:00,21.4
649,2015년_고리,2015-05-05 17:00,33.2
650,2015년_고리,2015-05-05 18:00,48
651,2015년_고리,2015-05-05 19:00,58.9
652,2015년_고리,2015-05-05 20:00,70.8
653,2015년_고리,2015-05-05 21:00,78.5
654,2015년_고리,2015-05-05 22:00,70.7
655,2015년_고리,2015-05-05 23:00,60.9
656,2015년_고리,2015-05-06 00:00,45.2
657,2015년_고리,2015-05-06 01:00,23
658,2015년_고리,2015-05-06 02:00,9.7
659,2015년_고리,2015-05-06 03:00,4.9
660,2015년_고리,2015-05-06 04:00,8.9
661,2015년_고리,2015-05-06 05:00,19.3
662,2015년_고리,2015-05-06 06:00,38.7
663,2015년_고리,2015-05-06 07:00,53.6
664,2015년_고리,2015-05-06 08:00,68.7
665,2015년_고리,2015-05-06 09:00,78.3
666,2015년_고리,2015-05-06 10:00,74.8
667,2015년_고리,2015-05-06 11:00,65.1
668,2015년_고리,2015-05-06 12:00,48.9
669,2015년_고리,2015-05-06 13:00,29.5
670,2015년_고리,2015-05-06 14:00,15.7
671,2015년_고리,2015-05-06 15:00,10.5
672,2015년_고리,2015-05-06 16:00,12.6
673,2015년_고리,2015-05-06 17:00,24.8
674,2015년_고리,2015-05-06 18:00,41.6
675,2015년_고리,2015-05-06 19:00,57
676,2015년_고리,2015-05-06 20:00,70.6
677,2015년_고리,2015-05-06 21:00,77.6
678,2015년_고리,2015-05-06 22:00,81
679,2015년_고리,2015-05-06 23:00,70.1
680,2015년_고리,2015-05-07 00:00,51.9
681,2015년_고리,2015-05-07 01:00,37.1
682,2015년_고리,2015-05-07 02:00,20.2
683,2015년_고리,2015-05-07 03:00,11.7
684,2015년_고리,2015-05-07 04:00,10.3
685,2015년_고리,2015-05-07 05:00,18.9
686,2015년_고리,2015-05-07 06:00,25.3
687,2015년_고리,2015-05-07 07:00,46
688,2015년_고리,2015-05-07 08:00,65.1
689,2015년_고리,2015-05-07 09:00,73
690,2015년_고리,2015-05-07 10:00,73.3
691,2015년_고리,2015-05-07 11:00,71.2
692,2015년_고리,2015-05-07 12:00,54.8
693,2015년_고리,2015-05-07 13:00,43.7
694,2015년_고리,2015-05-07 14:00,24.4
695,2015년_고리,2015-05-07 15:00,14.5
696,2015년_고리,2015-05-07 16:00,13.9
697,2015년_고리,2015-05-07 17:00,18.8
698,2015년_고리,2015-05-07 18:00,33.1
699,2015년_고리,2015-05-07 19:00,47.6
700,2015년_고리,2015-05-07 20:00,61.4
701,2015년_고리,2015-05-07 21:00,69.9
702,2015년_고리,2015-05-07 22:00,76.9
703,2015년_고리,2015-05-07 23:00,69.2
704,2015년_고리,2015-05-08 00:00,64.2
705,2015년_고리,2015-05-08 01:00,49
706,2015년_고리,2015-05-08 02:00,27.7
707,2015년_고리,2015-05-08 03:00,12
708,2015년_고리,2015-05-08 04:00,6.2
709,2015년_고리,2015-05-08 05:00,7.6
710,2015년_고리,2015-05-08 06:00,16.9
711,2015년_고리,2015-05-08 07:00,29.1
712,2015년_고리,2015-05-08 08:00,47.3
713,2015년_고리,2015-05-08 09:00,61.8
714,2015년_고리,2015-05-08 10:00,71.4
715,2015년_고리,2015-05-08 11:00,69
716,2015년_고리,2015-05-08 12:00,63.7
717,2015년_고리,2015-05-08 13:00,50.8
718,2015년_고리,2015-05-08 14:00,33.8
719,2015년_고리,2015-05-08 15:00,25.4
720,2015년_고리,2015-05-08 16:00,17.6
721,2015년_고리,2015-05-08 17:00,17.7
722,2015년_고리,2015-05-08 18:00,28.4
723,2015년_고리,2015-05-08 19:00,36.5
724,2015년_고리,2015-05-08 20:00,47.1
725,2015년_고리,2015-05-08 21:00,65.2
726,2015년_고리,2015-05-08 22:00,69.6
727,2015년_고리,2015-05-08 23:00,75.5
728,2015년_고리,2015-05-09 00:00,65.5
729,2015년_고리,2015-05-09 01:00,57
730,2015년_고리,2015-05-09 02:00,44.4
731,2015년_고리,2015-05-09 03:00,26.7
732,2015년_고리,2015-05-09 04:00,20.2
733,2015년_고리,2015-05-09 05:00,12.8
734,2015년_고리,2015-05-09 06:00,9.5
735,2015년_고리,2015-05-09 07:00,24.7
736,2015년_고리,2015-05-09 08:00,33
737,2015년_고리,2015-05-09 09:00,52.9
738,2015년_고리,2015-05-09 10:00,57.4
739,2015년_고리,2015-05-09 11:00,66.1
740,2015년_고리,2015-05-09 12:00,66.1
741,2015년_고리,2015-05-09 13:00,57.9
742,2015년_고리,2015-05-09 14:00,54.2
743,2015년_고리,2015-05-09 15:00,34.7
744,2015년_고리,2015-05-09 16:00,21.5
745,2015년_고리,2015-05-09 17:00,19.9
746,2015년_고리,2015-05-09 18:00,22.9
747,2015년_고리,2015-05-09 19:00,30.3
748,2015년_고리,2015-05-09 20:00,48.3
749,2015년_고리,2015-05-09 21:00,53.9
750,2015년_고리,2015-05-09 22:00,53.5
751,2015년_고리,2015-05-09 23:00,59.5
752,2015년_고리,2015-05-10 00:00,61.6
753,2015년_고리,2015-05-10 01:00,57
754,2015년_고리,2015-05-10 02:00,49.3
755,2015년_고리,2015-05-10 03:00,40
756,2015년_고리,2015-05-10 04:00,22.9
757,2015년_고리,2015-05-10 05:00,10.7
758,2015년_고리,2015-05-10 06:00,17.7
759,2015년_고리,2015-05-10 07:00,18.1
760,2015년_고리,2015-05-10 08:00,25.3
761,2015년_고리,2015-05-10 09:00,36.5
762,2015년_고리,2015-05-10 10:00,44.4
763,2015년_고리,2015-05-10 11:00,55.7
764,2015년_고리,2015-05-10 12:00,61.5
765,2015년_고리,2015-05-10 13:00,59.6
766,2015년_고리,2015-05-10 14:00,56
767,2015년_고리,2015-05-10 15:00,46.2
768,2015년_고리,2015-05-10 16:00,33.8
769,2015년_고리,2015-05-10 17:00,23.6
770,2015년_고리,2015-05-10 18:00,19.2
771,2015년_고리,2015-05-10 19:00,23.7
772,2015년_고리,2015-05-10 20:00,33.8
773,2015년_고리,2015-05-10 21:00,43.2
774,2015년_고리,2015-05-10 22:00,48.2
775,2015년_고리,2015-05-10 23:00,56.2
776,2015년_고리,2015-05-11 00:00,56.6
777,2015년_고리,2015-05-11 01:00,53.6
778,2015년_고리,2015-05-11 02:00,52.2
779,2015년_고리,2015-05-11 03:00,46.5
780,2015년_고리,2015-05-11 04:00,35.9
781,2015년_고리,2015-05-11 05:00,25.6
782,2015년_고리,2015-05-11 06:00,18.5
783,2015년_고리,2015-05-11 07:00,15.1
784,2015년_고리,2015-05-11 08:00,18.2
785,2015년_고리,2015-05-11 09:00,23.6
786,2015년_고리,2015-05-11 10:00,33
787,2015년_고리,2015-05-11 11:00,41.5
788,2015년_고리,2015-05-11 12:00,49.1
789,2015년_고리,2015-05-11 13:00,53.1
790,2015년_고리,2015-05-11 14:00,55.8
791,2015년_고리,2015-05-11 15:00,47.7
792,2015년_고리,2015-05-11 16:00,44.9
793,2015년_고리,2015-05-11 17:00,26.8
794,2015년_고리,2015-05-11 18:00,28.4
795,2015년_고리,2015-05-11 19:00,32
796,2015년_고리,2015-05-11 20:00,29.4
797,2015년_고리,2015-05-11 21:00,43.3
798,2015년_고리,2015-05-11 22:00,49.7
799,2015년_고리,2015-05-11 23:00,48.5
800,2015년_고리,2015-05-12 00:00,69.7
801,2015년_고리,2015-05-12 01:00,50.6
802,2015년_고리,2015-05-12 02:00,55.5
803,2015년_고리,2015-05-12 03:00,61.4
804,2015년_고리,2015-05-12 04:00,42.6
805,2015년_고리,2015-05-12 05:00,54.6
806,2015년_고리,2015-05-12 06:00,26.6
807,2015년_고리,2015-05-12 07:00,36.3
808,2015년_고리,2015-05-12 08:00,18.7
809,2015년_고리,2015-05-12 09:00,15.3
810,2015년_고리,2015-05-12 10:00,27.6
811,2015년_고리,2015-05-12 11:00,13.7
812,2015년_고리,2015-05-12 12:00,60.4
813,2015년_고리,2015-05-12 13:00,59.5
814,2015년_고리,2015-05-12 14:00,68.4
815,2015년_고리,2015-05-12 15:00,75.2
816,2015년_고리,2015-05-12 16:00,71.9
