date,wind_max,wind_dir
2014-01-01,22.4,267
2014-01-02,14.5,299
2014-01-03,9.3,294
2014-01-04,16.7,18
2014-01-05,15.7,359
2014-01-06,15.0,351
2014-01-07,13.6,298
2014-01-08,21.2,335
2014-01-09,29.2,320
2014-01-10,22.4,309
2014-01-11,12.0,308
2014-01-12,17.7,300
2014-01-13,20.3,334
2014-01-14,16.2,342
2014-01-15,20.3,334
2014-01-16,13.1,337
2014-01-17,16.3,333
2014-01-18,23.3,312
2014-01-19,17.2,304
2014-01-20,20.4,275
2014-01-21,22.0,309
2014-01-22,15.8,321
2014-01-23,11.9,274
2014-01-24,21.8,252
2014-01-25,22.3,246
2014-01-26,21.7,347
2014-01-27,20.0,232
2014-01-28,16.8,286
2014-01-29,12.0,252
2014-01-30,24.6,259
2014-01-31,12.9,301
2014-02-01,19.1,203
2014-02-02,14.1,252
2014-02-03,23.2,333
2014-02-04,27.0,323
2014-02-05,17.9,357
2014-02-06,17.8,21
2014-02-07,29.3,57
2014-02-08,26.8,47
2014-02-09,20.0,6
2014-02-10,30.5,33
2014-02-11,23.4,41
2014-02-12,19.1,37
2014-02-13,23.7,39
2014-02-14,30.9,40
2014-02-15,17.7,4
2014-02-16,10.8,274
2014-02-17,25.6,42
2014-02-18,30.3,44
2014-02-19,22.1,42
2014-02-20,10.6,319
2014-02-21,13.8,346
2014-02-22,10.5,31
2014-02-23,11.2,26
2014-02-24,13.1,277
2014-02-25,11.2,277
2014-02-26,20.6,54
2014-02-27,17.6,336
2014-02-28,22.7,40
2014-03-01,15.2,59
2014-03-02,19.6,10
2014-03-03,15.8,58
2014-03-04,12.1,73
2014-03-05,22.3,332
2014-03-06,20.4,325
2014-03-07,19.1,306
2014-03-08,13.4,294
2014-03-09,24.3,302
2014-03-10,19.2,305
2014-03-11,20.5,248
2014-03-12,14.0,215
2014-03-13,34.7,16
2014-03-14,14.4,328
2014-03-15,26.6,243
2014-03-16,20.4,238
2014-03-17,23.0,221
2014-03-18,25.8,245
2014-03-19,21.2,59
2014-03-20,19.7,338
2014-03-21,16.2,334
2014-03-22,17.3,251
2014-03-23,16.6,263
2014-03-24,23.7,241
2014-03-25,21.9,224
2014-03-26,15.5,236
2014-03-27,12.7,186
2014-03-28,15.6,221
2014-03-29,20.8,156
2014-03-30,12.3,22
2014-03-31,13.0,209
2014-04-01,11.3,176
2014-04-02,12.2,201
2014-04-03,15.1,260
2014-04-04,20.9,324
2014-04-05,20.5,297
2014-04-06,17.9,304
2014-04-07,17.4,260
2014-04-08,13.3,266
2014-04-09,17.1,245
2014-04-10,24.8,45
2014-04-11,11.2,72
2014-04-12,12.1,67
2014-04-13,19.1,42
2014-04-14,14.1,40
2014-04-15,16.3,274
2014-04-16,18.2,248
2014-04-17,20.1,272
2014-04-18,21.4,42
2014-04-19,26.0,51
2014-04-20,21.5,63
2014-04-21,11.0,11
2014-04-22,14.5,30
2014-04-23,17.3,231
2014-04-24,16.3,187
2014-04-25,14.0,201
2014-04-26,14.2,223
2014-04-27,15.5,196
2014-04-28,29.2,75
2014-04-29,22.9,175
2014-04-30,12.0,91
2014-05-01,17.5,236
2014-05-02,23.1,236
2014-05-03,24.0,281
2014-05-04,22.2,222
2014-05-05,19.7,284
2014-05-06,17.9,247
2014-05-07,20.9,217
2014-05-08,27.8,240
2014-05-09,16.2,39
2014-05-10,19.7,59
2014-05-11,17.7,94
2014-05-12,34.6,216
2014-05-13,20.1,241
2014-05-14,11.9,207
2014-05-15,17.7,299
2014-05-16,17.1,255
2014-05-17,16.4,211
2014-05-18,11.2,127
2014-05-19,13.1,171
2014-05-20,10.8,34
2014-05-21,13.2,313
2014-05-22,15.7,112
2014-05-23,12.4,85
2014-05-24,19.4,232
2014-05-25,25.5,203
2014-05-26,23.0,244
2014-05-27,23.6,230
2014-05-28,22.9,215
2014-05-29,17.0,228
2014-05-30,18.7,232
2014-05-31,17.9,237
2014-06-01,15.3,239
2014-06-02,11.1,172
2014-06-03,18.7,94
2014-06-04,26.4,55
2014-06-05,19.2,31
2014-06-06,16.6,39
2014-06-07,16.7,60
2014-06-08,13.1,89
2014-06-09,16.9,68
2014-06-10,19.5,47
2014-06-11,21.3,39
2014-06-12,13.1,34
2014-06-13,16.6,217
2014-06-14,19.7,229
2014-06-15,19.0,236
2014-06-16,18.1,234
2014-06-17,16.1,187
2014-06-18,20.4,52
2014-06-19,16.3,217
2014-06-20,17.5,66
2014-06-21,25.2,45
2014-06-22,18.7,45
2014-06-23,13.0,189
2014-06-24,14.6,218
2014-06-25,14.8,199
2014-06-26,17.5,202
2014-06-27,16.4,99
2014-06-28,16.7,248
2014-06-29,12.9,228
2014-06-30,12.9,154
2014-07-01,13.8,194
2014-07-02,11.9,160
2014-07-03,23.0,67
2014-07-04,16.3,43
2014-07-05,13.0,57
2014-07-06,15.9,83
2014-07-07,11.7,88
2014-07-08,12.6,184
2014-07-09,23.3,71
2014-07-10,23.4,41
2014-07-11,14.7,274
2014-07-12,19.3,227
2014-07-13,11.0,245
2014-07-14,17.5,236
2014-07-15,12.1,214
2014-07-16,14.0,229
2014-07-17,17.9,235
2014-07-18,16.6,233
2014-07-19,12.9,242
2014-07-20,10.1,70
2014-07-21,14.7,218
2014-07-22,21.8,228
2014-07-23,19.0,230
2014-07-24,18.6,231
2014-07-25,30.4,198
2014-07-26,30.9,224
2014-07-27,14.9,74
2014-07-28,10.6,76
2014-07-29,12.3,148
2014-07-30,9.2,132
2014-07-31,17.1,113
2014-08-01,21.5,68
2014-08-02,32.4,103
2014-08-03,36.6,164
2014-08-04,25.9,209
2014-08-05,18.4,236
2014-08-06,15.9,229
2014-08-07,15.4,45
2014-08-08,29.4,42
2014-08-09,37.4,39
2014-08-10,26.1,9
2014-08-11,13.6,215
2014-08-12,14.3,256
2014-08-13,8.1,155
2014-08-14,19.4,33
2014-08-15,17.8,35
2014-08-16,12.5,47
2014-08-17,20.7,56
2014-08-18,23.2,195
2014-08-19,24.0,211
2014-08-20,19.0,193
2014-08-21,31.1,210
2014-08-22,12.0,234
2014-08-23,13.5,238
2014-08-24,10.4,210
2014-08-25,19.1,202
2014-08-26,16.7,352
2014-08-27,18.1,42
2014-08-28,16.1,50
2014-08-29,19.0,49
2014-08-30,19.4,44
2014-08-31,15.5,46
2014-09-01,18.8,46
2014-09-02,18.2,62
2014-09-03,25.0,201
2014-09-04,14.6,243
2014-09-05,9.7,265
2014-09-06,8.5,259
2014-09-07,11.6,46
2014-09-08,9.7,52
2014-09-09,10.3,240
2014-09-10,11.7,51
2014-09-11,15.0,49
2014-09-12,11.9,67
2014-09-13,19.3,59
2014-09-14,17.2,52
2014-09-15,7.9,348
2014-09-16,10.5,50
2014-09-17,9.4,58
2014-09-18,18.2,52
2014-09-19,14.8,72
2014-09-20,17.0,72
2014-09-21,12.6,61
2014-09-22,17.7,50
2014-09-23,15.2,67
2014-09-24,32.4,136
2014-09-25,15.5,27
2014-09-26,18.3,48
2014-09-27,8.7,22
2014-09-28,13.4,41
2014-09-29,11.2,60
2014-09-30,25.0,42
2014-10-01,18.9,53
2014-10-02,11.2,12
2014-10-03,17.6,330
2014-10-04,32.1,44
2014-10-05,32.4,36
2014-10-06,22.3,8
2014-10-07,12.4,35
2014-10-08,15.7,46
2014-10-09,13.8,42
2014-10-10,27.5,38
2014-10-11,29.8,47
2014-10-12,28.2,41
2014-10-13,40.2,24
2014-10-14,20.2,27
2014-10-15,10.1,130
2014-10-16,19.6,280
2014-10-17,11.5,308
2014-10-18,8.3,319
2014-10-19,9.8,148
2014-10-20,20.8,206
2014-10-21,27.9,46
2014-10-22,31.3,32
2014-10-23,13.3,38
2014-10-24,9.7,254
2014-10-25,10.0,251
2014-10-26,12.6,269
2014-10-27,19.0,18
2014-10-28,8.7,24
2014-10-29,7.4,85
2014-10-30,8.9,63
2014-10-31,19.2,49
2014-11-01,7.4,332
2014-11-02,22.9,290
2014-11-03,22.2,310
2014-11-04,8.9,341
2014-11-05,7.6,303
2014-11-06,14.3,340
2014-11-07,12.2,31
2014-11-08,9.4,43
2014-11-09,15.6,332
2014-11-10,12.7,17
2014-11-11,9.4,313
2014-11-12,24.6,280
2014-11-13,24.5,295
2014-11-14,19.7,288
2014-11-15,11.8,306
2014-11-16,10.5,293
2014-11-17,16.3,309
2014-11-18,15.4,331
2014-11-19,9.4,335
2014-11-20,8.3,295
2014-11-21,9.3,252
2014-11-22,8.5,319
2014-11-23,12.2,30
2014-11-24,25.8,38
2014-11-25,29.4,41
2014-11-26,16.9,22
2014-11-27,9.2,68
2014-11-28,15.9,182
2014-11-29,16.9,358
2014-11-30,11.9,60
2014-12-01,31.2,293
2014-12-02,24.2,292
2014-12-03,23.7,263
2014-12-04,17.3,296
2014-12-05,23.9,304
2014-12-06,24.4,304
2014-12-07,13.8,312
2014-12-08,17.1,339
2014-12-09,17.2,350
2014-12-10,10.9,312
2014-12-11,18.6,305
2014-12-12,21.9,306
2014-12-13,22.2,302
2014-12-14,18.1,296
2014-12-15,9.8,237
2014-12-16,31.3,292
2014-12-17,30.4,298
2014-12-18,20.7,321
2014-12-19,7.8,303
2014-12-20,24.3,301
2014-12-21,20.1,297
2014-12-22,22.8,284
2014-12-23,16.5,293
2014-12-24,18.8,283
2014-12-25,20.9,317
2014-12-26,15.9,341
2014-12-27,11.4,358
2014-12-28,9.8,324
2014-12-29,16.7,291
2014-12-30,16.3,269
2014-12-31,26.5,296
2015-01-01,31.8,304
2015-01-02,26.6,301
2015-01-03,14.8,290
2015-01-04,9.8,287
2015-01-05,14.8,222
2015-01-06,26.0,303
2015-01-07,22.9,326
2015-01-08,16.5,318
2015-01-09,19.8,305
2015-01-10,17.2,295
2015-01-11,24.0,292
2015-01-12,19.9,349
2015-01-13,7.6,37
2015-01-14,12.1,10
2015-01-15,18.4,354
2015-01-16,22.7,285
2015-01-17,23.7,306
2015-01-18,20.0,272
2015-01-19,24.1,288
2015-01-20,13.6,18
2015-01-21,8.8,44
2015-01-22,23.1,8
2015-01-23,12.3,302
2015-01-24,10.8,296
2015-01-25,13.6,133
2015-01-26,14.7,298
2015-01-27,20.0,329
2015-01-28,18.8,6
2015-01-29,18.8,67
2015-01-30,23.7,327
2015-01-31,21.1,333
2015-02-01,9.7,342
2015-02-02,9.0,29
2015-02-03,8.7,47
2015-02-04,15.0,344
2015-02-05,19.7,317
2015-02-06,11.7,289
2015-02-07,14.7,278
2015-02-08,28.2,302
2015-02-09,22.8,302
2015-02-10,20.4,271
2015-02-11,22.9,253
2015-02-12,22.6,300
2015-02-13,18.9,305
2015-02-14,15.3,268
2015-02-15,16.8,49
2015-02-16,21.0,67
2015-02-17,19.4,303
2015-02-18,15.5,325
2015-02-19,16.6,3
2015-02-20,13.2,70
2015-02-21,20.6,133
2015-02-22,18.8,249
2015-02-23,16.8,306
2015-02-24,13.8,332
2015-02-25,14.2,129
2015-02-26,21.9,283
2015-02-27,20.7,330
2015-02-28,22.3,60
2015-03-01,21.2,318
2015-03-02,20.2,287
2015-03-03,9.3,289
2015-03-04,25.5,303
2015-03-05,17.9,18
2015-03-06,13.4,63
2015-03-07,10.2,49
2015-03-08,16.8,50
2015-03-09,27.6,312
2015-03-10,29.8,306
2015-03-11,27.9,272
2015-03-12,19.7,263
2015-03-13,24.9,249
2015-03-14,11.4,300
2015-03-15,15.7,235
2015-03-16,9.5,90
2015-03-17,13.2,238
2015-03-18,25.9,40
2015-03-19,21.6,32
2015-03-20,16.6,43
2015-03-21,15.0,260
2015-03-22,19.1,300
2015-03-23,20.6,318
2015-03-24,12.1,315
2015-03-25,16.0,211
2015-03-26,17.4,245
2015-03-27,18.3,250
2015-03-28,20.2,238
2015-03-29,9.2,272
2015-03-30,15.9,185
2015-03-31,14.2,215
2015-04-01,25.6,40
2015-04-02,34.0,122
2015-04-03,36.4,205
2015-04-04,23.7,52
2015-04-05,17.6,49
2015-04-06,15.7,39
2015-04-07,25.5,54
2015-04-08,17.9,62
2015-04-09,16.4,63
2015-04-10,19.9,43
2015-04-11,17.5,54
2015-04-12,24.7,50
2015-04-13,32.4,39
2015-04-14,19.4,265
2015-04-15,24.3,253
2015-04-16,28.9,238
2015-04-17,15.9,244
2015-04-18,12.1,222
2015-04-19,22.8,180
2015-04-20,20.6,31
2015-04-21,15.5,268
2015-04-22,18.4,256
2015-04-23,16.6,249
2015-04-24,17.4,245
2015-04-25,13.7,268
2015-04-26,16.9,249
2015-04-27,18.7,234
2015-04-28,13.8,181
2015-04-29,13.5,70
2015-04-30,15.7,54
2015-05-01,10.7,95
2015-05-02,13.8,212
2015-05-03,20.5,126
2015-05-04,19.3,304
2015-05-05,18.2,259
2015-05-06,11.3,239
2015-05-07,14.3,234
2015-05-08,13.7,209
2015-05-09,12.9,200
2015-05-10,18.4,68
2015-05-11,33.3,119
2015-05-12,38.4,223
2015-05-13,30.0,229
2015-05-14,29.2,219
2015-05-15,12.3,216
2015-05-16,15.6,82
2015-05-17,12.6,242
2015-05-18,9.7,294
2015-05-19,15.5,246
2015-05-20,15.6,19
2015-05-21,19.2,245
2015-05-22,19.7,238
2015-05-23,15.9,229
2015-05-24,16.2,231
2015-05-25,18.3,230
2015-05-26,15.8,257
2015-05-27,13.9,232
2015-05-28,15.9,75
2015-05-29,13.7,165
2015-05-30,7.2,259
2015-05-31,18.7,58
2015-06-01,15.8,224
2015-06-02,15.2,219
2015-06-03,13.9,58
2015-06-04,17.7,202
2015-06-05,14.3,30
2015-06-06,16.6,146
2015-06-07,12.8,116
2015-06-08,10.3,74
2015-06-09,16.6,218
2015-06-10,13.1,192
2015-06-11,17.7,85
2015-06-12,24.2,229
2015-06-13,28.5,209
2015-06-14,20.0,212
2015-06-15,20.3,212
2015-06-16,11.6,181
2015-06-17,14.2,76
2015-06-18,25.8,44
2015-06-19,21.1,38
2015-06-20,7.6,115
2015-06-21,9.8,163
2015-06-22,16.2,206
2015-06-23,13.6,185
2015-06-24,14.4,69
2015-06-25,18.9,59
2015-06-26,25.1,254
2015-06-27,15.1,63
2015-06-28,17.2,62
2015-06-29,7.9,134
2015-06-30,13.3,72
2015-07-01,20.4,241
2015-07-02,16.3,223
2015-07-03,13.2,240
2015-07-04,15.5,73
2015-07-05,13.0,80
2015-07-06,15.0,66
2015-07-07,20.4,50
2015-07-08,19.2,52
2015-07-09,19.8,42
2015-07-10,17.6,50
2015-07-11,11.4,61
2015-07-12,40.5,151
2015-07-13,37.3,214
2015-07-14,18.8,224
2015-07-15,23.8,36
2015-07-16,33.2,28
2015-07-17,27.2,7
2015-07-18,10.7,133
2015-07-19,15.6,48
2015-07-20,16.6,43
2015-07-21,10.3,100
2015-07-22,19.3,193
2015-07-23,21.3,219
2015-07-24,30.5,211
2015-07-25,27.0,214
2015-07-26,12.8,92
2015-07-27,19.1,240
2015-07-28,14.3,238
2015-07-29,17.3,233
2015-07-30,18.7,225
2015-07-31,16.5,228
2015-08-01,17.6,229
2015-08-02,18.6,227
2015-08-03,19.5,226
2015-08-04,18.6,229
2015-08-05,17.2,229
2015-08-06,11.2,215
2015-08-07,13.8,72
2015-08-08,12.5,71
2015-08-09,15.6,229
2015-08-10,14.0,266
2015-08-11,14.1,338
2015-08-12,23.7,54
2015-08-13,14.2,297
2015-08-14,11.1,228
2015-08-15,8.0,159
2015-08-16,16.8,64
2015-08-17,14.6,48
2015-08-18,17.7,40
2015-08-19,18.0,53
2015-08-20,7.6,77
2015-08-21,21.9,39
2015-08-22,8.9,244
2015-08-23,10.8,60
2015-08-24,22.9,59
2015-08-25,36.7,11
2015-08-26,12.0,230
2015-08-27,17.1,235
2015-08-28,14.7,228
2015-08-29,7.3,216
2015-08-30,9.4,117
2015-08-31,19.1,66
2015-09-01,23.4,28
2015-09-02,13.7,115
2015-09-03,13.8,259
2015-09-04,11.3,31
2015-09-05,11.3,94
2015-09-06,27.9,40
2015-09-07,26.0,35
2015-09-08,27.8,33
2015-09-09,25.0,18
2015-09-10,11.2,341
2015-09-11,16.1,223
2015-09-12,11.8,267
2015-09-13,13.0,310
2015-09-14,17.7,56
2015-09-15,22.5,55
2015-09-16,23.6,39
2015-09-17,28.6,22
2015-09-18,19.2,38
2015-09-19,10.1,57
2015-09-20,7.7,83
2015-09-21,15.9,58
2015-09-22,15.4,57
2015-09-23,18.3,46
2015-09-24,24.6,45
2015-09-25,19.8,30
2015-09-26,10.1,34
2015-09-27,16.5,45
2015-09-28,16.3,37
2015-09-29,23.7,42
2015-09-30,19.5,77
2015-10-01,39.3,221
2015-10-02,27.0,306
2015-10-03,16.3,257
2015-10-04,15.3,27
2015-10-05,9.5,50
2015-10-06,9.5,53
2015-10-07,11.1,53
2015-10-08,9.9,297
2015-10-09,15.1,286
2015-10-10,20.6,245
2015-10-11,18.7,271
2015-10-12,18.0,284
2015-10-13,13.1,287
2015-10-14,9.5,341
2015-10-15,8.0,57
2015-10-16,10.5,30
2015-10-17,13.1,31
2015-10-18,8.6,351
2015-10-19,15.0,52
2015-10-20,17.9,35
2015-10-21,9.7,44
2015-10-22,21.3,56
2015-10-23,7.7,41
2015-10-24,18.4,314
2015-10-25,23.9,58
2015-10-26,16.6,87
2015-10-27,30.8,258
2015-10-28,19.4,300
2015-10-29,14.2,270
2015-10-30,15.6,330
2015-10-31,16.4,340
2015-11-01,10.9,3
2015-11-02,16.3,305
2015-11-03,11.1,352
2015-11-04,8.5,99
2015-11-05,7.9,291
2015-11-06,24.8,45
2015-11-07,26.4,48
2015-11-08,13.9,24
2015-11-09,14.2,336
2015-11-10,14.1,5
2015-11-11,16.2,50
2015-11-12,26.6,74
2015-11-13,26.6,66
2015-11-14,13.6,292
2015-11-15,8.8,354
2015-11-16,16.3,142
2015-11-17,19.9,40
2015-11-18,30.7,38
2015-11-19,24.3,43
2015-11-20,8.0,354
2015-11-21,10.7,27
2015-11-22,19.2,41
2015-11-23,14.7,22
2015-11-24,24.2,29
2015-11-25,20.1,15
2015-11-26,25.9,289
2015-11-27,24.2,295
2015-11-28,16.8,300
2015-11-29,7.9,320
2015-11-30,13.9,321
2015-12-01,11.3,38
2015-12-02,21.9,221
2015-12-03,27.7,276
2015-12-04,27.6,285
2015-12-05,19.3,283
2015-12-06,10.0,335
2015-12-07,12.6,17
2015-12-08,13.4,11
2015-12-09,11.2,74
2015-12-10,19.2,42
2015-12-11,24.3,18
2015-12-12,20.2,36
2015-12-13,9.2,27
2015-12-14,12.6,64
2015-12-15,17.8,306
2015-12-16,21.1,288
2015-12-17,24.5,311
2015-12-18,16.3,315
2015-12-19,12.9,353
2015-12-20,8.4,343
2015-12-21,9.1,322
2015-12-22,10.8,26
2015-12-23,10.0,19
2015-12-24,19.5,331
2015-12-25,21.9,317
2015-12-26,18.0,268
2015-12-27,14.8,332
2015-12-28,22.1,316
2015-12-29,18.3,321
2015-12-30,11.2,299
2015-12-31,18.6,314
2016-01-01,11.5,284
2016-01-02,13.0,261
2016-01-03,12.2,273
2016-01-04,13.3,312
2016-01-05,12.6,328
2016-01-06,16.6,325
2016-01-07,18.9,312
2016-01-08,19.8,302
2016-01-09,16.3,287
2016-01-10,11.8,303
2016-01-11,15.9,337
2016-01-12,15.0,329
2016-01-13,22.8,293
2016-01-14,14.8,288
2016-01-15,8.7,303
2016-01-16,10.5,12
2016-01-17,13.7,52
2016-01-18,30.5,299
2016-01-19,35.1,292
2016-01-20,28.2,321
2016-01-21,19.3,326
2016-01-22,19.7,334
2016-01-23,23.9,319
2016-01-24,35.7,306
2016-01-25,22.5,298
2016-01-26,22.5,277
2016-01-27,14.6,260
2016-01-28,20.1,12
2016-01-29,25.8,28
2016-01-30,22.7,22
2016-01-31,15.0,327
2016-02-01,18.0,328
2016-02-02,19.7,331
2016-02-03,16.4,323
2016-02-04,16.9,301
2016-02-05,15.3,315
2016-02-06,16.4,317
2016-02-07,16.0,316
2016-02-08,24.6,264
2016-02-09,21.9,287
2016-02-10,9.7,24
2016-02-11,11.6,96
2016-02-12,26.3,171
2016-02-13,22.1,190
2016-02-14,26.3,290
2016-02-15,26.5,300
2016-02-16,22.0,276
2016-02-17,17.1,290
2016-02-18,22.0,251
2016-02-19,14.7,252
2016-02-20,18.4,352
2016-02-21,20.4,312
2016-02-22,10.8,275
2016-02-23,20.9,316
2016-02-24,20.4,348
2016-02-25,19.7,317
2016-02-26,20.1,258
2016-02-27,24.0,250
2016-02-28,31.0,241
2016-02-29,29.6,305
2016-03-01,19.4,303
2016-03-02,19.4,255
2016-03-03,15.8,245
2016-03-04,8.7,107
2016-03-05,26.2,177
2016-03-06,28.6,214
2016-03-07,16.1,56
2016-03-08,14.6,340
2016-03-09,23.6,14
2016-03-10,19.3,336
2016-03-11,18.5,335
2016-03-12,14.0,328
2016-03-13,7.4,22
2016-03-14,16.5,14
2016-03-15,13.7,262
2016-03-16,16.5,242
2016-03-17,14.0,238
2016-03-18,16.0,110
2016-03-19,20.0,26
2016-03-20,16.6,56
2016-03-21,12.1,68
2016-03-22,17.3,255
2016-03-23,18.4,42
2016-03-24,22.7,42
2016-03-25,12.4,78
2016-03-26,10.9,152
2016-03-27,14.8,292
2016-03-28,18.4,260
2016-03-29,28.0,232
2016-03-30,18.9,236
2016-03-31,9.2,206
2016-04-01,13.4,35
2016-04-02,11.9,215
2016-04-03,18.4,35
2016-04-04,20.9,43
2016-04-05,13.4,252
2016-04-06,17.5,71
2016-04-07,17.9,11
2016-04-08,15.0,245
2016-04-09,16.0,243
2016-04-10,19.3,42
2016-04-11,21.2,60
2016-04-12,13.4,104
2016-04-13,17.7,175
2016-04-14,11.1,309
2016-04-15,19.6,60
2016-04-16,39.7,165
2016-04-17,43.3,248
2016-04-18,18.6,249
2016-04-19,18.3,235
2016-04-20,13.6,179
2016-04-21,23.2,182
2016-04-22,16.3,247
2016-04-23,8.7,327
2016-04-24,16.1,38
2016-04-25,10.8,50
2016-04-26,17.6,46
2016-04-27,31.2,34
2016-04-28,28.2,20
2016-04-29,14.2,219
2016-04-30,23.7,228
2016-05-01,19.5,229
2016-05-02,19.4,207
2016-05-03,42.7,199
2016-05-04,30.8,245
2016-05-05,17.1,232
2016-05-06,21.3,198
2016-05-07,17.1,309
2016-05-08,14.4,58
2016-05-09,8.8,65
2016-05-10,22.9,28
2016-05-11,16.2,278
2016-05-12,14.5,229
2016-05-13,17.6,17
2016-05-14,18.6,53
2016-05-15,26.4,197
2016-05-16,27.1,267
2016-05-17,10.2,276
2016-05-18,7.4,80
2016-05-19,8.0,41
2016-05-20,13.7,53
2016-05-21,15.7,45
2016-05-22,15.6,48
2016-05-23,10.4,76
2016-05-24,21.5,211
2016-05-25,14.2,244
2016-05-26,12.9,246
2016-05-27,13.4,53
2016-05-28,10.0,231
2016-05-29,12.6,233
2016-05-30,11.8,270
2016-05-31,16.1,262
2016-06-01,20.5,59
2016-06-02,13.1,75
2016-06-03,16.1,227
2016-06-04,14.1,183
2016-06-05,26.5,44
2016-06-06,17.2,50
2016-06-07,8.3,155
2016-06-08,12.7,220
2016-06-09,9.2,83
2016-06-10,9.4,102
2016-06-11,13.9,219
2016-06-12,6.6,218
2016-06-13,11.1,67
2016-06-14,10.9,132
2016-06-15,22.3,202
2016-06-16,13.5,242
2016-06-17,18.8,240
2016-06-18,17.4,215
2016-06-19,20.2,220
2016-06-20,13.5,211
2016-06-21,11.0,57
2016-06-22,11.9,65
2016-06-23,11.4,88
2016-06-24,27.8,224
2016-06-25,22.3,245
2016-06-26,12.1,246
2016-06-27,13.1,215
2016-06-28,12.4,81
2016-06-29,9.7,102
2016-06-30,16.8,226
2016-07-01,30.2,204
2016-07-02,34.8,220
2016-07-03,9.9,227
2016-07-04,13.4,193
2016-07-05,25.4,201
2016-07-06,19.4,223
2016-07-07,11.0,150
2016-07-08,11.9,96
2016-07-09,10.8,160
2016-07-10,10.7,218
2016-07-11,14.8,170
2016-07-12,15.0,216
2016-07-13,15.3,243
2016-07-14,16.0,356
2016-07-15,14.9,69
2016-07-16,17.3,129
2016-07-17,17.7,233
2016-07-18,9.2,236
2016-07-19,16.2,83
2016-07-20,17.7,62
2016-07-21,14.9,73
2016-07-22,12.2,72
2016-07-23,7.6,120
2016-07-24,15.2,223
2016-07-25,11.6,238
2016-07-26,18.3,225
2016-07-27,21.9,224
2016-07-28,23.4,216
2016-07-29,17.4,221
2016-07-30,12.0,227
2016-07-31,8.0,308
2016-08-01,10.3,292
2016-08-02,7.4,359
2016-08-03,8.4,50
2016-08-04,12.7,75
2016-08-05,8.9,75
2016-08-06,8.9,82
2016-08-07,10.4,221
2016-08-08,6.9,16
2016-08-09,17.1,51
2016-08-10,10.9,145
2016-08-11,13.7,203
2016-08-12,12.4,223
2016-08-13,17.3,231
2016-08-14,17.6,236
2016-08-15,6.6,257
2016-08-16,17.2,61
2016-08-17,9.1,56
2016-08-18,15.7,62
2016-08-19,14.9,57
2016-08-20,18.4,45
2016-08-21,17.9,43
2016-08-22,16.3,40
2016-08-23,16.2,59
2016-08-24,18.5,55
2016-08-25,12.1,142
2016-08-26,29.5,36
2016-08-27,25.3,52
2016-08-28,23.0,23
2016-08-29,20.3,334
2016-08-30,22.6,271
2016-08-31,35.3,242
2016-09-01,23.9,211
2016-09-02,17.3,88
2016-09-03,15.2,133
2016-09-04,15.2,35
2016-09-05,12.1,40
2016-09-06,6.8,295
2016-09-07,6.9,352
2016-09-08,8.8,19
2016-09-09,10.0,98
2016-09-10,11.4,65
2016-09-11,13.6,46
2016-09-12,17.7,24
2016-09-13,14.7,41
2016-09-14,10.9,54
2016-09-15,9.0,64
2016-09-16,7.8,34
2016-09-17,23.5,43
2016-09-18,21.9,38
2016-09-19,30.8,41
2016-09-20,31.6,30
2016-09-21,19.9,37
2016-09-22,17.6,30
2016-09-23,12.8,38
2016-09-24,12.8,48
2016-09-25,8.8,41
2016-09-26,10.3,47
2016-09-27,8.6,38
2016-09-28,14.3,24
2016-09-29,24.0,49
2016-09-30,13.6,38
2016-10-01,12.0,46
2016-10-02,10.9,77
2016-10-03,18.7,227
2016-10-04,26.5,41
2016-10-05,43.5,36
2016-10-06,15.5,36
2016-10-07,19.9,74
2016-10-08,12.3,306
2016-10-09,20.8,356
2016-10-10,16.7,34
2016-10-11,11.9,6
2016-10-12,14.0,14
2016-10-13,7.0,56
2016-10-14,8.7,32
2016-10-15,15.0,51
2016-10-16,9.5,77
2016-10-17,10.5,301
2016-10-18,14.6,33
2016-10-19,9.8,352
2016-10-20,21.5,33
2016-10-21,23.4,60
2016-10-22,14.9,43
2016-10-23,31.1,43
2016-10-24,19.1,55
2016-10-25,28.7,229
2016-10-26,10.7,341
2016-10-27,25.1,50
2016-10-28,20.7,22
2016-10-29,19.6,11
2016-10-30,19.5,353
2016-10-31,8.0,332
2016-11-01,24.9,327
2016-11-02,18.5,323
2016-11-03,12.4,286
2016-11-04,13.6,262
2016-11-05,19.7,262
2016-11-06,27.9,49
2016-11-07,15.8,75
2016-11-08,19.4,319
2016-11-09,21.1,358
2016-11-10,15.9,65
2016-11-11,13.8,288
2016-11-12,12.4,280
2016-11-13,9.7,71
2016-11-14,11.5,146
2016-11-15,17.9,337
2016-11-16,10.2,327
2016-11-17,11.6,17
2016-11-18,18.2,60
2016-11-19,16.4,309
2016-11-20,14.0,13
2016-11-21,13.3,38
2016-11-22,20.6,332
2016-11-23,20.0,347
2016-11-24,27.0,326
2016-11-25,17.3,329
2016-11-26,11.4,345
2016-11-27,16.5,338
2016-11-28,15.1,318
2016-11-29,14.7,347
2016-11-30,11.5,7
2016-12-01,19.5,296
2016-12-02,15.3,317
2016-12-03,9.8,303
2016-12-04,12.9,281
2016-12-05,17.3,271
2016-12-06,22.8,320
2016-12-07,14.3,289
2016-12-08,11.5,276
2016-12-09,19.1,299
2016-12-10,18.4,334
2016-12-11,13.4,357
2016-12-12,10.7,346
2016-12-13,15.0,347
2016-12-14,17.7,345
2016-12-15,24.0,318
2016-12-16,21.4,313
2016-12-17,16.6,286
2016-12-18,11.6,292
2016-12-19,8.6,66
2016-12-20,13.4,18
2016-12-21,27.5,74
2016-12-22,36.6,236
2016-12-23,25.1,292
2016-12-24,18.8,332
2016-12-25,12.7,356
2016-12-26,18.8,356
2016-12-27,26.7,317
2016-12-28,18.7,337
2016-12-29,19.8,312
2016-12-30,16.0,321
2016-12-31,12.7,317
2017-01-01,9.5,286
2017-01-02,13.6,277
2017-01-03,12.3,285
2017-01-04,14.0,327
2017-01-05,24.0,34
2017-01-06,23.7,36
2017-01-07,16.6,10
2017-01-08,22.6,7
2017-01-09,21.1,301
2017-01-10,19.4,307
2017-01-11,26.5,307
2017-01-12,23.9,271
2017-01-13,23.9,284
2017-01-14,25.6,306
2017-01-15,21.1,303
2017-01-16,19.2,328
2017-01-17,10.8,321
2017-01-18,12.2,330
2017-01-19,11.6,341
2017-01-20,35.1,291
2017-01-21,15.5,281
2017-01-22,21.2,295
2017-01-23,23.4,302
2017-01-24,24.6,306
2017-01-25,8.9,303
2017-01-26,21.3,255
2017-01-27,25.3,270
2017-01-28,8.3,279
2017-01-29,9.0,337
2017-01-30,19.6,307
2017-01-31,9.7,285
2017-02-01,17.2,308
2017-02-02,19.1,287
2017-02-03,8.2,293
2017-02-04,13.1,247
2017-02-05,20.5,286
2017-02-06,23.7,296
2017-02-07,11.2,359
2017-02-08,15.0,306
2017-02-09,31.7,300
2017-02-10,30.4,298
2017-02-11,21.9,300
2017-02-12,19.2,306
2017-02-13,14.6,288
2017-02-14,10.5,307
2017-02-15,14.2,264
2017-02-16,29.6,240
2017-02-17,26.3,277
2017-02-18,21.4,304
2017-02-19,31.3,235
2017-02-20,32.0,279
2017-02-21,14.1,35
2017-02-22,25.3,180
2017-02-23,23.9,307
2017-02-24,17.6,309
2017-02-25,15.9,277
2017-02-26,15.9,11
2017-02-27,18.6,39
2017-02-28,17.0,244
2017-03-01,18.8,232
2017-03-02,24.1,315
2017-03-03,15.9,241
2017-03-04,15.7,236
2017-03-05,12.5,249
2017-03-06,21.3,309
2017-03-07,23.0,296
2017-03-08,22.8,288
2017-03-09,24.5,271
2017-03-10,16.0,297
2017-03-11,13.3,105
2017-03-12,15.6,239
2017-03-13,23.2,44
2017-03-14,20.6,30
2017-03-15,23.8,17
2017-03-16,15.5,255
2017-03-17,14.1,87
2017-03-18,9.7,263
2017-03-19,20.6,34
2017-03-20,17.3,29
2017-03-21,25.3,4
2017-03-22,17.4,263
2017-03-23,21.1,41
2017-03-24,19.6,70
2017-03-25,16.2,92
2017-03-26,13.5,11
2017-03-27,15.3,291
2017-03-28,21.3,258
2017-03-29,10.9,249
2017-03-30,20.3,43
2017-03-31,24.2,44
2017-04-01,14.8,39
2017-04-02,15.5,352
2017-04-03,16.1,281
2017-04-04,16.7,230
2017-04-05,26.8,200
2017-04-06,34.7,216
2017-04-07,22.2,31
2017-04-08,14.4,224
2017-04-09,30.8,38
2017-04-10,31.3,49
2017-04-11,19.5,353
2017-04-12,20.0,328
2017-04-13,18.9,248
2017-04-14,34.7,225
2017-04-15,21.5,235
2017-04-16,11.6,235
2017-04-17,27.0,217
2017-04-18,26.4,235
2017-04-19,23.0,274
2017-04-20,12.5,245
2017-04-21,15.9,37
2017-04-22,16.2,44
2017-04-23,14.1,197
2017-04-24,17.7,217
2017-04-25,20.5,225
2017-04-26,11.3,14
2017-04-27,14.3,290
2017-04-28,23.5,240
2017-04-29,22.0,255
2017-04-30,25.5,233
2017-05-01,25.2,45
2017-05-02,18.2,41
2017-05-03,11.6,60
2017-05-04,12.2,113
2017-05-05,21.2,233
2017-05-06,16.8,236
2017-05-07,24.1,254
2017-05-08,17.6,252
2017-05-09,21.8,89
2017-05-10,16.0,260
2017-05-11,20.9,234
2017-05-12,16.3,254
2017-05-13,22.2,223
2017-05-14,20.3,252
2017-05-15,20.6,280
2017-05-16,14.1,2
2017-05-17,10.9,46
2017-05-18,14.5,217
2017-05-19,20.5,247
2017-05-20,20.5,249
2017-05-21,17.8,236
2017-05-22,14.5,171
2017-05-23,17.9,225
2017-05-24,15.4,53
2017-05-25,21.1,233
2017-05-26,18.7,81
2017-05-27,22.0,194
2017-05-28,21.7,231
2017-05-29,17.2,244
2017-05-30,14.2,226
2017-05-31,20.7,225
2017-06-01,17.5,240
2017-06-02,17.4,82
2017-06-03,23.2,223
2017-06-04,17.0,65
2017-06-05,22.8,50
2017-06-06,15.4,59
2017-06-07,28.3,200
2017-06-08,15.5,279
2017-06-09,19.5,240
2017-06-10,18.9,255
2017-06-11,20.1,38
2017-06-12,21.1,52
2017-06-13,16.4,66
2017-06-14,17.7,211
2017-06-15,18.9,288
2017-06-16,21.1,43
2017-06-17,14.8,53
2017-06-18,10.7,141
2017-06-19,18.6,212
2017-06-20,17.1,162
2017-06-21,21.3,35
2017-06-22,16.6,208
2017-06-23,9.4,148
2017-06-24,11.9,61
2017-06-25,17.5,56
2017-06-26,13.0,76
2017-06-27,14.2,58
2017-06-28,10.4,173
2017-06-29,14.5,212
2017-06-30,23.0,223
2017-07-01,22.2,229
2017-07-02,21.9,226
2017-07-03,29.9,229
2017-07-04,18.4,248
2017-07-05,11.5,74
2017-07-06,18.8,217
2017-07-07,21.7,230
2017-07-08,18.6,222
2017-07-09,19.5,228
2017-07-10,28.5,214
2017-07-11,30.8,227
2017-07-12,16.8,243
2017-07-13,18.4,232
2017-07-14,17.1,233
2017-07-15,21.4,224
2017-07-16,21.9,238
2017-07-17,18.3,246
2017-07-18,14.6,243
2017-07-19,15.6,190
2017-07-20,17.2,208
2017-07-21,17.7,232
2017-07-22,12.7,205
2017-07-23,14.5,226
2017-07-24,9.6,226
2017-07-25,23.6,38
2017-07-26,28.7,42
2017-07-27,17.9,43
2017-07-28,10.7,107
2017-07-29,19.1,44
2017-07-30,13.4,59
2017-07-31,11.5,41
2017-08-01,15.5,47
2017-08-02,18.6,46
2017-08-03,19.6,47
2017-08-04,15.8,43
2017-08-05,16.4,44
2017-08-06,18.0,38
2017-08-07,16.0,15
2017-08-08,20.4,239
2017-08-09,12.5,44
2017-08-10,16.6,0
2017-08-11,16.7,21
2017-08-12,24.8,35
2017-08-13,22.7,43
2017-08-14,21.9,44
2017-08-15,20.9,37
2017-08-16,21.0,38
2017-08-17,12.7,59
2017-08-18,9.1,35
2017-08-19,11.8,47
2017-08-20,13.2,74
2017-08-21,23.6,214
2017-08-22,22.0,232
2017-08-23,22.7,235
2017-08-24,31.3,234
2017-08-25,17.2,257
2017-08-26,13.4,29
2017-08-27,13.0,46
2017-08-28,16.5,234
2017-08-29,19.8,28
2017-08-30,16.8,21
2017-08-31,24.4,26
2017-09-01,27.3,27
2017-09-02,23.6,21
2017-09-03,20.6,27
2017-09-04,20.0,35
2017-09-05,14.2,30
2017-09-06,9.6,243
2017-09-07,8.0,16
2017-09-08,13.2,222
2017-09-09,9.6,197
2017-09-10,12.3,69
2017-09-11,32.2,182
2017-09-12,12.7,239
2017-09-13,16.6,21
2017-09-14,22.0,41
2017-09-15,35.5,57
2017-09-16,30.6,50
2017-09-17,34.7,26
2017-09-18,16.8,251
2017-09-19,19.8,245
2017-09-20,16.6,276
2017-09-21,14.1,50
2017-09-22,12.3,35
2017-09-23,9.0,238
2017-09-24,11.6,74
2017-09-25,14.0,37
2017-09-26,13.3,45
2017-09-27,27.1,14
2017-09-28,22.7,13
2017-09-29,13.6,294
2017-09-30,12.2,235
2017-10-01,17.8,149
2017-10-02,32.2,122
2017-10-03,23.4,26
2017-10-04,22.4,50
2017-10-05,26.5,58
2017-10-06,17.1,25
2017-10-07,20.6,23
2017-10-08,14.3,28
2017-10-09,14.0,227
2017-10-10,9.7,49
2017-10-11,14.7,297
2017-10-12,22.2,7
2017-10-13,13.6,357
2017-10-14,27.1,16
2017-10-15,27.8,42
2017-10-16,26.8,42
2017-10-17,25.3,39
2017-10-18,29.9,52
2017-10-19,23.9,36
2017-10-20,25.7,26
2017-10-21,31.9,33
2017-10-22,47.9,26
2017-10-23,29.9,8
2017-10-24,13.0,9
2017-10-25,8.7,4
2017-10-26,9.0,25
2017-10-27,16.4,23
2017-10-28,25.7,28
2017-10-29,28.4,334
2017-10-30,23.8,314
2017-10-31,11.5,274
2017-11-01,9.4,263
2017-11-02,8.0,256
2017-11-03,15.5,283
2017-11-04,20.0,343
2017-11-05,9.1,256
2017-11-06,16.0,255
2017-11-07,12.8,259
2017-11-08,14.9,284
2017-11-09,16.6,15
2017-11-10,27.9,240
2017-11-11,19.0,323
2017-11-12,10.5,287
2017-11-13,16.3,261
2017-11-14,14.1,288
2017-11-15,22.7,283
2017-11-16,11.6,286
2017-11-17,10.0,298
2017-11-18,27.7,316
2017-11-19,28.4,311
2017-11-20,15.7,288
2017-11-21,15.0,258
2017-11-22,14.7,268
2017-11-23,24.3,295
2017-11-24,26.3,278
2017-11-25,17.0,239
2017-11-26,16.9,287
2017-11-27,17.6,24
2017-11-28,15.5,240
2017-11-29,10.8,314
2017-11-30,18.9,315
2017-12-01,22.5,318
2017-12-02,7.6,292
2017-12-03,9.4,280
2017-12-04,20.3,303
2017-12-05,20.8,299
2017-12-06,15.0,275
2017-12-07,16.1,296
2017-12-08,22.2,310
2017-12-09,15.5,275
2017-12-10,17.6,266
2017-12-11,33.9,285
2017-12-12,20.0,300
2017-12-13,20.5,307
2017-12-14,9.3,328
2017-12-15,12.4,298
2017-12-16,23.4,313
2017-12-17,24.6,300
2017-12-18,16.8,275
2017-12-19,16.7,308
2017-12-20,15.6,306
2017-12-21,12.6,293
2017-12-22,11.9,277
2017-12-23,10.4,270
2017-12-24,27.9,258
2017-12-25,23.5,297
2017-12-26,18.1,291
2017-12-27,22.5,296
2017-12-28,22.3,317
2017-12-29,13.0,290
2017-12-30,9.0,283
2017-12-31,19.0,296
2018-01-01,19.9,304
2018-01-02,15.0,289
2018-01-03,16.5,310
2018-01-04,13.1,343
2018-01-05,15.5,316
2018-01-06,19.1,310
2018-01-07,13.3,355
2018-01-08,17.1,324
2018-01-09,30.1,272
2018-01-10,21.9,287
2018-01-11,27.8,291
2018-01-12,20.3,299
2018-01-13,17.1,288
2018-01-14,11.8,262
2018-01-15,11.4,264
2018-01-16,23.3,344
2018-01-17,21.0,358
2018-01-18,11.0,302
2018-01-19,8.4,307
2018-01-20,8.6,286
2018-01-21,12.9,6
2018-01-22,16.8,300
2018-01-23,24.5,294
2018-01-24,21.9,305
2018-01-25,21.3,304
2018-01-26,26.1,310
2018-01-27,9.3,265
2018-01-28,17.2,300
2018-01-29,17.6,308
2018-01-30,23.9,303
2018-01-31,12.3,286
2018-02-01,12.6,352
2018-02-02,14.1,322
2018-02-03,21.6,301
2018-02-04,27.7,297
2018-02-05,29.5,295
2018-02-06,22.4,295
2018-02-07,16.6,299
2018-02-08,10.6,263
2018-02-09,16.1,237
2018-02-10,17.9,286
2018-02-11,27.9,289
2018-02-12,22.7,275
2018-02-13,18.2,252
2018-02-14,32.6,245
2018-02-15,12.5,0
2018-02-16,10.0,309
2018-02-17,15.8,307
2018-02-18,9.2,321
2018-02-19,11.2,13
2018-02-20,9.6,316
2018-02-21,18.1,345
2018-02-22,15.4,327
2018-02-23,17.3,255
2018-02-24,17.6,303
2018-02-25,12.2,30
2018-02-26,18.2,32
2018-02-27,15.8,248
2018-02-28,32.6,54
2018-03-01,30.7,281
2018-03-02,13.9,248
2018-03-03,15.1,243
2018-03-04,14.8,238
2018-03-05,39.7,22
2018-03-06,24.7,39
2018-03-07,27.4,55
2018-03-08,32.5,6
2018-03-09,19.1,10
2018-03-10,14.9,251
2018-03-11,14.1,252
2018-03-12,17.4,232
2018-03-13,21.9,237
2018-03-14,17.1,233
2018-03-15,23.1,226
2018-03-16,39.3,32
2018-03-17,19.8,46
2018-03-18,10.7,234
2018-03-19,39.6,33
2018-03-20,48.3,40
2018-03-21,41.8,25
2018-03-22,22.9,343
2018-03-23,16.8,238
2018-03-24,19.1,263
2018-03-25,16.9,263
2018-03-26,15.7,261
2018-03-27,17.7,252
2018-03-28,20.5,243
2018-03-29,20.3,18
2018-03-30,23.0,45
2018-03-31,13.0,253
2018-04-01,17.4,238
2018-04-02,19.8,235
2018-04-03,19.9,235
2018-04-04,26.4,39
2018-04-05,25.0,54
2018-04-06,26.8,311
2018-04-07,28.5,281
2018-04-08,31.2,239
2018-04-09,25.0,254
2018-04-10,31.3,216
2018-04-11,34.1,246
2018-04-12,18.2,275
2018-04-13,24.4,52
2018-04-14,23.7,19
2018-04-15,15.4,294
2018-04-16,22.0,30
2018-04-17,13.9,54
2018-04-18,18.0,230
2018-04-19,17.7,241
2018-04-20,10.0,211
2018-04-21,18.3,241
2018-04-22,25.8,26
2018-04-23,30.1,33
2018-04-24,32.1,22
2018-04-25,25.1,20
2018-04-26,11.5,222
2018-04-27,16.6,359
2018-04-28,17.3,239
2018-04-29,22.4,234
2018-04-30,22.0,242
2018-05-01,10.9,93
2018-05-02,24.3,22
2018-05-03,31.1,272
2018-05-04,25.7,252
2018-05-05,25.2,235
2018-05-06,25.4,212
2018-05-07,22.9,31
2018-05-08,37.5,37
2018-05-09,31.3,38
2018-05-10,15.8,203
2018-05-11,17.6,235
2018-05-12,21.6,221
2018-05-13,28.4,243
2018-05-14,16.3,228
2018-05-15,15.5,242
2018-05-16,22.5,224
2018-05-17,23.1,223
2018-05-18,29.8,8
2018-05-19,33.9,39
2018-05-20,37.4,46
2018-05-21,26.6,39
2018-05-22,16.2,45
2018-05-23,19.6,49
2018-05-24,17.8,252
2018-05-25,13.4,253
2018-05-26,10.8,7
2018-05-27,11.2,218
2018-05-28,8.7,143
2018-05-29,9.6,121
2018-05-30,19.0,229
2018-05-31,17.6,13
2018-06-01,10.5,335
2018-06-02,11.8,229
2018-06-03,15.6,225
2018-06-04,16.5,230
2018-06-05,10.4,243
2018-06-06,11.2,176
2018-06-07,16.1,226
2018-06-08,14.5,226
2018-06-09,31.2,40
2018-06-10,29.3,42
2018-06-11,24.1,28
2018-06-12,13.7,44
2018-06-13,17.4,53
2018-06-14,24.7,54
2018-06-15,31.3,41
2018-06-16,25.2,48
2018-06-17,13.4,33
2018-06-18,10.1,77
2018-06-19,13.2,227
2018-06-20,11.4,203
2018-06-21,13.7,247
2018-06-22,9.5,217
2018-06-23,15.0,245
2018-06-24,19.5,252
2018-06-25,13.6,228
2018-06-26,29.3,216
2018-06-27,30.9,225
2018-06-28,33.2,220
2018-06-29,18.1,219
2018-06-30,22.0,200
2018-07-01,12.6,191
2018-07-02,16.3,186
2018-07-03,39.2,51
2018-07-04,23.3,249
2018-07-05,18.4,41
2018-07-06,31.7,38
2018-07-07,34.6,34
2018-07-08,25.8,34
2018-07-09,21.4,33
2018-07-10,13.9,46
2018-07-11,14.0,229
2018-07-12,15.6,244
2018-07-13,12.1,229
2018-07-14,10.4,219
2018-07-15,14.6,223
2018-07-16,14.9,235
2018-07-17,15.5,237
2018-07-18,14.0,208
2018-07-19,11.1,190
2018-07-20,9.9,173
2018-07-21,14.5,152
2018-07-22,11.6,214
2018-07-23,14.4,240
2018-07-24,14.3,240
2018-07-25,15.7,243
2018-07-26,9.7,168
2018-07-27,9.7,68
2018-07-28,19.5,41
2018-07-29,30.3,15
2018-07-30,23.8,41
2018-07-31,23.0,34
2018-08-01,14.9,37
2018-08-02,15.2,49
2018-08-03,17.4,225
2018-08-04,19.2,246
2018-08-05,17.1,263
2018-08-06,16.1,46
2018-08-07,19.2,53
2018-08-08,14.1,48
2018-08-09,12.3,54
2018-08-10,14.8,52
2018-08-11,23.2,50
2018-08-12,17.7,47
2018-08-13,12.9,219
2018-08-14,10.5,55
2018-08-15,22.9,44
2018-08-16,29.8,24
2018-08-17,30.1,56
2018-08-18,20.9,66
2018-08-19,10.1,36
2018-08-20,11.0,118
2018-08-21,11.5,187
2018-08-22,24.6,88
2018-08-23,27.6,89
2018-08-24,43.3,213
2018-08-25,18.3,241
2018-08-26,20.9,217
2018-08-27,22.7,226
2018-08-28,14.5,238
2018-08-29,22.9,225
2018-08-30,22.2,231
2018-08-31,20.9,243
2018-09-01,23.4,50
2018-09-02,21.9,38
2018-09-03,23.8,195
2018-09-04,17.8,258
2018-09-05,19.8,258
2018-09-06,12.6,243
2018-09-07,20.0,234
2018-09-08,18.2,8
2018-09-09,23.0,18
2018-09-10,29.8,33
2018-09-11,32.1,43
2018-09-12,21.5,25
2018-09-13,19.7,25
2018-09-14,20.9,44
2018-09-15,21.1,30
2018-09-16,10.1,274
2018-09-17,10.2,92
2018-09-18,11.0,78
2018-09-19,12.2,37
2018-09-20,24.6,40
2018-09-21,20.9,33
2018-09-22,13.4,270
2018-09-23,14.9,226
2018-09-24,13.2,343
2018-09-25,25.7,21
2018-09-26,29.2,40
2018-09-27,25.0,23
2018-09-28,19.3,32
2018-09-29,19.5,26
2018-09-30,26.7,358
2018-10-01,22.7,265
2018-10-02,12.3,234
2018-10-03,13.1,18
2018-10-04,30.3,48
2018-10-05,31.9,36
2018-10-06,60.9,163
2018-10-07,13.9,221
2018-10-08,15.3,14
2018-10-09,16.1,29
2018-10-10,18.4,296
2018-10-11,19.7,318
2018-10-12,11.7,354
2018-10-13,18.6,16
2018-10-14,11.9,12
2018-10-15,10.4,357
2018-10-16,10.9,358
2018-10-17,14.0,9
2018-10-18,22.2,3
2018-10-19,26.1,1
2018-10-20,11.9,13
2018-10-21,9.3,20
2018-10-22,9.3,18
2018-10-23,13.4,274
2018-10-24,11.1,350
2018-10-25,10.6,29
2018-10-26,17.6,264
2018-10-27,22.9,270
2018-10-28,24.6,243
2018-10-29,23.0,270
2018-10-30,14.8,312
2018-10-31,13.1,307
2018-11-01,12.6,354
2018-11-02,9.6,7
2018-11-03,8.2,337
2018-11-04,6.8,267
2018-11-05,12.2,21
2018-11-06,13.8,17
2018-11-07,14.4,43
2018-11-08,35.0,215
2018-11-09,28.3,265
2018-11-10,11.1,265
2018-11-11,8.4,271
2018-11-12,19.4,14
2018-11-13,24.5,19
2018-11-14,17.0,16
2018-11-15,12.3,11
2018-11-16,8.4,302
2018-11-17,13.6,355
2018-11-18,11.2,308
2018-11-19,15.5,345
2018-11-20,11.9,328
2018-11-21,12.2,331
2018-11-22,24.1,326
2018-11-23,18.2,311
2018-11-24,11.5,300
2018-11-25,12.7,289
2018-11-26,9.1,305
2018-11-27,10.5,289
2018-11-28,19.6,4
2018-11-29,11.9,343
2018-11-30,11.4,277
2018-12-01,14.8,3
2018-12-02,14.4,27
2018-12-03,22.2,222
2018-12-04,20.0,298
2018-12-05,18.1,354
2018-12-06,16.6,323
2018-12-07,19.9,316
2018-12-08,17.6,311
2018-12-09,23.6,316
2018-12-10,18.7,2
2018-12-11,22.0,359
2018-12-12,20.9,316
2018-12-13,17.7,291
2018-12-14,18.8,315
2018-12-15,8.9,288
2018-12-16,13.8,294
2018-12-17,20.3,282
2018-12-18,17.2,274
2018-12-19,16.9,260
2018-12-20,12.3,10
2018-12-21,13.0,10
2018-12-22,15.3,360
2018-12-23,18.8,321
2018-12-24,15.1,311
2018-12-25,7.7,294
2018-12-26,16.3,317
2018-12-27,22.5,310
2018-12-28,28.9,302
2018-12-29,32.5,307
2018-12-30,25.3,318
2018-12-31,16.2,346
2019-01-01,19.7,297
2019-01-02,24.8,301
2019-01-03,13.0,306
2019-01-04,14.7,282
2019-01-05,14.8,318
2019-01-06,16.3,341
2019-01-07,12.5,304
2019-01-08,18.9,307
2019-01-09,20.2,329
2019-01-10,23.1,294
2019-01-11,26.4,349
2019-01-12,16.8,343
2019-01-13,14.1,347
2019-01-14,9.9,310
2019-01-15,23.2,284
2019-01-16,24.0,309
2019-01-17,23.2,293
2019-01-18,14.1,292
2019-01-19,12.5,263
2019-01-20,20.1,303
2019-01-21,19.7,284
2019-01-22,17.6,266
2019-01-23,17.0,282
2019-01-24,12.5,306
2019-01-25,20.2,300
2019-01-26,19.8,313
2019-01-27,14.2,274
2019-01-28,24.4,279
2019-01-29,12.7,320
2019-01-30,13.4,276
2019-01-31,17.4,318
2019-02-01,23.2,294
2019-02-02,13.4,262
2019-02-03,24.2,230
2019-02-04,19.4,310
2019-02-05,7.2,343
2019-02-06,11.6,282
2019-02-07,18.1,299
2019-02-08,17.8,0
2019-02-09,21.9,317
2019-02-10,17.3,349
2019-02-11,21.1,311
2019-02-12,15.6,314
2019-02-13,13.2,327
2019-02-14,20.2,18
2019-02-15,15.8,292
2019-02-16,18.4,313
2019-02-17,12.4,303
2019-02-18,8.9,267
2019-02-19,18.2,345
2019-02-20,20.7,308
2019-02-21,9.8,6
2019-02-22,13.6,15
2019-02-23,25.2,21
2019-02-24,14.8,268
2019-02-25,17.5,19
2019-02-26,13.4,34
2019-02-27,13.8,47
2019-02-28,18.5,18
2019-03-01,13.1,12
2019-03-02,15.6,43
2019-03-03,18.6,29
2019-03-04,19.5,12
2019-03-05,14.1,247
2019-03-06,10.2,335
2019-03-07,21.3,6
2019-03-08,16.1,241
2019-03-09,18.3,242
2019-03-10,27.2,19
2019-03-11,18.0,263
2019-03-12,24.4,260
2019-03-13,29.6,279
2019-03-14,18.2,262
2019-03-15,22.1,268
2019-03-16,24.7,272
2019-03-17,12.0,288
2019-03-18,20.1,226
2019-03-19,11.0,244
2019-03-20,23.1,199
2019-03-21,35.3,254
2019-03-22,17.4,332
2019-03-23,23.0,311
2019-03-24,19.4,265
2019-03-25,16.5,255
2019-03-26,18.8,285
2019-03-27,30.5,242
2019-03-28,18.1,42
2019-03-29,16.1,219
2019-03-30,25.9,274
2019-03-31,22.7,286
2019-04-01,25.0,296
2019-04-02,15.2,282
2019-04-03,17.3,257
2019-04-04,21.7,250
2019-04-05,22.7,249
2019-04-06,16.0,222
2019-04-07,17.7,51
2019-04-08,23.2,357
2019-04-09,35.3,67
2019-04-10,37.4,33
2019-04-11,13.8,37
2019-04-12,11.4,281
2019-04-13,14.8,226
2019-04-14,20.8,250
2019-04-15,16.3,259
2019-04-16,14.7,231
2019-04-17,13.0,253
2019-04-18,25.2,241
2019-04-19,26.5,40
2019-04-20,11.7,134
2019-04-21,13.3,207
2019-04-22,19.8,43
2019-04-23,14.7,33
2019-04-24,14.8,182
2019-04-25,25.3,32
2019-04-26,22.7,20
2019-04-27,19.4,40
2019-04-28,10.1,90
2019-04-29,20.3,32
2019-04-30,20.2,33
2019-05-01,10.4,279
2019-05-02,16.3,244
2019-05-03,15.3,16
2019-05-04,8.6,50
2019-05-05,14.8,240
2019-05-06,26.5,38
2019-05-07,17.7,226
2019-05-08,19.5,250
2019-05-09,17.3,253
2019-05-10,11.9,223
2019-05-11,9.2,127
2019-05-12,21.9,33
2019-05-13,18.5,37
2019-05-14,9.7,201
2019-05-15,8.9,164
2019-05-16,9.5,110
2019-05-17,18.0,88
2019-05-18,22.0,66
2019-05-19,21.7,105
2019-05-20,18.2,242
2019-05-21,22.0,255
2019-05-22,18.2,242
2019-05-23,17.8,245
2019-05-24,17.8,244
2019-05-25,13.8,260
2019-05-26,18.8,230
2019-05-27,38.4,202
2019-05-28,17.4,314
2019-05-29,16.3,250
2019-05-30,16.3,250
2019-05-31,19.7,236
2019-06-01,13.7,230
2019-06-02,13.8,215
2019-06-03,14.1,229
2019-06-04,11.8,219
2019-06-05,15.5,47
2019-06-06,13.9,196
2019-06-07,24.7,32
2019-06-08,19.5,41
2019-06-09,22.9,40
2019-06-10,22.3,39
2019-06-11,22.4,38
2019-06-12,14.5,46
2019-06-13,9.5,70
2019-06-14,12.5,25
2019-06-15,16.2,21
2019-06-16,16.3,57
2019-06-17,16.2,216
2019-06-18,16.0,242
2019-06-19,8.8,211
2019-06-20,17.4,225
2019-06-21,20.8,234
2019-06-22,24.2,42
2019-06-23,21.5,38
2019-06-24,13.1,59
2019-06-25,10.3,74
2019-06-26,20.1,67
2019-06-27,16.3,194
2019-06-28,15.0,65
2019-06-29,26.3,215
2019-06-30,16.9,217
2019-07-01,13.7,241
2019-07-02,13.9,221
2019-07-03,10.0,182
2019-07-04,9.8,240
2019-07-05,14.2,48
2019-07-06,26.5,36
2019-07-07,24.7,45
2019-07-08,21.6,42
2019-07-09,24.2,39
2019-07-10,28.8,41
2019-07-11,18.8,225
2019-07-12,14.9,179
2019-07-13,12.2,214
2019-07-14,13.7,51
2019-07-15,11.5,55
2019-07-16,14.8,54
2019-07-17,16.5,54
2019-07-18,10.3,66
2019-07-19,19.4,124
2019-07-20,36.7,151
2019-07-21,36.4,215
2019-07-22,17.8,235
2019-07-23,15.5,239
2019-07-24,22.0,227
2019-07-25,23.4,223
2019-07-26,26.7,220
2019-07-27,19.2,218
2019-07-28,24.2,223
2019-07-29,17.9,224
2019-07-30,25.3,226
2019-07-31,21.6,227
2019-08-01,16.8,234
2019-08-02,9.0,171
2019-08-03,11.9,46
2019-08-04,11.9,46
2019-08-05,19.6,41
2019-08-06,44.9,34
2019-08-07,22.8,217
2019-08-08,10.0,213
2019-08-09,8.0,109
2019-08-10,19.7,55
2019-08-11,19.9,70
2019-08-12,15.5,187
2019-08-13,22.1,32
2019-08-14,33.8,26
2019-08-15,30.3,6
2019-08-16,20.7,247
2019-08-17,19.9,233
2019-08-18,14.8,225
2019-08-19,16.3,46
2019-08-20,25.5,42
2019-08-21,15.3,43
2019-08-22,27.0,228
2019-08-23,10.8,260
2019-08-24,11.3,273
2019-08-25,13.0,231
2019-08-26,10.0,152
2019-08-27,12.0,42
2019-08-28,10.9,265
2019-08-29,13.0,238
2019-08-30,15.1,254
2019-08-31,13.0,258
2019-09-01,7.3,98
2019-09-02,14.6,32
2019-09-03,17.4,25
2019-09-04,14.1,45
2019-09-05,10.4,41
2019-09-06,20.8,67
2019-09-07,40.7,171
2019-09-08,10.2,218
2019-09-09,10.3,117
2019-09-10,15.6,209
2019-09-11,24.4,21
2019-09-12,26.9,39
2019-09-13,25.0,35
2019-09-14,13.0,19
2019-09-15,21.4,34
2019-09-16,22.8,23
2019-09-17,29.5,33
2019-09-18,17.0,17
2019-09-19,23.1,44
2019-09-20,27.3,52
2019-09-21,34.6,56
2019-09-22,56.6,27
2019-09-23,47.7,343
2019-09-24,8.6,15
2019-09-25,17.6,34
2019-09-26,19.9,36
2019-09-27,15.7,28
2019-09-28,10.7,29
2019-09-29,6.1,257
2019-09-30,6.5,219
2019-10-01,9.2,42
2019-10-02,36.7,98
2019-10-03,44.2,229
2019-10-04,11.5,60
2019-10-05,25.6,357
2019-10-06,29.0,34
2019-10-07,13.4,34
2019-10-08,16.4,296
2019-10-09,12.4,353
2019-10-10,6.5,270
2019-10-11,28.7,24
2019-10-12,42.8,25
2019-10-13,29.5,31
2019-10-14,14.5,7
2019-10-15,29.5,37
2019-10-16,13.1,25
2019-10-17,21.0,37
2019-10-18,29.2,41
2019-10-19,22.8,18
2019-10-20,15.2,36
2019-10-21,25.5,30
2019-10-22,26.0,28
2019-10-23,25.6,39
2019-10-24,26.1,25
2019-10-25,25.2,359
2019-10-26,13.3,310
2019-10-27,13.4,320
2019-10-28,14.9,254
2019-10-29,13.0,271
2019-10-30,11.2,291
2019-10-31,13.0,278
2019-11-01,14.2,8
2019-11-02,11.2,36
2019-11-03,22.0,11
2019-11-04,21.3,32
2019-11-05,8.7,303
2019-11-06,8.7,266
2019-11-07,17.7,322
2019-11-08,11.9,355
2019-11-09,9.4,348
2019-11-10,25.0,232
2019-11-11,24.3,266
2019-11-12,8.2,301
2019-11-13,19.0,256
2019-11-14,20.4,312
2019-11-15,15.8,257
2019-11-16,15.3,258
2019-11-17,26.1,157
2019-11-18,32.7,264
2019-11-19,15.1,312
2019-11-20,17.6,324
2019-11-21,17.5,26
2019-11-22,19.8,23
2019-11-23,16.6,14
2019-11-24,19.8,300
2019-11-25,29.6,18
2019-11-26,25.7,50
2019-11-27,20.2,344
2019-11-28,29.7,22
2019-11-29,10.6,332
2019-11-30,14.8,343
2019-12-01,22.7,358
2019-12-02,21.3,307
2019-12-03,13.7,272
2019-12-04,14.5,303
2019-12-05,15.8,321
2019-12-06,15.3,319
2019-12-07,9.8,305
2019-12-08,8.1,284
2019-12-09,10.4,280
2019-12-10,13.2,259
2019-12-11,22.6,269
2019-12-12,17.3,308
2019-12-13,12.1,271
2019-12-14,17.8,318
2019-12-15,16.1,36
2019-12-16,10.3,8
2019-12-17,11.7,272
2019-12-18,16.4,331
2019-12-19,17.8,307
2019-12-20,12.5,304
2019-12-21,12.1,321
2019-12-22,15.2,355
2019-12-23,15.1,293
2019-12-24,13.4,354
2019-12-25,12.4,331
2019-12-26,21.4,336
2019-12-27,25.6,306
2019-12-28,9.3,312
2019-12-29,14.8,2
2019-12-30,14.4,299
2019-12-31,24.1,307
2020-01-01,11.6,289
2020-01-02,14.2,296
2020-01-03,23.9,300
2020-01-04,15.6,300
2020-01-05,10.6,313
2020-01-06,12.3,50
2020-01-07,41.8,216
2020-01-08,35.1,264
2020-01-09,19.7,309
2020-01-10,12.2,300
2020-01-11,11.3,323
2020-01-12,18.7,295
2020-01-13,18.6,284
2020-01-14,14.3,311
2020-01-15,11.0,304
2020-01-16,10.8,331
2020-01-17,11.8,358
2020-01-18,19.5,345
2020-01-19,19.8,281
2020-01-20,16.9,285
2020-01-21,14.1,351
2020-01-22,21.9,11
2020-01-23,22.1,12
2020-01-24,20.4,33
2020-01-25,18.4,54
2020-01-26,32.8,33
2020-01-27,44.8,52
2020-01-28,31.2,9
2020-01-29,19.6,8
2020-01-30,20.8,10
2020-01-31,15.7,346
2020-02-01,14.4,300
2020-02-02,10.4,279
2020-02-03,14.2,306
2020-02-04,10.8,288
2020-02-05,15.0,310
2020-02-06,14.2,352
2020-02-07,15.6,303
2020-02-08,20.8,310
2020-02-09,14.2,286
2020-02-10,14.3,279
2020-02-11,12.0,169
2020-02-12,25.0,194
2020-02-13,16.8,258
2020-02-14,12.7,37
2020-02-15,18.4,52
2020-02-16,28.4,276
2020-02-17,34.2,275
2020-02-18,21.2,303
2020-02-19,12.0,231
2020-02-20,11.8,30
2020-02-21,15.5,185
2020-02-22,29.2,272
2020-02-23,20.0,283
2020-02-24,15.7,254
2020-02-25,27.3,14
2020-02-26,25.6,31
2020-02-27,20.3,33
2020-02-28,8.4,83
2020-02-29,16.3,24
2020-03-01,13.8,35
2020-03-02,17.4,331
2020-03-03,15.5,52
2020-03-04,22.2,289
2020-03-05,25.1,303
2020-03-06,14.9,249
2020-03-07,13.0,29
2020-03-08,20.5,21
2020-03-09,16.3,38
2020-03-10,24.0,352
2020-03-11,23.8,292
2020-03-12,18.3,241
2020-03-13,14.0,283
2020-03-14,17.8,316
2020-03-15,28.3,271
2020-03-16,20.6,286
2020-03-17,28.5,245
2020-03-18,18.2,236
2020-03-19,37.4,246
2020-03-20,21.5,248
2020-03-21,22.5,237
2020-03-22,22.7,25
2020-03-23,23.5,308
2020-03-24,16.7,63
2020-03-25,10.6,161
2020-03-26,13.1,189
2020-03-27,23.2,289
2020-03-28,22.4,21
2020-03-29,21.0,34
2020-03-30,15.5,57
2020-03-31,16.6,36
2020-04-01,20.4,341
2020-04-02,20.9,317
2020-04-03,17.5,233
2020-04-04,27.3,331
2020-04-05,17.6,294
2020-04-06,18.1,233
2020-04-07,16.8,269
2020-04-08,25.0,323
2020-04-09,18.4,345
2020-04-10,18.8,50
2020-04-11,10.9,246
2020-04-12,33.9,38
2020-04-13,29.2,2
2020-04-14,18.2,263
2020-04-15,16.0,256
2020-04-16,25.0,44
2020-04-17,15.1,84
2020-04-18,20.6,320
2020-04-19,25.5,56
2020-04-20,24.0,278
2020-04-21,26.4,267
2020-04-22,27.2,276
2020-04-23,23.8,289
2020-04-24,26.9,248
2020-04-25,36.2,227
2020-04-26,26.3,328
2020-04-27,17.4,275
2020-04-28,22.5,257
2020-04-29,16.0,242
2020-04-30,26.8,233
2020-05-01,28.7,238
2020-05-02,19.4,238
2020-05-03,13.0,137
2020-05-04,21.8,3
2020-05-05,20.6,45
2020-05-06,27.4,33
2020-05-07,24.5,43
2020-05-08,19.6,63
2020-05-09,27.0,179
2020-05-10,24.3,248
2020-05-11,15.8,263
2020-05-12,28.3,240
2020-05-13,21.9,274
2020-05-14,12.6,234
2020-05-15,15.8,133
2020-05-16,11.5,60
2020-05-17,10.8,135
2020-05-18,12.4,64
2020-05-19,28.7,253
2020-05-20,16.2,73
2020-05-21,12.7,63
2020-05-22,18.7,49
2020-05-23,14.7,49
2020-05-24,21.2,237
2020-05-25,8.8,241
2020-05-26,15.4,235
2020-05-27,14.9,265
2020-05-28,19.7,234
2020-05-29,14.4,37
2020-05-30,11.9,40
2020-05-31,10.2,73
2020-06-01,18.1,243
2020-06-02,16.6,217
2020-06-03,18.0,229
2020-06-04,18.4,240
2020-06-05,15.9,66
2020-06-06,23.4,39
2020-06-07,15.8,39
2020-06-08,8.4,108
2020-06-09,11.9,196
2020-06-10,12.8,171
2020-06-11,19.0,189
2020-06-12,15.8,210
2020-06-13,13.0,120
2020-06-14,22.0,239
2020-06-15,17.4,258
2020-06-16,16.6,33
2020-06-17,9.7,100
2020-06-18,26.1,38
2020-06-19,25.0,30
2020-06-20,14.9,44
2020-06-21,20.0,41
2020-06-22,9.3,134
2020-06-23,8.2,128
2020-06-24,15.1,141
2020-06-25,16.4,220
2020-06-26,16.9,247
2020-06-27,11.9,218
2020-06-28,10.3,5
2020-06-29,28.6,92
2020-06-30,38.2,224
2020-07-01,14.1,232
2020-07-02,8.0,58
2020-07-03,23.7,42
2020-07-04,19.7,38
2020-07-05,10.8,205
2020-07-06,9.8,123
2020-07-07,25.4,228
2020-07-08,8.8,197
2020-07-09,15.9,53
2020-07-10,23.2,188
2020-07-11,18.8,54
2020-07-12,20.5,49
2020-07-13,23.6,40
2020-07-14,19.2,30
2020-07-15,15.5,34
2020-07-16,14.2,48
2020-07-17,14.0,37
2020-07-18,12.3,47
2020-07-19,24.7,173
2020-07-20,27.9,216
2020-07-21,13.9,220
2020-07-22,11.7,54
2020-07-23,27.1,74
2020-07-24,28.9,204
2020-07-25,19.5,208
2020-07-26,13.9,195
2020-07-27,18.7,40
2020-07-28,13.5,53
2020-07-29,10.4,166
2020-07-30,20.9,230
2020-07-31,12.2,247
2020-08-01,16.9,232
2020-08-02,21.9,227
2020-08-03,26.3,225
2020-08-04,22.0,224
2020-08-05,21.3,210
2020-08-06,28.9,220
2020-08-07,24.3,228
2020-08-08,29.2,223
2020-08-09,27.7,211
2020-08-10,39.5,201
2020-08-11,28.6,221
2020-08-12,20.3,231
2020-08-13,22.7,233
2020-08-14,24.3,227
2020-08-15,18.4,236
2020-08-16,18.1,239
2020-08-17,10.4,227
2020-08-18,12.3,207
2020-08-19,13.5,227
2020-08-20,12.4,61
2020-08-21,17.1,48
2020-08-22,19.1,45
2020-08-23,9.9,59
2020-08-24,11.2,145
2020-08-25,13.0,62
2020-08-26,28.6,132
2020-08-27,26.6,188
2020-08-28,12.4,202
2020-08-29,15.0,221
2020-08-30,19.3,30
2020-08-31,27.8,32
2020-09-01,21.0,36
2020-09-02,49.4,63
2020-09-03,84.0,205
2020-09-04,13.4,236
2020-09-05,18.9,11
2020-09-06,46.0,20
2020-09-07,62.6,218
2020-09-08,28.4,231
2020-09-09,18.0,230
2020-09-10,14.7,221
2020-09-11,26.8,40
2020-09-12,30.5,21
2020-09-13,17.6,32
2020-09-14,15.2,229
2020-09-15,10.1,70
2020-09-16,10.0,91
2020-09-17,8.1,261
2020-09-18,12.7,251
2020-09-19,14.7,253
2020-09-20,13.7,319
2020-09-21,18.4,35
2020-09-22,28.2,42
2020-09-23,30.6,36
2020-09-24,28.5,28
2020-09-25,29.7,15
2020-09-26,26.1,17
2020-09-27,26.0,26
2020-09-28,20.5,31
2020-09-29,14.3,24
2020-09-30,17.2,20
2020-10-01,17.9,30
2020-10-02,12.5,247
2020-10-03,11.5,127
2020-10-04,14.5,248
2020-10-05,19.5,315
2020-10-06,18.1,20
2020-10-07,29.8,30
2020-10-08,41.2,45
2020-10-09,41.7,40
2020-10-10,27.3,26
2020-10-11,17.4,15
2020-10-12,8.3,335
2020-10-13,11.5,346
2020-10-14,13.4,353
2020-10-15,21.3,10
2020-10-16,15.1,15
2020-10-17,16.9,25
2020-10-18,12.0,25
2020-10-19,15.7,25
2020-10-20,15.6,34
2020-10-21,11.5,18
2020-10-22,15.8,344
2020-10-23,21.0,311
2020-10-24,20.0,299
2020-10-25,16.1,287
2020-10-26,8.4,6
2020-10-27,9.8,244
2020-10-28,7.1,287
2020-10-29,13.7,10
2020-10-30,29.3,22
2020-10-31,14.2,31
2020-11-01,11.4,268
2020-11-02,9.2,327
2020-11-03,21.2,308
2020-11-04,24.2,302
2020-11-05,7.0,288
2020-11-06,9.4,261
2020-11-07,12.8,272
2020-11-08,21.4,297
2020-11-09,22.6,312
2020-11-10,11.2,295
2020-11-11,12.1,8
2020-11-12,9.3,17
2020-11-13,13.7,6
2020-11-14,20.6,32
2020-11-15,12.0,303
2020-11-16,18.3,28
2020-11-17,15.6,45
2020-11-18,17.2,191
2020-11-19,34.8,216
2020-11-20,20.1,293
2020-11-21,22.3,24
2020-11-22,14.3,312
2020-11-23,24.2,311
2020-11-24,11.7,352
2020-11-25,11.7,322
2020-11-26,14.8,358
2020-11-27,23.2,302
2020-11-28,25.1,307
2020-11-29,17.9,307
2020-11-30,15.5,313
2020-12-01,14.8,7
2020-12-02,15.9,357
2020-12-03,17.6,318
2020-12-04,14.8,305
2020-12-05,15.3,310
2020-12-06,8.4,313
2020-12-07,14.3,302
2020-12-08,14.0,319
2020-12-09,8.5,286
2020-12-10,5.8,306
2020-12-11,10.1,300
2020-12-12,15.3,305
2020-12-13,26.0,276
2020-12-14,25.7,310
2020-12-15,21.3,307
2020-12-16,22.8,297
2020-12-17,18.3,300
2020-12-18,16.5,278
2020-12-19,24.5,313
2020-12-20,18.9,305
2020-12-21,20.0,287
2020-12-22,18.8,270
2020-12-23,12.9,261
2020-12-24,15.5,285
2020-12-25,16.8,297
2020-12-26,10.2,283
2020-12-27,12.4,344
2020-12-28,8.2,316
2020-12-29,19.5,309
2020-12-30,31.2,302
2020-12-31,31.0,293
2021-01-01,17.9,274
2021-01-02,16.6,300
2021-01-03,16.0,301
2021-01-04,14.1,306
2021-01-05,16.8,312
2021-01-06,23.5,305
2021-01-07,27.1,298
2021-01-08,18.5,300
2021-01-09,21.1,295
2021-01-10,20.1,295
2021-01-11,10.8,301
2021-01-12,13.6,286
2021-01-13,24.4,243
2021-01-14,11.7,359
2021-01-15,24.5,240
2021-01-16,17.6,314
2021-01-17,29.7,306
2021-01-18,24.7,274
2021-01-19,15.4,344
2021-01-20,9.0,339
2021-01-21,9.8,270
2021-01-22,17.7,9
2021-01-23,33.4,46
2021-01-24,30.1,40
2021-01-25,24.3,51
2021-01-26,15.2,355
2021-01-27,17.4,357
2021-01-28,33.3,284
2021-01-29,25.3,292
2021-01-30,22.9,256
2021-01-31,15.1,191
2021-02-01,25.4,229
2021-02-02,18.2,306
2021-02-03,12.3,275
2021-02-04,25.5,292
2021-02-05,15.4,269
2021-02-06,14.1,261
2021-02-07,16.6,271
2021-02-08,21.0,313
2021-02-09,20.9,302
2021-02-10,14.1,283
2021-02-11,12.9,14
2021-02-12,9.4,284
2021-02-13,9.7,39
2021-02-14,9.5,12
2021-02-15,32.1,282
2021-02-16,25.6,271
2021-02-17,36.2,287
2021-02-18,23.0,302
2021-02-19,22.4,251
2021-02-20,26.3,240
2021-02-21,29.1,239
2021-02-22,24.5,249
2021-02-23,14.2,334
2021-02-24,17.4,32
2021-02-25,17.1,55
2021-02-26,34.3,51
2021-02-27,34.5,54
2021-02-28,22.8,60
2021-03-01,34.3,194
2021-03-02,30.1,12
2021-03-03,12.2,29
2021-03-04,8.2,22
2021-03-05,20.4,20
2021-03-06,32.8,35
2021-03-07,24.2,42
2021-03-08,20.3,38
2021-03-09,13.1,302
2021-03-10,29.0,33
2021-03-11,10.0,49
2021-03-12,28.4,20
2021-03-13,24.6,17
2021-03-14,12.2,309
2021-03-15,21.5,223
2021-03-16,16.9,282
2021-03-17,19.8,40
2021-03-18,22.8,46
2021-03-19,25.5,47
2021-03-20,20.4,28
2021-03-21,19.8,302
2021-03-22,22.4,292
2021-03-23,21.7,251
2021-03-24,18.3,236
2021-03-25,14.3,253
2021-03-26,12.6,103
2021-03-27,33.6,163
2021-03-28,34.0,242
2021-03-29,17.2,255
2021-03-30,13.0,20
2021-03-31,15.2,48
2021-04-01,33.8,44
2021-04-02,28.5,37
2021-04-03,15.3,64
2021-04-04,32.5,25
2021-04-05,29.7,28
2021-04-06,12.8,346
2021-04-07,19.2,360
2021-04-08,18.4,44
2021-04-09,27.0,44
2021-04-10,16.0,54
2021-04-11,11.8,51
2021-04-12,24.5,144
2021-04-13,30.4,254
2021-04-14,23.2,319
2021-04-15,9.8,177
2021-04-16,21.4,222
2021-04-17,27.3,275
2021-04-18,19.6,284
2021-04-19,17.9,259
2021-04-20,12.3,301
2021-04-21,9.7,55
2021-04-22,22.4,35
2021-04-23,29.5,32
2021-04-24,24.3,40
2021-04-25,33.4,38
2021-04-26,20.6,59
2021-04-27,15.5,199
2021-04-28,18.0,221
2021-04-29,14.9,207
2021-04-30,29.4,259
2021-05-01,21.0,273
2021-05-02,19.9,289
2021-05-03,22.2,238
2021-05-04,32.4,202
2021-05-05,36.6,255
2021-05-06,16.6,238
2021-05-07,34.5,228
2021-05-08,27.0,235
2021-05-09,20.5,248
2021-05-10,17.4,34
2021-05-11,25.7,43
2021-05-12,25.6,35
2021-05-13,16.1,37
2021-05-14,11.5,50
2021-05-15,19.1,213
2021-05-16,27.8,218
2021-05-17,15.3,43
2021-05-18,11.7,51
2021-05-19,11.2,222
2021-05-20,24.7,37
2021-05-21,19.4,270
2021-05-22,15.5,220
2021-05-23,15.4,247
2021-05-24,14.5,233
2021-05-25,27.0,264
2021-05-26,24.1,222
2021-05-27,25.0,237
2021-05-28,37.8,223
2021-05-29,21.1,244
2021-05-30,12.4,64
2021-05-31,14.6,65
2021-06-01,12.3,59
2021-06-02,8.4,170
2021-06-03,17.1,179
2021-06-04,17.6,246
2021-06-05,24.8,231
2021-06-06,20.5,232
2021-06-07,16.4,237
2021-06-08,11.8,54
2021-06-09,15.0,45
2021-06-10,12.9,65
2021-06-11,22.8,181
2021-06-12,15.5,55
2021-06-13,10.1,72
2021-06-14,13.3,53
2021-06-15,24.4,55
2021-06-16,32.3,45
2021-06-17,23.5,37
2021-06-18,14.8,232
2021-06-19,9.7,199
2021-06-20,13.7,211
2021-06-21,20.5,14
2021-06-22,17.4,48
2021-06-23,16.9,51
2021-06-24,10.5,62
2021-06-25,10.5,150
2021-06-26,11.9,185
2021-06-27,16.2,45
2021-06-28,20.4,38
2021-06-29,14.8,44
2021-06-30,16.1,56
2021-07-01,17.7,34
2021-07-02,24.0,32
2021-07-03,21.7,53
2021-07-04,38.5,222
2021-07-05,16.3,238
2021-07-06,33.8,228
2021-07-07,22.8,235
2021-07-08,15.1,230
2021-07-09,14.3,227
2021-07-10,21.5,225
2021-07-11,17.4,227
2021-07-12,13.1,232
2021-07-13,18.0,223
2021-07-14,15.2,225
2021-07-15,11.2,244
2021-07-16,14.6,55
2021-07-17,19.2,99
2021-07-18,16.5,79
2021-07-19,9.0,49
2021-07-20,15.5,49
2021-07-21,22.2,35
2021-07-22,21.6,41
2021-07-23,17.8,43
2021-07-24,16.4,43
2021-07-25,13.7,63
2021-07-26,12.9,72
2021-07-27,16.9,46
2021-07-28,14.5,39
2021-07-29,10.3,93
2021-07-30,15.8,229
2021-07-31,11.7,228
2021-08-01,7.5,90
2021-08-02,13.3,205
2021-08-03,15.4,211
2021-08-04,11.0,133
2021-08-05,11.9,72
2021-08-06,15.3,37
2021-08-07,12.8,43
2021-08-08,25.7,33
2021-08-09,25.9,358
2021-08-10,16.1,65
2021-08-11,15.6,159
2021-08-12,17.5,46
2021-08-13,22.3,40
2021-08-14,25.0,41
2021-08-15,19.9,30
2021-08-16,23.7,50
2021-08-17,26.4,21
2021-08-18,25.3,16
2021-08-19,23.9,360
2021-08-20,10.1,93
2021-08-21,37.9,199
2021-08-22,24.8,236
2021-08-23,21.4,103
2021-08-24,46.6,217
2021-08-25,24.4,226
2021-08-26,21.9,240
2021-08-27,22.0,235
2021-08-28,18.3,227
2021-08-29,18.3,241
2021-08-30,7.8,111
2021-08-31,11.0,61
2021-09-01,23.9,261
2021-09-02,21.0,39
2021-09-03,27.3,34
2021-09-04,20.5,28
2021-09-05,20.2,31
2021-09-06,26.1,49
2021-09-07,20.5,171
2021-09-08,12.8,285
2021-09-09,11.5,53
2021-09-10,13.2,243
2021-09-11,10.3,199
2021-09-12,16.1,41
2021-09-13,24.0,54
2021-09-14,29.6,62
2021-09-15,36.0,48
2021-09-16,25.1,56
2021-09-17,40.0,21
2021-09-18,23.4,20
2021-09-19,20.6,32
2021-09-20,15.1,63
2021-09-21,31.3,207
2021-09-22,23.7,244
2021-09-23,15.7,294
2021-09-24,19.7,29
2021-09-25,24.7,52
2021-09-26,24.0,40
2021-09-27,21.4,43
2021-09-28,20.0,30
2021-09-29,20.6,229
2021-09-30,20.7,27
2021-10-01,14.1,21
2021-10-02,10.5,233
2021-10-03,9.8,208
2021-10-04,23.1,223
2021-10-05,19.3,244
2021-10-06,15.0,34
2021-10-07,14.7,241
2021-10-08,17.0,27
2021-10-09,14.2,41
2021-10-10,14.2,237
2021-10-11,26.2,27
2021-10-12,32.1,42
2021-10-13,26.3,37
2021-10-14,14.2,3
2021-10-15,17.1,24
2021-10-16,19.4,333
2021-10-17,20.4,343
2021-10-18,10.2,321
2021-10-19,15.0,306
2021-10-20,17.1,7
2021-10-21,14.8,17
2021-10-22,18.8,346
2021-10-23,18.5,11
2021-10-24,8.8,11
2021-10-25,13.9,8
2021-10-26,10.0,346
2021-10-27,7.4,299
2021-10-28,22.8,16
2021-10-29,23.0,31
2021-10-30,14.5,2
2021-10-31,8.4,3
2021-11-01,8.7,309
2021-11-02,11.8,340
2021-11-03,13.4,342
2021-11-04,9.5,335
2021-11-05,11.8,35
2021-11-06,21.9,49
2021-11-07,25.2,62
2021-11-08,28.3,225
2021-11-09,20.2,263
2021-11-10,23.4,266
2021-11-11,20.3,272
2021-11-12,20.6,275
2021-11-13,14.5,257
2021-11-14,11.4,258
2021-11-15,8.6,275
2021-11-16,7.8,323
2021-11-17,8.0,283
2021-11-18,12.0,269
2021-11-19,8.6,292
2021-11-20,8.6,7
2021-11-21,8.4,307
2021-11-22,22.4,298
2021-11-23,29.6,271
2021-11-24,23.4,256
2021-11-25,20.6,263
2021-11-26,15.3,312
2021-11-27,12.4,355
2021-11-28,8.0,311
2021-11-29,10.1,269
2021-11-30,31.3,249
2021-12-01,25.8,292
2021-12-02,15.5,279
2021-12-03,20.6,284
2021-12-04,27.4,296
2021-12-05,8.7,11
2021-12-06,8.2,352
2021-12-07,21.0,5
2021-12-08,20.0,5
2021-12-09,15.0,6
2021-12-10,14.0,280
2021-12-11,9.4,280
2021-12-12,22.0,302
2021-12-13,21.7,310
2021-12-14,13.7,277
2021-12-15,14.3,258
2021-12-16,8.4,306
2021-12-17,28.7,299
2021-12-18,23.3,291
2021-12-19,17.7,281
2021-12-20,25.1,254
2021-12-21,12.8,276
2021-12-22,11.5,355
2021-12-23,9.6,324
2021-12-24,14.3,328
2021-12-25,25.1,308
2021-12-26,26.2,301
2021-12-27,22.1,290
2021-12-28,12.6,262
2021-12-29,20.3,265
2021-12-30,26.0,288
2021-12-31,17.4,302
2022-01-01,11.6,267
2022-01-02,16.2,287
2022-01-03,12.1,296
2022-01-04,11.6,302
2022-01-05,16.1,18
2022-01-06,14.0,336
2022-01-07,12.2,306
2022-01-08,10.7,288
2022-01-09,8.8,327
2022-01-10,10.9,278
2022-01-11,25.7,303
2022-01-12,23.0,302
2022-01-13,23.2,298
2022-01-14,22.7,307
2022-01-15,11.2,283
2022-01-16,20.6,291
2022-01-17,19.5,290
2022-01-18,14.7,317
2022-01-19,12.5,274
2022-01-20,20.3,352
2022-01-21,13.8,12
2022-01-22,10.2,16
2022-01-23,24.4,22
2022-01-24,29.6,31
2022-01-25,14.2,328
2022-01-26,15.2,308
2022-01-27,10.6,324
2022-01-28,12.8,315
2022-01-29,17.2,311
2022-01-30,15.0,329
2022-01-31,14.3,302
2022-02-01,27.0,288
2022-02-02,17.9,300
2022-02-03,19.4,310
2022-02-04,20.1,298
2022-02-05,22.5,291
2022-02-06,25.9,288
2022-02-07,15.2,313
2022-02-08,11.2,327
2022-02-09,14.4,15
2022-02-10,13.9,327
2022-02-11,12.4,6
2022-02-12,15.4,27
2022-02-13,20.7,18
2022-02-14,19.5,2
2022-02-15,22.5,282
2022-02-16,24.1,283
2022-02-17,26.3,313
2022-02-18,14.8,20
2022-02-19,14.3,319
2022-02-20,26.2,308
2022-02-21,22.3,277
2022-02-22,19.1,296
2022-02-23,19.7,318
2022-02-24,18.7,309
2022-02-25,16.3,271
2022-02-26,28.0,241
2022-02-27,26.5,279
2022-02-28,14.5,244
2022-03-01,14.6,263
2022-03-02,15.7,288
2022-03-03,20.4,263
2022-03-04,26.9,236
2022-03-05,29.2,279
2022-03-06,20.3,300
2022-03-07,14.2,128
2022-03-08,18.4,240
2022-03-09,21.2,47
2022-03-10,19.3,241
2022-03-11,18.4,239
2022-03-12,17.6,225
2022-03-13,21.9,226
2022-03-14,19.1,28
2022-03-15,15.3,209
2022-03-16,12.8,226
2022-03-17,31.1,42
2022-03-18,38.6,36
2022-03-19,17.2,356
2022-03-20,14.1,291
2022-03-21,14.8,29
2022-03-22,28.0,24
2022-03-23,14.6,313
2022-03-24,18.9,256
2022-03-25,22.6,193
2022-03-26,39.6,211
2022-03-27,23.1,261
2022-03-28,21.4,34
2022-03-29,11.5,60
2022-03-30,12.0,242
2022-03-31,24.2,34
2022-04-01,24.2,47
2022-04-02,17.5,184
2022-04-03,11.2,79
2022-04-04,16.3,188
2022-04-05,16.9,248
2022-04-06,14.8,192
2022-04-07,21.2,255
2022-04-08,15.0,222
2022-04-09,23.4,242
2022-04-10,20.2,239
2022-04-11,18.7,227
2022-04-12,20.6,227
2022-04-13,34.2,40
2022-04-14,34.5,34
2022-04-15,28.4,34
2022-04-16,19.0,38
2022-04-17,19.0,254
2022-04-18,14.8,244
2022-04-19,13.4,215
2022-04-20,19.2,214
2022-04-21,12.7,250
2022-04-22,28.6,236
2022-04-23,21.3,44
2022-04-24,17.9,211
2022-04-25,10.8,209
2022-04-26,34.5,224
2022-04-27,28.3,41
2022-04-28,27.5,42
2022-04-29,34.0,25
2022-04-30,17.6,45
2022-05-01,15.0,249
2022-05-02,22.8,305
2022-05-03,19.9,245
2022-05-04,20.4,236
2022-05-05,17.4,234
2022-05-06,15.1,203
2022-05-07,24.2,336
2022-05-08,23.0,53
2022-05-09,24.0,42
2022-05-10,23.5,41
2022-05-11,10.6,87
2022-05-12,18.5,39
2022-05-13,19.3,34
2022-05-14,18.3,279
2022-05-15,19.5,32
2022-05-16,23.3,231
2022-05-17,20.2,225
2022-05-18,21.1,237
2022-05-19,19.6,242
2022-05-20,20.4,232
2022-05-21,15.5,217
2022-05-22,17.7,266
2022-05-23,13.5,124
2022-05-24,10.3,184
2022-05-25,18.4,218
2022-05-26,18.4,218
2022-05-27,23.1,262
2022-05-28,22.8,244
2022-05-29,16.9,231
2022-05-30,11.6,128
2022-05-31,20.2,220
2022-06-01,14.3,212
2022-06-02,20.5,226
2022-06-03,24.5,46
2022-06-04,20.5,47
2022-06-05,25.8,44
2022-06-06,24.8,24
2022-06-07,19.5,38
2022-06-08,18.2,49
2022-06-09,13.6,46
2022-06-10,10.9,54
2022-06-11,21.9,35
2022-06-12,22.7,41
2022-06-13,26.5,46
2022-06-14,31.1,47
2022-06-15,23.2,239
2022-06-16,19.2,234
2022-06-17,18.5,231
2022-06-18,20.6,231
2022-06-19,20.0,226
2022-06-20,12.3,204
2022-06-21,13.0,65
2022-06-22,20.1,224
2022-06-23,29.9,218
2022-06-24,40.8,223
2022-06-25,26.8,224
2022-06-26,26.7,223
2022-06-27,25.6,217
2022-06-28,33.7,217
2022-06-29,29.6,219
2022-06-30,25.1,226
2022-07-01,12.8,222
2022-07-02,9.2,48
2022-07-03,8.7,109
2022-07-04,18.9,140
2022-07-05,12.3,55
2022-07-06,8.4,130
2022-07-07,17.9,203
2022-07-08,19.7,227
2022-07-09,11.4,48
2022-07-10,14.3,64
2022-07-11,10.9,186
2022-07-12,20.1,41
2022-07-13,12.0,97
2022-07-14,23.4,237
2022-07-15,16.7,218
2022-07-16,12.9,190
2022-07-17,17.7,241
2022-07-18,19.4,267
2022-07-19,10.5,121
2022-07-20,16.1,212
2022-07-21,29.6,235
2022-07-22,13.0,345
2022-07-23,12.4,110
2022-07-24,22.4,209
2022-07-25,12.2,53
2022-07-26,14.8,60
2022-07-27,19.3,45
2022-07-28,17.1,44
2022-07-29,19.8,39
2022-07-30,19.1,40
2022-07-31,17.8,136
2022-08-01,28.1,175
2022-08-02,27.8,218
2022-08-03,23.1,236
2022-08-04,13.3,253
2022-08-05,14.5,249
2022-08-06,13.2,240
2022-08-07,23.2,227
2022-08-08,24.0,230
2022-08-09,25.4,228
2022-08-10,23.6,230
2022-08-11,23.9,229
2022-08-12,17.2,234
2022-08-13,17.6,225
2022-08-14,20.9,234
2022-08-15,29.8,230
2022-08-16,25.6,244
2022-08-17,16.5,83
2022-08-18,10.2,144
2022-08-19,21.3,236
2022-08-20,21.1,246
2022-08-21,24.0,35
2022-08-22,11.8,329
2022-08-23,14.8,260
2022-08-24,28.0,31
2022-08-25,17.0,241
2022-08-26,15.6,102
2022-08-27,17.8,324
2022-08-28,20.7,33
2022-08-29,16.2,35
2022-08-30,17.4,28
2022-08-31,18.2,24
2022-09-01,21.1,27
2022-09-02,27.5,47
2022-09-03,28.8,48
2022-09-04,18.2,63
2022-09-05,30.0,113
2022-09-06,73.4,180
2022-09-07,14.5,25
2022-09-08,22.4,27
2022-09-09,23.5,34
2022-09-10,27.0,41
2022-09-11,18.4,37
2022-09-12,17.3,30
2022-09-13,30.0,34
2022-09-14,35.8,38
2022-09-15,30.3,42
2022-09-16,21.4,50
2022-09-17,17.2,30
2022-09-18,44.8,27
2022-09-19,49.9,11
2022-09-20,29.1,33
2022-09-21,23.8,41
2022-09-22,19.4,30
2022-09-23,18.6,301
2022-09-24,19.3,356
2022-09-25,16.6,25
2022-09-26,12.6,10
2022-09-27,18.8,23
2022-09-28,14.6,19
2022-09-29,10.2,150
2022-09-30,8.1,227
2022-10-01,9.4,248
2022-10-02,11.6,146
2022-10-03,27.7,216
2022-10-04,29.1,254
2022-10-05,23.2,39
2022-10-06,14.7,21
2022-10-07,25.3,353
2022-10-08,25.5,43
2022-10-09,16.9,51
2022-10-10,25.3,278
2022-10-11,30.1,305
2022-10-12,23.0,34
2022-10-13,25.0,48
2022-10-14,18.6,29
2022-10-15,16.3,25
2022-10-16,13.0,17
2022-10-17,24.2,316
2022-10-18,20.5,328
2022-10-19,11.9,337
2022-10-20,9.5,270
2022-10-21,15.3,258
2022-10-22,10.4,277
2022-10-23,22.4,355
2022-10-24,24.1,339
2022-10-25,24.8,12
2022-10-26,17.0,8
2022-10-27,10.5,330
2022-10-28,20.2,27
2022-10-29,20.3,41
2022-10-30,21.3,35
2022-10-31,20.1,33
2022-11-01,13.8,1
2022-11-02,8.8,281
2022-11-03,10.3,309
2022-11-04,19.4,316
2022-11-05,12.5,318
2022-11-06,8.6,318
2022-11-07,6.8,291
2022-11-08,10.0,264
2022-11-09,11.5,256
2022-11-10,10.6,357
2022-11-11,13.4,30
2022-11-12,19.5,224
2022-11-13,25.5,309
2022-11-14,26.3,26
2022-11-15,13.8,307
2022-11-16,14.1,285
2022-11-17,9.6,351
2022-11-18,14.2,18
2022-11-19,19.1,46
2022-11-20,13.4,21
2022-11-21,9.5,330
2022-11-22,17.5,7
2022-11-23,17.0,331
2022-11-24,10.3,342
2022-11-25,14.0,260
2022-11-26,11.6,311
2022-11-27,9.0,1
2022-11-28,24.2,191
2022-11-29,33.5,281
2022-11-30,28.4,314
2022-12-01,29.7,315
2022-12-02,9.7,314
2022-12-03,11.3,272
2022-12-04,13.5,325
2022-12-05,16.7,324
2022-12-06,20.0,288
2022-12-07,18.4,269
2022-12-08,10.5,295
2022-12-09,7.9,293
2022-12-10,16.2,319
2022-12-11,18.5,343
2022-12-12,17.1,341
2022-12-13,24.5,271
2022-12-14,21.8,303
2022-12-15,16.6,268
2022-12-16,13.6,323
2022-12-17,21.6,307
2022-12-18,18.7,306
2022-12-19,11.9,272
2022-12-20,9.7,303
2022-12-21,12.9,296
2022-12-22,21.1,298
2022-12-23,37.4,284
2022-12-24,21.9,303
2022-12-25,18.2,294
2022-12-26,11.9,308
2022-12-27,10.4,304
2022-12-28,12.6,299
2022-12-29,12.7,319
2022-12-30,12.2,298
2022-12-31,15.8,296
2023-01-01,15.6,285
2023-01-02,18.9,305
2023-01-03,19.6,301
2023-01-04,21.8,306
2023-01-05,12.5,289
2023-01-06,9.3,279
2023-01-07,21.4,287
2023-01-08,12.7,276
2023-01-09,16.4,294
2023-01-10,18.8,21
2023-01-11,12.1,268
2023-01-12,8.0,230
2023-01-13,36.0,196
2023-01-14,26.5,27
2023-01-15,21.9,352
2023-01-16,17.4,314
2023-01-17,11.8,309
2023-01-18,14.3,317
2023-01-19,11.6,276
2023-01-20,25.3,289
2023-01-21,10.7,308
2023-01-22,11.8,1
2023-01-23,16.8,341
2023-01-24,31.2,306
2023-01-25,30.8,295
2023-01-26,9.4,280
2023-01-27,27.2,308
2023-01-28,27.3,295
2023-01-29,17.5,276
2023-01-30,18.7,294
2023-01-31,18.1,250
2023-02-01,21.0,292
2023-02-02,15.4,3
2023-02-03,11.6,345
2023-02-04,17.8,310
2023-02-05,11.4,279
2023-02-06,6.8,27
2023-02-07,18.9,17
2023-02-08,13.2,332
2023-02-09,22.1,48
2023-02-10,14.4,11
2023-02-11,9.7,353
2023-02-12,26.7,23
2023-02-13,26.9,25
2023-02-14,24.9,23
2023-02-15,24.5,43
2023-02-16,15.1,34
2023-02-17,8.0,251
2023-02-18,13.9,288
2023-02-19,21.4,291
2023-02-20,21.9,302
2023-02-21,20.2,5
2023-02-22,11.5,328
2023-02-23,13.4,267
2023-02-24,13.4,343
2023-02-25,17.3,351
2023-02-26,13.8,343
2023-02-27,14.8,252
2023-02-28,22.4,243
2023-03-01,19.6,273
2023-03-02,16.8,306
2023-03-03,14.6,276
2023-03-04,21.4,29
2023-03-05,14.8,36
2023-03-06,19.0,248
2023-03-07,23.2,245
2023-03-08,26.3,239
2023-03-09,22.7,228
2023-03-10,13.7,45
2023-03-11,14.1,241
2023-03-12,25.5,247
2023-03-13,21.4,290
2023-03-14,18.5,229
2023-03-15,29.4,224
2023-03-16,17.7,22
2023-03-17,22.0,39
2023-03-18,15.4,32
2023-03-19,16.6,220
2023-03-20,18.8,233
2023-03-21,13.0,61
2023-03-22,14.1,55
2023-03-23,22.7,33
2023-03-24,26.3,37
2023-03-25,23.2,42
2023-03-26,12.6,29
2023-03-27,12.7,13
2023-03-28,17.7,220
2023-03-29,16.1,81
2023-03-30,13.0,233
2023-03-31,18.1,31
2023-04-01,19.2,38
2023-04-02,32.6,33
2023-04-03,29.5,45
2023-04-04,20.2,63
2023-04-05,37.2,185
2023-04-06,22.4,244
2023-04-07,20.2,292
2023-04-08,23.2,286
2023-04-09,18.3,248
2023-04-10,24.5,236
2023-04-11,39.0,227
2023-04-12,20.1,268
2023-04-13,17.3,230
2023-04-14,15.6,224
2023-04-15,17.4,35
2023-04-16,16.3,25
2023-04-17,18.4,232
2023-04-18,30.5,218
2023-04-19,15.5,38
2023-04-20,16.5,245
2023-04-21,33.5,36
2023-04-22,31.0,53
2023-04-23,22.8,44
2023-04-24,21.7,58
2023-04-25,20.0,57
2023-04-26,21.3,292
2023-04-27,13.0,111
2023-04-28,23.8,226
2023-04-29,27.2,220
2023-04-30,20.8,246
2023-05-01,14.8,267
2023-05-02,11.4,163
2023-05-03,18.8,230
2023-05-04,18.5,206
2023-05-05,33.6,193
2023-05-06,37.1,39
2023-05-07,34.6,32
2023-05-08,24.8,24
2023-05-09,11.2,250
2023-05-10,15.0,36
2023-05-11,21.4,36
2023-05-12,13.6,15
2023-05-13,12.0,99
2023-05-14,9.9,212
2023-05-15,15.8,228
2023-05-16,18.3,239
2023-05-17,18.4,238
2023-05-18,15.8,50
2023-05-19,27.9,38
2023-05-20,19.7,40
2023-05-21,19.5,245
2023-05-22,16.0,7
2023-05-23,16.7,30
2023-05-24,9.9,58
2023-05-25,10.9,156
2023-05-26,13.2,218
2023-05-27,18.7,219
2023-05-28,22.8,220
2023-05-29,20.5,245
2023-05-30,23.0,45
2023-05-31,21.3,38
2023-06-01,10.7,4
2023-06-02,16.1,41
2023-06-03,15.8,329
2023-06-04,16.6,265
2023-06-05,10.9,275
2023-06-06,14.7,221
2023-06-07,14.6,236
2023-06-08,17.6,215
2023-06-09,18.4,230
2023-06-10,12.3,201
2023-06-11,14.7,172
2023-06-12,11.7,173
2023-06-13,10.8,184
2023-06-14,11.8,47
2023-06-15,10.5,342
2023-06-16,16.8,243
2023-06-17,18.7,236
2023-06-18,12.0,235
2023-06-19,25.8,37
2023-06-20,20.0,50
2023-06-21,20.1,190
2023-06-22,14.6,222
2023-06-23,14.8,49
2023-06-24,15.4,53
2023-06-25,10.5,88
2023-06-26,26.0,214
2023-06-27,30.8,225
2023-06-28,22.7,227
2023-06-29,28.9,225
2023-06-30,24.7,224
2023-07-01,13.8,55
2023-07-02,17.6,242
2023-07-03,11.5,60
2023-07-04,11.1,129
2023-07-05,21.5,237
2023-07-06,15.4,247
2023-07-07,24.6,212
2023-07-08,9.2,37
2023-07-09,21.1,217
2023-07-10,22.6,220
2023-07-11,24.0,228
2023-07-12,23.3,228
2023-07-13,21.8,232
2023-07-14,38.2,217
2023-07-15,33.6,223
2023-07-16,25.4,223
2023-07-17,21.7,229
2023-07-18,20.1,186
2023-07-19,19.3,52
2023-07-20,10.8,172
2023-07-21,13.4,54
2023-07-22,12.3,94
2023-07-23,25.8,208
2023-07-24,28.6,216
2023-07-25,21.1,224
2023-07-26,12.4,240
2023-07-27,11.0,209
2023-07-28,7.4,179
2023-07-29,10.0,180
2023-07-30,14.6,192
2023-07-31,11.8,140
2023-08-01,11.7,45
2023-08-02,10.5,118
2023-08-03,14.6,208
2023-08-04,12.8,192
2023-08-05,10.6,60
2023-08-06,19.7,43
2023-08-07,25.7,30
2023-08-08,31.2,28
2023-08-09,36.7,30
2023-08-10,58.9,140
2023-08-11,22.4,216
2023-08-12,12.7,193
2023-08-13,15.0,40
2023-08-14,19.4,31
2023-08-15,25.9,21
2023-08-16,10.1,70
2023-08-17,18.0,41
2023-08-18,15.1,36
2023-08-19,13.8,162
2023-08-20,15.0,200
2023-08-21,10.5,180
2023-08-22,17.8,214
2023-08-23,19.1,193
2023-08-24,23.2,197
2023-08-25,19.5,235
2023-08-26,12.4,34
2023-08-27,20.1,34
2023-08-28,21.6,44
2023-08-29,28.1,200
2023-08-30,17.5,214
2023-08-31,15.5,202
2023-09-01,11.9,22
2023-09-02,13.7,57
2023-09-03,14.5,40
2023-09-04,19.9,30
2023-09-05,27.2,30
2023-09-06,27.5,25
2023-09-07,30.9,28
2023-09-08,21.1,28
2023-09-09,13.4,31
2023-09-10,14.7,34
2023-09-11,12.3,42
2023-09-12,8.9,155
2023-09-13,14.5,33
2023-09-14,19.6,30
2023-09-15,21.7,49
2023-09-16,10.5,178
2023-09-17,19.5,227
2023-09-18,14.4,226
2023-09-19,13.8,247
2023-09-20,29.0,201
2023-09-21,28.5,7
2023-09-22,16.1,24
2023-09-23,26.7,33
2023-09-24,31.1,43
2023-09-25,20.7,27
2023-09-26,13.3,39
2023-09-27,12.5,261
2023-09-28,12.2,295
2023-09-29,11.2,56
2023-09-30,10.8,282
2023-10-01,13.2,322
2023-10-02,14.5,5
2023-10-03,15.9,4
2023-10-04,7.9,291
2023-10-05,18.4,316
2023-10-06,9.0,351
2023-10-07,18.6,35
2023-10-08,23.8,55
2023-10-09,22.2,29
2023-10-10,20.8,5
2023-10-11,21.5,12
2023-10-12,19.1,18
2023-10-13,14.7,25
2023-10-14,14.7,261
2023-10-15,17.0,290
2023-10-16,10.1,291
2023-10-17,9.5,315
2023-10-18,16.0,249
2023-10-19,17.2,248
2023-10-20,23.2,312
2023-10-21,25.6,295
2023-10-22,12.2,286
2023-10-23,9.1,262
2023-10-24,10.7,264
2023-10-25,9.2,257
2023-10-26,12.7,269
2023-10-27,20.5,335
2023-10-28,13.1,11
2023-10-29,18.2,27
2023-10-30,10.4,259
2023-10-31,11.2,269
2023-11-01,19.9,247
2023-11-02,18.3,244
2023-11-03,18.2,235
2023-11-04,17.2,37
2023-11-05,18.8,82
2023-11-06,42.2,225
2023-11-07,24.9,275
2023-11-08,10.0,14
2023-11-09,12.9,249
2023-11-10,16.3,325
2023-11-11,20.5,355
2023-11-12,19.1,313
2023-11-13,18.7,303
2023-11-14,9.8,295
2023-11-15,9.0,302
2023-11-16,12.8,274
2023-11-17,21.9,280
2023-11-18,31.0,284
2023-11-19,16.4,255
2023-11-20,14.0,335
2023-11-21,15.1,264
2023-11-22,17.6,256
2023-11-23,24.2,249
2023-11-24,20.8,311
2023-11-25,16.0,345
2023-11-26,8.4,315
2023-11-27,20.6,265
2023-11-28,24.9,283
2023-11-29,19.5,277
2023-11-30,21.7,308
2023-12-01,22.2,297
2023-12-02,21.4,286
2023-12-03,14.7,293
2023-12-04,10.1,283
2023-12-05,7.2,7
2023-12-06,21.1,254
2023-12-07,24.6,256
2023-12-08,30.6,235
2023-12-09,21.3,243
2023-12-10,19.7,24
2023-12-11,25.4,78
2023-12-12,34.0,23
2023-12-13,19.6,28
2023-12-14,15.9,32
2023-12-15,21.7,346
2023-12-16,32.8,284
2023-12-17,20.8,302
2023-12-18,23.4,310
2023-12-19,9.1,315
2023-12-20,17.6,308
2023-12-21,23.4,302
2023-12-22,26.4,297
2023-12-23,20.0,310
2023-12-24,12.9,306
2023-12-25,19.2,281
2023-12-26,13.8,271
2023-12-27,7.4,342
2023-12-28,13.0,295
2023-12-29,13.3,287
2023-12-30,10.9,288
2023-12-31,28.9,296
2024-01-01,22.5,19
2024-01-02,14.2,284
2024-01-03,18.7,306
2024-01-04,12.0,267
2024-01-05,16.7,268
2024-01-06,12.6,312
2024-01-07,21.5,298
2024-01-08,14.3,279
2024-01-09,8.7,277
2024-01-10,25.9,5
2024-01-11,16.6,290
2024-01-12,12.4,283
2024-01-13,17.6,329
2024-01-14,28.5,250
2024-01-15,14.0,317
2024-01-16,15.4,9
2024-01-17,11.9,273
2024-01-18,30.3,343
2024-01-19,31.2,41
2024-01-20,32.9,45
2024-01-21,31.1,19
2024-01-22,26.1,300
2024-01-23,30.1,289
2024-01-24,26.9,297
2024-01-25,20.1,302
2024-01-26,10.9,303
2024-01-27,9.2,305
2024-01-28,15.5,320
2024-01-29,10.1,291
2024-01-30,8.6,26
2024-01-31,8.8,337
2024-02-01,26.1,28
2024-02-02,24.2,41
2024-02-03,19.0,45
2024-02-04,24.0,43
2024-02-05,36.9,47
2024-02-06,22.7,19
2024-02-07,17.2,359
2024-02-08,13.3,348
2024-02-09,13.0,328
2024-02-10,19.0,296
2024-02-11,22.5,282
2024-02-12,15.6,262
2024-02-13,31.5,243
2024-02-14,20.5,231
2024-02-15,22.1,285
2024-02-16,20.7,30
2024-02-17,10.9,252
2024-02-18,15.5,201
2024-02-19,28.6,225
2024-02-20,32.1,38
2024-02-21,35.7,44
2024-02-22,35.1,34
2024-02-23,31.6,29
2024-02-24,28.8,43
2024-02-25,20.9,7
2024-02-26,23.7,15
2024-02-27,24.9,29
2024-02-28,16.3,29
2024-02-29,23.6,3
2024-03-01,26.0,307
2024-03-02,24.9,285
2024-03-03,19.8,248
2024-03-04,12.9,181
2024-03-05,32.8,51
2024-03-06,30.6,25
2024-03-07,20.3,15
2024-03-08,23.8,299
2024-03-09,18.2,313
2024-03-10,13.4,276
2024-03-11,22.5,250
2024-03-12,20.2,359
2024-03-13,15.8,271
2024-03-14,15.5,278
2024-03-15,16.9,273
2024-03-16,12.0,273
2024-03-17,20.1,309
2024-03-18,17.7,40
2024-03-19,31.6,258
2024-03-20,27.2,302
2024-03-21,12.6,300
2024-03-22,26.0,193
2024-03-23,30.2,237
2024-03-24,27.1,37
2024-03-25,33.4,37
2024-03-26,34.1,28
2024-03-27,12.9,129
2024-03-28,37.2,175
2024-03-29,34.6,242
2024-03-30,23.4,229
2024-03-31,9.5,34
2024-04-01,15.8,235
2024-04-02,12.3,237
2024-04-03,27.8,31
2024-04-04,26.8,30
2024-04-05,17.8,52
2024-04-06,10.2,240
2024-04-07,10.6,239
2024-04-08,6.6,26
2024-04-09,33.0,32
2024-04-10,16.1,64
2024-04-11,12.6,222
2024-04-12,10.0,228
2024-04-13,10.4,190
2024-04-14,10.0,78
2024-04-15,18.4,170
2024-04-16,19.3,259
2024-04-17,9.7,25
2024-04-18,16.5,34
2024-04-19,15.8,251
2024-04-20,15.8,70
2024-04-21,23.9,28
2024-04-22,26.4,32
2024-04-23,31.8,39
2024-04-24,19.4,305
2024-04-25,15.4,252
2024-04-26,13.2,239
2024-04-27,10.0,228
2024-04-28,18.2,48
2024-04-29,29.8,30
2024-04-30,22.3,35
2024-05-01,26.4,32
2024-05-02,15.8,37
2024-05-03,9.2,201
2024-05-04,11.0,183
2024-05-05,26.3,191
2024-05-06,32.2,219
2024-05-07,26.0,356
2024-05-08,28.8,40
2024-05-09,19.9,232
2024-05-10,20.6,244
2024-05-11,29.5,214
2024-05-12,27.2,228
2024-05-13,17.1,31
2024-05-14,14.6,242
2024-05-15,21.2,239
2024-05-16,26.9,278
2024-05-17,24.8,243
2024-05-18,17.2,244
2024-05-19,13.6,238
2024-05-20,17.0,41
2024-05-21,22.2,41
2024-05-22,12.1,40
2024-05-23,14.6,232
2024-05-24,25.0,39
2024-05-25,18.6,45
2024-05-26,29.7,209
2024-05-27,22.9,264
2024-05-28,27.7,24
2024-05-29,15.1,227
2024-05-30,10.9,224
2024-05-31,15.9,239
2024-06-01,15.4,55
2024-06-02,14.1,63
2024-06-03,18.9,49
2024-06-04,21.3,39
2024-06-05,13.6,49
2024-06-06,10.4,84
2024-06-07,13.0,193
2024-06-08,13.4,199
2024-06-09,14.2,61
2024-06-10,14.9,238
2024-06-11,18.9,238
2024-06-12,15.3,237
2024-06-13,9.5,210
2024-06-14,12.0,202
2024-06-15,15.3,231
2024-06-16,17.6,240
2024-06-17,14.8,216
2024-06-18,12.5,226
2024-06-19,17.0,228
2024-06-20,12.0,197
2024-06-21,12.6,108
2024-06-22,29.6,215
2024-06-23,21.4,240
2024-06-24,26.8,230
2024-06-25,13.5,265
2024-06-26,11.4,189
2024-06-27,11.6,219
2024-06-28,16.9,197
2024-06-29,33.7,212
2024-06-30,36.5,221
2024-07-01,15.1,230
2024-07-02,27.2,216
2024-07-03,30.5,221
2024-07-04,22.6,227
2024-07-05,25.9,228
2024-07-06,34.1,223
2024-07-07,27.8,225
2024-07-08,27.8,226
2024-07-09,28.6,228
2024-07-10,35.6,218
2024-07-11,12.6,194
2024-07-12,12.5,217
2024-07-13,10.1,52
2024-07-14,13.3,99
2024-07-15,17.4,40
2024-07-16,24.1,211
2024-07-17,26.3,225
2024-07-18,28.1,220
2024-07-19,20.5,231
2024-07-20,24.2,230
2024-07-21,27.0,231
2024-07-22,23.7,226
2024-07-23,25.2,227
2024-07-24,21.5,229
2024-07-25,14.8,217
2024-07-26,16.0,182
2024-07-27,24.7,213
2024-07-28,22.2,229
2024-07-29,21.3,243
2024-07-30,15.1,261
2024-07-31,16.7,246
2024-08-01,19.3,234
2024-08-02,18.0,235
2024-08-03,9.4,259
2024-08-04,13.6,41
2024-08-05,12.2,50
2024-08-06,9.3,37
2024-08-07,9.6,174
2024-08-08,10.5,282
2024-08-09,10.8,45
2024-08-10,14.5,47
2024-08-11,14.2,51
2024-08-12,16.5,37
2024-08-13,21.5,38
2024-08-14,19.7,37
2024-08-15,17.6,40
2024-08-16,17.6,39
2024-08-17,17.1,42
2024-08-18,17.8,46
2024-08-19,14.5,77
2024-08-20,25.6,193
2024-08-21,23.5,211
2024-08-22,30.8,214
2024-08-23,17.0,232
2024-08-24,14.8,230
2024-08-25,10.4,82
2024-08-26,10.8,58
2024-08-27,24.0,33
2024-08-28,34.1,35
2024-08-29,38.7,29
2024-08-30,32.0,13
2024-08-31,21.1,38
2024-09-01,12.5,70
2024-09-02,12.6,22
2024-09-03,25.8,27
2024-09-04,19.8,40
2024-09-05,14.1,240
2024-09-06,13.9,45
2024-09-07,12.1,76
2024-09-08,12.3,47
2024-09-09,21.2,42
2024-09-10,14.8,46
2024-09-11,8.7,18
2024-09-12,13.7,43
2024-09-13,10.3,87
2024-09-14,16.4,62
2024-09-15,25.0,38
2024-09-16,25.0,43
2024-09-17,12.6,42
2024-09-18,9.7,53
2024-09-19,11.8,50
2024-09-20,23.6,219
2024-09-21,24.4,16
2024-09-22,30.2,25
2024-09-23,29.8,33
2024-09-24,26.5,18
2024-09-25,18.0,29
2024-09-26,12.3,24
2024-09-27,20.4,24
2024-09-28,28.9,34
2024-09-29,27.2,43
2024-09-30,16.4,22
2024-10-01,14.9,279
2024-10-02,21.7,360
2024-10-03,34.6,24
2024-10-04,24.2,19
2024-10-05,20.4,23
2024-10-06,16.8,6
2024-10-07,12.0,333
2024-10-08,21.0,13
2024-10-09,26.2,31
2024-10-10,15.0,14
2024-10-11,8.3,24
2024-10-12,10.9,41
2024-10-13,20.7,54
2024-10-14,15.5,44
2024-10-15,23.2,231
2024-10-16,21.3,29
2024-10-17,22.8,43
2024-10-18,23.9,162
2024-10-19,39.3,24
2024-10-20,38.8,49
2024-10-21,25.0,76
2024-10-22,30.4,102
2024-10-23,22.8,278
2024-10-24,15.9,1
2024-10-25,23.3,39
2024-10-26,23.4,42
2024-10-27,13.9,323
2024-10-28,27.9,35
2024-10-29,26.4,38
2024-10-30,15.8,15
2024-10-31,18.3,32
2024-11-01,22.4,26
2024-11-02,35.3,25
2024-11-03,18.8,18
2024-11-04,13.8,286
2024-11-05,18.1,336
2024-11-06,19.0,319
2024-11-07,16.0,26
2024-11-08,12.1,45
2024-11-09,18.0,20
2024-11-10,11.8,15
2024-11-11,16.7,26
2024-11-12,13.0,320
2024-11-13,19.9,37
2024-11-14,15.5,51
2024-11-15,15.9,35
2024-11-16,15.9,49
2024-11-17,14.9,314
2024-11-18,22.2,345
2024-11-19,18.8,12
2024-11-20,7.6,327
2024-11-21,14.5,286
2024-11-22,18.7,308
2024-11-23,20.2,13
2024-11-24,14.4,12
2024-11-25,17.5,84
2024-11-26,31.8,240
2024-11-27,21.7,263
2024-11-28,26.9,258
2024-11-29,24.2,277
2024-11-30,20.7,281
2024-12-01,9.9,265
2024-12-02,17.7,251
2024-12-03,18.2,307
2024-12-04,20.6,307
2024-12-05,25.0,271
2024-12-06,18.7,281
2024-12-07,19.5,288
2024-12-08,21.8,304
2024-12-09,11.2,295
2024-12-10,11.5,302
2024-12-11,17.5,339
2024-12-12,16.9,320
2024-12-13,22.1,300
2024-12-14,25.4,298
2024-12-15,23.1,268
2024-12-16,17.0,296
2024-12-17,11.8,301
2024-12-18,17.4,310
2024-12-19,20.7,347
2024-12-20,14.0,276
2024-12-21,27.5,290
2024-12-22,30.0,299
2024-12-23,19.1,294
2024-12-24,13.2,306
2024-12-25,15.3,274
2024-12-26,20.7,288
2024-12-27,20.1,294
2024-12-28,20.7,291
2024-12-29,16.9,277
2024-12-30,24.0,250
2024-12-31,17.1,301
2025-01-01,16.5,294
2025-01-02,11.3,295
2025-01-03,19.1,314
2025-01-04,11.9,293
2025-01-05,13.9,273
2025-01-06,23.6,288
2025-01-07,25.3,281
2025-01-08,19.4,277
2025-01-09,22.5,298
2025-01-10,20.8,298
2025-01-11,16.5,292
2025-01-12,21.9,296
2025-01-13,18.2,289
2025-01-14,16.4,269
2025-01-15,18.5,309
2025-01-16,17.9,286
2025-01-17,7.2,305
2025-01-18,11.1,268
2025-01-19,11.0,274
2025-01-20,7.3,298
2025-01-21,10.6,287
2025-01-22,11.1,271
2025-01-23,7.9,333
2025-01-24,17.6,22
2025-01-25,31.9,27
2025-01-26,24.1,32
2025-01-27,26.3,300
2025-01-28,28.8,264
2025-01-29,26.4,279
2025-01-30,17.6,270
2025-01-31,11.0,263
2025-02-01,24.1,18
2025-02-02,20.5,5
2025-02-03,25.1,297
2025-02-04,25.3,294
2025-02-05,30.5,290
2025-02-06,21.8,293
2025-02-07,33.8,293
2025-02-08,27.8,302
2025-02-09,15.6,305
2025-02-10,17.3,298
2025-02-11,10.8,250
2025-02-12,21.6,301
2025-02-13,22.7,302
2025-02-14,12.1,279
2025-02-15,11.2,262
2025-02-16,14.3,278
2025-02-17,23.0,308
2025-02-18,22.9,304
2025-02-19,19.0,303
2025-02-20,18.4,307
2025-02-21,19.5,308
2025-02-22,19.1,302
2025-02-23,23.7,299
2025-02-24,20.2,302
2025-02-25,16.6,260
2025-02-26,12.8,266
2025-02-27,12.0,236
2025-02-28,14.6,263
2025-03-01,18.1,245
2025-03-02,36.6,35
2025-03-03,45.0,41
2025-03-04,38.4,43
2025-03-05,26.4,26
2025-03-06,17.5,20
2025-03-07,12.4,42
2025-03-08,11.2,131
2025-03-09,15.9,41
2025-03-10,9.2,40
2025-03-11,11.9,211
2025-03-12,12.3,253
2025-03-13,19.4,26
2025-03-14,26.3,39
2025-03-15,35.0,52
2025-03-16,24.2,331
2025-03-17,27.6,294
2025-03-18,24.7,284
2025-03-19,15.8,288
2025-03-20,18.6,249
2025-03-21,21.7,237
2025-03-22,20.2,251
2025-03-23,15.3,245
2025-03-24,25.1,229
2025-03-25,28.5,232
2025-03-26,22.5,176
2025-03-27,21.9,222
2025-03-28,23.2,7
2025-03-29,23.5,294
2025-03-30,19.2,322
2025-03-31,18.1,207
2025-04-01,17.6,40
2025-04-02,19.1,33
2025-04-03,22.8,31
2025-04-04,14.2,195
2025-04-05,24.9,227
2025-04-06,17.9,279
2025-04-07,20.0,235
2025-04-08,25.6,260
2025-04-09,12.6,71
2025-04-10,22.1,239
2025-04-11,12.6,61
2025-04-12,22.7,113
2025-04-13,32.4,244
2025-04-14,19.2,242
2025-04-15,21.3,288
2025-04-16,23.4,232
2025-04-17,24.9,222
2025-04-18,23.7,232
2025-04-19,27.2,228
2025-04-20,20.9,29
2025-04-21,15.2,43
2025-04-22,14.5,178
2025-04-23,25.1,32
2025-04-24,18.6,240
2025-04-25,22.2,306
2025-04-26,18.8,261
2025-04-27,17.3,244
2025-04-28,20.8,266
2025-04-29,20.7,238
2025-04-30,16.6,226
2025-05-01,30.2,210
2025-05-02,24.9,290
2025-05-03,15.9,261
2025-05-04,14.2,275
2025-05-05,14.4,34
2025-05-06,17.5,17
2025-05-07,13.4,198
2025-05-08,10.2,85
2025-05-09,25.9,130
2025-05-10,32.4,246
2025-05-11,17.9,245
2025-05-12,17.8,256
2025-05-13,15.9,235
2025-05-14,18.6,228
2025-05-15,20.8,223
2025-05-16,24.3,205
2025-05-17,23.8,234
2025-05-18,19.6,6
2025-05-19,24.7,222
2025-05-20,26.4,231
2025-05-21,20.4,200
2025-05-22,23.8,31
2025-05-23,24.0,36
2025-05-24,31.9,21
2025-05-25,15.5,21
2025-05-26,13.0,203
2025-05-27,13.4,213
2025-05-28,11.6,89
2025-05-29,16.1,46
2025-05-30,20.0,33
2025-05-31,13.8,20
2025-06-01,11.8,173
2025-06-02,9.1,223
2025-06-03,19.1,346
2025-06-04,18.1,249
2025-06-05,16.4,240
2025-06-06,14.8,241
2025-06-07,19.4,230
2025-06-08,15.1,223
2025-06-09,9.6,139
2025-06-10,17.9,222
2025-06-11,17.7,205
2025-06-12,12.0,168
2025-06-13,7.8,74
2025-06-14,22.5,215
2025-06-15,18.5,220
2025-06-16,20.5,227
2025-06-17,19.8,221
2025-06-18,14.0,232
2025-06-19,17.1,242
2025-06-20,26.3,219
2025-06-21,30.2,219
2025-06-22,27.2,227
2025-06-23,9.4,45
2025-06-24,17.3,32
2025-06-25,21.1,222
2025-06-26,14.4,250
2025-06-27,10.4,246
2025-06-28,12.0,231
2025-06-29,14.6,236
2025-06-30,16.2,232
2025-07-01,17.6,231
2025-07-02,17.5,230
2025-07-03,18.7,232
2025-07-04,20.7,234
2025-07-05,21.3,237
2025-07-06,17.9,245
2025-07-07,12.0,50
2025-07-08,21.1,43
2025-07-09,23.2,42
2025-07-10,29.7,35
2025-07-11,32.1,39
2025-07-12,26.1,43
2025-07-13,13.2,61
2025-07-14,16.8,359
2025-07-15,19.1,236
2025-07-16,20.3,210
2025-07-17,19.7,209
2025-07-18,21.5,192
2025-07-19,21.8,208
2025-07-20,9.4,188
2025-07-21,17.5,219
2025-07-22,11.6,237
2025-07-23,8.5,153
2025-07-24,9.9,52
2025-07-25,13.1,63
2025-07-26,13.1,73
2025-07-27,14.3,88
2025-07-28,12.0,105
2025-07-29,10.7,64
2025-07-30,13.7,53
2025-07-31,14.4,52
2025-08-01,13.3,53
2025-08-02,10.9,163
2025-08-03,15.8,204
2025-08-04,26.5,220
2025-08-05,22.5,231
2025-08-06,31.0,233
2025-08-07,17.0,281
2025-08-08,11.2,189
2025-08-09,16.2,191
2025-08-10,14.1,31
2025-08-11,16.8,37
2025-08-12,15.7,19
2025-08-13,20.7,225
2025-08-14,16.8,238
2025-08-15,8.9,229
2025-08-16,10.9,222
2025-08-17,10.4,254
2025-08-18,13.9,243
2025-08-19,17.4,229
2025-08-20,14.8,223
2025-08-21,11.6,192
2025-08-22,12.2,207
2025-08-23,14.5,244
2025-08-24,13.3,227
2025-08-25,18.8,228
2025-08-26,22.9,227
2025-08-27,14.4,61
2025-08-28,11.5,68
2025-08-29,16.0,231
2025-08-30,14.5,221
2025-08-31,17.4,226
2025-09-01,24.6,220
2025-09-02,18.5,247
2025-09-03,18.0,41
2025-09-04,20.3,31
2025-09-05,22.2,29
2025-09-06,21.2,228
2025-09-07,20.8,243
2025-09-08,9.3,36
2025-09-09,17.3,30
2025-09-10,21.7,18
2025-09-11,27.7,31
2025-09-12,23.3,37
2025-09-13,27.6,235
2025-09-14,13.6,40
2025-09-15,7.6,210
2025-09-16,16.8,233
2025-09-17,19.5,239
2025-09-18,23.8,32
2025-09-19,20.4,41
2025-09-20,21.8,271
2025-09-21,26.6,28
2025-09-22,26.2,45
2025-09-23,24.1,30
2025-09-24,17.6,248
2025-09-25,10.3,247
2025-09-26,11.9,22
2025-09-27,16.1,36
2025-09-28,23.8,262
2025-09-29,12.9,20
2025-09-30,9.0,12
2025-10-01,7.9,30
2025-10-02,11.0,42
2025-10-03,19.1,72
2025-10-04,14.8,23
2025-10-05,10.6,31
2025-10-06,16.8,35
2025-10-07,14.9,47
2025-10-08,23.7,31
2025-10-09,26.2,42
2025-10-10,16.8,56
2025-10-11,12.5,35
2025-10-12,20.1,14
2025-10-13,18.7,22
2025-10-14,21.9,14
2025-10-15,20.9,45
2025-10-16,21.8,16
2025-10-17,21.7,57
2025-10-18,21.9,0
2025-10-19,24.0,44
2025-10-20,24.8,18
2025-10-21,21.8,9
2025-10-22,25.2,40
2025-10-23,19.0,39
2025-10-24,24.2,29
2025-10-25,13.9,12
2025-10-26,14.2,346
2025-10-27,15.7,303
2025-10-28,12.8,332
2025-10-29,16.3,3
2025-10-30,13.0,0
2025-10-31,17.0,0
2025-11-01,18.2,282
2025-11-02,24.0,283
2025-11-03,22.6,12
2025-11-04,11.0,23
2025-11-05,12.7,15
2025-11-06,15.0,14
2025-11-07,18.6,36
2025-11-08,19.7,73
2025-11-09,18.7,345
2025-11-10,13.1,305
2025-11-11,13.8,1
2025-11-12,14.0,0
2025-11-13,7.7,295
2025-11-14,9.1,293
2025-11-15,9.2,353
2025-11-16,11.4,246
2025-11-17,20.3,305
2025-11-18,27.5,306
2025-11-19,11.3,291
2025-11-20,16.7,266
2025-11-21,18.5,289
2025-11-22,11.9,279
2025-11-23,10.7,275
2025-11-24,13.9,256
2025-11-25,24.9,289
2025-11-26,15.9,275
2025-11-27,28.2,261
2025-11-28,18.3,290
2025-11-29,16.7,248
2025-11-30,22.7,243
2025-12-01,18.7,288
2025-12-02,17.4,330
2025-12-03,21.5,301
2025-12-04,16.5,286
2025-12-05,19.4,292
2025-12-06,12.4,267
2025-12-07,13.1,252
2025-12-08,16.0,315
2025-12-09,8.2,304
2025-12-10,7.1,261
2025-12-11,19.6,286
2025-12-12,27.5,31
2025-12-13,19.4,68
2025-12-14,26.3,297
2025-12-15,19.0,278
2025-12-16,7.8,274
2025-12-17,18.1,309
2025-12-18,9.0,285
2025-12-19,10.6,267
2025-12-20,13.5,249
2025-12-21,22.3,315
2025-12-22,17.0,7
2025-12-23,12.0,332
2025-12-24,19.1,356
2025-12-25,32.4,310
2025-12-26,30.6,298
2025-12-27,12.6,300
2025-12-28,12.2,265
2025-12-29,13.8,269
2025-12-30,14.3,321
2025-12-31,19.4,317
2026-01-01,17.2,304
2026-01-02,24.0,296
2026-01-03,20.7,297
2026-01-04,18.1,273
2026-01-05,14.3,303
2026-01-06,9.0,291
2026-01-07,23.1,277
2026-01-08,19.0,308
2026-01-09,15.0,253
2026-01-10,33.4,253
2026-01-11,21.2,292
2026-01-12,21.5,265
2026-01-13,24.7,275
2026-01-14,11.4,262
2026-01-15,22.8,246
2026-01-16,7.7,258
2026-01-17,7.2,341
2026-01-18,11.7,23
2026-01-19,18.5,313
2026-01-20,21.9,339
2026-01-21,26.5,307
2026-01-22,23.5,295
2026-01-23,20.7,275
2026-01-24,27.9,285
2026-01-25,19.7,298
2026-01-26,13.6,289
2026-01-27,23.5,304
2026-01-28,16.8,307
2026-01-29,21.4,295
2026-01-30,20.4,302
2026-01-31,13.8,309
2026-02-01,15.4,292
2026-02-02,20.1,299
2026-02-03,15.7,282
2026-02-04,15.7,274
2026-02-05,15.9,258
2026-02-06,16.9,324
2026-02-07,29.8,310
2026-02-08,32.6,298
2026-02-09,18.5,277
2026-02-10,15.2,267
2026-02-11,18.9,301
2026-02-12,14.2,287
2026-02-13,16.8,268
2026-02-14,16.6,254
2026-02-15,14.2,300
2026-02-16,25.8,13
2026-02-17,15.0,326
2026-02-18,21.3,302
2026-02-19,14.2,275
2026-02-20,17.6,258
2026-02-21,23.0,230
2026-02-22,33.7,238
2026-02-23,17.4,306
2026-02-24,26.9,17
2026-02-25,35.5,31
2026-02-26,24.7,43
2026-02-27,23.7,24
2026-02-28,26.7,27
2026-03-01,27.1,51
2026-03-02,36.5,48
2026-03-03,33.7,20
2026-03-04,16.1,20
2026-03-05,12.0,85
2026-03-06,19.6,289
2026-03-07,16.3,307
2026-03-08,13.5,264
2026-03-09,18.3,315
2026-03-10,12.3,246
2026-03-11,11.6,222
2026-03-12,25.1,20
2026-03-13,28.0,18
2026-03-14,13.6,22
2026-03-15,10.4,301
2026-03-16,15.6,40
2026-03-17,13.5,145
2026-03-18,12.0,129
2026-03-19,20.3,12
2026-03-20,14.9,278
2026-03-21,17.1,274
2026-03-22,12.0,224
2026-03-23,25.3,31
2026-03-24,15.6,52
2026-03-25,10.7,29
2026-03-26,17.0,186
2026-03-27,18.3,252
2026-03-28,17.1,53
2026-03-29,11.9,108
2026-03-30,27.4,62
2026-03-31,33.7,24
2026-04-01,14.7,46
2026-04-02,16.3,278
2026-04-03,15.3,218
2026-04-04,29.8,169
2026-04-05,18.7,226
2026-04-06,28.3,235
2026-04-07,17.5,331
2026-04-08,16.8,222
2026-04-09,22.5,198
2026-04-10,26.2,256
2026-04-11,16.2,253
2026-04-12,16.5,32
2026-04-13,25.9,34
2026-04-14,21.7,30
2026-04-15,27.1,28
2026-04-16,25.6,37
2026-04-17,20.0,25
2026-04-18,12.0,124
2026-04-19,13.1,45
2026-04-20,20.5,248
2026-04-21,18.8,265
2026-04-22,10.5,294
2026-04-23,29.7,34
2026-04-24,25.3,33
2026-04-25,17.3,35
2026-04-26,12.9,200
2026-04-27,14.1,21
2026-04-28,16.7,262
2026-04-29,15.3,68
2026-04-30,15.5,56
2026-05-01,21.7,283
2026-05-02,16.5,236
2026-05-03,18.7,240
2026-05-04,28.2,291
2026-05-05,19.7,218
2026-05-06,17.7,229
2026-05-07,20.8,234
2026-05-08,22.2,300
2026-05-09,20.2,207
2026-05-10,17.0,217
2026-05-11,21.5,218
2026-05-12,19.4,216
2026-05-13,12.1,168
2026-05-14,22.6,47
2026-05-15,18.2,44
2026-05-16,14.4,210
2026-05-17,14.6,225
2026-05-18,16.2,226
2026-05-19,16.6,217
2026-05-20,23.9,30
2026-05-21,19.2,43
2026-05-22,25.1,39
2026-05-23,21.1,44
2026-05-24,14.7,44
2026-05-25,9.4,46
2026-05-26,17.4,51
2026-05-27,20.8,43
2026-05-28,14.5,269
2026-05-29,17.8,359
2026-05-30,9.4,265
2026-05-31,12.0,188
2026-06-01,20.1,207
2026-06-02,22.2,33
2026-06-03,18.4,36
2026-06-04,10.1,85
2026-06-05,14.8,279
2026-06-06,19.8,40
2026-06-07,21.2,34
2026-06-08,15.9,256
2026-06-09,14.1,37
2026-06-10,16.6,250
2026-06-11,17.9,246
2026-06-12,19.0,234
2026-06-13,15.2,204
2026-06-14,12.9,134
2026-06-15,13.9,64
2026-06-16,15.6,52
2026-06-17,13.5,91
2026-06-18,15.0,191
2026-06-19,11.6,113
2026-06-20,33.7,216
2026-06-21,14.9,54
2026-06-22,18.9,42
2026-06-23,26.7,50
2026-06-24,28.6,49
2026-06-25,20.5,33
2026-06-26,18.6,56
2026-06-27,19.2,37
2026-06-28,10.9,95
2026-06-29,13.2,72
2026-06-30,11.7,62
2026-07-01,27.0,19
2026-07-02,15.0,32
2026-07-03,15.4,222
2026-07-04,14.4,223
2026-07-05,19.3,234
2026-07-06,18.0,236
2026-07-07,17.7,227
2026-07-08,26.7,215
2026-07-09,23.3,218
2026-07-10,15.8,213
2026-07-11,11.1,186
2026-07-12,22.2,219
2026-07-13,21.8,220
2026-07-14,27.6,219
2026-07-15,28.9,231
2026-07-16,13.6,273
2026-07-17,14.0,203
2026-07-18,22.2,213
2026-07-19,20.4,207
2026-07-20,18.9,212
2026-07-21,23.4,215
2026-07-22,22.6,229
2026-07-23,20.1,226
2026-07-24,19.5,225
2026-07-25,17.3,227
2026-07-26,11.8,207
2026-07-27,15.3,215
2026-07-28,10.4,259
2026-07-29,15.0,301
2026-07-30,12.6,289
2026-07-31,13.0,252
2026-08-01,10.5,262
2026-08-02,13.9,39
2026-08-03,15.7,51
2026-08-04,24.2,43
2026-08-05,20.7,50
2026-08-06,20.9,44
2026-08-07,19.6,40
2026-08-08,26.6,35
2026-08-09,28.1,32
2026-08-10,29.3,46
2026-08-11,29.8,41
2026-08-12,27.1,26
2026-08-13,16.8,27
2026-08-14,16.4,198
2026-08-15,12.5,101
2026-08-16,23.5,132
2026-08-17,23.1,189
2026-08-18,19.1,222
2026-08-19,14.3,230
2026-08-20,10.9,333
2026-08-21,16.2,31
2026-08-22,12.6,47
2026-08-23,9.1,173
2026-08-24,14.3,224
2026-08-25,8.9,161
2026-08-26,10.4,76
2026-08-27,10.9,296
2026-08-28,13.7,203
2026-08-29,16.9,245
2026-08-30,13.3,243
2026-08-31,19.3,214
2026-09-01,13.6,219
