date,examinLcDetail,distance_to_outfall,ecoli,any_exceed,precipitation_mm,temperature_2m,wind_speed_m_s,wind_direction_deg,precip_1d_lag,precip_3d_sum_lag,precip_5d_sum_lag,temp_1d_lag,temp_daily,wind_speed_1d_lag,wind_dir_1d_lag,month,중앙사업단_vol,중앙사업단_vol_1d_lag,중앙사업단_vol_3d_sum_lag,영도사업단_vol,영도사업단_vol_1d_lag,영도사업단_vol_3d_sum_lag,log_ecoli
2015-09-21,,0.0,130.0,0,0.0,21.2625,2.4502334416666667,50.166666666666664,0.0,2.0,37.9,20.445833333333333,21.2625,1.2650473083333333,141.08333333333334,9,90005.0,91513.0,280092.0,,,,4.875197323201151
2015-09-21,,0.0,150.0,0,0.0,21.2625,2.4502334416666667,50.166666666666664,0.0,2.0,37.9,20.445833333333333,21.2625,1.2650473083333333,141.08333333333334,9,90005.0,91513.0,280092.0,,,,5.017279836814924
2015-09-21,,0.0,220.0,0,0.0,21.2625,2.4502334416666667,50.166666666666664,0.0,2.0,37.9,20.445833333333333,21.2625,1.2650473083333333,141.08333333333334,9,90005.0,91513.0,280092.0,,,,5.3981627015177525
2015-08-04,,0.0,10.0,0,0.0,26.741666666666664,4.151623691666667,229.79166666666666,0.0,0.0,0.0,26.6125,26.741666666666664,3.498845391666667,228.66666666666666,8,86948.0,91658.0,264742.0,,,,2.3978952727983707
2015-08-04,,0.0,1.0,0,0.0,26.741666666666664,4.151623691666667,229.79166666666666,0.0,0.0,0.0,26.6125,26.741666666666664,3.498845391666667,228.66666666666666,8,86948.0,91658.0,264742.0,,,,0.6931471805599453
2015-08-04,,0.0,20.0,0,0.0,26.741666666666664,4.151623691666667,229.79166666666666,0.0,0.0,0.0,26.6125,26.741666666666664,3.498845391666667,228.66666666666666,8,86948.0,91658.0,264742.0,,,,3.044522437723423
2015-07-28,,0.0,1.0,0,0.8,27.287499999999998,2.7847244500000006,239.29166666666666,0.2,0.2,12.6,26.712500000000002,27.287499999999998,2.5659742750000003,256.875,7,82572.0,87144.0,265334.0,,,,0.6931471805599453
2015-07-28,,0.0,20.0,0,0.8,27.287499999999998,2.7847244500000006,239.29166666666666,0.2,0.2,12.6,26.712500000000002,27.287499999999998,2.5659742750000003,256.875,7,82572.0,87144.0,265334.0,,,,3.044522437723423
2015-07-28,,0.0,20.0,0,0.8,27.287499999999998,2.7847244500000006,239.29166666666666,0.2,0.2,12.6,26.712500000000002,27.287499999999998,2.5659742750000003,256.875,7,82572.0,87144.0,265334.0,,,,3.044522437723423
2015-07-16,,0.0,10.0,0,0.0,21.525000000000002,7.832182191666668,27.333333333333332,0.0,5.1,82.6,23.8125,21.525000000000002,2.8263911500000005,158.95833333333334,7,84295.0,85406.0,286831.0,,,,2.3978952727983707
2015-07-16,,0.0,10.0,0,0.0,21.525000000000002,7.832182191666668,27.333333333333332,0.0,5.1,82.6,23.8125,21.525000000000002,2.8263911500000005,158.95833333333334,7,84295.0,85406.0,286831.0,,,,2.3978952727983707
2015-07-16,,0.0,20.0,0,0.0,21.525000000000002,7.832182191666668,27.333333333333332,0.0,5.1,82.6,23.8125,21.525000000000002,2.8263911500000005,158.95833333333334,7,84295.0,85406.0,286831.0,,,,3.044522437723423
2015-07-02,,0.0,10.0,0,0.0,21.4875,2.3032425833333336,233.25,2.4000000000000004,42.099999999999994,42.29999999999999,21.900000000000002,21.4875,3.5868084250000005,219.75,7,83252.0,84764.0,252687.0,,,,2.3978952727983707
2015-07-02,,0.0,1.0,0,0.0,21.4875,2.3032425833333336,233.25,2.4000000000000004,42.099999999999994,42.29999999999999,21.900000000000002,21.4875,3.5868084250000005,219.75,7,83252.0,84764.0,252687.0,,,,0.6931471805599453
2015-07-02,,0.0,10.0,0,0.0,21.4875,2.3032425833333336,233.25,2.4000000000000004,42.099999999999994,42.29999999999999,21.900000000000002,21.4875,3.5868084250000005,219.75,7,83252.0,84764.0,252687.0,,,,2.3978952727983707
2015-06-16,,0.0,170.0,0,1.3,20.829166666666666,1.6469920583333335,176.625,0.3,1.299999999999993,4.0999999999999925,21.204166666666666,20.829166666666666,3.2708359500000004,215.75,6,79744.0,82344.0,240535.0,,,,5.14166355650266
2015-06-16,,0.0,130.0,0,1.3,20.829166666666666,1.6469920583333335,176.625,0.3,1.299999999999993,4.0999999999999925,21.204166666666666,20.829166666666666,3.2708359500000004,215.75,6,79744.0,82344.0,240535.0,,,,4.875197323201151
2015-06-16,,0.0,250.0,0,1.3,20.829166666666666,1.6469920583333335,176.625,0.3,1.299999999999993,4.0999999999999925,21.204166666666666,20.829166666666666,3.2708359500000004,215.75,6,79744.0,82344.0,240535.0,,,,5.5254529391317835
2016-10-04,,0.0,390.0,0,0.3,22.4875,4.914355783333334,103.45833333333333,0.0,8.5,55.5,24.075,22.4875,2.738428116666667,229.0,10,87991.0,89850.0,271714.0,,,,5.968707559985366
2016-10-04,,0.0,170.0,0,0.3,22.4875,4.914355783333334,103.45833333333333,0.0,8.5,55.5,24.075,22.4875,2.738428116666667,229.0,10,87991.0,89850.0,271714.0,,,,5.14166355650266
2016-10-04,,0.0,220.0,0,0.3,22.4875,4.914355783333334,103.45833333333333,0.0,8.5,55.5,24.075,22.4875,2.738428116666667,229.0,10,87991.0,89850.0,271714.0,,,,5.3981627015177525
2016-09-07,,0.0,150.0,0,0.1,25.308333333333334,1.3425936666666667,215.16666666666666,0.0,18.7,207.7,24.900000000000002,25.308333333333334,1.1134268166666668,230.25,9,91531.0,90705.0,279092.0,,,,5.017279836814924
2016-09-07,,0.0,150.0,0,0.1,25.308333333333334,1.3425936666666667,215.16666666666666,0.0,18.7,207.7,24.900000000000002,25.308333333333334,1.1134268166666668,230.25,9,91531.0,90705.0,279092.0,,,,5.017279836814924
2016-09-07,,0.0,160.0,0,0.1,25.308333333333334,1.3425936666666667,215.16666666666666,0.0,18.7,207.7,24.900000000000002,25.308333333333334,1.1134268166666668,230.25,9,91531.0,90705.0,279092.0,,,,5.081404364984463
2016-08-22,,0.0,74.0,0,0.0,27.495833333333334,3.3402804500000003,37.375,0.0,0.0,0.0,27.587500000000002,27.495833333333334,4.13194775,41.041666666666664,8,90448.0,91866.0,272884.0,,,,4.31748811353631
2016-08-22,,0.0,75.0,0,0.0,27.495833333333334,3.3402804500000003,37.375,0.0,0.0,0.0,27.587500000000002,27.495833333333334,4.13194775,41.041666666666664,8,90448.0,91866.0,272884.0,,,,4.330733340286331
2016-08-22,,0.0,190.0,0,0.0,27.495833333333334,3.3402804500000003,37.375,0.0,0.0,0.0,27.587500000000002,27.495833333333334,4.13194775,41.041666666666664,8,90448.0,91866.0,272884.0,,,,5.25227342804663
2016-08-17,,0.0,140.0,0,0.0,27.72083333333333,1.9143533833333335,51.75,32.5,36.300000000000004,36.9,27.145833333333332,27.72083333333333,2.2511592083333336,94.29166666666667,8,88786.0,99846.0,280681.0,,,,4.948759890378168
2016-08-17,,0.0,250.0,0,0.0,27.72083333333333,1.9143533833333335,51.75,32.5,36.300000000000004,36.9,27.145833333333332,27.72083333333333,2.2511592083333336,94.29166666666667,8,88786.0,99846.0,280681.0,,,,5.5254529391317835
2016-08-17,,0.0,220.0,0,0.0,27.72083333333333,1.9143533833333335,51.75,32.5,36.300000000000004,36.9,27.145833333333332,27.72083333333333,2.2511592083333336,94.29166666666667,8,88786.0,99846.0,280681.0,,,,5.3981627015177525
2016-08-09,,0.0,230.0,0,0.1,27.808333333333334,3.221067391666667,51.125,1.0,1.0000000000000036,1.4,29.03333333333333,27.808333333333334,1.2037046666666666,165.875,8,86147.0,86650.0,258059.0,,,,5.442417710521793
2016-08-09,,0.0,170.0,0,0.1,27.808333333333334,3.221067391666667,51.125,1.0,1.0000000000000036,1.4,29.03333333333333,27.808333333333334,1.2037046666666666,165.875,8,86147.0,86650.0,258059.0,,,,5.14166355650266
2016-08-09,,0.0,200.0,0,0.1,27.808333333333334,3.221067391666667,51.125,1.0,1.0000000000000036,1.4,29.03333333333333,27.808333333333334,1.2037046666666666,165.875,8,86147.0,86650.0,258059.0,,,,5.303304908059076
2016-07-26,,0.0,41.0,0,0.7,27.079166666666666,3.2604192750000003,229.0,4.2,4.900000000000001,4.9,26.787499999999998,27.079166666666666,1.9699089833333334,239.5,7,86336.0,86799.0,261493.0,,,,3.7376696182833684
2016-07-26,,0.0,63.0,0,0.7,27.079166666666666,3.2604192750000003,229.0,4.2,4.900000000000001,4.9,26.787499999999998,27.079166666666666,1.9699089833333334,239.5,7,86336.0,86799.0,261493.0,,,,4.1588830833596715
2016-07-26,,0.0,20.0,0,0.7,27.079166666666666,3.2604192750000003,229.0,4.2,4.900000000000001,4.9,26.787499999999998,27.079166666666666,1.9699089833333334,239.5,7,86336.0,86799.0,261493.0,,,,3.044522437723423
2016-07-19,,0.0,20.0,0,0.0,24.175,2.5694465,79.875,0.0,6.000000000000001,7.300000000000001,24.462500000000002,24.175,1.4918993416666668,246.08333333333334,7,88599.0,89388.0,263315.0,,,,3.044522437723423
2016-07-19,,0.0,10.0,0,0.0,24.175,2.5694465,79.875,0.0,6.000000000000001,7.300000000000001,24.462500000000002,24.175,1.4918993416666668,246.08333333333334,7,88599.0,89388.0,263315.0,,,,2.3978952727983707
2016-07-19,,0.0,10.0,0,0.0,24.175,2.5694465,79.875,0.0,6.000000000000001,7.300000000000001,24.462500000000002,24.175,1.4918993416666668,246.08333333333334,7,88599.0,89388.0,263315.0,,,,2.3978952727983707
2016-07-11,,0.0,10.0,0,4.5,24.6875,1.9606497166666668,176.95833333333334,0.0,2.7,5.2,24.983333333333334,24.6875,1.4837974833333334,225.875,7,100118.0,87831.0,267969.0,,,,2.3978952727983707
2016-07-11,,0.0,1.0,0,4.5,24.6875,1.9606497166666668,176.95833333333334,0.0,2.7,5.2,24.983333333333334,24.6875,1.4837974833333334,225.875,7,100118.0,87831.0,267969.0,,,,0.6931471805599453
2016-07-11,,0.0,20.0,0,4.5,24.6875,1.9606497166666668,176.95833333333334,0.0,2.7,5.2,24.983333333333334,24.6875,1.4837974833333334,225.875,7,100118.0,87831.0,267969.0,,,,3.044522437723423
2016-06-27,,0.0,52.0,0,0.8,21.191666666666666,1.7569458500000001,225.5,0.0,11.200000000000001,55.2,22.354166666666668,21.191666666666666,2.509261266666667,243.66666666666666,6,77427.0,84347.0,281546.0,,,,3.970291913552122
2016-06-27,,0.0,20.0,0,0.8,21.191666666666666,1.7569458500000001,225.5,0.0,11.200000000000001,55.2,22.354166666666668,21.191666666666666,2.509261266666667,243.66666666666666,6,77427.0,84347.0,281546.0,,,,3.044522437723423
2016-06-27,,0.0,31.0,0,0.8,21.191666666666666,1.7569458500000001,225.5,0.0,11.200000000000001,55.2,22.354166666666668,21.191666666666666,2.509261266666667,243.66666666666666,6,77427.0,84347.0,281546.0,,,,3.4657359027997265
2016-06-07,,0.0,10.0,0,0.8,20.3,1.5601864333333335,112.04166666666667,1.1,7.5,7.5,19.400000000000002,20.3,3.5555584000000002,49.041666666666664,6,90965.0,90371.0,276395.0,,,,2.3978952727983707
2016-06-07,,0.0,1.0,0,0.8,20.3,1.5601864333333335,112.04166666666667,1.1,7.5,7.5,19.400000000000002,20.3,3.5555584000000002,49.041666666666664,6,90965.0,90371.0,276395.0,,,,0.6931471805599453
2016-06-07,,0.0,10.0,0,0.8,20.3,1.5601864333333335,112.04166666666667,1.1,7.5,7.5,19.400000000000002,20.3,3.5555584000000002,49.041666666666664,6,90965.0,90371.0,276395.0,,,,2.3978952727983707
2016-05-12,,0.0,1.0,0,0.0,16.245833333333334,2.7511596083333334,235.25,0.0,21.2,21.2,14.75,16.245833333333334,2.523150166666667,242.08333333333334,5,88119.0,86497.0,257292.0,,,,0.6931471805599453
2016-05-12,,0.0,1.0,0,0.0,16.245833333333334,2.7511596083333334,235.25,0.0,21.2,21.2,14.75,16.245833333333334,2.523150166666667,242.08333333333334,5,88119.0,86497.0,257292.0,,,,0.6931471805599453
2016-05-12,,0.0,1.0,0,0.0,16.245833333333334,2.7511596083333334,235.25,0.0,21.2,21.2,14.75,16.245833333333334,2.523150166666667,242.08333333333334,5,88119.0,86497.0,257292.0,,,,0.6931471805599453
2017-09-20,송도비치호텔앞,0.0,20.0,0,0.0,22.375,3.3784749250000004,261.125,0.0,6.7,7.0,22.125,22.375,3.351854533333334,258.625,9,75387.0,87497.0,260826.0,,,,3.044522437723423
2017-09-20,송도임해행정봉사실앞,0.5,20.0,0,0.0,22.375,3.3784749250000004,261.125,0.0,6.7,7.0,22.125,22.375,3.351854533333334,258.625,9,75387.0,87497.0,260826.0,,,,3.044522437723423
2017-09-20,송도스포츠센터앞,1.0,10.0,0,0.0,22.375,3.3784749250000004,261.125,0.0,6.7,7.0,22.125,22.375,3.351854533333334,258.625,9,75387.0,87497.0,260826.0,,,,2.3978952727983707
2017-09-04,송도비치호텔앞,0.0,10.0,0,0.0,22.8125,4.1736144500000005,52.5,0.0,0.1,0.1,21.891666666666666,22.8125,4.38194795,88.54166666666667,9,82226.0,80583.0,253625.0,,,,2.3978952727983707
2017-09-04,송도임해행정봉사실앞,0.5,10.0,0,0.0,22.8125,4.1736144500000005,52.5,0.0,0.1,0.1,21.891666666666666,22.8125,4.38194795,88.54166666666667,9,82226.0,80583.0,253625.0,,,,2.3978952727983707
2017-09-04,송도스포츠센터앞,1.0,31.0,0,0.0,22.8125,4.1736144500000005,52.5,0.0,0.1,0.1,21.891666666666666,22.8125,4.38194795,88.54166666666667,9,82226.0,80583.0,253625.0,,,,3.4657359027997265
2017-08-23,송도비치호텔앞,0.0,63.0,0,5.4,27.587500000000002,4.571762916666667,241.25,14.4,29.799999999999997,33.0,26.25,27.587500000000002,4.372688683333334,235.25,8,86633.0,90573.0,266064.0,,,,4.1588830833596715
2017-08-23,송도임해행정봉사실앞,0.5,96.0,0,5.4,27.587500000000002,4.571762916666667,241.25,14.4,29.799999999999997,33.0,26.25,27.587500000000002,4.372688683333334,235.25,8,86633.0,90573.0,266064.0,,,,4.574710978503383
2017-08-23,송도스포츠센터앞,1.0,96.0,0,5.4,27.587500000000002,4.571762916666667,241.25,14.4,29.799999999999997,33.0,26.25,27.587500000000002,4.372688683333334,235.25,8,86633.0,90573.0,266064.0,,,,4.574710978503383
2017-08-17,송도비치호텔앞,0.0,131.0,0,8.0,25.599999999999998,2.638891,116.45833333333333,8.3,119.60000000000001,120.10000000000001,25.77916666666667,25.599999999999998,2.3032425833333336,126.83333333333333,8,88067.0,85910.0,261815.0,,,,4.882801922586371
2017-08-17,송도임해행정봉사실앞,0.5,181.0,0,8.0,25.599999999999998,2.638891,116.45833333333333,8.3,119.60000000000001,120.10000000000001,25.77916666666667,25.599999999999998,2.3032425833333336,126.83333333333333,8,88067.0,85910.0,261815.0,,,,5.204006687076795
2017-08-17,송도스포츠센터앞,1.0,441.0,0,8.0,25.599999999999998,2.638891,116.45833333333333,8.3,119.60000000000001,120.10000000000001,25.77916666666667,25.599999999999998,2.3032425833333336,126.83333333333333,8,88067.0,85910.0,261815.0,,,,6.091309882077698
2017-08-11,송도비치호텔앞,0.0,97.0,0,2.0,26.120833333333334,3.0717617166666673,149.20833333333334,4.5,42.9,47.5,26.945833333333336,26.120833333333334,1.655093916666667,172.33333333333334,8,86119.0,86715.0,265120.0,,,,4.584967478670572
2017-08-11,송도임해행정봉사실앞,0.5,85.0,0,2.0,26.120833333333334,3.0717617166666673,149.20833333333334,4.5,42.9,47.5,26.945833333333336,26.120833333333334,1.655093916666667,172.33333333333334,8,86119.0,86715.0,265120.0,,,,4.454347296253507
2017-08-11,송도스포츠센터앞,1.0,161.0,0,2.0,26.120833333333334,3.0717617166666673,149.20833333333334,4.5,42.9,47.5,26.945833333333336,26.120833333333334,1.655093916666667,172.33333333333334,8,86119.0,86715.0,265120.0,,,,5.087596335232384
2017-08-02,송도비치호텔앞,0.0,179.0,0,0.0,25.712500000000002,4.525466583333333,48.791666666666664,0.0,3.6999999999999997,3.8,26.120833333333334,25.712500000000002,3.248845191666667,50.666666666666664,8,84252.0,86930.0,259725.0,,,,5.19295685089021
2017-08-02,송도임해행정봉사실앞,0.5,242.0,0,0.0,25.712500000000002,4.525466583333333,48.791666666666664,0.0,3.6999999999999997,3.8,26.120833333333334,25.712500000000002,3.248845191666667,50.666666666666664,8,84252.0,86930.0,259725.0,,,,5.493061443340548
2017-08-02,송도스포츠센터앞,1.0,169.0,0,0.0,25.712500000000002,4.525466583333333,48.791666666666664,0.0,3.6999999999999997,3.8,26.120833333333334,25.712500000000002,3.248845191666667,50.666666666666664,8,84252.0,86930.0,259725.0,,,,5.135798437050262
2017-07-27,송도비치호텔앞,0.0,20.0,0,0.0,24.575,4.113429216666667,48.25,0.0,30.4,30.599999999999998,24.84583333333333,24.575,6.652783100000001,45.625,7,87488.0,86205.0,262070.0,,,,3.044522437723423
2017-07-27,송도임해행정봉사실앞,0.5,1.0,0,0.0,24.575,4.113429216666667,48.25,0.0,30.4,30.599999999999998,24.84583333333333,24.575,6.652783100000001,45.625,7,87488.0,86205.0,262070.0,,,,0.6931471805599453
2017-07-27,송도스포츠센터앞,1.0,1.0,0,0.0,24.575,4.113429216666667,48.25,0.0,30.4,30.599999999999998,24.84583333333333,24.575,6.652783100000001,45.625,7,87488.0,86205.0,262070.0,,,,0.6931471805599453
2017-07-19,송도비치호텔앞,0.0,1.0,0,0.1,27.150000000000002,2.0208349500000002,235.5,7.7,9.3,10.5,26.2,27.150000000000002,3.1446784416666667,243.58333333333334,7,85059.0,86998.0,253647.0,,,,0.6931471805599453
2017-07-19,송도임해행정봉사실앞,0.5,1.0,0,0.1,27.150000000000002,2.0208349500000002,235.5,7.7,9.3,10.5,26.2,27.150000000000002,3.1446784416666667,243.58333333333334,7,85059.0,86998.0,253647.0,,,,0.6931471805599453
2017-07-19,송도스포츠센터앞,1.0,1.0,0,0.1,27.150000000000002,2.0208349500000002,235.5,7.7,9.3,10.5,26.2,27.150000000000002,3.1446784416666667,243.58333333333334,7,85059.0,86998.0,253647.0,,,,0.6931471805599453
2017-07-13,송도비치호텔앞,0.0,63.0,0,0.0,25.537499999999998,3.519678741666667,235.75,0.0,28.8,31.0,26.758333333333336,25.537499999999998,3.0115764833333336,253.5,7,82920.0,88845.0,259988.0,,,,4.1588830833596715
2017-07-13,송도임해행정봉사실앞,0.5,31.0,0,0.0,25.537499999999998,3.519678741666667,235.75,0.0,28.8,31.0,26.758333333333336,25.537499999999998,3.0115764833333336,253.5,7,82920.0,88845.0,259988.0,,,,3.4657359027997265
2017-07-13,송도스포츠센터앞,1.0,41.0,0,0.0,25.537499999999998,3.519678741666667,235.75,0.0,28.8,31.0,26.758333333333336,25.537499999999998,3.0115764833333336,253.5,7,82920.0,88845.0,259988.0,,,,3.7376696182833684
2017-07-07,송도비치호텔앞,0.0,20.0,0,5.5,24.304166666666664,4.1250033,231.33333333333334,2.3000000000000003,18.3,31.099999999999998,24.104166666666668,24.304166666666664,2.924770858333334,224.875,7,87492.0,100425.0,279358.0,,,,3.044522437723423
2017-07-07,송도임해행정봉사실앞,0.5,20.0,0,5.5,24.304166666666664,4.1250033,231.33333333333334,2.3000000000000003,18.3,31.099999999999998,24.104166666666668,24.304166666666664,2.924770858333334,224.875,7,87492.0,100425.0,279358.0,,,,3.044522437723423
2017-07-07,송도스포츠센터앞,1.0,31.0,0,5.5,24.304166666666664,4.1250033,231.33333333333334,2.3000000000000003,18.3,31.099999999999998,24.104166666666668,24.304166666666664,2.924770858333334,224.875,7,87492.0,100425.0,279358.0,,,,3.4657359027997265
2017-06-22,송도비치호텔앞,0.0,1.0,0,0.0,22.758333333333336,2.7754651833333335,224.75,4.7,10.7,10.7,21.52916666666667,22.758333333333336,3.618058450000001,129.75,6,81720.0,83360.0,245363.0,,,,0.6931471805599453
2017-06-22,송도임해행정봉사실앞,0.5,20.0,0,0.0,22.758333333333336,2.7754651833333335,224.75,4.7,10.7,10.7,21.52916666666667,22.758333333333336,3.618058450000001,129.75,6,81720.0,83360.0,245363.0,,,,3.044522437723423
2017-06-22,송도스포츠센터앞,1.0,1.0,0,0.0,22.758333333333336,2.7754651833333335,224.75,4.7,10.7,10.7,21.52916666666667,22.758333333333336,3.618058450000001,129.75,6,81720.0,83360.0,245363.0,,,,0.6931471805599453
2017-06-09,송도비치호텔앞,0.0,20.0,0,0.0,21.679166666666664,3.570604708333333,255.95833333333334,0.0,19.3,19.3,20.108333333333334,21.679166666666664,3.429400891666667,276.9166666666667,6,80358.0,78092.0,236971.0,,,,3.044522437723423
2017-06-09,송도임해행정봉사실앞,0.5,20.0,0,0.0,21.679166666666664,3.570604708333333,255.95833333333334,0.0,19.3,19.3,20.108333333333334,21.679166666666664,3.429400891666667,276.9166666666667,6,80358.0,78092.0,236971.0,,,,3.044522437723423
2017-06-09,송도스포츠센터앞,1.0,31.0,0,0.0,21.679166666666664,3.570604708333333,255.95833333333334,0.0,19.3,19.3,20.108333333333334,21.679166666666664,3.429400891666667,276.9166666666667,6,80358.0,78092.0,236971.0,,,,3.4657359027997265
2017-05-30,송도비치호텔앞60m,0.0,10.0,0,0.0,23.454166666666666,2.2754647833333332,251.08333333333334,0.0,0.0,0.0,22.954166666666666,23.454166666666666,3.2719933583333334,247.83333333333334,5,80541.0,81551.0,241997.0,,,,2.3978952727983707
2017-05-30,임해행정봉사실앞40m,0.5,20.0,0,0.0,23.454166666666666,2.2754647833333332,251.08333333333334,0.0,0.0,0.0,22.954166666666666,23.454166666666666,3.2719933583333334,247.83333333333334,5,80541.0,81551.0,241997.0,,,,3.044522437723423
2017-05-30,송도스포츠센터앞100m,1.0,74.0,0,0.0,23.454166666666666,2.2754647833333332,251.08333333333334,0.0,0.0,0.0,22.954166666666666,23.454166666666666,3.2719933583333334,247.83333333333334,5,80541.0,81551.0,241997.0,,,,4.31748811353631
2018-08-22,송도비치호텔,0.0,272.0,0,0.1,28.383333333333336,6.173616050000001,88.5,0.0,0.0,0.0,26.849999999999998,28.383333333333336,1.7905106916666667,179.125,8,87977.0,89659.0,265546.0,,,,5.60947179518496
2018-08-22,임해행정봉사실,0.5,189.0,0,0.1,28.383333333333336,6.173616050000001,88.5,0.0,0.0,0.0,26.849999999999998,28.383333333333336,1.7905106916666667,179.125,8,87977.0,89659.0,265546.0,,,,5.247024072160486
2018-08-22,송도스포츠센터,1.0,187.0,0,0.1,28.383333333333336,6.173616050000001,88.5,0.0,0.0,0.0,26.849999999999998,28.383333333333336,1.7905106916666667,179.125,8,87977.0,89659.0,265546.0,,,,5.236441962829949
2018-08-09,송도비치호텔,0.0,411.0,0,1.4,27.108333333333334,2.6956040083333335,61.625,0.2,3.1,3.1,26.400000000000002,27.108333333333334,3.1493080750000004,54.75,8,89110.0,85405.0,262536.0,,,,6.021023349349527
2018-08-09,임해행정봉사실,0.5,633.0,1,1.4,27.108333333333334,2.6956040083333335,61.625,0.2,3.1,3.1,26.400000000000002,27.108333333333334,3.1493080750000004,54.75,8,89110.0,85405.0,262536.0,,,,6.452048954437226
2018-08-09,송도스포츠센터,1.0,379.0,0,1.4,27.108333333333334,2.6956040083333335,61.625,0.2,3.1,3.1,26.400000000000002,27.108333333333334,3.1493080750000004,54.75,8,89110.0,85405.0,262536.0,,,,5.940171252720432
2018-08-02,송도비치호텔앞60m,0.0,892.0,1,0.0,28.5625,4.0555588,54.333333333333336,0.0,3.0,5.8999999999999995,28.941666666666666,28.5625,4.364586825000001,43.833333333333336,8,89098.0,88526.0,262216.0,,,,6.794586580876499
2018-08-02,임해행정봉사실앞40m,0.5,773.0,1,0.0,28.5625,4.0555588,54.333333333333336,0.0,3.0,5.8999999999999995,28.941666666666666,28.5625,4.364586825000001,43.833333333333336,8,89098.0,88526.0,262216.0,,,,6.651571873589727
2018-08-02,송도스포츠센터앞100m,1.0,414.0,0,0.0,28.5625,4.0555588,54.333333333333336,0.0,3.0,5.8999999999999995,28.941666666666666,28.5625,4.364586825000001,43.833333333333336,8,89098.0,88526.0,262216.0,,,,6.028278520230698
2018-07-26,송도비치호텔,0.0,152.0,0,0.0,30.425,1.7627328916666667,212.0,0.0,0.0,0.0,29.816666666666666,30.425,3.4699101833333335,250.20833333333334,7,91223.0,91536.0,251302.0,,,,5.030437921392435
2018-07-26,임해행정봉사실,0.5,25.0,0,0.0,30.425,1.7627328916666667,212.0,0.0,0.0,0.0,29.816666666666666,30.425,3.4699101833333335,250.20833333333334,7,91223.0,91536.0,251302.0,,,,3.258096538021482
2018-07-26,송도스포츠센터,1.0,10.0,0,0.0,30.425,1.7627328916666667,212.0,0.0,0.0,0.0,29.816666666666666,30.425,3.4699101833333335,250.20833333333334,7,91223.0,91536.0,251302.0,,,,2.3978952727983707
2018-07-19,송도비치호텔,0.0,10.0,0,0.0,28.479166666666668,1.697918025,211.58333333333334,0.0,0.0,0.0,28.09583333333333,28.479166666666668,1.8657422333333333,237.41666666666666,7,85627.0,88410.0,263003.0,,,,2.3978952727983707
2018-07-19,임해행정봉사실,0.5,1.0,0,0.0,28.479166666666668,1.697918025,211.58333333333334,0.0,0.0,0.0,28.09583333333333,28.479166666666668,1.8657422333333333,237.41666666666666,7,85627.0,88410.0,263003.0,,,,0.6931471805599453
2018-07-19,송도스포츠센터,1.0,1.0,0,0.0,28.479166666666668,1.697918025,211.58333333333334,0.0,0.0,0.0,28.09583333333333,28.479166666666668,1.8657422333333333,237.41666666666666,7,85627.0,88410.0,263003.0,,,,0.6931471805599453
2018-07-12,송도비치호텔앞60m,0.0,512.0,1,0.0,26.4375,3.329863775,247.79166666666666,0.0,3.7,4.1,26.008333333333336,26.4375,2.3229185250000004,145.125,7,95020.0,89782.0,276699.0,,,,6.240275845170769
2018-07-12,임해행정봉사실앞40m,0.5,399.0,0,0.0,26.4375,3.329863775,247.79166666666666,0.0,3.7,4.1,26.008333333333336,26.4375,2.3229185250000004,145.125,7,95020.0,89782.0,276699.0,,,,5.991464547107982
2018-07-12,송도스포츠센터앞100m,1.0,108.0,0,0.0,26.4375,3.329863775,247.79166666666666,0.0,3.7,4.1,26.008333333333336,26.4375,2.3229185250000004,145.125,7,95020.0,89782.0,276699.0,,,,4.6913478822291435
2018-06-18,송도비치호텔앞60m,0.0,86.0,0,0.0,20.854166666666668,2.0891220416666667,93.29166666666667,0.0,0.0,0.0,19.224999999999998,20.854166666666668,3.178243283333334,42.333333333333336,6,92957.0,90622.0,272547.0,,,,4.465908118654584
2018-06-18,임해행정봉사실앞40m,0.5,63.0,0,0.0,20.854166666666668,2.0891220416666667,93.29166666666667,0.0,0.0,0.0,19.224999999999998,20.854166666666668,3.178243283333334,42.333333333333336,6,92957.0,90622.0,272547.0,,,,4.1588830833596715
2018-06-18,송도스포츠센터앞100m,1.0,62.0,0,0.0,20.854166666666668,2.0891220416666667,93.29166666666667,0.0,0.0,0.0,19.224999999999998,20.854166666666668,3.178243283333334,42.333333333333336,6,92957.0,90622.0,272547.0,,,,4.143134726391533
2018-06-04,송도비치호텔앞60m,0.0,31.0,0,0.0,21.445833333333336,3.151622891666667,234.75,0.0,0.0,0.2,21.34166666666667,21.445833333333336,2.7615762833333335,231.83333333333334,6,92878.0,87261.0,267082.0,,,,3.4657359027997265
2018-06-04,임해행정봉사실앞40m,0.5,20.0,0,0.0,21.445833333333336,3.151622891666667,234.75,0.0,0.0,0.2,21.34166666666667,21.445833333333336,2.7615762833333335,231.83333333333334,6,92878.0,87261.0,267082.0,,,,3.044522437723423
2018-06-04,송도스포츠센터앞100m,1.0,30.0,0,0.0,21.445833333333336,3.151622891666667,234.75,0.0,0.0,0.2,21.34166666666667,21.445833333333336,2.7615762833333335,231.83333333333334,6,92878.0,87261.0,267082.0,,,,3.4339872044851463
2018-05-16,송도비치호텔앞60m,0.0,399.0,0,0.1,19.645833333333332,4.744216758333334,224.875,0.0,19.6,22.200000000000003,19.491666666666667,19.645833333333332,3.440974975,244.20833333333334,5,92338.0,92526.0,274731.0,,,,5.991464547107982
2018-05-16,임해행정봉사실앞40m,0.5,74.0,0,0.1,19.645833333333332,4.744216758333334,224.875,0.0,19.6,22.200000000000003,19.491666666666667,19.645833333333332,3.440974975,244.20833333333334,5,92338.0,92526.0,274731.0,,,,4.31748811353631
2018-05-16,송도스포츠센터앞100m,1.0,31.0,0,0.1,19.645833333333332,4.744216758333334,224.875,0.0,19.6,22.200000000000003,19.491666666666667,19.645833333333332,3.440974975,244.20833333333334,5,92338.0,92526.0,274731.0,,,,3.4657359027997265
2019-09-25,A,0.0,2142.0,1,0.0,19.608333333333334,3.4687527750000005,118.66666666666667,0.0,161.0,203.0,18.900000000000002,19.608333333333334,1.6817143083333335,179.25,9,104593.0,104947.0,313190.0,,,,7.669961995473577
2019-09-25,B,0.5,199.0,0,0.0,19.608333333333334,3.4687527750000005,118.66666666666667,0.0,161.0,203.0,18.900000000000002,19.608333333333334,1.6817143083333335,179.25,9,104593.0,104947.0,313190.0,,,,5.298317366548036
2019-09-25,C,1.0,121.0,0,0.0,19.608333333333334,3.4687527750000005,118.66666666666667,0.0,161.0,203.0,18.900000000000002,19.608333333333334,1.6817143083333335,179.25,9,104593.0,104947.0,313190.0,,,,4.804021044733257
2019-08-20,A,0.0,1.0,0,2.1,25.320833333333336,5.717597166666668,45.416666666666664,2.6999999999999997,2.9999999999999996,10.2,25.829166666666666,25.320833333333336,2.7627336916666665,73.29166666666667,8,100016.0,101657.0,300345.0,,,,0.6931471805599453
2019-08-20,B,0.5,1.0,0,2.1,25.320833333333336,5.717597166666668,45.416666666666664,2.6999999999999997,2.9999999999999996,10.2,25.829166666666666,25.320833333333336,2.7627336916666665,73.29166666666667,8,100016.0,101657.0,300345.0,,,,0.6931471805599453
2019-08-20,C,1.0,1.0,0,2.1,25.320833333333336,5.717597166666668,45.416666666666664,2.6999999999999997,2.9999999999999996,10.2,25.829166666666666,25.320833333333336,2.7627336916666665,73.29166666666667,8,100016.0,101657.0,300345.0,,,,0.6931471805599453
2019-08-13,A,0.0,1.0,0,0.0,28.308333333333334,4.287040466666666,50.166666666666664,0.0,0.1,0.6,27.945833333333336,28.308333333333334,2.2361129,179.58333333333334,8,100812.0,98888.0,296279.0,,,,0.6931471805599453
2019-08-13,B,0.5,1.0,0,0.0,28.308333333333334,4.287040466666666,50.166666666666664,0.0,0.1,0.6,27.945833333333336,28.308333333333334,2.2361129,179.58333333333334,8,100812.0,98888.0,296279.0,,,,0.6931471805599453
2019-08-13,C,1.0,1.0,0,0.0,28.308333333333334,4.287040466666666,50.166666666666664,0.0,0.1,0.6,27.945833333333336,28.308333333333334,2.2361129,179.58333333333334,8,100812.0,98888.0,296279.0,,,,0.6931471805599453
2019-08-01,송도A,0.0,15.0,0,0.0,27.3875,3.3368082250000004,239.0,0.0,2.5,24.700000000000003,27.037499999999998,27.3875,5.078707766666667,227.875,8,98280.0,100493.0,299028.0,,,,2.772588722239781
2019-08-01,송도B,0.5,21.0,0,0.0,27.3875,3.3368082250000004,239.0,0.0,2.5,24.700000000000003,27.037499999999998,27.3875,5.078707766666667,227.875,8,98280.0,100493.0,299028.0,,,,3.091042453358316
2019-08-01,송도C,1.0,32.0,0,0.0,27.3875,3.3368082250000004,239.0,0.0,2.5,24.700000000000003,27.037499999999998,27.3875,5.078707766666667,227.875,8,98280.0,100493.0,299028.0,,,,3.4965075614664802
2019-07-16,A,0.0,1.0,0,0.0,22.65833333333333,3.4340305250000003,56.333333333333336,0.30000000000000004,2.6000000000000147,7.800000000000015,22.495833333333334,22.65833333333333,2.6620391666666667,59.208333333333336,7,98888.0,97697.0,291960.0,,,,0.6931471805599453
2019-07-16,B,0.5,1.0,0,0.0,22.65833333333333,3.4340305250000003,56.333333333333336,0.30000000000000004,2.6000000000000147,7.800000000000015,22.495833333333334,22.65833333333333,2.6620391666666667,59.208333333333336,7,98888.0,97697.0,291960.0,,,,0.6931471805599453
2019-07-16,C,1.0,1.0,0,0.0,22.65833333333333,3.4340305250000003,56.333333333333336,0.30000000000000004,2.6000000000000147,7.800000000000015,22.495833333333334,22.65833333333333,2.6620391666666667,59.208333333333336,7,98888.0,97697.0,291960.0,,,,0.6931471805599453
2019-07-04,A,0.0,30.0,0,0.0,23.55,1.7476865833333335,230.54166666666666,0.0,0.8000000000000143,90.9,21.8,23.55,1.4085659416666667,160.0,7,98749.0,98239.0,301102.0,,,,3.4339872044851463
2019-07-04,B,0.5,1.0,0,0.0,23.55,1.7476865833333335,230.54166666666666,0.0,0.8000000000000143,90.9,21.8,23.55,1.4085659416666667,160.0,7,98749.0,98239.0,301102.0,,,,0.6931471805599453
2019-07-04,C,1.0,32.0,0,0.0,23.55,1.7476865833333335,230.54166666666666,0.0,0.8000000000000143,90.9,21.8,23.55,1.4085659416666667,160.0,7,98749.0,98239.0,301102.0,,,,3.4965075614664802
2019-05-24,송도비치호텔 앞,0.0,30.0,0,0.0,20.7625,3.0671320833333335,252.54166666666666,0.0,0.0,25.90000000000001,19.55,20.7625,3.057872816666667,255.625,5,93476.0,96583.0,284324.0,,,,3.4339872044851463
2019-05-24,임해행정봉사실 앞,0.5,20.0,0,0.0,20.7625,3.0671320833333335,252.54166666666666,0.0,0.0,25.90000000000001,19.55,20.7625,3.057872816666667,255.625,5,93476.0,96583.0,284324.0,,,,3.044522437723423
2019-05-24,송도스포츠센터 앞,1.0,1.0,0,0.0,20.7625,3.0671320833333335,252.54166666666666,0.0,0.0,25.90000000000001,19.55,20.7625,3.057872816666667,255.625,5,93476.0,96583.0,284324.0,,,,0.6931471805599453
2020-09-15,,0.0,97.0,0,0.5,22.054166666666664,2.3240759333333334,138.875,0.0,11.200000000000028,19.9,21.333333333333332,22.054166666666664,1.9375015500000001,183.41666666666666,9,87886.0,85614.0,252584.0,,,,4.584967478670572
2020-09-15,,0.0,52.0,0,0.5,22.054166666666664,2.3240759333333334,138.875,0.0,11.200000000000028,19.9,21.333333333333332,22.054166666666664,1.9375015500000001,183.41666666666666,9,87886.0,85614.0,252584.0,,,,3.970291913552122
2020-09-15,,0.0,52.0,0,0.5,22.054166666666664,2.3240759333333334,138.875,0.0,11.200000000000028,19.9,21.333333333333332,22.054166666666664,1.9375015500000001,183.41666666666666,9,87886.0,85614.0,252584.0,,,,3.970291913552122
2020-08-19,,0.0,1.0,0,0.0,28.433333333333334,2.010418275,256.3333333333333,0.0,0.0,0.5000000000000142,27.78333333333333,28.433333333333334,1.95139045,227.29166666666666,8,85173.0,84881.0,255307.0,,,,0.6931471805599453
2020-08-19,,0.0,1.0,0,0.0,28.433333333333334,2.010418275,256.3333333333333,0.0,0.0,0.5000000000000142,27.78333333333333,28.433333333333334,1.95139045,227.29166666666666,8,85173.0,84881.0,255307.0,,,,0.6931471805599453
2020-08-19,,0.0,1.0,0,0.0,28.433333333333334,2.010418275,256.3333333333333,0.0,0.0,0.5000000000000142,27.78333333333333,28.433333333333334,1.95139045,227.29166666666666,8,85173.0,84881.0,255307.0,,,,0.6931471805599453
2020-08-14,,0.0,108.0,0,0.5,27.2625,5.981486266666668,227.41666666666666,0.0,12.900000000000022,48.20000000000002,27.150000000000002,27.2625,4.59028145,233.70833333333334,8,87987.0,86422.0,258020.0,,,,4.6913478822291435
2020-08-14,,0.0,169.0,0,0.5,27.2625,5.981486266666668,227.41666666666666,0.0,12.900000000000022,48.20000000000002,27.150000000000002,27.2625,4.59028145,233.70833333333334,8,87987.0,86422.0,258020.0,,,,5.135798437050262
2020-08-14,,0.0,120.0,0,0.5,27.2625,5.981486266666668,227.41666666666666,0.0,12.900000000000022,48.20000000000002,27.150000000000002,27.2625,4.59028145,233.70833333333334,8,87987.0,86422.0,258020.0,,,,4.795790545596741
2020-08-04,,0.0,86.0,0,0.6000000000000001,26.166666666666668,4.2673645250000005,224.75,1.3,2.800000000000014,14.500000000000014,26.15416666666667,26.166666666666668,5.599541516666666,226.08333333333334,8,79711.0,85385.0,257230.0,,,,4.465908118654584
2020-08-04,,0.0,74.0,0,0.6000000000000001,26.166666666666668,4.2673645250000005,224.75,1.3,2.800000000000014,14.500000000000014,26.15416666666667,26.166666666666668,5.599541516666666,226.08333333333334,8,79711.0,85385.0,257230.0,,,,4.31748811353631
2020-08-04,,0.0,10.0,0,0.6000000000000001,26.166666666666668,4.2673645250000005,224.75,1.3,2.800000000000014,14.500000000000014,26.15416666666667,26.166666666666668,5.599541516666666,226.08333333333334,8,79711.0,85385.0,257230.0,,,,2.3978952727983707
2020-07-21,,0.0,1.0,0,16.5,24.633333333333336,2.5706039083333336,215.75,7.6,15.800000000000015,16.1,24.65416666666667,24.633333333333336,6.414356983333334,217.66666666666666,7,83550.0,84916.0,245365.0,,,,0.6931471805599453
2020-07-21,,0.0,10.0,0,16.5,24.633333333333336,2.5706039083333336,215.75,7.6,15.800000000000015,16.1,24.65416666666667,24.633333333333336,6.414356983333334,217.66666666666666,7,83550.0,84916.0,245365.0,,,,2.3978952727983707
2020-07-21,,0.0,1.0,0,16.5,24.633333333333336,2.5706039083333336,215.75,7.6,15.800000000000015,16.1,24.65416666666667,24.633333333333336,6.414356983333334,217.66666666666666,7,83550.0,84916.0,245365.0,,,,0.6931471805599453
2020-07-17,,0.0,1.0,0,0.0,20.525000000000002,3.372687883333334,55.166666666666664,0.30000000000000004,8.900000000000015,154.9,20.170833333333334,20.525000000000002,3.0277802,49.708333333333336,7,81502.0,84615.0,266355.0,,,,0.6931471805599453
2020-07-17,,0.0,10.0,0,0.0,20.525000000000002,3.372687883333334,55.166666666666664,0.30000000000000004,8.900000000000015,154.9,20.170833333333334,20.525000000000002,3.0277802,49.708333333333336,7,81502.0,84615.0,266355.0,,,,2.3978952727983707
2020-07-17,,0.0,10.0,0,0.0,20.525000000000002,3.372687883333334,55.166666666666664,0.30000000000000004,8.900000000000015,154.9,20.170833333333334,20.525000000000002,3.0277802,49.708333333333336,7,81502.0,84615.0,266355.0,,,,2.3978952727983707
2020-07-09,,0.0,1.0,0,9.4,21.954166666666666,3.9664383583333334,57.0,0.5,5.7,13.399999999999999,23.333333333333332,21.954166666666666,1.8067144083333335,204.125,7,81301.0,78132.0,232647.0,,,,0.6931471805599453
2020-07-09,,0.0,1.0,0,9.4,21.954166666666666,3.9664383583333334,57.0,0.5,5.7,13.399999999999999,23.333333333333332,21.954166666666666,1.8067144083333335,204.125,7,81301.0,78132.0,232647.0,,,,0.6931471805599453
2020-07-09,,0.0,1.0,0,9.4,21.954166666666666,3.9664383583333334,57.0,0.5,5.7,13.399999999999999,23.333333333333332,21.954166666666666,1.8067144083333335,204.125,7,81301.0,78132.0,232647.0,,,,0.6931471805599453
2020-06-17,,0.0,161.0,0,0.0,20.745833333333334,1.8993070750000003,141.25,0.0,32.0,165.1,21.995833333333334,20.745833333333334,2.856483766666667,174.83333333333334,6,85393.0,82662.0,250497.0,,,,5.087596335232384
2020-06-17,,0.0,10.0,0,0.0,20.745833333333334,1.8993070750000003,141.25,0.0,32.0,165.1,21.995833333333334,20.745833333333334,2.856483766666667,174.83333333333334,6,85393.0,82662.0,250497.0,,,,2.3978952727983707
2020-06-17,,0.0,52.0,0,0.0,20.745833333333334,1.8993070750000003,141.25,0.0,32.0,165.1,21.995833333333334,20.745833333333334,2.856483766666667,174.83333333333334,6,85393.0,82662.0,250497.0,,,,3.970291913552122
2021-09-29,,0.0,86.0,0,11.100000000000001,23.1125,2.6296317333333334,154.29166666666666,3.7,4.2000000000000215,6.300000000000015,21.525000000000002,23.1125,4.100697725000001,36.25,9,80781.0,79261.0,225489.0,,,,4.465908118654584
2021-08-31,,0.0,292.0,0,9.4,24.541666666666668,2.14583505,63.875,1.6999999999999997,4.800000000000021,11.2,25.59166666666667,24.541666666666668,1.2384269166666668,136.66666666666666,8,78731.0,83487.0,251446.0,,,,5.680172609017068
2021-08-31,,0.0,309.0,0,9.4,24.541666666666668,2.14583505,63.875,1.6999999999999997,4.800000000000021,11.2,25.59166666666667,24.541666666666668,1.2384269166666668,136.66666666666666,8,78731.0,83487.0,251446.0,,,,5.736572297479192
2021-08-31,,0.0,327.0,0,9.4,24.541666666666668,2.14583505,63.875,1.6999999999999997,4.800000000000021,11.2,25.59166666666667,24.541666666666668,1.2384269166666668,136.66666666666666,8,78731.0,83487.0,251446.0,,,,5.793013608384144
2021-08-10,,0.0,160.0,0,7.6000000000000005,24.858333333333334,2.54861315,95.70833333333333,18.1,63.90000000000002,63.9,25.858333333333334,24.858333333333334,3.2847248500000004,213.95833333333334,8,85653.0,83615.0,243874.0,,,,5.081404364984463
2021-08-10,,0.0,265.0,0,7.6000000000000005,24.858333333333334,2.54861315,95.70833333333333,18.1,63.90000000000002,63.9,25.858333333333334,24.858333333333334,3.2847248500000004,213.95833333333334,8,85653.0,83615.0,243874.0,,,,5.583496308781699
2021-08-10,,0.0,197.0,0,7.6000000000000005,24.858333333333334,2.54861315,95.70833333333333,18.1,63.90000000000002,63.9,25.858333333333334,24.858333333333334,3.2847248500000004,213.95833333333334,8,85653.0,83615.0,243874.0,,,,5.288267030694535
2021-08-03,,0.0,52.0,0,0.4,27.241666666666664,2.267362925,230.16666666666666,2.3000000000000003,23.400000000000023,23.400000000000002,27.787499999999998,27.241666666666664,2.418983416666667,208.875,8,82552.0,74978.0,231227.0,,,,3.970291913552122
2021-08-03,,0.0,31.0,0,0.4,27.241666666666664,2.267362925,230.16666666666666,2.3000000000000003,23.400000000000023,23.400000000000002,27.787499999999998,27.241666666666664,2.418983416666667,208.875,8,82552.0,74978.0,231227.0,,,,3.4657359027997265
2021-08-03,,0.0,168.0,0,0.4,27.241666666666664,2.267362925,230.16666666666666,2.3000000000000003,23.400000000000023,23.400000000000002,27.787499999999998,27.241666666666664,2.418983416666667,208.875,8,82552.0,74978.0,231227.0,,,,5.1298987149230735
2021-07-29,,0.0,20.0,0,0.0,26.695833333333336,1.8946774416666667,128.375,0.4,0.40000000000002134,0.5,26.441666666666666,26.695833333333336,3.0821783916666665,42.875,7,82610.0,81609.0,249432.0,,,,3.044522437723423
2021-07-29,,0.0,10.0,0,0.0,26.695833333333336,1.8946774416666667,128.375,0.4,0.40000000000002134,0.5,26.441666666666666,26.695833333333336,3.0821783916666665,42.875,7,82610.0,81609.0,249432.0,,,,2.3978952727983707
2021-07-29,,0.0,96.0,0,0.0,26.695833333333336,1.8946774416666667,128.375,0.4,0.40000000000002134,0.5,26.441666666666666,26.695833333333336,3.0821783916666665,42.875,7,82610.0,81609.0,249432.0,,,,4.574710978503383
2021-07-22,,0.0,20.0,0,0.0,26.304166666666664,5.297457941666667,44.0,0.0,6.2000000000000215,18.700000000000003,26.291666666666668,26.304166666666664,5.479171050000001,39.333333333333336,7,78854.0,83536.0,252712.0,,,,3.044522437723423
2021-07-22,,0.0,20.0,0,0.0,26.304166666666664,5.297457941666667,44.0,0.0,6.2000000000000215,18.700000000000003,26.291666666666668,26.304166666666664,5.479171050000001,39.333333333333336,7,78854.0,83536.0,252712.0,,,,3.044522437723423
2021-07-22,,0.0,30.0,0,0.0,26.304166666666664,5.297457941666667,44.0,0.0,6.2000000000000215,18.700000000000003,26.291666666666668,26.304166666666664,5.479171050000001,39.333333333333336,7,78854.0,83536.0,252712.0,,,,3.4339872044851463
2021-07-15,,0.0,134.0,0,3.3,26.641666666666666,1.8726866833333335,216.20833333333334,2.7,6.800000000000022,8.2,26.558333333333334,26.641666666666666,3.4525490583333336,225.25,7,81597.0,82228.0,244618.0,,,,4.90527477843843
2021-07-15,,0.0,52.0,0,3.3,26.641666666666666,1.8726866833333335,216.20833333333334,2.7,6.800000000000022,8.2,26.558333333333334,26.641666666666666,3.4525490583333336,225.25,7,81597.0,82228.0,244618.0,,,,3.970291913552122
2021-07-15,,0.0,63.0,0,3.3,26.641666666666666,1.8726866833333335,216.20833333333334,2.7,6.800000000000022,8.2,26.558333333333334,26.641666666666666,3.4525490583333336,225.25,7,81597.0,82228.0,244618.0,,,,4.1588830833596715
2021-06-08,,0.0,31.0,0,0.0,21.787499999999998,2.371529675,159.20833333333334,0.0,0.0,13.9,21.275000000000002,21.787499999999998,3.1377339916666664,240.20833333333334,6,70601.0,73415.0,215667.0,,,,3.4657359027997265
2021-06-08,,0.0,266.0,0,0.0,21.787499999999998,2.371529675,159.20833333333334,0.0,0.0,13.9,21.275000000000002,21.787499999999998,3.1377339916666664,240.20833333333334,6,70601.0,73415.0,215667.0,,,,5.58724865840025
2021-06-08,,0.0,452.0,0,0.0,21.787499999999998,2.371529675,159.20833333333334,0.0,0.0,13.9,21.275000000000002,21.787499999999998,3.1377339916666664,240.20833333333334,6,70601.0,73415.0,215667.0,,,,6.115892125483034
2022-09-26,,0.0,41.0,0,0.9,20.008333333333333,2.6261595083333336,90.25,0.2,0.20000000000001422,0.20000000000002843,19.570833333333333,20.008333333333333,3.0810209833333335,43.625,9,79565.0,84708.0,255176.0,,,,3.7376696182833684
2022-09-26,,0.0,72.0,0,0.9,20.008333333333333,2.6261595083333336,90.25,0.2,0.20000000000001422,0.20000000000002843,19.570833333333333,20.008333333333333,3.0810209833333335,43.625,9,79565.0,84708.0,255176.0,,,,4.290459441148391
2022-09-26,,0.0,84.0,0,0.9,20.008333333333333,2.6261595083333336,90.25,0.2,0.20000000000001422,0.20000000000002843,19.570833333333333,20.008333333333333,3.0810209833333335,43.625,9,79565.0,84708.0,255176.0,,,,4.442651256490317
2022-08-30,,0.0,20.0,0,7.6,22.9375,3.5428269083333337,34.291666666666664,0.0,0.0,0.10000000000001422,23.229166666666668,22.9375,3.5185213333333336,39.041666666666664,8,83242.0,85829.0,257445.0,,,,3.044522437723423
2022-08-30,,0.0,75.0,0,7.6,22.9375,3.5428269083333337,34.291666666666664,0.0,0.0,0.10000000000001422,23.229166666666668,22.9375,3.5185213333333336,39.041666666666664,8,83242.0,85829.0,257445.0,,,,4.330733340286331
2022-08-30,,0.0,209.0,0,7.6,22.9375,3.5428269083333337,34.291666666666664,0.0,0.0,0.10000000000001422,23.229166666666668,22.9375,3.5185213333333336,39.041666666666664,8,83242.0,85829.0,257445.0,,,,5.3471075307174685
2022-08-16,,0.0,326.0,0,10.0,26.520833333333332,4.287040466666667,255.16666666666666,1.0,10.400000000000013,22.300000000000015,28.445833333333336,26.520833333333332,6.939820366666667,231.08333333333334,8,79373.0,79667.0,245527.0,,,,5.7899601708972535
2022-08-16,,0.0,156.0,0,10.0,26.520833333333332,4.287040466666667,255.16666666666666,1.0,10.400000000000013,22.300000000000015,28.445833333333336,26.520833333333332,6.939820366666667,231.08333333333334,8,79373.0,79667.0,245527.0,,,,5.056245805348308
2022-08-16,,0.0,226.0,0,10.0,26.520833333333332,4.287040466666667,255.16666666666666,1.0,10.400000000000013,22.300000000000015,28.445833333333336,26.520833333333332,6.939820366666667,231.08333333333334,8,79373.0,79667.0,245527.0,,,,5.424950017481403
2022-08-09,,0.0,109.0,0,0.0,27.650000000000002,5.796300933333334,229.29166666666666,0.0,4.500000000000014,10.900000000000013,28.474999999999998,27.650000000000002,5.717597166666668,231.29166666666666,8,76100.0,74480.0,235367.0,,,,4.700480365792417
2022-08-09,,0.0,75.0,0,0.0,27.650000000000002,5.796300933333334,229.29166666666666,0.0,4.500000000000014,10.900000000000013,28.474999999999998,27.650000000000002,5.717597166666668,231.29166666666666,8,76100.0,74480.0,235367.0,,,,4.330733340286331
2022-08-09,,0.0,97.0,0,0.0,27.650000000000002,5.796300933333334,229.29166666666666,0.0,4.500000000000014,10.900000000000013,28.474999999999998,27.650000000000002,5.717597166666668,231.29166666666666,8,76100.0,74480.0,235367.0,,,,4.584967478670572
2022-08-03,,0.0,323.0,0,3.8,27.083333333333332,4.559031425000001,240.0,13.7,23.900000000000013,25.000000000000014,26.583333333333332,27.083333333333332,6.037041866666667,219.91666666666666,8,79618.0,78113.0,242806.0,,,,5.780743515792329
2022-08-03,,0.0,63.0,0,3.8,27.083333333333332,4.559031425000001,240.0,13.7,23.900000000000013,25.000000000000014,26.583333333333332,27.083333333333332,6.037041866666667,219.91666666666666,8,79618.0,78113.0,242806.0,,,,4.1588830833596715
2022-08-03,,0.0,160.0,0,3.8,27.083333333333332,4.559031425000001,240.0,13.7,23.900000000000013,25.000000000000014,26.583333333333332,27.083333333333332,6.037041866666667,219.91666666666666,8,79618.0,78113.0,242806.0,,,,5.081404364984463
2022-07-26,,0.0,97.0,0,0.1,24.45,3.085650616666667,63.291666666666664,1.5,21.200000000000014,37.500000000000014,24.833333333333332,24.45,2.3171314833333336,143.5,7,80771.0,79752.0,257516.0,,,,4.584967478670572
2022-07-26,,0.0,460.0,0,0.1,24.45,3.085650616666667,63.291666666666664,1.5,21.200000000000014,37.500000000000014,24.833333333333332,24.45,2.3171314833333336,143.5,7,80771.0,79752.0,257516.0,,,,6.133398042996649
2022-07-26,,0.0,256.0,0,0.1,24.45,3.085650616666667,63.291666666666664,1.5,21.200000000000014,37.500000000000014,24.833333333333332,24.45,2.3171314833333336,143.5,7,80771.0,79752.0,257516.0,,,,5.54907608489522
2022-07-20,,0.0,121.0,0,0.7,26.233333333333334,2.3518537333333334,244.79166666666666,3.9,88.00000000000003,89.00000000000003,24.945833333333336,26.233333333333334,2.0069460500000003,148.16666666666666,7,89145.0,82782.0,256708.0,,,,4.804021044733257
2022-07-20,,0.0,1.0,0,0.7,26.233333333333334,2.3518537333333334,244.79166666666666,3.9,88.00000000000003,89.00000000000003,24.945833333333336,26.233333333333334,2.0069460500000003,148.16666666666666,7,89145.0,82782.0,256708.0,,,,0.6931471805599453
2022-07-20,,0.0,1.0,0,0.7,26.233333333333334,2.3518537333333334,244.79166666666666,3.9,88.00000000000003,89.00000000000003,24.945833333333336,26.233333333333334,2.0069460500000003,148.16666666666666,7,89145.0,82782.0,256708.0,,,,0.6931471805599453
2022-07-07,,0.0,31.0,0,1.2000000000000002,26.870833333333334,3.4479194250000003,196.45833333333334,3.4,9.600000000000017,10.700000000000014,25.791666666666668,26.870833333333334,1.68750135,125.54166666666667,7,74783.0,78240.0,250279.0,,,,3.4657359027997265
2022-07-07,,0.0,41.0,0,1.2000000000000002,26.870833333333334,3.4479194250000003,196.45833333333334,3.4,9.600000000000017,10.700000000000014,25.791666666666668,26.870833333333334,1.68750135,125.54166666666667,7,74783.0,78240.0,250279.0,,,,3.7376696182833684
2022-07-07,,0.0,10.0,0,1.2000000000000002,26.870833333333334,3.4479194250000003,196.45833333333334,3.4,9.600000000000017,10.700000000000014,25.791666666666668,26.870833333333334,1.68750135,125.54166666666667,7,74783.0,78240.0,250279.0,,,,2.3978952727983707
2022-06-29,,0.0,400.0,0,4.8,24.037499999999998,7.293987316666667,219.54166666666666,0.8,19.80000000000002,55.100000000000016,24.391666666666666,24.037499999999998,7.961811925,215.875,6,92732.0,88000.0,259088.0,,,,5.993961427306569
2022-06-29,,0.0,384.0,0,4.8,24.037499999999998,7.293987316666667,219.54166666666666,0.8,19.80000000000002,55.100000000000016,24.391666666666666,24.037499999999998,7.961811925,215.875,6,92732.0,88000.0,259088.0,,,,5.953243334287785
2022-06-29,,0.0,422.0,0,4.8,24.037499999999998,7.293987316666667,219.54166666666666,0.8,19.80000000000002,55.100000000000016,24.391666666666666,24.037499999999998,7.961811925,215.875,6,92732.0,88000.0,259088.0,,,,6.0473721790462776
2023-08-28,,0.0,57.0,0,0.8,25.895833333333332,4.812503850000001,54.458333333333336,0.5,0.9000000000000284,68.20000000000002,25.608333333333334,25.895833333333332,4.421299833333333,38.375,8,60746.0,61458.0,189218.0,35400.0,36400.0,118140.0,4.060443010546419
2023-08-28,,0.0,97.0,0,0.8,25.895833333333332,4.812503850000001,54.458333333333336,0.5,0.9000000000000284,68.20000000000002,25.608333333333334,25.895833333333332,4.421299833333333,38.375,8,60746.0,61458.0,189218.0,35400.0,36400.0,118140.0,4.584967478670572
2023-08-28,,0.0,104.0,0,0.8,25.895833333333332,4.812503850000001,54.458333333333336,0.5,0.9000000000000284,68.20000000000002,25.608333333333334,25.895833333333332,4.421299833333333,38.375,8,60746.0,61458.0,189218.0,35400.0,36400.0,118140.0,4.653960350157523
2023-08-23,,0.0,14833.0,1,3.5,27.508333333333336,3.116900641666667,186.41666666666666,3.4,8.80000000000003,58.10000000000001,27.266666666666666,27.508333333333336,2.844909683333334,229.08333333333334,8,67299.0,61855.0,183979.0,36400.0,36210.0,120270.0,9.604677122296504
2023-08-23,,0.0,16430.0,1,3.5,27.508333333333336,3.116900641666667,186.41666666666666,3.4,8.80000000000003,58.10000000000001,27.266666666666666,27.508333333333336,2.844909683333334,229.08333333333334,8,67299.0,61855.0,183979.0,36400.0,36210.0,120270.0,9.706925073451831
2023-08-23,,0.0,16430.0,1,3.5,27.508333333333336,3.116900641666667,186.41666666666666,3.4,8.80000000000003,58.10000000000001,27.266666666666666,27.508333333333336,2.844909683333334,229.08333333333334,8,67299.0,61855.0,183979.0,36400.0,36210.0,120270.0,9.706925073451831
2023-08-08,,0.0,918.0,1,0.0,27.8625,8.024311975000002,32.166666666666664,0.0,0.10000000000002843,0.10000000000001422,28.96666666666667,27.8625,6.305560600000001,33.583333333333336,8,54925.0,56557.0,170530.0,33690.0,33610.0,102910.0,6.823286122355687
2023-08-08,,0.0,479.0,0,0.0,27.8625,8.024311975000002,32.166666666666664,0.0,0.10000000000002843,0.10000000000001422,28.96666666666667,27.8625,6.305560600000001,33.583333333333336,8,54925.0,56557.0,170530.0,33690.0,33610.0,102910.0,6.173786103901937
2023-08-08,,0.0,257.0,0,0.0,27.8625,8.024311975000002,32.166666666666664,0.0,0.10000000000002843,0.10000000000001422,28.96666666666667,27.8625,6.305560600000001,33.583333333333336,8,54925.0,56557.0,170530.0,33690.0,33610.0,102910.0,5.552959584921617
2023-08-01,,0.0,52.0,0,0.0,27.858333333333334,2.8171318833333334,49.583333333333336,0.0,0.0,0.0,28.070833333333336,27.858333333333334,1.5879642333333335,192.45833333333334,8,58622.0,59597.0,178775.0,34660.0,35110.0,105310.0,3.970291913552122
2023-08-01,,0.0,57.0,0,0.0,27.858333333333334,2.8171318833333334,49.583333333333336,0.0,0.0,0.0,28.070833333333336,27.858333333333334,1.5879642333333335,192.45833333333334,8,58622.0,59597.0,178775.0,34660.0,35110.0,105310.0,4.060443010546419
2023-08-01,,0.0,140.0,0,0.0,27.858333333333334,2.8171318833333334,49.583333333333336,0.0,0.0,0.0,28.070833333333336,27.858333333333334,1.5879642333333335,192.45833333333334,8,58622.0,59597.0,178775.0,34660.0,35110.0,105310.0,4.948759890378168
2023-07-27,,0.0,189.0,0,0.0,27.129166666666666,1.3912048166666668,224.70833333333334,1.6,8.100000000000028,18.200000000000014,26.070833333333336,27.129166666666666,2.1273165166666668,243.95833333333334,7,58930.0,57313.0,172401.0,36270.0,37130.0,118930.0,5.247024072160486
2023-07-27,,0.0,162.0,0,0.0,27.129166666666666,1.3912048166666668,224.70833333333334,1.6,8.100000000000028,18.200000000000014,26.070833333333336,27.129166666666666,2.1273165166666668,243.95833333333334,7,58930.0,57313.0,172401.0,36270.0,37130.0,118930.0,5.093750200806762
2023-07-27,,0.0,208.0,0,0.0,27.129166666666666,1.3912048166666668,224.70833333333334,1.6,8.100000000000028,18.200000000000014,26.070833333333336,27.129166666666666,2.1273165166666668,243.95833333333334,7,58930.0,57313.0,172401.0,36270.0,37130.0,118930.0,5.342334251964811
2023-07-19,,0.0,923.0,1,11.5,23.441666666666666,3.5324102333333336,95.83333333333333,59.1,105.60000000000002,132.4,24.233333333333334,23.441666666666666,3.4131971750000005,186.625,7,86843.0,83580.0,251454.0,61340.0,68740.0,209870.0,6.828712071641684
2023-07-19,,0.0,1245.0,1,11.5,23.441666666666666,3.5324102333333336,95.83333333333333,59.1,105.60000000000002,132.4,24.233333333333334,23.441666666666666,3.4131971750000005,186.625,7,86843.0,83580.0,251454.0,61340.0,68740.0,209870.0,7.1276936993473985
2023-07-19,,0.0,1682.0,1,11.5,23.441666666666666,3.5324102333333336,95.83333333333333,59.1,105.60000000000002,132.4,24.233333333333334,23.441666666666666,3.4131971750000005,186.625,7,86843.0,83580.0,251454.0,61340.0,68740.0,209870.0,7.428333194190806
2023-07-04,,0.0,70.0,0,15.5,22.983333333333334,2.203705466666667,108.79166666666667,0.9,5.100000000000022,28.10000000000003,23.4375,22.983333333333334,2.3483815083333335,127.375,7,62354.0,64275.0,196582.0,39950.0,35680.0,115930.0,4.2626798770413155
2023-07-04,,0.0,39.0,0,15.5,22.983333333333334,2.203705466666667,108.79166666666667,0.9,5.100000000000022,28.10000000000003,23.4375,22.983333333333334,2.3483815083333335,127.375,7,62354.0,64275.0,196582.0,39950.0,35680.0,115930.0,3.6888794541139363
2023-07-04,,0.0,28.0,0,15.5,22.983333333333334,2.203705466666667,108.79166666666667,0.9,5.100000000000022,28.10000000000003,23.4375,22.983333333333334,2.3483815083333335,127.375,7,62354.0,64275.0,196582.0,39950.0,35680.0,115930.0,3.367295829986474
2023-06-07,,0.0,31.0,0,0.0,20.170833333333334,3.019678341666667,243.95833333333334,0.1,0.10000000000001422,6.300000000000028,19.183333333333334,20.170833333333334,2.7152799500000007,220.5,6,56742.0,56605.0,173255.0,34000.0,31670.0,100400.0,3.4657359027997265
2023-06-07,,0.0,1.0,0,0.0,20.170833333333334,3.019678341666667,243.95833333333334,0.1,0.10000000000001422,6.300000000000028,19.183333333333334,20.170833333333334,2.7152799500000007,220.5,6,56742.0,56605.0,173255.0,34000.0,31670.0,100400.0,0.6931471805599453
2023-06-07,,0.0,1.0,0,0.0,20.170833333333334,3.019678341666667,243.95833333333334,0.1,0.10000000000001422,6.300000000000028,19.183333333333334,20.170833333333334,2.7152799500000007,220.5,6,56742.0,56605.0,173255.0,34000.0,31670.0,100400.0,0.6931471805599453
2024-09-02,송도스포츠센터,1.0,1.0,0,2.2,25.741666666666664,2.018520133333334,175.0,0.1,1.2000000000000286,16.600000000000016,25.704166666666666,25.741666666666664,2.4282426833333335,156.29166666666666,9,55777.0,56950.0,167543.0,32780.0,33360.0,101500.0,0.6931471805599453
2024-09-02,임해행정봉사실 앞,0.5,1.0,0,2.2,25.741666666666664,2.018520133333334,175.0,0.1,1.2000000000000286,16.600000000000016,25.704166666666666,25.741666666666664,2.4282426833333335,156.29166666666666,9,55777.0,56950.0,167543.0,32780.0,33360.0,101500.0,0.6931471805599453
2024-09-02,송도비치호텔,0.0,1.0,0,2.2,25.741666666666664,2.018520133333334,175.0,0.1,1.2000000000000286,16.600000000000016,25.704166666666666,25.741666666666664,2.4282426833333335,156.29166666666666,9,55777.0,56950.0,167543.0,32780.0,33360.0,101500.0,0.6931471805599453
2024-08-19,송도스포츠센터,1.0,21.0,0,2.0,28.429166666666664,3.0937524750000005,81.54166666666667,0.0,0.5000000000000289,3.7000000000000144,27.233333333333334,28.429166666666664,3.7233826083333335,46.666666666666664,8,59132.0,53570.0,165546.0,34720.0,34260.0,100180.0,3.091042453358316
2024-08-19,임해행정봉사실 앞,0.5,1.0,0,2.0,28.429166666666664,3.0937524750000005,81.54166666666667,0.0,0.5000000000000289,3.7000000000000144,27.233333333333334,28.429166666666664,3.7233826083333335,46.666666666666664,8,59132.0,53570.0,165546.0,34720.0,34260.0,100180.0,0.6931471805599453
2024-08-19,송도비치호텔,0.0,1.0,0,2.0,28.429166666666664,3.0937524750000005,81.54166666666667,0.0,0.5000000000000289,3.7000000000000144,27.233333333333334,28.429166666666664,3.7233826083333335,46.666666666666664,8,59132.0,53570.0,165546.0,34720.0,34260.0,100180.0,0.6931471805599453
2024-07-29,송도스포츠센터,1.0,26.0,0,0.0,28.116666666666664,5.2685227333333335,242.95833333333334,0.5,5.600000000000028,20.500000000000014,27.974999999999998,28.116666666666664,4.795142725000001,229.95833333333334,7,56792.0,57374.0,185000.0,41670.0,46050.0,148510.0,3.295836866004329
2024-07-29,임해행정봉사실 앞,0.5,26.0,0,0.0,28.116666666666664,5.2685227333333335,242.95833333333334,0.5,5.600000000000028,20.500000000000014,27.974999999999998,28.116666666666664,4.795142725000001,229.95833333333334,7,56792.0,57374.0,185000.0,41670.0,46050.0,148510.0,3.295836866004329
2024-07-29,송도비치호텔,0.0,21.0,0,0.0,28.116666666666664,5.2685227333333335,242.95833333333334,0.5,5.600000000000028,20.500000000000014,27.974999999999998,28.116666666666664,4.795142725000001,229.95833333333334,7,56792.0,57374.0,185000.0,41670.0,46050.0,148510.0,3.091042453358316
2024-07-15,송도스포츠센터,1.0,10.0,0,20.900000000000002,23.233333333333334,3.2824100333333335,53.0,30.3,31.10000000000003,62.40000000000001,23.15416666666667,23.233333333333334,2.844909683333334,111.70833333333333,7,57285.0,62046.0,176080.0,71380.0,69120.0,148770.0,2.3978952727983707
2024-07-15,임해행정봉사실 앞,0.5,15.0,0,20.900000000000002,23.233333333333334,3.2824100333333335,53.0,30.3,31.10000000000003,62.40000000000001,23.15416666666667,23.233333333333334,2.844909683333334,111.70833333333333,7,57285.0,62046.0,176080.0,71380.0,69120.0,148770.0,2.772588722239781
2024-07-15,송도비치호텔,0.0,32.0,0,20.900000000000002,23.233333333333334,3.2824100333333335,53.0,30.3,31.10000000000003,62.40000000000001,23.15416666666667,23.233333333333334,2.844909683333334,111.70833333333333,7,57285.0,62046.0,176080.0,71380.0,69120.0,148770.0,3.4965075614664802
2024-08-05,송도스포츠센터,1.0,1.0,0,0.0,27.733333333333334,3.1574099333333336,55.25,0.8,5.100000000000029,5.100000000000015,28.491666666666664,27.733333333333334,3.061345041666667,76.41666666666667,8,55720.0,55449.0,170313.0,37280.0,36590.0,112040.0,0.6931471805599453
2024-08-05,임해행정봉사실 앞,0.5,1.0,0,0.0,27.733333333333334,3.1574099333333336,55.25,0.8,5.100000000000029,5.100000000000015,28.491666666666664,27.733333333333334,3.061345041666667,76.41666666666667,8,55720.0,55449.0,170313.0,37280.0,36590.0,112040.0,0.6931471805599453
2024-08-05,송도비치호텔,0.0,1.0,0,0.0,27.733333333333334,3.1574099333333336,55.25,0.8,5.100000000000029,5.100000000000015,28.491666666666664,27.733333333333334,3.061345041666667,76.41666666666667,8,55720.0,55449.0,170313.0,37280.0,36590.0,112040.0,0.6931471805599453
2024-06-03,송도스포츠센터,1.0,5.0,0,0.7000000000000001,17.775000000000002,3.8993086750000003,51.083333333333336,1.8,2.0000000000000284,2.2000000000000144,18.254166666666666,17.775000000000002,2.5416687000000002,99.79166666666667,6,49088.0,49758.0,146839.0,33050.0,33990.0,101890.0,1.791759469228055
2024-06-03,임해행정봉사실,0.5,1.0,0,0.7000000000000001,17.775000000000002,3.8993086750000003,51.083333333333336,1.8,2.0000000000000284,2.2000000000000144,18.254166666666666,17.775000000000002,2.5416687000000002,99.79166666666667,6,49088.0,49758.0,146839.0,33050.0,33990.0,101890.0,0.6931471805599453
2024-06-03,송도비치호텔,0.0,1.0,0,0.7000000000000001,17.775000000000002,3.8993086750000003,51.083333333333336,1.8,2.0000000000000284,2.2000000000000144,18.254166666666666,17.775000000000002,2.5416687000000002,99.79166666666667,6,49088.0,49758.0,146839.0,33050.0,33990.0,101890.0,0.6931471805599453
2025-09-16,송도스포츠센터,1.0,173.0,0,0.2,26.6375,3.0092616666666667,240.08333333333334,2.2,11.500000000000028,12.1,25.679166666666664,26.6375,1.3541677500000002,210.08333333333334,9,64309.0,64993.0,195553.0,33150.0,33770.0,117730.0,5.159055299214529
2025-09-16,임해행정봉사실,0.5,121.0,0,0.2,26.6375,3.0092616666666667,240.08333333333334,2.2,11.500000000000028,12.1,25.679166666666664,26.6375,1.3541677500000002,210.08333333333334,9,64309.0,64993.0,195553.0,33150.0,33770.0,117730.0,4.804021044733257
2025-09-16,송도비치관광호텔,0.0,131.0,0,0.2,26.6375,3.0092616666666667,240.08333333333334,2.2,11.500000000000028,12.1,25.679166666666664,26.6375,1.3541677500000002,210.08333333333334,9,64309.0,64993.0,195553.0,33150.0,33770.0,117730.0,4.882801922586371
2025-08-26,송도스포츠센터 앞,1.0,203.0,0,0.30000000000000004,28.441666666666666,4.65972595,227.79166666666666,0.30000000000000004,1.2000000000000286,1.9,28.979166666666668,28.441666666666666,3.314817466666667,233.16666666666666,8,65470.0,65942.0,186848.0,33830.0,35060.0,104810.0,5.318119993844216
2025-08-26,송도스포츠센터 앞,1.0,121.0,0,0.30000000000000004,28.441666666666666,4.65972595,227.79166666666666,0.30000000000000004,1.2000000000000286,1.9,28.979166666666668,28.441666666666666,3.314817466666667,233.16666666666666,8,65470.0,65942.0,186848.0,33830.0,35060.0,104810.0,4.804021044733257
2025-08-26,임해행정봉사실 앞,0.5,246.0,0,0.30000000000000004,28.441666666666666,4.65972595,227.79166666666666,0.30000000000000004,1.2000000000000286,1.9,28.979166666666668,28.441666666666666,3.314817466666667,233.16666666666666,8,65470.0,65942.0,186848.0,33830.0,35060.0,104810.0,5.5093883366279774
2025-08-26,임해행정봉사실 앞,0.5,262.0,0,0.30000000000000004,28.441666666666666,4.65972595,227.79166666666666,0.30000000000000004,1.2000000000000286,1.9,28.979166666666668,28.441666666666666,3.314817466666667,233.16666666666666,8,65470.0,65942.0,186848.0,33830.0,35060.0,104810.0,5.572154032177765
2025-08-26,송도비치관광호텔 앞,0.0,41.0,0,0.30000000000000004,28.441666666666666,4.65972595,227.79166666666666,0.30000000000000004,1.2000000000000286,1.9,28.979166666666668,28.441666666666666,3.314817466666667,233.16666666666666,8,65470.0,65942.0,186848.0,33830.0,35060.0,104810.0,3.7376696182833684
2025-08-26,송도비치관광호텔 앞,0.0,299.0,0,0.30000000000000004,28.441666666666666,4.65972595,227.79166666666666,0.30000000000000004,1.2000000000000286,1.9,28.979166666666668,28.441666666666666,3.314817466666667,233.16666666666666,8,65470.0,65942.0,186848.0,33830.0,35060.0,104810.0,5.703782474656201
2025-08-13,송도스포츠센터 앞,1.0,331.0,0,1.9,26.641666666666666,3.2500026,231.16666666666666,34.6,145.00000000000003,176.3,22.441666666666666,26.641666666666666,2.49305755,62.125,8,67932.0,91324.0,268566.0,65820.0,73500.0,185570.0,5.805134968916488
2025-08-13,송도스포츠센터 앞,1.0,275.0,0,1.9,26.641666666666666,3.2500026,231.16666666666666,34.6,145.00000000000003,176.3,22.441666666666666,26.641666666666666,2.49305755,62.125,8,67932.0,91324.0,268566.0,65820.0,73500.0,185570.0,5.62040086571715
2025-08-13,임해행정봉사실 앞,0.5,495.0,0,1.9,26.641666666666666,3.2500026,231.16666666666666,34.6,145.00000000000003,176.3,22.441666666666666,26.641666666666666,2.49305755,62.125,8,67932.0,91324.0,268566.0,65820.0,73500.0,185570.0,6.206575926724928
2025-08-13,임해행정봉사실 앞,0.5,373.0,0,1.9,26.641666666666666,3.2500026,231.16666666666666,34.6,145.00000000000003,176.3,22.441666666666666,26.641666666666666,2.49305755,62.125,8,67932.0,91324.0,268566.0,65820.0,73500.0,185570.0,5.924255797414532
2025-08-13,송도비치관광호텔 앞,0.0,135.0,0,1.9,26.641666666666666,3.2500026,231.16666666666666,34.6,145.00000000000003,176.3,22.441666666666666,26.641666666666666,2.49305755,62.125,8,67932.0,91324.0,268566.0,65820.0,73500.0,185570.0,4.912654885736052
2025-08-13,송도비치관광호텔 앞,0.0,158.0,0,1.9,26.641666666666666,3.2500026,231.16666666666666,34.6,145.00000000000003,176.3,22.441666666666666,26.641666666666666,2.49305755,62.125,8,67932.0,91324.0,268566.0,65820.0,73500.0,185570.0,5.0689042022202315
2025-07-30,송도스포츠센터 앞,1.0,10.0,0,0.0,28.391666666666666,2.9039375083333336,52.625,0.0,0.0,0.10000000000000711,28.645833333333332,28.391666666666666,2.429400091666667,61.75,7,63070.0,62567.0,187317.0,33930.0,34630.0,106790.0,2.3978952727983707
2025-07-30,임해행정봉사실 앞,0.5,98.0,0,0.0,28.391666666666666,2.9039375083333336,52.625,0.0,0.0,0.10000000000000711,28.645833333333332,28.391666666666666,2.429400091666667,61.75,7,63070.0,62567.0,187317.0,33930.0,34630.0,106790.0,4.59511985013459
2025-07-30,송도비치관광호텔 앞,0.0,41.0,0,0.0,28.391666666666666,2.9039375083333336,52.625,0.0,0.0,0.10000000000000711,28.645833333333332,28.391666666666666,2.429400091666667,61.75,7,63070.0,62567.0,187317.0,33930.0,34630.0,106790.0,3.7376696182833684
2025-07-16,송도스포츠센터 앞,1.0,173.0,0,3.7,24.787499999999998,3.549771358333334,205.95833333333334,2.5,74.40000000000003,74.4,23.558333333333334,24.787499999999998,3.2222248000000007,226.75,7,77247.0,79053.0,271913.0,43800.0,57710.0,176290.0,5.159055299214529
2025-07-16,송도스포츠센터 앞,1.0,86.0,0,3.7,24.787499999999998,3.549771358333334,205.95833333333334,2.5,74.40000000000003,74.4,23.558333333333334,24.787499999999998,3.2222248000000007,226.75,7,77247.0,79053.0,271913.0,43800.0,57710.0,176290.0,4.465908118654584
2025-07-16,임해행정봉사실 앞,0.5,20.0,0,3.7,24.787499999999998,3.549771358333334,205.95833333333334,2.5,74.40000000000003,74.4,23.558333333333334,24.787499999999998,3.2222248000000007,226.75,7,77247.0,79053.0,271913.0,43800.0,57710.0,176290.0,3.044522437723423
2025-07-16,임해행정봉사실 앞,0.5,512.0,1,3.7,24.787499999999998,3.549771358333334,205.95833333333334,2.5,74.40000000000003,74.4,23.558333333333334,24.787499999999998,3.2222248000000007,226.75,7,77247.0,79053.0,271913.0,43800.0,57710.0,176290.0,6.240275845170769
2025-07-16,송도비치관광호텔 앞,0.0,393.0,0,3.7,24.787499999999998,3.549771358333334,205.95833333333334,2.5,74.40000000000003,74.4,23.558333333333334,24.787499999999998,3.2222248000000007,226.75,7,77247.0,79053.0,271913.0,43800.0,57710.0,176290.0,5.976350909297934
2025-07-16,송도비치관광호텔 앞,0.0,98.0,0,3.7,24.787499999999998,3.549771358333334,205.95833333333334,2.5,74.40000000000003,74.4,23.558333333333334,24.787499999999998,3.2222248000000007,226.75,7,77247.0,79053.0,271913.0,43800.0,57710.0,176290.0,4.59511985013459
2025-07-03,송도스포츠센터 앞 해역,1.0,20.0,0,0.0,28.579166666666666,3.4131971750000005,235.5,0.0,0.0,0.0,28.554166666666664,28.579166666666666,3.0787061666666666,234.33333333333334,7,60982.0,59560.0,184850.0,36470.0,36450.0,113180.0,3.044522437723423
2025-07-03,송도스포츠센터 앞 해역,1.0,20.0,0,0.0,28.579166666666666,3.4131971750000005,235.5,0.0,0.0,0.0,28.554166666666664,28.579166666666666,3.0787061666666666,234.33333333333334,7,60982.0,59560.0,184850.0,36470.0,36450.0,113180.0,3.044522437723423
2025-07-03,임해행정봉사실 앞 해역,0.5,20.0,0,0.0,28.579166666666666,3.4131971750000005,235.5,0.0,0.0,0.0,28.554166666666664,28.579166666666666,3.0787061666666666,234.33333333333334,7,60982.0,59560.0,184850.0,36470.0,36450.0,113180.0,3.044522437723423
2025-07-03,임해행정봉사실 앞 해역,0.5,1.0,0,0.0,28.579166666666666,3.4131971750000005,235.5,0.0,0.0,0.0,28.554166666666664,28.579166666666666,3.0787061666666666,234.33333333333334,7,60982.0,59560.0,184850.0,36470.0,36450.0,113180.0,0.6931471805599453
2025-07-03,송도비치관광호텔 앞 해역,0.0,63.0,0,0.0,28.579166666666666,3.4131971750000005,235.5,0.0,0.0,0.0,28.554166666666664,28.579166666666666,3.0787061666666666,234.33333333333334,7,60982.0,59560.0,184850.0,36470.0,36450.0,113180.0,4.1588830833596715
2025-07-03,송도비치관광호텔 앞 해역,0.0,20.0,0,0.0,28.579166666666666,3.4131971750000005,235.5,0.0,0.0,0.0,28.554166666666664,28.579166666666666,3.0787061666666666,234.33333333333334,7,60982.0,59560.0,184850.0,36470.0,36450.0,113180.0,3.044522437723423
2025-06-13,송도스포츠센터 앞 해역,1.0,228.0,0,6.7,19.920833333333334,1.2060194833333335,143.33333333333334,0.0,0.10000000000002843,0.0999999999999929,21.383333333333336,19.920833333333334,1.8541681500000002,183.375,6,57339.0,54955.0,162467.0,34010.0,31860.0,95140.0,5.43372200355424
2025-06-13,송도스포츠센터 앞 해역,1.0,173.0,0,6.7,19.920833333333334,1.2060194833333335,143.33333333333334,0.0,0.10000000000002843,0.0999999999999929,21.383333333333336,19.920833333333334,1.8541681500000002,183.375,6,57339.0,54955.0,162467.0,34010.0,31860.0,95140.0,5.159055299214529
2025-06-13,임해행정봉사실 앞 해역,0.5,173.0,0,6.7,19.920833333333334,1.2060194833333335,143.33333333333334,0.0,0.10000000000002843,0.0999999999999929,21.383333333333336,19.920833333333334,1.8541681500000002,183.375,6,57339.0,54955.0,162467.0,34010.0,31860.0,95140.0,5.159055299214529
2025-06-13,임해행정봉사실 앞 해역,0.5,121.0,0,6.7,19.920833333333334,1.2060194833333335,143.33333333333334,0.0,0.10000000000002843,0.0999999999999929,21.383333333333336,19.920833333333334,1.8541681500000002,183.375,6,57339.0,54955.0,162467.0,34010.0,31860.0,95140.0,4.804021044733257
2025-06-13,송도비치관광호텔 앞 해역,0.0,73.0,0,6.7,19.920833333333334,1.2060194833333335,143.33333333333334,0.0,0.10000000000002843,0.0999999999999929,21.383333333333336,19.920833333333334,1.8541681500000002,183.375,6,57339.0,54955.0,162467.0,34010.0,31860.0,95140.0,4.30406509320417
2025-06-13,송도비치관광호텔 앞 해역,0.0,146.0,0,6.7,19.920833333333334,1.2060194833333335,143.33333333333334,0.0,0.10000000000002843,0.0999999999999929,21.383333333333336,19.920833333333334,1.8541681500000002,183.375,6,57339.0,54955.0,162467.0,34010.0,31860.0,95140.0,4.990432586778736
2026-08-19,송도스포츠센터 앞,1.0,169.0,0,1.9,27.270833333333332,2.7824096333333337,233.625,15.1,316.6,320.9,25.84583333333333,27.270833333333332,3.8935216333333336,224.29166666666666,8,61549.0,78117.0,225207.0,0.0,0.0,0.0,5.135798437050262
2026-08-19,송도스포츠센터 앞,1.0,134.0,0,1.9,27.270833333333332,2.7824096333333337,233.625,15.1,316.6,320.9,25.84583333333333,27.270833333333332,3.8935216333333336,224.29166666666666,8,61549.0,78117.0,225207.0,0.0,0.0,0.0,4.90527477843843
2026-08-19,송도종합관광안내센터 앞,0.0,97.0,0,1.9,27.270833333333332,2.7824096333333337,233.625,15.1,316.6,320.9,25.84583333333333,27.270833333333332,3.8935216333333336,224.29166666666666,8,61549.0,78117.0,225207.0,0.0,0.0,0.0,4.584967478670572
2026-08-19,송도종합관광안내센터 앞,0.0,107.0,0,1.9,27.270833333333332,2.7824096333333337,233.625,15.1,316.6,320.9,25.84583333333333,27.270833333333332,3.8935216333333336,224.29166666666666,8,61549.0,78117.0,225207.0,0.0,0.0,0.0,4.68213122712422
2026-08-19,송도비치관광호텔 앞,0.0,145.0,0,1.9,27.270833333333332,2.7824096333333337,233.625,15.1,316.6,320.9,25.84583333333333,27.270833333333332,3.8935216333333336,224.29166666666666,8,61549.0,78117.0,225207.0,0.0,0.0,0.0,4.983606621708336
2026-08-19,송도비치관광호텔 앞,0.0,109.0,0,1.9,27.270833333333332,2.7824096333333337,233.625,15.1,316.6,320.9,25.84583333333333,27.270833333333332,3.8935216333333336,224.29166666666666,8,61549.0,78117.0,225207.0,0.0,0.0,0.0,4.700480365792417
2026-08-05,송도스포츠센터 앞,1.0,1.0,0,0.0,28.083333333333332,4.475698025000001,50.875,0.5,0.5000000000000284,0.5,29.09583333333333,28.083333333333332,4.320605308333334,43.958333333333336,8,56919.0,57949.0,175300.0,0.0,0.0,0.0,0.6931471805599453
2026-08-05,송도스포츠센터 앞,1.0,1.0,0,0.0,28.083333333333332,4.475698025000001,50.875,0.5,0.5000000000000284,0.5,29.09583333333333,28.083333333333332,4.320605308333334,43.958333333333336,8,56919.0,57949.0,175300.0,0.0,0.0,0.0,0.6931471805599453
2026-08-05,송도종합관광안내센터 앞,0.0,1.0,0,0.0,28.083333333333332,4.475698025000001,50.875,0.5,0.5000000000000284,0.5,29.09583333333333,28.083333333333332,4.320605308333334,43.958333333333336,8,56919.0,57949.0,175300.0,0.0,0.0,0.0,0.6931471805599453
2026-08-05,송도종합관광안내센터 앞,0.0,1.0,0,0.0,28.083333333333332,4.475698025000001,50.875,0.5,0.5000000000000284,0.5,29.09583333333333,28.083333333333332,4.320605308333334,43.958333333333336,8,56919.0,57949.0,175300.0,0.0,0.0,0.0,0.6931471805599453
2026-08-05,송도비치관광호텔 앞 ,0.0,10.0,0,0.0,28.083333333333332,4.475698025000001,50.875,0.5,0.5000000000000284,0.5,29.09583333333333,28.083333333333332,4.320605308333334,43.958333333333336,8,56919.0,57949.0,175300.0,0.0,0.0,0.0,2.3978952727983707
2026-08-05,송도비치관광호텔 앞 ,0.0,1.0,0,0.0,28.083333333333332,4.475698025000001,50.875,0.5,0.5000000000000284,0.5,29.09583333333333,28.083333333333332,4.320605308333334,43.958333333333336,8,56919.0,57949.0,175300.0,0.0,0.0,0.0,0.6931471805599453
2026-07-22,송도스포츠센터 앞,1.0,10.0,0,0.0,29.204166666666666,4.303244183333334,229.79166666666666,0.6,18.600000000000026,27.9,28.425,29.204166666666666,4.140049608333334,220.91666666666666,7,57709.0,57166.0,172715.0,0.0,0.0,0.0,2.3978952727983707
2026-07-22,송도스포츠센터 앞,1.0,1.0,0,0.0,29.204166666666666,4.303244183333334,229.79166666666666,0.6,18.600000000000026,27.9,28.425,29.204166666666666,4.140049608333334,220.91666666666666,7,57709.0,57166.0,172715.0,0.0,0.0,0.0,0.6931471805599453
2026-07-22,임해행정봉사실 앞,0.5,20.0,0,0.0,29.204166666666666,4.303244183333334,229.79166666666666,0.6,18.600000000000026,27.9,28.425,29.204166666666666,4.140049608333334,220.91666666666666,7,57709.0,57166.0,172715.0,0.0,0.0,0.0,3.044522437723423
2026-07-22,임해행정봉사실 앞,0.5,1.0,0,0.0,29.204166666666666,4.303244183333334,229.79166666666666,0.6,18.600000000000026,27.9,28.425,29.204166666666666,4.140049608333334,220.91666666666666,7,57709.0,57166.0,172715.0,0.0,0.0,0.0,0.6931471805599453
2026-07-22,송도비치관광호텔 ,0.0,20.0,0,0.0,29.204166666666666,4.303244183333334,229.79166666666666,0.6,18.600000000000026,27.9,28.425,29.204166666666666,4.140049608333334,220.91666666666666,7,57709.0,57166.0,172715.0,0.0,0.0,0.0,3.044522437723423
2026-07-22,송도비치관광호텔 ,0.0,1.0,0,0.0,29.204166666666666,4.303244183333334,229.79166666666666,0.6,18.600000000000026,27.9,28.425,29.204166666666666,4.140049608333334,220.91666666666666,7,57709.0,57166.0,172715.0,0.0,0.0,0.0,0.6931471805599453
2026-07-07,송도스포츠센터 앞,1.0,63.0,0,3.2,25.170833333333334,3.362271208333334,227.20833333333334,4.6,30.70000000000003,31.700000000000003,24.816666666666666,25.170833333333334,3.248845191666667,236.45833333333334,7,61844.0,62147.0,185115.0,0.0,0.0,0.0,4.1588830833596715
2026-07-07,송도스포츠센터 앞,1.0,98.0,0,3.2,25.170833333333334,3.362271208333334,227.20833333333334,4.6,30.70000000000003,31.700000000000003,24.816666666666666,25.170833333333334,3.248845191666667,236.45833333333334,7,61844.0,62147.0,185115.0,0.0,0.0,0.0,4.59511985013459
2026-07-07,임해행정봉사실 앞,0.5,31.0,0,3.2,25.170833333333334,3.362271208333334,227.20833333333334,4.6,30.70000000000003,31.700000000000003,24.816666666666666,25.170833333333334,3.248845191666667,236.45833333333334,7,61844.0,62147.0,185115.0,0.0,0.0,0.0,3.4657359027997265
2026-07-07,임해행정봉사실 앞,0.5,20.0,0,3.2,25.170833333333334,3.362271208333334,227.20833333333334,4.6,30.70000000000003,31.700000000000003,24.816666666666666,25.170833333333334,3.248845191666667,236.45833333333334,7,61844.0,62147.0,185115.0,0.0,0.0,0.0,3.044522437723423
2026-07-07,송도비치관광호텔 앞,0.0,52.0,0,3.2,25.170833333333334,3.362271208333334,227.20833333333334,4.6,30.70000000000003,31.700000000000003,24.816666666666666,25.170833333333334,3.248845191666667,236.45833333333334,7,61844.0,62147.0,185115.0,0.0,0.0,0.0,3.970291913552122
2026-07-07,송도비치관광호텔 앞,0.0,10.0,0,3.2,25.170833333333334,3.362271208333334,227.20833333333334,4.6,30.70000000000003,31.700000000000003,24.816666666666666,25.170833333333334,3.248845191666667,236.45833333333334,7,61844.0,62147.0,185115.0,0.0,0.0,0.0,2.3978952727983707
2026-06-16,송도스포츠센터 앞,1.0,1.0,0,0.0,22.704166666666666,3.6354195750000002,53.791666666666664,0.0,0.0,1.2000000000000002,22.633333333333336,22.704166666666666,2.9386597583333334,63.041666666666664,6,58117.0,58171.0,174877.0,0.0,0.0,0.0,0.6931471805599453
2026-06-16,송도스포츠센터 앞,1.0,10.0,0,0.0,22.704166666666666,3.6354195750000002,53.791666666666664,0.0,0.0,1.2000000000000002,22.633333333333336,22.704166666666666,2.9386597583333334,63.041666666666664,6,58117.0,58171.0,174877.0,0.0,0.0,0.0,2.3978952727983707
2026-06-16,임해행정봉사실 앞,0.5,10.0,0,0.0,22.704166666666666,3.6354195750000002,53.791666666666664,0.0,0.0,1.2000000000000002,22.633333333333336,22.704166666666666,2.9386597583333334,63.041666666666664,6,58117.0,58171.0,174877.0,0.0,0.0,0.0,2.3978952727983707
2026-06-16,임해행정봉사실 앞,0.5,10.0,0,0.0,22.704166666666666,3.6354195750000002,53.791666666666664,0.0,0.0,1.2000000000000002,22.633333333333336,22.704166666666666,2.9386597583333334,63.041666666666664,6,58117.0,58171.0,174877.0,0.0,0.0,0.0,2.3978952727983707
2026-06-16,송도비치관광호텔 앞,0.0,1.0,0,0.0,22.704166666666666,3.6354195750000002,53.791666666666664,0.0,0.0,1.2000000000000002,22.633333333333336,22.704166666666666,2.9386597583333334,63.041666666666664,6,58117.0,58171.0,174877.0,0.0,0.0,0.0,0.6931471805599453
2026-06-16,송도비치관광호텔 앞,0.0,10.0,0,0.0,22.704166666666666,3.6354195750000002,53.791666666666664,0.0,0.0,1.2000000000000002,22.633333333333336,22.704166666666666,2.9386597583333334,63.041666666666664,6,58117.0,58171.0,174877.0,0.0,0.0,0.0,2.3978952727983707
