date,dongbu_discharge_m3_day,haeundae_sewage_discharge_m3_day
2014-01-01,,42147
2014-01-02,,39229
2014-01-03,,37409
2014-01-04,,41673
2014-01-05,,42358
2014-01-06,,40564
2014-01-07,,40835
2014-01-08,,44096
2014-01-09,,40919
2014-01-10,,40251
2014-01-11,,40592
2014-01-12,,42945
2014-01-13,,41442
2014-01-14,,40988
2014-01-15,,40940
2014-01-16,,37312
2014-01-17,,39081
2014-01-18,,40144
2014-01-19,,39889
2014-01-20,,36600
2014-01-21,,36054
2014-01-22,,40176
2014-01-23,,39494
2014-01-24,,38410
2014-01-25,,37396
2014-01-26,,41021
2014-01-27,,42503
2014-01-28,,40912
2014-01-29,,43397
2014-01-30,,44293
2014-01-31,,37769
2014-02-01,,37472
2014-02-02,,41342
2014-02-03,,41337
2014-02-04,,41000
2014-02-05,,40183
2014-02-06,,40938
2014-02-07,,40902
2014-02-08,,40008
2014-02-09,,40000
2014-02-10,,46697
2014-02-11,,44861
2014-02-12,,45510
2014-02-13,,41238
2014-02-14,,40941
2014-02-15,,43422
2014-02-16,,43954
2014-02-17,,44269
2014-02-18,,43954
2014-02-19,,40255
2014-02-20,,41942
2014-02-21,,43334
2014-02-22,,40994
2014-02-23,,42080
2014-02-24,,40915
2014-02-25,,41429
2014-02-26,,41614
2014-02-27,,43401
2014-02-28,,41401
2014-03-01,,43035
2014-03-02,,45320
2014-03-03,,43078
2014-03-04,,41422
2014-03-05,,41366
2014-03-06,,40035
2014-03-07,,41314
2014-03-08,,44266
2014-03-09,,44479
2014-03-10,,43794
2014-03-11,,41052
2014-03-12,,41765
2014-03-13,,61400
2014-03-14,,44961
2014-03-15,,44899
2014-03-16,,44023
2014-03-17,,44154
2014-03-18,,43710
2014-03-19,,40513
2014-03-20,,41331
2014-03-21,,42434
2014-03-22,,44257
2014-03-23,,41532
2014-03-24,,41877
2014-03-25,,41479
2014-03-26,,49502
2014-03-27,,41580
2014-03-28,,41699
2014-03-29,,47596
2014-03-30,,54412
2014-03-31,,43054
2014-04-01,,42068
2014-04-02,,41600
2014-04-03,,41616
2014-04-04,,42597
2014-04-05,,43511
2014-04-06,,43923
2014-04-07,,42692
2014-04-08,,40392
2014-04-09,,40880
2014-04-10,,41924
2014-04-11,,41691
2014-04-12,,43691
2014-04-13,,42733
2014-04-14,,40280
2014-04-15,,39590
2014-04-16,,38583
2014-04-17,,40899
2014-04-18,,40729
2014-04-19,,42215
2014-04-20,,40218
2014-04-21,,39788
2014-04-22,,38833
2014-04-23,,40534
2014-04-24,,39438
2014-04-25,,39936
2014-04-26,,44651
2014-04-27,,43853
2014-04-28,,50221
2014-04-29,,55014
2014-04-30,,44910
2014-05-01,,43638
2014-05-02,,42507
2014-05-03,,40696
2014-05-04,,43312
2014-05-05,,43793
2014-05-06,,40802
2014-05-07,,41503
2014-05-08,,40829
2014-05-09,,42105
2014-05-10,,43752
2014-05-11,,43249
2014-05-12,,56664
2014-05-13,,46624
2014-05-14,,41248
2014-05-15,,39895
2014-05-16,,42462
2014-05-17,,44913
2014-05-18,,43338
2014-05-19,,41400
2014-05-20,,42036
2014-05-21,,41896
2014-05-22,,41786
2014-05-23,,40879
2014-05-24,,42668
2014-05-25,,43134
2014-05-26,,49827
2014-05-27,,43813
2014-05-28,,40811
2014-05-29,,42688
2014-05-30,,42547
2014-05-31,,43897
2014-06-01,,43466
2014-06-02,,42806
2014-06-03,,42770
2014-06-04,,43375
2014-06-05,,42764
2014-06-06,,43127
2014-06-07,,43311
2014-06-08,,42888
2014-06-09,,40757
2014-06-10,,40207
2014-06-11,,40918
2014-06-12,,41453
2014-06-13,,43536
2014-06-14,,45056
2014-06-15,,43908
2014-06-16,,42614
2014-06-17,,38685
2014-06-18,,41767
2014-06-19,,40593
2014-06-20,,41540
2014-06-21,,42473
2014-06-22,,41855
2014-06-23,,36654
2014-06-24,,38528
2014-06-25,,41373
2014-06-26,,43000
2014-06-27,,41468
2014-06-28,,43382
2014-06-29,,42109
2014-06-30,,39986
2014-07-01,,41628
2014-07-02,,42788
2014-07-03,,55226
2014-07-04,,45959
2014-07-05,,44317
2014-07-06,,43925
2014-07-07,,40474
2014-07-08,,48867
2014-07-09,,44645
2014-07-10,,45061
2014-07-11,,43608
2014-07-12,,45091
2014-07-13,,49756
2014-07-14,,43296
2014-07-15,,43293
2014-07-16,,43959
2014-07-17,,44298
2014-07-18,,45530
2014-07-19,,47160
2014-07-20,,52751
2014-07-21,,45778
2014-07-22,,43713
2014-07-23,,43823
2014-07-24,,47311
2014-07-25,,45315
2014-07-26,,46139
2014-07-27,,45103
2014-07-28,,43285
2014-07-29,,44303
2014-07-30,,44905
2014-07-31,,46490
2014-08-01,,44689
2014-08-02,,49118
2014-08-03,,59114
2014-08-04,,53883
2014-08-05,,53319
2014-08-06,,49352
2014-08-07,,46192
2014-08-08,,45932
2014-08-09,,46223
2014-08-10,,45591
2014-08-11,,46968
2014-08-12,,46741
2014-08-13,,45243
2014-08-14,,54489
2014-08-15,,53312
2014-08-16,,52038
2014-08-17,,48329
2014-08-18,,52462
2014-08-19,,58108
2014-08-20,,57630
2014-08-21,,63528
2014-08-22,,53686
2014-08-23,,48897
2014-08-24,,46383
2014-08-25,,50965
2014-08-26,,57372
2014-08-27,,50257
2014-08-28,,46218
2014-08-29,,46721
2014-08-30,,47016
2014-08-31,,48039
2014-09-01,,46603
2014-09-02,,44545
2014-09-03,,51653
2014-09-04,,49449
2014-09-05,,50579
2014-09-06,,49648
2014-09-07,,49736
2014-09-08,,44180
2014-09-09,,45193
2014-09-10,,45971
2014-09-11,,43996
2014-09-12,,43124
2014-09-13,,45611
2014-09-14,,45087
2014-09-15,,42573
2014-09-16,,43662
2014-09-17,,44436
2014-09-18,,46479
2014-09-19,,42802
2014-09-20,,45081
2014-09-21,,45187
2014-09-22,,43288
2014-09-23,,43883
2014-09-24,,64717
2014-09-25,,48419
2014-09-26,,43909
2014-09-27,,44870
2014-09-28,,45611
2014-09-29,,43371
2014-09-30,,43754
2014-10-01,,43277
2014-10-02,,42563
2014-10-03,,44040
2014-10-04,,44454
2014-10-05,,43592
2014-10-06,,42153
2014-10-07,,42390
2014-10-08,,41528
2014-10-09,,42527
2014-10-10,,43092
2014-10-11,,44068
2014-10-12,,44003
2014-10-13,,57837
2014-10-14,,44808
2014-10-15,,43981
2014-10-16,,42977
2014-10-17,,42231
2014-10-18,,44630
2014-10-19,,42407
2014-10-20,,55045
2014-10-21,,56858
2014-10-22,,66381
2014-10-23,,49410
2014-10-24,,47183
2014-10-25,,46335
2014-10-26,,46341
2014-10-27,,44331
2014-10-28,,43988
2014-10-29,,44252
2014-10-30,,43872
2014-10-31,,48145
2014-11-01,,50888
2014-11-02,,44899
2014-11-03,,44455
2014-11-04,,42017
2014-11-05,,42136
2014-11-06,,42194
2014-11-07,,41485
2014-11-08,,43156
2014-11-09,,45504
2014-11-10,,43151
2014-11-11,,42851
2014-11-12,,43300
2014-11-13,,43490
2014-11-14,,42468
2014-11-15,,42669
2014-11-16,,43409
2014-11-17,,43434
2014-11-18,,41082
2014-11-19,,42392
2014-11-20,,41987
2014-11-21,,42126
2014-11-22,,43677
2014-11-23,,44543
2014-11-24,,48522
2014-11-25,,48980
2014-11-26,,45291
2014-11-27,,43647
2014-11-28,,43557
2014-11-29,,44888
2014-11-30,,44792
2014-12-01,,44263
2014-12-02,,42133
2014-12-03,,42216
2014-12-04,,42085
2014-12-05,,42185
2014-12-06,,44366
2014-12-07,,42749
2014-12-08,,43197
2014-12-09,,42725
2014-12-10,,41936
2014-12-11,,42773
2014-12-12,,41455
2014-12-13,,43629
2014-12-14,,45244
2014-12-15,,43764
2014-12-16,,45073
2014-12-17,,41753
2014-12-18,,43218
2014-12-19,,42947
2014-12-20,,44823
2014-12-21,,43184
2014-12-22,,42334
2014-12-23,,41540
2014-12-24,,41880
2014-12-25,,42393
2014-12-26,,42340
2014-12-27,,43143
2014-12-28,,43280
2014-12-29,,41041
2014-12-30,,40942
2014-12-31,,41565
2015-01-01,,42746
2015-01-02,,42650
2015-01-03,,43543
2015-01-04,,44414
2015-01-05,,42830
2015-01-06,,47503
2015-01-07,,41562
2015-01-08,,41457
2015-01-09,,41635
2015-01-10,,42501
2015-01-11,,42354
2015-01-12,,42029
2015-01-13,,40628
2015-01-14,,41547
2015-01-15,,44091
2015-01-16,,40928
2015-01-17,,41390
2015-01-18,,43178
2015-01-19,,43194
2015-01-20,,41673
2015-01-21,,38815
2015-01-22,,42579
2015-01-23,,40088
2015-01-24,,41090
2015-01-25,,41570
2015-01-26,,45996
2015-01-27,,39847
2015-01-28,,39524
2015-01-29,,38758
2015-01-30,,39884
2015-01-31,,42238
2015-02-01,,41635
2015-02-02,,40980
2015-02-03,,39867
2015-02-04,,39605
2015-02-05,,42298
2015-02-06,,40411
2015-02-07,,41881
2015-02-08,,43699
2015-02-09,,40133
2015-02-10,,40133
2015-02-11,,39890
2015-02-12,,40946
2015-02-13,,41703
2015-02-14,,42431
2015-02-15,,40766
2015-02-16,,41784
2015-02-17,,41373
2015-02-18,,42308
2015-02-19,,34701
2015-02-20,,36143
2015-02-21,,43543
2015-02-22,,40663
2015-02-23,,37032
2015-02-24,,36070
2015-02-25,,36276
2015-02-26,,36436
2015-02-27,,35520
2015-02-28,,38043
2015-03-01,,40709
2015-03-02,,36589
2015-03-03,,38661
2015-03-04,,37074
2015-03-05,,35689
2015-03-06,,34926
2015-03-07,,36908
2015-03-08,,36639
2015-03-09,,35134
2015-03-10,,34072
2015-03-11,,33319
2015-03-12,,33955
2015-03-13,,34638
2015-03-14,,36088
2015-03-15,,35882
2015-03-16,,34581
2015-03-17,,33950
2015-03-18,,50178
2015-03-19,,38979
2015-03-20,,34955
2015-03-21,,36585
2015-03-22,,36517
2015-03-23,,35084
2015-03-24,,33666
2015-03-25,,33867
2015-03-26,,38379
2015-03-27,,34145
2015-03-28,,35082
2015-03-29,,35553
2015-03-30,,34578
2015-03-31,,35356
2015-04-01,,32879
2015-04-02,,35233
2015-04-03,,45297
2015-04-04,,45117
2015-04-05,,48218
2015-04-06,,43467
2015-04-07,,36105
2015-04-08,,35467
2015-04-09,,35435
2015-04-10,,34077
2015-04-11,,34865
2015-04-12,,34882
2015-04-13,,45128
2015-04-14,,41416
2015-04-15,,35060
2015-04-16,,34328
2015-04-17,,33587
2015-04-18,,37712
2015-04-19,,56177
2015-04-20,,56461
2015-04-21,,43324
2015-04-22,,37215
2015-04-23,,36481
2015-04-24,,35576
2015-04-25,,37662
2015-04-26,,36636
2015-04-27,,36435
2015-04-28,,34259
2015-04-29,,44138
2015-04-30,,35972
2015-05-01,,37220
2015-05-02,,37153
2015-05-03,,44038
2015-05-04,,44050
2015-05-05,,39245
2015-05-06,,36089
2015-05-07,,35037
2015-05-08,,34945
2015-05-09,,36829
2015-05-10,,36726
2015-05-11,,40312
2015-05-12,,59816
2015-05-13,,41606
2015-05-14,,36991
2015-05-15,,37135
2015-05-16,,37039
2015-05-17,,37087
2015-05-18,,45106
2015-05-19,,38363
2015-05-20,,36502
2015-05-21,,36134
2015-05-22,,35497
2015-05-23,,35807
2015-05-24,,35903
2015-05-25,,36460
2015-05-26,,36968
2015-05-27,,36699
2015-05-28,,36653
2015-05-29,,36654
2015-05-30,,36790
2015-05-31,,38628
2015-06-01,,37588
2015-06-02,,36543
2015-06-03,,37720
2015-06-04,,36407
2015-06-05,,37143
2015-06-06,,36792
2015-06-07,,36643
2015-06-08,,35757
2015-06-09,,36496
2015-06-10,,36202
2015-06-11,,34750
2015-06-12,,36449
2015-06-13,,36166
2015-06-14,,38213
2015-06-15,,36392
2015-06-16,,35769
2015-06-17,,36077
2015-06-18,,36680
2015-06-19,,37229
2015-06-20,,37183
2015-06-21,,37501
2015-06-22,,36585
2015-06-23,,36713
2015-06-24,,35378
2015-06-25,,37589
2015-06-26,,45632
2015-06-27,,37121
2015-06-28,,36452
2015-06-29,,35635
2015-06-30,,41956
2015-07-01,,38041
2015-07-02,,36005
2015-07-03,,35250
2015-07-04,,35934
2015-07-05,,36743
2015-07-06,,35207
2015-07-07,,40765
2015-07-08,,57323
2015-07-09,,49305
2015-07-10,,38175
2015-07-11,,39477
2015-07-12,,55579
2015-07-13,,44482
2015-07-14,,41223
2015-07-15,,39473
2015-07-16,,36364
2015-07-17,,35268
2015-07-18,,37888
2015-07-19,,38138
2015-07-20,,39390
2015-07-21,,38658
2015-07-22,,40480
2015-07-23,,49684
2015-07-24,,43026
2015-07-25,,40660
2015-07-26,,39163
2015-07-27,,39017
2015-07-28,,38171
2015-07-29,,38289
2015-07-30,,37740
2015-07-31,,38386
2015-08-01,,40493
2015-08-02,,39464
2015-08-03,,38919
2015-08-04,,37977
2015-08-05,,38552
2015-08-06,,38519
2015-08-07,,38223
2015-08-08,,39140
2015-08-09,,38882
2015-08-10,,37549
2015-08-11,,36369
2015-08-12,,41846
2015-08-13,,38124
2015-08-14,,37052
2015-08-15,,35694
2015-08-16,,38233
2015-08-17,,36809
2015-08-18,,35869
2015-08-19,,35587
2015-08-20,,35810
2015-08-21,,47736
2015-08-22,,45528
2015-08-23,,42502
2015-08-24,,40248
2015-08-25,,46925
2015-08-26,,46447
2015-08-27,,43121
2015-08-28,,40660
2015-08-29,,40931
2015-08-30,,41237
2015-08-31,,39590
2015-09-01,,46784
2015-09-02,,40536
2015-09-03,,42519
2015-09-04,,40134
2015-09-05,,41543
2015-09-06,,52804
2015-09-07,,41205
2015-09-08,,39125
2015-09-09,,38387
2015-09-10,,38459
2015-09-11,,39002
2015-09-12,,37540
2015-09-13,,40557
2015-09-14,,38879
2015-09-15,,38093
2015-09-16,,35639
2015-09-17,,45968
2015-09-18,,42697
2015-09-19,,41232
2015-09-20,,42079
2015-09-21,,39418
2015-09-22,,38822
2015-09-23,,39484
2015-09-24,,49005
2015-09-25,,45399
2015-09-26,,45249
2015-09-27,,35941
2015-09-28,,37965
2015-09-29,,40412
2015-09-30,,38393
2015-10-01,,42722
2015-10-02,,42064
2015-10-03,,43389
2015-10-04,,41373
2015-10-05,,38248
2015-10-06,,38146
2015-10-07,,38081
2015-10-08,,37950
2015-10-09,,37953
2015-10-10,,37358
2015-10-11,,38493
2015-10-12,,37405
2015-10-13,,37133
2015-10-14,,37507
2015-10-15,,36361
2015-10-16,,36244
2015-10-17,,37488
2015-10-18,,37566
2015-10-19,,37376
2015-10-20,,37716
2015-10-21,,40034
2015-10-22,,39544
2015-10-23,,38927
2015-10-24,,40841
2015-10-25,,41108
2015-10-26,,39515
2015-10-27,,39697
2015-10-28,,38671
2015-10-29,,39326
2015-10-30,,37659
2015-10-31,,38874
2015-11-01,,40112
2015-11-02,,40098
2015-11-03,,38901
2015-11-04,,35136
2015-11-05,,34416
2015-11-06,,32567
2015-11-07,,37841
2015-11-08,,47958
2015-11-09,,40844
2015-11-10,,37965
2015-11-11,,37762
2015-11-12,,39104
2015-11-13,,50549
2015-11-14,,43169
2015-11-15,,41716
2015-11-16,,39134
2015-11-17,,38715
2015-11-18,,39677
2015-11-19,,39637
2015-11-20,,40879
2015-11-21,,41643
2015-11-22,,42919
2015-11-23,,41768
2015-11-24,,39792
2015-11-25,,40789
2015-11-26,,42154
2015-11-27,,40048
2015-11-28,,36832
2015-11-29,,35371
2015-11-30,,34390
2015-12-01,,39990
2015-12-02,,39459
2015-12-03,,39304
2015-12-04,,40263
2015-12-05,,38090
2015-12-06,,42197
2015-12-07,,41663
2015-12-08,,35707
2015-12-09,,40164
2015-12-10,,40768
2015-12-11,,47358
2015-12-12,,43944
2015-12-13,,36645
2015-12-14,,40659
2015-12-15,,41324
2015-12-16,,40810
2015-12-17,,40665
2015-12-18,,41118
2015-12-19,,42800
2015-12-20,,42327
2015-12-21,,42138
2015-12-22,,37990
2015-12-23,,39117
2015-12-24,,39612
2015-12-25,,41032
2015-12-26,,37686
2015-12-27,,43063
2015-12-28,,40646
2015-12-29,,39948
2015-12-30,,39225
2015-12-31,,39937
2016-01-01,,39274
2016-01-02,,35700
2016-01-03,,41513
2016-01-04,,40563
2016-01-05,,35575
2016-01-06,,37908
2016-01-07,,40564
2016-01-08,,39453
2016-01-09,,39413
2016-01-10,,40219
2016-01-11,,38736
2016-01-12,,37462
2016-01-13,,37074
2016-01-14,,37444
2016-01-15,,38469
2016-01-16,,38826
2016-01-17,,38591
2016-01-18,,39724
2016-01-19,,38056
2016-01-20,,35489
2016-01-21,,38198
2016-01-22,,37184
2016-01-23,,38260
2016-01-24,,38700
2016-01-25,,36565
2016-01-26,,38374
2016-01-27,,39440
2016-01-28,,37231
2016-01-29,,43890
2016-01-30,,37595
2016-01-31,,43638
2016-02-01,,41846
2016-02-02,,40408
2016-02-03,,39828
2016-02-04,,41693
2016-02-05,,40446
2016-02-06,,40657
2016-02-07,,40178
2016-02-08,,36453
2016-02-09,,37654
2016-02-10,,42591
2016-02-11,,39915
2016-02-12,,37512
2016-02-13,,50390
2016-02-14,,44401
2016-02-15,,41272
2016-02-16,,39125
2016-02-17,,38501
2016-02-18,,40125
2016-02-19,,38086
2016-02-20,,37891
2016-02-21,,41519
2016-02-22,,37883
2016-02-23,,37751
2016-02-24,,37725
2016-02-25,,38682
2016-02-26,,38167
2016-02-27,,39805
2016-02-28,,36865
2016-02-29,,36951
2016-03-01,,40897
2016-03-02,,37979
2016-03-03,,37493
2016-03-04,,41364
2016-03-05,,40324
2016-03-06,,47167
2016-03-07,,42681
2016-03-08,,37795
2016-03-09,,43152
2016-03-10,,37246
2016-03-11,,35199
2016-03-12,,33617
2016-03-13,,39403
2016-03-14,,38238
2016-03-15,,34970
2016-03-16,,36315
2016-03-17,,37362
2016-03-18,,37577
2016-03-19,,42887
2016-03-20,,39725
2016-03-21,,38681
2016-03-22,,36858
2016-03-23,,34807
2016-03-24,,34353
2016-03-25,,36124
2016-03-26,,40357
2016-03-27,,40498
2016-03-28,,36462
2016-03-29,,32146
2016-03-30,,34921
2016-03-31,,35593
2016-04-01,,38094
2016-04-02,,38856
2016-04-03,,38439
2016-04-04,,37325
2016-04-05,,36569
2016-04-06,,38817
2016-04-07,,51677
2016-04-08,,39306
2016-04-09,,39557
2016-04-10,,38101
2016-04-11,,38375
2016-04-12,,36978
2016-04-13,,33887
2016-04-14,,39550
2016-04-15,,36892
2016-04-16,,35583
2016-04-17,,46846
2016-04-18,,41957
2016-04-19,,41352
2016-04-20,,37576
2016-04-21,,37907
2016-04-22,,39456
2016-04-23,,38920
2016-04-24,,35828
2016-04-25,,38682
2016-04-26,,37688
2016-04-27,,38344
2016-04-28,,39703
2016-04-29,,38682
2016-04-30,,41862
2016-05-01,,38597
2016-05-02,,36541
2016-05-03,,38185
2016-05-04,,43029
2016-05-05,,36307
2016-05-06,,38076
2016-05-07,,42733
2016-05-08,,39890
2016-05-09,,37871
2016-05-10,,40090
2016-05-11,,38861
2016-05-12,,38498
2016-05-13,,40203
2016-05-14,,41350
2016-05-15,,37553
2016-05-16,,42845
2016-05-17,,40903
2016-05-18,,42595
2016-05-19,,38545
2016-05-20,,37458
2016-05-21,,41078
2016-05-22,,41848
2016-05-23,,40112
2016-05-24,,37542
2016-05-25,,39987
2016-05-26,,40551
2016-05-27,,37736
2016-05-28,,33610
2016-05-29,,40879
2016-05-30,,41846
2016-05-31,,41009
2016-06-01,,40010
2016-06-02,,38885
2016-06-03,,40192
2016-06-04,,39820
2016-06-05,,40674
2016-06-06,,38974
2016-06-07,,39487
2016-06-08,,40293
2016-06-09,,38147
2016-06-10,,38862
2016-06-11,,49847
2016-06-12,,40388
2016-06-13,,38465
2016-06-14,,36121
2016-06-15,,36474
2016-06-16,,38658
2016-06-17,,37812
2016-06-18,,39854
2016-06-19,,43862
2016-06-20,,40472
2016-06-21,,38732
2016-06-22,,36563
2016-06-23,,38667
2016-06-24,,36683
2016-06-25,,43736
2016-06-26,,42899
2016-06-27,,39250
2016-06-28,,39385
2016-06-29,,39093
2016-06-30,,36998
2016-07-01,,37273
2016-07-02,,42947
2016-07-03,,40045
2016-07-04,,40442
2016-07-05,,41574
2016-07-06,,39192
2016-07-07,,39261
2016-07-08,,38495
2016-07-09,,40459
2016-07-10,,38495
2016-07-11,,40196
2016-07-12,,39532
2016-07-13,,44974
2016-07-14,,38671
2016-07-15,,37914
2016-07-16,,41323
2016-07-17,,38519
2016-07-18,,37166
2016-07-19,,37450
2016-07-20,,37613
2016-07-21,,39630
2016-07-22,,38017
2016-07-23,,39076
2016-07-24,,37385
2016-07-25,,38358
2016-07-26,,37544
2016-07-27,,40944
2016-07-28,,37881
2016-07-29,,38740
2016-07-30,,39642
2016-07-31,,38012
2016-08-01,,35837
2016-08-02,,36236
2016-08-03,,38083
2016-08-04,,37302
2016-08-05,,36352
2016-08-06,,34182
2016-08-07,,42037
2016-08-08,,37756
2016-08-09,,39764
2016-08-10,,41062
2016-08-11,,42909
2016-08-12,,43099
2016-08-13,,43104
2016-08-14,,41334
2016-08-15,,43744
2016-08-16,,35534
2016-08-17,,39840
2016-08-18,,40820
2016-08-19,,39954
2016-08-20,,39807
2016-08-21,,40222
2016-08-22,,40140
2016-08-23,,39545
2016-08-24,,38403
2016-08-25,,37456
2016-08-26,,37461
2016-08-27,,38253
2016-08-28,,48109
2016-08-29,,43985
2016-08-30,,40415
2016-08-31,,39837
2016-09-01,,39424
2016-09-02,,43094
2016-09-03,,43788
2016-09-04,,47818
2016-09-05,,43318
2016-09-06,,43115
2016-09-07,,41652
2016-09-08,,43902
2016-09-09,,40549
2016-09-10,,40141
2016-09-11,,41567
2016-09-12,,45990
2016-09-13,,46215
2016-09-14,,46151
2016-09-15,,38083
2016-09-16,,39267
2016-09-17,,47543
2016-09-18,,57284
2016-09-19,,48844
2016-09-20,,45351
2016-09-21,,43093
2016-09-22,,41126
2016-09-23,,41764
2016-09-24,,42816
2016-09-25,,41280
2016-09-26,,40653
2016-09-27,,42510
2016-09-28,,44829
2016-09-29,,50828
2016-09-30,,50238
2016-10-01,,47416
2016-10-02,,44579
2016-10-03,,43849
2016-10-04,,42046
2016-10-05,,55242
2016-10-06,,51938
2016-10-07,,43925
2016-10-08,,56342
2016-10-09,,48053
2016-10-10,,43088
2016-10-11,,42271
2016-10-12,,41203
2016-10-13,,39999
2016-10-14,,40400
2016-10-15,,41077
2016-10-16,,44106
2016-10-17,,49041
2016-10-18,,43216
2016-10-19,,42191
2016-10-20,,40882
2016-10-21,,40049
2016-10-22,,41569
2016-10-23,,42337
2016-10-24,,41833
2016-10-25,,40121
2016-10-26,,39955
2016-10-27,,38787
2016-10-28,,41911
2016-10-29,,41874
2016-10-30,,41747
2016-10-31,,39439
2016-11-01,,39793
2016-11-02,,39728
2016-11-03,,39012
2016-11-04,,38716
2016-11-05,,40070
2016-11-06,,39017
2016-11-07,,39901
2016-11-08,,37589
2016-11-09,,38513
2016-11-10,,39888
2016-11-11,,38602
2016-11-12,,39271
2016-11-13,,38191
2016-11-14,,40627
2016-11-15,,38042
2016-11-16,,38030
2016-11-17,,37446
2016-11-18,,41099
2016-11-19,,44483
2016-11-20,,40684
2016-11-21,,38397
2016-11-22,,37585
2016-11-23,,38792
2016-11-24,,36969
2016-11-25,,38195
2016-11-26,,38327
2016-11-27,,39043
2016-11-28,,38889
2016-11-29,,37910
2016-11-30,,38218
2016-12-01,,38457
2016-12-02,,37721
2016-12-03,,38920
2016-12-04,,39337
2016-12-05,,39046
2016-12-06,,37836
2016-12-07,,38171
2016-12-08,,37020
2016-12-09,,36959
2016-12-10,,38631
2016-12-11,,39019
2016-12-12,,37765
2016-12-13,,37627
2016-12-14,,37642
2016-12-15,,37839
2016-12-16,,37762
2016-12-17,,39367
2016-12-18,,39230
2016-12-19,,41545
2016-12-20,,40290
2016-12-21,,40079
2016-12-22,,56749
2016-12-23,,41566
2016-12-24,,40798
2016-12-25,,40631
2016-12-26,,45586
2016-12-27,,46941
2016-12-28,,40534
2016-12-29,,40070
2016-12-30,,39607
2016-12-31,,40756
2017-01-01,,40382
2017-01-02,,39720
2017-01-03,,38625
2017-01-04,,37093
2017-01-05,,37134
2017-01-06,,37175
2017-01-07,,37743
2017-01-08,,41084
2017-01-09,,36746
2017-01-10,,35758
2017-01-11,,35967
2017-01-12,,36287
2017-01-13,,36208
2017-01-14,,36618
2017-01-15,,38060
2017-01-16,,37081
2017-01-17,,37049
2017-01-18,,36659
2017-01-19,,36578
2017-01-20,,36299
2017-01-21,,37716
2017-01-22,,38611
2017-01-23,,37306
2017-01-24,,37906
2017-01-25,,38884
2017-01-26,,40385
2017-01-27,,43437
2017-01-28,,34377
2017-01-29,,36325
2017-01-30,,40010
2017-01-31,,37911
2017-02-01,,37610
2017-02-02,,36975
2017-02-03,,36490
2017-02-04,,37218
2017-02-05,,37134
2017-02-06,,37260
2017-02-07,,36110
2017-02-08,,37069
2017-02-09,,36146
2017-02-10,,36990
2017-02-11,,37005
2017-02-12,,38238
2017-02-13,,36830
2017-02-14,,36170
2017-02-15,,36626
2017-02-16,,37193
2017-02-17,,36530
2017-02-18,,35668
2017-02-19,,36699
2017-02-20,,34030
2017-02-21,,34133
2017-02-22,,38848
2017-02-23,,36650
2017-02-24,,34192
2017-02-25,,35723
2017-02-26,,35806
2017-02-27,,34199
2017-02-28,,34778
2017-03-01,,36631
2017-03-02,,35868
2017-03-03,,33915
2017-03-04,,35752
2017-03-05,,36621
2017-03-06,,36213
2017-03-07,,35586
2017-03-08,,35836
2017-03-09,,35772
2017-03-10,,35409
2017-03-11,,37318
2017-03-12,,38464
2017-03-13,,37047
2017-03-14,,35177
2017-03-15,,35866
2017-03-16,,34963
2017-03-17,,35523
2017-03-18,,36820
2017-03-19,,38515
2017-03-20,,36398
2017-03-21,,38264
2017-03-22,,35890
2017-03-23,,35685
2017-03-24,,35278
2017-03-25,,37851
2017-03-26,,39042
2017-03-27,,36634
2017-03-28,,35227
2017-03-29,,34464
2017-03-30,,36233
2017-03-31,,34345
2017-04-01,,38266
2017-04-02,,38881
2017-04-03,,37048
2017-04-04,,36174
2017-04-05,,38824
2017-04-06,,44005
2017-04-07,,36738
2017-04-08,,35212
2017-04-09,,34625
2017-04-10,,33487
2017-04-11,,39291
2017-04-12,,34077
2017-04-13,,32940
2017-04-14,,32379
2017-04-15,,34470
2017-04-16,,35422
2017-04-17,,41580
2017-04-18,,40285
2017-04-19,,35541
2017-04-20,,34054
2017-04-21,,33949
2017-04-22,,35669
2017-04-23,,35854
2017-04-24,,34281
2017-04-25,,32788
2017-04-26,,34338
2017-04-27,,34553
2017-04-28,,33423
2017-04-29,,35320
2017-04-30,,35351
2017-05-01,,35314
2017-05-02,,33228
2017-05-03,,33249
2017-05-04,,34512
2017-05-05,,36000
2017-05-06,,36544
2017-05-07,,36310
2017-05-08,,33228
2017-05-09,,39451
2017-05-10,,34866
2017-05-11,,34471
2017-05-12,,38600
2017-05-13,,37665
2017-05-14,,37428
2017-05-15,,35830
2017-05-16,,34808
2017-05-17,,35059
2017-05-18,,33107
2017-05-19,,33990
2017-05-20,,34622
2017-05-21,,35373
2017-05-22,,34903
2017-05-23,,33112
2017-05-24,,33772
2017-05-25,,33925
2017-05-26,,32894
2017-05-27,,34088
2017-05-28,,35024
2017-05-29,,33633
2017-05-30,,34047
2017-05-31,,30705
2017-06-01,,34145
2017-06-02,,33169
2017-06-03,,34387
2017-06-04,,35003
2017-06-05,,33479
2017-06-06,,33037
2017-06-07,,38050
2017-06-08,,35041
2017-06-09,,33874
2017-06-10,,34904
2017-06-11,,35215
2017-06-12,,34120
2017-06-13,,33788
2017-06-14,,32930
2017-06-15,,34726
2017-06-16,,33822
2017-06-17,,34889
2017-06-18,,36263
2017-06-19,,35434
2017-06-20,,36786
2017-06-21,,35967
2017-06-22,,35628
2017-06-23,,35043
2017-06-24,,35279
2017-06-25,,35721
2017-06-26,,35024
2017-06-27,,34450
2017-06-28,,35797
2017-06-29,,37378
2017-06-30,,38300
2017-07-01,,37595
2017-07-02,,39014
2017-07-03,,37886
2017-07-04,,54587
2017-07-05,,51403
2017-07-06,,37251
2017-07-07,,36470
2017-07-08,,37873
2017-07-09,,39409
2017-07-10,,35650
2017-07-11,,36363
2017-07-12,,37728
2017-07-13,,36589
2017-07-14,,35677
2017-07-15,,38476
2017-07-16,,39940
2017-07-17,,39053
2017-07-18,,42269
2017-07-19,,39043
2017-07-20,,40164
2017-07-21,,39009
2017-07-22,,39939
2017-07-23,,38857
2017-07-24,,37716
2017-07-25,,37027
2017-07-26,,36611
2017-07-27,,36061
2017-07-28,,37483
2017-07-29,,36493
2017-07-30,,38133
2017-07-31,,36547
2017-08-01,,37020
2017-08-02,,36350
2017-08-03,,37531
2017-08-04,,37813
2017-08-05,,38412
2017-08-06,,37974
2017-08-07,,35958
2017-08-08,,36661
2017-08-09,,39518
2017-08-10,,36936
2017-08-11,,36074
2017-08-12,,36097
2017-08-13,,35898
2017-08-14,,43368
2017-08-15,,42456
2017-08-16,,36927
2017-08-17,,35774
2017-08-18,,36032
2017-08-19,,36396
2017-08-20,,36155
2017-08-21,,34762
2017-08-22,,37268
2017-08-23,,36549
2017-08-24,,35980
2017-08-25,,34780
2017-08-26,,34574
2017-08-27,,35004
2017-08-28,,34953
2017-08-29,,34528
2017-08-30,,33961
2017-08-31,,34201
2017-09-01,,34023
2017-09-02,,34851
2017-09-03,,35373
2017-09-04,,33729
2017-09-05,,33926
2017-09-06,,37366
2017-09-07,,42018
2017-09-08,,35388
2017-09-09,,35273
2017-09-10,,35206
2017-09-11,,53220
2017-09-12,,43973
2017-09-13,,38421
2017-09-14,,36481
2017-09-15,,35120
2017-09-16,,36390
2017-09-17,,46283
2017-09-18,,39109
2017-09-19,,37485
2017-09-20,,36642
2017-09-21,,36184
2017-09-22,,37454
2017-09-23,,36180
2017-09-24,,37484
2017-09-25,,37950
2017-09-26,,37407
2017-09-27,,38963
2017-09-28,,38352
2017-09-29,,38718
2017-09-30,,39742
2017-10-01,,38405
2017-10-02,,57452
2017-10-03,,42979
2017-10-04,,35009
2017-10-05,,35647
2017-10-06,,40907
2017-10-07,,39929
2017-10-08,,38738
2017-10-09,,40450
2017-10-10,,38497
2017-10-11,,38497
2017-10-12,,37186
2017-10-13,,36941
2017-10-14,,36751
2017-10-15,,42108
2017-10-16,,37368
2017-10-17,,37383
2017-10-18,,36924
2017-10-19,,37965
2017-10-20,,36462
2017-10-21,,37977
2017-10-22,,37517
2017-10-23,,36819
2017-10-24,,36842
2017-10-25,,36503
2017-10-26,,36589
2017-10-27,,35616
2017-10-28,,36348
2017-10-29,,37861
2017-10-30,,36681
2017-10-31,,35678
2017-11-01,,35698
2017-11-02,,36112
2017-11-03,,36163
2017-11-04,,36427
2017-11-05,,36849
2017-11-06,,36543
2017-11-07,,35942
2017-11-08,,36423
2017-11-09,,37078
2017-11-10,,36413
2017-11-11,,36996
2017-11-12,,37181
2017-11-13,,36220
2017-11-14,,36212
2017-11-15,,36202
2017-11-16,,36545
2017-11-17,,37196
2017-11-18,,37258
2017-11-19,,37127
2017-11-20,,37269
2017-11-21,,36848
2017-11-22,,36596
2017-11-23,,36203
2017-11-24,,36028
2017-11-25,,36947
2017-11-26,,37277
2017-11-27,,36502
2017-11-28,,36363
2017-11-29,,36055
2017-11-30,,36094
2017-12-01,,36280
2017-12-02,,37296
2017-12-03,,35573
2017-12-04,,36071
2017-12-05,,34756
2017-12-06,,36280
2017-12-07,,36459
2017-12-08,,35530
2017-12-09,,37458
2017-12-10,,37985
2017-12-11,,36225
2017-12-12,,34747
2017-12-13,,35185
2017-12-14,,35047
2017-12-15,,34964
2017-12-16,,36311
2017-12-17,,35963
2017-12-18,,34336
2017-12-19,,33411
2017-12-20,,35019
2017-12-21,,34159
2017-12-22,,34536
2017-12-23,,36630
2017-12-24,,36000
2017-12-25,,35686
2017-12-26,,34524
2017-12-27,,34538
2017-12-28,,33860
2017-12-29,,34447
2017-12-30,,36041
2017-12-31,,36601
2018-01-01,,36543
2018-01-02,,35341
2018-01-03,,34917
2018-01-04,,34175
2018-01-05,,34323
2018-01-06,,35242
2018-01-07,,35295
2018-01-08,,35711
2018-01-09,,34629
2018-01-10,,33814
2018-01-11,,34646
2018-01-12,,33732
2018-01-13,,35151
2018-01-14,,35050
2018-01-15,,35593
2018-01-16,,43128
2018-01-17,,39598
2018-01-18,,36666
2018-01-19,,35734
2018-01-20,,36560
2018-01-21,,36639
2018-01-22,,35214
2018-01-23,,35247
2018-01-24,,34469
2018-01-25,,34578
2018-01-26,,33842
2018-01-27,,36550
2018-01-28,,35760
2018-01-29,,34262
2018-01-30,,34942
2018-01-31,,34369
2018-02-01,,36543
2018-02-02,,34089
2018-02-03,,36320
2018-02-04,,37158
2018-02-05,,35439
2018-02-06,,34793
2018-02-07,,35997
2018-02-08,,38320
2018-02-09,,37757
2018-02-10,,39463
2018-02-11,,39382
2018-02-12,,36586
2018-02-13,,37915
2018-02-14,,39829
2018-02-15,,40285
2018-02-16,,34047
2018-02-17,,37365
2018-02-18,,38807
2018-02-19,,36913
2018-02-20,,36178
2018-02-21,,34988
2018-02-22,,33929
2018-02-23,,33708
2018-02-24,,34263
2018-02-25,,32833
2018-02-26,,32833
2018-02-27,,33016
2018-02-28,,40241
2018-03-01,,34627
2018-03-02,,31950
2018-03-03,,32677
2018-03-04,,35472
2018-03-05,,38380
2018-03-06,,30516
2018-03-07,,32133
2018-03-08,,48969
2018-03-09,,34670
2018-03-10,,33752
2018-03-11,,33496
2018-03-12,,32598
2018-03-13,,32284
2018-03-14,,32437
2018-03-15,,47253
2018-03-16,,38333
2018-03-17,,38850
2018-03-18,,42988
2018-03-19,,55230
2018-03-20,,37325
2018-03-21,,58406
2018-03-22,,38478
2018-03-23,,37301
2018-03-24,,37315
2018-03-25,,37087
2018-03-26,,35019
2018-03-27,,34414
2018-03-28,,34132
2018-03-29,,33983
2018-03-30,,33476
2018-03-31,,34882
2018-04-01,,35260
2018-04-02,,34178
2018-04-03,,33607
2018-04-04,,33847
2018-04-05,,32303
2018-04-06,,43624
2018-04-07,,35398
2018-04-08,,34748
2018-04-09,,33953
2018-04-10,,33024
2018-04-11,,33050
2018-04-12,,32431
2018-04-13,,32661
2018-04-14,,41979
2018-04-15,,37860
2018-04-16,,34642
2018-04-17,,34172
2018-04-18,,33516
2018-04-19,,33455
2018-04-20,,33274
2018-04-21,,34961
2018-04-22,,33988
2018-04-23,,40904
2018-04-24,,58863
2018-04-25,,39235
2018-04-26,,36107
2018-04-27,,33541
2018-04-28,,34746
2018-04-29,,35386
2018-04-30,,34425
2018-05-01,,33296
2018-05-02,,41613
2018-05-03,,32754
2018-05-04,,34224
2018-05-05,,34588
2018-05-06,,45055
2018-05-07,,52069
2018-05-08,,38284
2018-05-09,,34549
2018-05-10,,35008
2018-05-11,,35452
2018-05-12,,32843
2018-05-13,,41774
2018-05-14,,35890
2018-05-15,,36449
2018-05-16,,33141
2018-05-17,,33269
2018-05-18,,36283
2018-05-19,,35344
2018-05-20,,32500
2018-05-21,,31820
2018-05-22,,35127
2018-05-23,,35127
2018-05-24,,36118
2018-05-25,,35000
2018-05-26,,34278
2018-05-27,,35973
2018-05-28,,34945
2018-05-29,,33243
2018-05-30,,33286
2018-05-31,,33464
2018-06-01,,34666
2018-06-02,,34561
2018-06-03,,34875
2018-06-04,,33582
2018-06-05,,32405
2018-06-06,,34457
2018-06-07,,34209
2018-06-08,,34141
2018-06-09,,33706
2018-06-10,,35203
2018-06-11,,41387
2018-06-12,,33971
2018-06-13,,34661
2018-06-14,,34301
2018-06-15,,34200
2018-06-16,,34769
2018-06-17,,35473
2018-06-18,,35090
2018-06-19,,34979
2018-06-20,,37283
2018-06-21,,34799
2018-06-22,,34181
2018-06-23,,35224
2018-06-24,,37216
2018-06-25,,35626
2018-06-26,,31985
2018-06-27,,35916
2018-06-28,,52199
2018-06-29,,53000
2018-06-30,,47917
2018-07-01,,59962
2018-07-02,,47521
2018-07-03,,52821
2018-07-04,,61488
2018-07-05,,44821
2018-07-06,,44606
2018-07-07,,42515
2018-07-08,,37959
2018-07-09,,41098
2018-07-10,,38887
2018-07-11,,37857
2018-07-12,,38976
2018-07-13,,42620
2018-07-14,,39873
2018-07-15,,40198
2018-07-16,,40154
2018-07-17,,37290
2018-07-18,,36233
2018-07-19,,36365
2018-07-20,,36921
2018-07-21,,37089
2018-07-22,,38608
2018-07-23,,40697
2018-07-24,,37594
2018-07-25,,38026
2018-07-26,,40014
2018-07-27,,36449
2018-07-28,,38848
2018-07-29,,36165
2018-07-30,,38358
2018-07-31,,35386
2018-08-01,,34689
2018-08-02,,36278
2018-08-03,,35242
2018-08-04,,38391
2018-08-05,,37180
2018-08-06,,37633
2018-08-07,,37005
2018-08-08,,35750
2018-08-09,,34065
2018-08-10,,34332
2018-08-11,,36963
2018-08-12,,35878
2018-08-13,,35878
2018-08-14,,35130
2018-08-15,,40956
2018-08-16,,41815
2018-08-17,,34529
2018-08-18,,35775
2018-08-19,,36623
2018-08-20,,35941
2018-08-21,,35567
2018-08-22,,34691
2018-08-23,,36970
2018-08-24,,37373
2018-08-25,,44370
2018-08-26,,46608
2018-08-27,,39873
2018-08-28,,36390
2018-08-29,,35501
2018-08-30,,36728
2018-08-31,,39205
2018-09-01,,58276
2018-09-02,,38771
2018-09-03,,47649
2018-09-04,,40326
2018-09-05,,39106
2018-09-06,,36472
2018-09-07,,39220
2018-09-08,,37415
2018-09-09,,36655
2018-09-10,,36981
2018-09-11,,33779
2018-09-12,,34892
2018-09-13,,35070
2018-09-14,,49940
2018-09-15,,42807
2018-09-16,,40564
2018-09-17,,39545
2018-09-18,,40154
2018-09-19,,36482
2018-09-20,,40750
2018-09-21,,46370
2018-09-22,,44801
2018-09-23,,39734
2018-09-24,,33098
2018-09-25,,35493
2018-09-26,,37316
2018-09-27,,35876
2018-09-28,,33415
2018-09-29,,45820
2018-09-30,,51735
2018-10-01,,37168
2018-10-02,,34778
2018-10-03,,35395
2018-10-04,,34258
2018-10-05,,51771
2018-10-06,,54630
2018-10-07,,43924
2018-10-08,,39379
2018-10-09,,35412
2018-10-10,,35116
2018-10-11,,34808
2018-10-12,,33748
2018-10-13,,34319
2018-10-14,,34850
2018-10-15,,33658
2018-10-16,,32764
2018-10-17,,33006
2018-10-18,,33198
2018-10-19,,32246
2018-10-20,,32886
2018-10-21,,33402
2018-10-22,,32976
2018-10-23,,31588
2018-10-24,,31708
2018-10-25,,33654
2018-10-26,,33835
2018-10-27,,34438
2018-10-28,,34188
2018-10-29,,37786
2018-10-30,,36665
2018-10-31,,30894
2018-11-01,,32706
2018-11-02,,37371
2018-11-03,,36152
2018-11-04,,42767
2018-11-05,,44587
2018-11-06,,42775
2018-11-07,,39844
2018-11-08,,41870
2018-11-09,,41632
2018-11-10,,39695
2018-11-11,,41435
2018-11-12,,39495
2018-11-13,,42901
2018-11-14,,41987
2018-11-15,,33255
2018-11-16,,29330
2018-11-17,,30977
2018-11-18,,38180
2018-11-19,,34124
2018-11-20,,31221
2018-11-21,,31423
2018-11-22,,30014
2018-11-23,,29247
2018-11-24,,29301
2018-11-25,,30397
2018-11-26,,29396
2018-11-27,,28868
2018-11-28,,26536
2018-11-29,,25778
2018-11-30,,26225
2018-12-01,,26647
2018-12-02,,27401
2018-12-03,,30160
2018-12-04,,32025
2018-12-05,,29762
2018-12-06,,31504
2018-12-07,,30846
2018-12-08,,31736
2018-12-09,,32388
2018-12-10,,31596
2018-12-11,,30253
2018-12-12,,30780
2018-12-13,,30701
2018-12-14,,28520
2018-12-15,,30368
2018-12-16,,31263
2018-12-17,,31062
2018-12-18,,29750
2018-12-19,,29913
2018-12-20,,29732
2018-12-21,,30549
2018-12-22,,31017
2018-12-23,,31586
2018-12-24,,30603
2018-12-25,,30489
2018-12-26,,30587
2018-12-27,,29961
2018-12-28,,30110
2018-12-29,,30835
2018-12-30,,31121
2018-12-31,,30993
2019-01-01,,30727
2019-01-02,,30586
2019-01-03,,29952
2019-01-04,,29498
2019-01-05,,30280
2019-01-06,,30524
2019-01-07,,30363
2019-01-08,,29290
2019-01-09,,29486
2019-01-10,,29541
2019-01-11,,29928
2019-01-12,,30264
2019-01-13,,30657
2019-01-14,,30088
2019-01-15,,29552
2019-01-16,,29512
2019-01-17,,29398
2019-01-18,,29398
2019-01-19,,30007
2019-01-20,,30834
2019-01-21,,30061
2019-01-22,,29503
2019-01-23,,29826
2019-01-24,,29893
2019-01-25,,30031
2019-01-26,,30719
2019-01-27,,31204
2019-01-28,,30879
2019-01-29,,30229
2019-01-30,,29813
2019-01-31,,32651
2019-02-01,,30583
2019-02-02,,31687
2019-02-03,,38105
2019-02-04,,32939
2019-02-05,,27782
2019-02-06,,30875
2019-02-07,,30361
2019-02-08,,29765
2019-02-09,,30243
2019-02-10,,30976
2019-02-11,,30718
2019-02-12,,30155
2019-02-13,,30299
2019-02-14,,30213
2019-02-15,,29904
2019-02-16,,31061
2019-02-17,,31194
2019-02-18,,30813
2019-02-19,,29558
2019-02-20,,28776
2019-02-21,,29014
2019-02-22,,31430
2019-02-23,,32144
2019-02-24,,32506
2019-02-25,,31415
2019-02-26,,30049
2019-02-27,,31225
2019-02-28,,30933
2019-03-01,,31637
2019-03-02,,32135
2019-03-03,,32520
2019-03-04,,31895
2019-03-05,,30683
2019-03-06,,31060
2019-03-07,,31463
2019-03-08,,31010
2019-03-09,,32301
2019-03-10,,43625
2019-03-11,,33750
2019-03-12,,31850
2019-03-13,,30832
2019-03-14,,30969
2019-03-15,,31970
2019-03-16,,32405
2019-03-17,,32498
2019-03-18,,31675
2019-03-19,,31460
2019-03-20,,31347
2019-03-21,,38762
2019-03-22,,33182
2019-03-23,,33812
2019-03-24,,33267
2019-03-25,,32102
2019-03-26,,31455
2019-03-27,,31619
2019-03-28,,31362
2019-03-29,,31406
2019-03-30,,32824
2019-03-31,,33163
2019-04-01,,31499
2019-04-02,,31155
2019-04-03,,31266
2019-04-04,,31219
2019-04-05,,31202
2019-04-06,,32196
2019-04-07,,34072
2019-04-08,,32406
2019-04-09,,31754
2019-04-10,,38552
2019-04-11,,32087
2019-04-12,,31580
2019-04-13,,32580
2019-04-14,,32054
2019-04-15,,31955
2019-04-16,,31079
2019-04-17,,31554
2019-04-18,,31270
2019-04-19,,30466
2019-04-20,,32165
2019-04-21,,32228
2019-04-22,,31691
2019-04-23,,31965
2019-04-24,,38756
2019-04-25,,31641
2019-04-26,,33203
2019-04-27,,33039
2019-04-28,,32300
2019-04-29,,38012
2019-04-30,,35174
2019-05-01,,34464
2019-05-02,,32925
2019-05-03,,32341
2019-05-04,,32644
2019-05-05,,32394
2019-05-06,,33532
2019-05-07,,31665
2019-05-08,,29579
2019-05-09,,28978
2019-05-10,,29102
2019-05-11,,30423
2019-05-12,,30424
2019-05-13,,29265
2019-05-14,,31558
2019-05-15,,31597
2019-05-16,,31938
2019-05-17,,31834
2019-05-18,,36524
2019-05-19,,37393
2019-05-20,,36069
2019-05-21,,33037
2019-05-22,,32357
2019-05-23,,32299
2019-05-24,,32024
2019-05-25,,33002
2019-05-26,,33385
2019-05-27,,36341
2019-05-28,,36740
2019-05-29,,33522
2019-05-30,,32243
2019-05-31,,31479
2019-06-01,,32584
2019-06-02,,32571
2019-06-03,,32497
2019-06-04,,32144
2019-06-05,,31967
2019-06-06,,34626
2019-06-07,,44615
2019-06-08,,35632
2019-06-09,,34529
2019-06-10,,33265
2019-06-11,,32370
2019-06-12,,32139
2019-06-13,,32106
2019-06-14,,34221
2019-06-15,,34037
2019-06-16,,34167
2019-06-17,,33210
2019-06-18,,31916
2019-06-19,,32873
2019-06-20,,32625
2019-06-21,,32712
2019-06-22,,33093
2019-06-23,,32880
2019-06-24,,33228
2019-06-25,,32361
2019-06-26,,37588
2019-06-27,,46924
2019-06-28,,38209
2019-06-29,,39666
2019-06-30,,49505
2019-07-01,,39310
2019-07-02,,37436
2019-07-03,,35905
2019-07-04,,35697
2019-07-05,,34682
2019-07-06,,35104
2019-07-07,,35136
2019-07-08,,34114
2019-07-09,,33515
2019-07-10,,36976
2019-07-11,,43958
2019-07-12,,36234
2019-07-13,,36044
2019-07-14,,36832
2019-07-15,,35817
2019-07-16,,35203
2019-07-17,,35092
2019-07-18,,46173
2019-07-19,,47411
2019-07-20,,51800
2019-07-21,,51444
2019-07-22,,44763
2019-07-23,,42813
2019-07-24,,39256
2019-07-25,,37263
2019-07-26,,37618
2019-07-27,,39390
2019-07-28,,39329
2019-07-29,,38995
2019-07-30,,38799
2019-07-31,,38413
2019-08-01,,37566
2019-08-02,,37285
2019-08-03,,37574
2019-08-04,,37249
2019-08-05,,36984
2019-08-06,,39681
2019-08-07,,43985
2019-08-08,,38661
2019-08-09,,38309
2019-08-10,,38677
2019-08-11,,37990
2019-08-12,,37712
2019-08-13,,36811
2019-08-14,,36539
2019-08-15,,37785
2019-08-16,,37092
2019-08-17,,36241
2019-08-18,,36653
2019-08-19,,35847
2019-08-20,,34350
2019-08-21,,36374
2019-08-22,,47026
2019-08-23,,36864
2019-08-24,,36337
2019-08-25,,35273
2019-08-26,,35702
2019-08-27,,29883
2019-08-28,,29288
2019-08-29,,34757
2019-08-30,,35731
2019-08-31,,35157
2019-09-01,,34895
2019-09-02,,40367
2019-09-03,,39891
2019-09-04,,40918
2019-09-05,,38691
2019-09-06,,36416
2019-09-07,,38399
2019-09-08,,38094
2019-09-09,,37891
2019-09-10,,36982
2019-09-11,,42438
2019-09-12,,36543
2019-09-13,,32745
2019-09-14,,35078
2019-09-15,,37702
2019-09-16,,35330
2019-09-17,,34092
2019-09-18,,34145
2019-09-19,,33939
2019-09-20,,33775
2019-09-21,,40134
2019-09-22,,47087
2019-09-23,,50386
2019-09-24,,40188
2019-09-25,,37417
2019-09-26,,35728
2019-09-27,,36898
2019-09-28,,41313
2019-09-29,,46306
2019-09-30,,45106
2019-10-01,,42794
2019-10-02,,44398
2019-10-03,,52186
2019-10-04,,46320
2019-10-05,,42914
2019-10-06,,43401
2019-10-07,,42511
2019-10-08,,41937
2019-10-09,,42534
2019-10-10,,41137
2019-10-11,,41295
2019-10-12,,41454
2019-10-13,,41310
2019-10-14,,41170
2019-10-15,,30991
2019-10-16,,40149
2019-10-17,,31614
2019-10-18,,42146
2019-10-19,,43488
2019-10-20,,41921
2019-10-21,,41090
2019-10-22,,39807
2019-10-23,,39595
2019-10-24,,41252
2019-10-25,,40071
2019-10-26,,40561
2019-10-27,,39635
2019-10-28,,39537
2019-10-29,,38793
2019-10-30,,38457
2019-10-31,,38258
2019-11-01,,38586
2019-11-02,,38749
2019-11-03,,39207
2019-11-04,,38946
2019-11-05,,37783
2019-11-06,,37722
2019-11-07,,37925
2019-11-08,,37747
2019-11-09,,38565
2019-11-10,,39369
2019-11-11,,39397
2019-11-12,,37533
2019-11-13,,37310
2019-11-14,,37453
2019-11-15,,37651
2019-11-16,,38287
2019-11-17,,37915
2019-11-18,,42717
2019-11-19,,36970
2019-11-20,,37419
2019-11-21,,37786
2019-11-22,,38236
2019-11-23,,38999
2019-11-24,,38610
2019-11-25,,38417
2019-11-26,,40137
2019-11-27,,37561
2019-11-28,,38320
2019-11-29,,37992
2019-11-30,,37886
2019-12-01,,40385
2019-12-02,,42284
2019-12-03,,38925
2019-12-04,,38240
2019-12-05,,35075
2019-12-06,,37040
2019-12-07,,38116
2019-12-08,,38309
2019-12-09,,37276
2019-12-10,,34975
2019-12-11,,38008
2019-12-12,,36674
2019-12-13,,36962
2019-12-14,,37658
2019-12-15,,37537
2019-12-16,,37427
2019-12-17,,36290
2019-12-18,,36766
2019-12-19,,36476
2019-12-20,,36379
2019-12-21,,36959
2019-12-22,,37524
2019-12-23,,37235
2019-12-24,,35205
2019-12-25,,37081
2019-12-26,,35409
2019-12-27,,36619
2019-12-28,,37574
2019-12-29,,38301
2019-12-30,,36672
2019-12-31,,35770
2020-01-01,,36894
2020-01-02,,36372
2020-01-03,,35618
2020-01-04,,34287
2020-01-05,,37069
2020-01-06,,39321
2020-01-07,,48948
2020-01-08,,40350
2020-01-09,,37434
2020-01-10,,36026
2020-01-11,,36737
2020-01-12,,37315
2020-01-13,,36509
2020-01-14,,35303
2020-01-15,,36108
2020-01-16,,35891
2020-01-17,,35720
2020-01-18,,36586
2020-01-19,,37170
2020-01-20,,37028
2020-01-21,,35937
2020-01-22,,39003
2020-01-23,,43389
2020-01-24,,40705
2020-01-25,,34007
2020-01-26,,36217
2020-01-27,,44328
2020-01-28,,46760
2020-01-29,,42190
2020-01-30,,40389
2020-01-31,,39227
2020-02-01,,39824
2020-02-02,,39377
2020-02-03,,38087
2020-02-04,,37050
2020-02-05,,37558
2020-02-06,,37486
2020-02-07,,37778
2020-02-08,,38408
2020-02-09,,38327
2020-02-10,,37396
2020-02-11,,36697
2020-02-12,,40315
2020-02-13,,42500
2020-02-14,,40167
2020-02-15,,40988
2020-02-16,,40622
2020-02-17,,37790
2020-02-18,,37195
2020-02-19,,37877
2020-02-20,,37551
2020-02-21,,39051
2020-02-22,,40937
2020-02-23,,38498
2020-02-24,,38388
2020-02-25,,40398
2020-02-26,,43654
2020-02-27,,43150
2020-02-28,,38856
2020-02-29,,39167
2020-03-01,,39346
2020-03-02,,38199
2020-03-03,,36900
2020-03-04,,37113
2020-03-05,,36554
2020-03-06,,36493
2020-03-07,,37753
2020-03-08,,38939
2020-03-09,,39168
2020-03-10,,47491
2020-03-11,,40204
2020-03-12,,38825
2020-03-13,,38794
2020-03-14,,39219
2020-03-15,,38704
2020-03-16,,37895
2020-03-17,,37088
2020-03-18,,36976
2020-03-19,,37133
2020-03-20,,37254
2020-03-21,,38164
2020-03-22,,37964
2020-03-23,,37584
2020-03-24,,36768
2020-03-25,,36480
2020-03-26,,35212
2020-03-27,,39134
2020-03-28,,38047
2020-03-29,,38071
2020-03-30,,38075
2020-03-31,,36834
2020-04-01,,37380
2020-04-02,,37106
2020-04-03,,37151
2020-04-04,,38358
2020-04-05,,38536
2020-04-06,,38162
2020-04-07,,37341
2020-04-08,,37437
2020-04-09,,37375
2020-04-10,,36097
2020-04-11,,37008
2020-04-12,,42804
2020-04-13,,38566
2020-04-14,,36986
2020-04-15,,37420
2020-04-16,,36795
2020-04-17,,43262
2020-04-18,,43131
2020-04-19,,42566
2020-04-20,,45898
2020-04-21,,40291
2020-04-22,,38454
2020-04-23,,38309
2020-04-24,,38740
2020-04-25,,39026
2020-04-26,,39093
2020-04-27,,38618
2020-04-28,,38035
2020-04-29,,38586
2020-04-30,,39148
2020-05-01,,40031
2020-05-02,,39210
2020-05-03,,39971
2020-05-04,,41049
2020-05-05,,38582
2020-05-06,,39315
2020-05-07,,37961
2020-05-08,,38126
2020-05-09,,43783
2020-05-10,,44366
2020-05-11,,42111
2020-05-12,,39958
2020-05-13,,39082
2020-05-14,,39319
2020-05-15,,41454
2020-05-16,,41690
2020-05-17,,39173
2020-05-18,,41176
2020-05-19,,42242
2020-05-20,,40681
2020-05-21,,39025
2020-05-22,,38975
2020-05-23,,39533
2020-05-24,,40141
2020-05-25,,39935
2020-05-26,,38795
2020-05-27,,39623
2020-05-28,,38054
2020-05-29,,39096
2020-05-30,,39049
2020-05-31,,40229
2020-06-01,,40458
2020-06-02,,39615
2020-06-03,,39791
2020-06-04,,40951
2020-06-05,,39602
2020-06-06,,39507
2020-06-07,,40815
2020-06-08,,40380
2020-06-09,,40386
2020-06-10,,41008
2020-06-11,,42291
2020-06-12,,40752
2020-06-13,,52792
2020-06-14,,45035
2020-06-15,,45043
2020-06-16,,42154
2020-06-17,,41056
2020-06-18,,45937
2020-06-19,,45763
2020-06-20,,42784
2020-06-21,,42303
2020-06-22,,41985
2020-06-23,,41117
2020-06-24,,40411
2020-06-25,,47118
2020-06-26,,44769
2020-06-27,,42525
2020-06-28,,43959
2020-06-29,,42247
2020-06-30,,49137
2020-07-01,,45353
2020-07-02,,43072
2020-07-03,,41288
2020-07-04,,42706
2020-07-05,,42636
2020-07-06,,38337
2020-07-07,,37195
2020-07-08,,37367
2020-07-09,,37345
2020-07-10,,45292
2020-07-11,,43764
2020-07-12,,41070
2020-07-13,,50540
2020-07-14,,49331
2020-07-15,,42980
2020-07-16,,39625
2020-07-17,,37665
2020-07-18,,36811
2020-07-19,,37092
2020-07-20,,35749
2020-07-21,,37728
2020-07-22,,46425
2020-07-23,,44139
2020-07-24,,50990
2020-07-25,,47292
2020-07-26,,44345
2020-07-27,,42278
2020-07-28,,52010
2020-07-29,,44981
2020-07-30,,47469
2020-07-31,,47075
2020-08-01,,45019
2020-08-02,,43415
2020-08-03,,42351
2020-08-04,,40326
2020-08-05,,36564
2020-08-06,,39700
2020-08-07,,42198
2020-08-08,,51867
2020-08-09,,52602
2020-08-10,,51396
2020-08-11,,49328
2020-08-12,,48833
2020-08-13,,49613
2020-08-14,,46192
2020-08-15,,44228
2020-08-16,,42809
2020-08-17,,43443
2020-08-18,,41902
2020-08-19,,40525
2020-08-20,,40072
2020-08-21,,39409
2020-08-22,,39441
2020-08-23,,39760
2020-08-24,,39402
2020-08-25,,38574
2020-08-26,,37902
2020-08-27,,39998
2020-08-28,,39456
2020-08-29,,41925
2020-08-30,,37030
2020-08-31,,37758
2020-09-01,,35714
2020-09-02,,39822
2020-09-03,,41322
2020-09-04,,36371
2020-09-05,,43165
2020-09-06,,44060
2020-09-07,,51034
2020-09-08,,46049
2020-09-09,,45527
2020-09-10,,44127
2020-09-11,,41947
2020-09-12,,42196
2020-09-13,,39633
2020-09-14,,39791
2020-09-15,,38698
2020-09-16,,37407
2020-09-17,,38455
2020-09-18,,39266
2020-09-19,,38862
2020-09-20,,38344
2020-09-21,,37539
2020-09-22,,36740
2020-09-23,,36646
2020-09-24,,36887
2020-09-25,,36285
2020-09-26,,36926
2020-09-27,,37451
2020-09-28,,37750
2020-09-29,,38297
2020-09-30,,38903
2020-10-01,,33916
2020-10-02,,35208
2020-10-03,,36029
2020-10-04,,36539
2020-10-05,,37844
2020-10-06,,35549
2020-10-07,,34522
2020-10-08,,33910
2020-10-09,,34618
2020-10-10,,35711
2020-10-11,,36677
2020-10-12,,38316
2020-10-13,,37281
2020-10-14,,36524
2020-10-15,,36531
2020-10-16,,36091
2020-10-17,,37017
2020-10-18,,37993
2020-10-19,,37599
2020-10-20,,36275
2020-10-21,,38248
2020-10-22,,43748
2020-10-23,,38660
2020-10-24,,38146
2020-10-25,,39312
2020-10-26,,41296
2020-10-27,,35910
2020-10-28,,35066
2020-10-29,,37021
2020-10-30,,34829
2020-10-31,,36257
2020-11-01,,36717
2020-11-02,,38105
2020-11-03,,35021
2020-11-04,,37301
2020-11-05,,34682
2020-11-06,,34816
2020-11-07,,34959
2020-11-08,,37393
2020-11-09,,35800
2020-11-10,,36461
2020-11-11,,34199
2020-11-12,,34670
2020-11-13,,34739
2020-11-14,,35101
2020-11-15,,36655
2020-11-16,,35689
2020-11-17,,34626
2020-11-18,,33903
2020-11-19,,41068
2020-11-20,,36288
2020-11-21,,35463
2020-11-22,,34433
2020-11-23,,35514
2020-11-24,,34692
2020-11-25,,34602
2020-11-26,,34306
2020-11-27,,33939
2020-11-28,,35309
2020-11-29,,35856
2020-11-30,,34609
2020-12-01,,33501
2020-12-02,,33875
2020-12-03,,33485
2020-12-04,,33618
2020-12-05,,34301
2020-12-06,,34928
2020-12-07,,33401
2020-12-08,,33120
2020-12-09,,34293
2020-12-10,,32849
2020-12-11,,33658
2020-12-12,,34704
2020-12-13,,34754
2020-12-14,,34109
2020-12-15,,32968
2020-12-16,,31597
2020-12-17,,32065
2020-12-18,,33211
2020-12-19,,33825
2020-12-20,,34510
2020-12-21,,33755
2020-12-22,,33403
2020-12-23,,33000
2020-12-24,,33137
2020-12-25,,33821
2020-12-26,,34697
2020-12-27,,34489
2020-12-28,,34935
2020-12-29,,33847
2020-12-30,,34974
2020-12-31,,33829
2021-01-01,,34663
2021-01-02,,34902
2021-01-03,,34899
2021-01-04,,33592
2021-01-05,,32914
2021-01-06,,33742
2021-01-07,,33613
2021-01-08,,32688
2021-01-09,,34520
2021-01-10,,35943
2021-01-11,,35620
2021-01-12,,35596
2021-01-13,,35330
2021-01-14,,35566
2021-01-15,,35386
2021-01-16,,35211
2021-01-17,,35316
2021-01-18,,34216
2021-01-19,,33927
2021-01-20,,33977
2021-01-21,,34130
2021-01-22,,33613
2021-01-23,,36316
2021-01-24,,35529
2021-01-25,,34880
2021-01-26,,39753
2021-01-27,,35592
2021-01-28,,34627
2021-01-29,,33341
2021-01-30,,34921
2021-01-31,,36009
2021-02-01,,44859
2021-02-02,,35235
2021-02-03,,34715
2021-02-04,,34839
2021-02-05,,34216
2021-02-06,,35574
2021-02-07,,36411
2021-02-08,,35116
2021-02-09,,34521
2021-02-10,,35696
2021-02-11,,37349
2021-02-12,,33834
2021-02-13,,35106
2021-02-14,,37346
2021-02-15,,37521
2021-02-16,,34125
2021-02-17,,33516
2021-02-18,,32261
2021-02-19,,32042
2021-02-20,,33523
2021-02-21,,33962
2021-02-22,,32806
2021-02-23,,31870
2021-02-24,,31594
2021-02-25,,32135
2021-02-26,,35144
2021-02-27,,33535
2021-02-28,,34318
2021-03-01,,40909
2021-03-02,,48487
2021-03-03,,36146
2021-03-04,,36423
2021-03-05,,38077
2021-03-06,,35336
2021-03-07,,35718
2021-03-08,,35420
2021-03-09,,34181
2021-03-10,,34330
2021-03-11,,34135
2021-03-12,,46337
2021-03-13,,38204
2021-03-14,,37314
2021-03-15,,35898
2021-03-16,,36333
2021-03-17,,34914
2021-03-18,,35105
2021-03-19,,34248
2021-03-20,,36923
2021-03-21,,37019
2021-03-22,,35077
2021-03-23,,34315
2021-03-24,,33558
2021-03-25,,34538
2021-03-26,,34312
2021-03-27,,38052
2021-03-28,,47662
2021-03-29,,37506
2021-03-30,,35778
2021-03-31,,35756
2021-04-01,,35559
2021-04-02,,34762
2021-04-03,,39693
2021-04-04,,54245
2021-04-05,,40733
2021-04-06,,38659
2021-04-07,,34722
2021-04-08,,36358
2021-04-09,,34748
2021-04-10,,34954
2021-04-11,,35770
2021-04-12,,36877
2021-04-13,,50906
2021-04-14,,36780
2021-04-15,,35180
2021-04-16,,34602
2021-04-17,,35499
2021-04-18,,35803
2021-04-19,,36272
2021-04-20,,31711
2021-04-21,,33283
2021-04-22,,32536
2021-04-23,,33291
2021-04-24,,34688
2021-04-25,,34992
2021-04-26,,34062
2021-04-27,,33158
2021-04-28,,33950
2021-04-29,,33647
2021-04-30,,33719
2021-05-01,,38781
2021-05-02,,34894
2021-05-03,,34613
2021-05-04,,36497
2021-05-05,,39548
2021-05-06,,34368
2021-05-07,,33947
2021-05-08,,35009
2021-05-09,,36072
2021-05-10,,34296
2021-05-11,,32977
2021-05-12,,33624
2021-05-13,,34473
2021-05-14,,34416
2021-05-15,,39409
2021-05-16,,46484
2021-05-17,,39157
2021-05-18,,34983
2021-05-19,,37293
2021-05-20,,42012
2021-05-21,,39070
2021-05-22,,36870
2021-05-23,,36945
2021-05-24,,35354
2021-05-25,,36874
2021-05-26,,32086
2021-05-27,,34573
2021-05-28,,36442
2021-05-29,,36235
2021-05-30,,36516
2021-05-31,,36486
2021-06-01,,32958
2021-06-02,,34986
2021-06-03,,42383
2021-06-04,,40599
2021-06-05,,37993
2021-06-06,,38313
2021-06-07,,36510
2021-06-08,,35694
2021-06-09,,35281
2021-06-10,,35292
2021-06-11,,44659
2021-06-12,,53304
2021-06-13,,50499
2021-06-14,,42604
2021-06-15,,42653
2021-06-16,,55227
2021-06-17,,45038
2021-06-18,,42457
2021-06-19,,41133
2021-06-20,,39906
2021-06-21,,39158
2021-06-22,,36922
2021-06-23,,36485
2021-06-24,,36786
2021-06-25,,36879
2021-06-26,,36822
2021-06-27,,38781
2021-06-28,,36517
2021-06-29,,35634
2021-06-30,,35930
2021-07-01,,35402
2021-07-02,,35718
2021-07-03,,42132
2021-07-04,,54493
2021-07-05,,47354
2021-07-06,,54130
2021-07-07,,55717
2021-07-08,,56321
2021-07-09,,49685
2021-07-10,,44470
2021-07-11,,41912
2021-07-12,,35180
2021-07-13,,34474
2021-07-14,,32911
2021-07-15,,33646
2021-07-16,,33225
2021-07-17,,37112
2021-07-18,,34782
2021-07-19,,33872
2021-07-20,,34476
2021-07-21,,35104
2021-07-22,,34987
2021-07-23,,32785
2021-07-24,,34870
2021-07-25,,34421
2021-07-26,,32447
2021-07-27,,31773
2021-07-28,,32637
2021-07-29,,31741
2021-07-30,,31374
2021-07-31,,32981
2021-08-01,,32545
2021-08-02,,31525
2021-08-03,,31857
2021-08-04,,33505
2021-08-05,,32834
2021-08-06,,33324
2021-08-07,,33725
2021-08-08,,36333
2021-08-09,,34246
2021-08-10,,32132
2021-08-11,,32510
2021-08-12,,32479
2021-08-13,,32237
2021-08-14,,41897
2021-08-15,,34986
2021-08-16,,32755
2021-08-17,,41774
2021-08-18,,39301
2021-08-19,,35511
2021-08-20,,34079
2021-08-21,,44327
2021-08-22,,39726
2021-08-23,,39982
2021-08-24,,55654
2021-08-25,,46937
2021-08-26,,51378
2021-08-27,,44741
2021-08-28,,43977
2021-08-29,,40294
2021-08-30,,40173
2021-08-31,,34728
2021-09-01,,39406
2021-09-02,,42551
2021-09-03,,38264
2021-09-04,,37877
2021-09-05,,35749
2021-09-06,,35728
2021-09-07,,35876
2021-09-08,,38601
2021-09-09,,36182
2021-09-10,,31852
2021-09-11,,36115
2021-09-12,,37589
2021-09-13,,34328
2021-09-14,,39548
2021-09-15,,36857
2021-09-16,,30909
2021-09-17,,48414
2021-09-18,,41336
2021-09-19,,38810
2021-09-20,,38553
2021-09-21,,42711
2021-09-22,,38931
2021-09-23,,37523
2021-09-24,,35077
2021-09-25,,35427
2021-09-26,,35604
2021-09-27,,34612
2021-09-28,,33848
2021-09-29,,37920
2021-09-30,,43207
2021-10-01,,35975
2021-10-02,,35639
2021-10-03,,35184
2021-10-04,,35806
2021-10-05,,34200
2021-10-06,,34746
2021-10-07,,34300
2021-10-08,,33766
2021-10-09,,35043
2021-10-10,,33961
2021-10-11,,35695
2021-10-12,,33709
2021-10-13,,32938
2021-10-14,,33897
2021-10-15,,33292
2021-10-16,,34675
2021-10-17,,34209
2021-10-18,,33677
2021-10-19,,32621
2021-10-20,,33275
2021-10-21,,35924
2021-10-22,,34800
2021-10-23,,33652
2021-10-24,,32448
2021-10-25,,33125
2021-10-26,,32085
2021-10-27,,32072
2021-10-28,,31844
2021-10-29,,31349
2021-10-30,,32589
2021-10-31,,32872
2021-11-01,,30907
2021-11-02,,31678
2021-11-03,,31946
2021-11-04,,32108
2021-11-05,,31794
2021-11-06,,32496
2021-11-07,,33739
2021-11-08,,38704
2021-11-09,,31696
2021-11-10,,31963
2021-11-11,,32302
2021-11-12,,31914
2021-11-13,,32596
2021-11-14,,33704
2021-11-15,,32653
2021-11-16,,32060
2021-11-17,,33037
2021-11-18,,32508
2021-11-19,,32540
2021-11-20,,33497
2021-11-21,,33447
2021-11-22,,32581
2021-11-23,,31986
2021-11-24,,31975
2021-11-25,,32350
2021-11-26,,32084
2021-11-27,,33423
2021-11-28,,33098
2021-11-29,,31853
2021-11-30,,39413
2021-12-01,,33613
2021-12-02,,32727
2021-12-03,,32890
2021-12-04,,40509
2021-12-05,,42190
2021-12-06,,39568
2021-12-07,,40124
2021-12-08,,41131
2021-12-09,,40873
2021-12-10,,41026
2021-12-11,,41778
2021-12-12,,41994
2021-12-13,,40842
2021-12-14,,39538
2021-12-15,,40274
2021-12-16,,40540
2021-12-17,,40646
2021-12-18,,40429
2021-12-19,,41489
2021-12-20,,40903
2021-12-21,,39610
2021-12-22,,40274
2021-12-23,,40166
2021-12-24,,40512
2021-12-25,,41587
2021-12-26,,40175
2021-12-27,,41607
2021-12-28,,39369
2021-12-29,,39647
2021-12-30,,39948
2021-12-31,0.0,40305
2022-01-01,63150.0,40590
2022-01-02,63250.0,41305
2022-01-03,61310.0,39933
2022-01-04,63090.0,38832
2022-01-05,64590.0,38511
2022-01-06,64560.0,39404
2022-01-07,58700.0,39121
2022-01-08,54490.0,39313
2022-01-09,59900.0,40427
2022-01-10,57040.0,39878
2022-01-11,58930.0,38896
2022-01-12,59490.0,38670
2022-01-13,59390.0,38878
2022-01-14,64080.0,38710
2022-01-15,59300.0,39825
2022-01-16,62900.0,40583
2022-01-17,58390.0,39223
2022-01-18,57870.0,38428
2022-01-19,57390.0,36538
2022-01-20,56640.0,38183
2022-01-21,57330.0,37942
2022-01-22,59610.0,38317
2022-01-23,57610.0,37079
2022-01-24,58110.0,38068
2022-01-25,56800.0,38396
2022-01-26,60370.0,39396
2022-01-27,56240.0,38917
2022-01-28,57000.0,40322
2022-01-29,61080.0,41200
2022-01-30,59790.0,40900
2022-01-31,58400.0,42210
2022-02-01,53900.0,37531
2022-02-02,54120.0,40018
2022-02-03,57780.0,39949
2022-02-04,57640.0,38165
2022-02-05,56640.0,38995
2022-02-06,56220.0,40055
2022-02-07,56190.0,39009
2022-02-08,57910.0,38470
2022-02-09,57430.0,38156
2022-02-10,57910.0,38322
2022-02-11,57730.0,38658
2022-02-12,58040.0,39412
2022-02-13,58270.0,40147
2022-02-14,58820.0,39477
2022-02-15,58520.0,37942
2022-02-16,57500.0,38056
2022-02-17,61120.0,37996
2022-02-18,61970.0,38625
2022-02-19,58620.0,39289
2022-02-20,58470.0,39827
2022-02-21,60850.0,39159
2022-02-22,60870.0,37962
2022-02-23,58870.0,38210
2022-02-24,59670.0,38390
2022-02-25,61450.0,38522
2022-02-26,62070.0,39905
2022-02-27,59010.0,40626
2022-02-28,62930.0,39058
2022-03-01,62920.0,38965
2022-03-02,63260.0,38817
2022-03-03,61060.0,38765
2022-03-04,62620.0,37893
2022-03-05,62700.0,39364
2022-03-06,61970.0,40280
2022-03-07,61210.0,39091
2022-03-08,58310.0,37870
2022-03-09,61630.0,38512
2022-03-10,60350.0,39094
2022-03-11,59340.0,37811
2022-03-12,61320.0,39991
2022-03-13,60480.0,40050
2022-03-14,61680.0,38555
2022-03-15,62710.0,39368
2022-03-16,62920.0,38605
2022-03-17,66180.0,37676
2022-03-18,88780.0,45769
2022-03-19,74830.0,41284
2022-03-20,68660.0,39615
2022-03-21,65310.0,38353
2022-03-22,65550.0,36730
2022-03-23,63640.0,35491
2022-03-24,62560.0,35562
2022-03-25,62570.0,35767
2022-03-26,82900.0,53614
2022-03-27,65510.0,43922
2022-03-28,68100.0,37361
2022-03-29,67030.0,37889
2022-03-30,63290.0,36607
2022-03-31,66150.0,36010
2022-04-01,66590.0,35886
2022-04-02,65500.0,37225
2022-04-03,64680.0,37814
2022-04-04,65320.0,37191
2022-04-05,64100.0,35747
2022-04-06,63970.0,36176
2022-04-07,63780.0,36094
2022-04-08,66220.0,36251
2022-04-09,67030.0,37791
2022-04-10,62610.0,38430
2022-04-11,62090.0,36572
2022-04-12,66220.0,36844
2022-04-13,63290.0,35229
2022-04-14,61910.0,34468
2022-04-15,63230.0,36211
2022-04-16,65160.0,37237
2022-04-17,65120.0,38306
2022-04-18,65490.0,36661
2022-04-19,65470.0,36528
2022-04-20,64470.0,36672
2022-04-21,64980.0,36147
2022-04-22,63350.0,35048
2022-04-23,64120.0,37195
2022-04-24,64410.0,39273
2022-04-25,65130.0,36828
2022-04-26,81910.0,58726
2022-04-27,73470.0,41998
2022-04-28,75900.0,38384
2022-04-29,84950.0,42550
2022-04-30,79240.0,38640
2022-05-01,78740.0,39770
2022-05-02,80850.0,38885
2022-05-03,78450.0,38497
2022-05-04,72690.0,35498
2022-05-05,70040.0,38289
2022-05-06,68820.0,38566
2022-05-07,72310.0,38361
2022-05-08,70170.0,37614
2022-05-09,69520.0,36722
2022-05-10,65520.0,35957
2022-05-11,64710.0,36482
2022-05-12,67260.0,36156
2022-05-13,68530.0,36109
2022-05-14,70040.0,37864
2022-05-15,70650.0,38434
2022-05-16,67740.0,37340
2022-05-17,66790.0,36876
2022-05-18,66810.0,36653
2022-05-19,66200.0,36396
2022-05-20,65370.0,37074
2022-05-21,68280.0,38988
2022-05-22,68620.0,39625
2022-05-23,65380.0,38404
2022-05-24,64920.0,37520
2022-05-25,63880.0,38049
2022-05-26,65620.0,37529
2022-05-27,67600.0,36869
2022-05-28,66870.0,37931
2022-05-29,69710.0,39309
2022-05-30,67560.0,36953
2022-05-31,62530.0,37323
2022-06-01,65700.0,37980
2022-06-02,66120.0,38065
2022-06-03,66990.0,38381
2022-06-04,67900.0,38111
2022-06-05,74390.0,43710
2022-06-06,76070.0,45791
2022-06-07,67160.0,38026
2022-06-08,68590.0,37021
2022-06-09,68740.0,37700
2022-06-10,66080.0,36883
2022-06-11,70940.0,38116
2022-06-12,72090.0,39167
2022-06-13,69580.0,36921
2022-06-14,86610.0,44216
2022-06-15,71910.0,39626
2022-06-16,77370.0,39334
2022-06-17,75960.0,38419
2022-06-18,77230.0,40152
2022-06-19,76760.0,40711
2022-06-20,72720.0,39208
2022-06-21,71670.0,37756
2022-06-22,73450.0,38387
2022-06-23,68670.0,36093
2022-06-24,80620.0,47123
2022-06-25,75160.0,39726
2022-06-26,76290.0,38845
2022-06-27,97560.0,50431
2022-06-28,83750.0,41043
2022-06-29,85380.0,40174
2022-06-30,97390.0,41501
2022-07-01,91210.0,40943
2022-07-02,84510.0,41699
2022-07-03,82470.0,41551
2022-07-04,75200.0,40819
2022-07-05,78720.0,38896
2022-07-06,78560.0,39553
2022-07-07,76590.0,39626
2022-07-08,78520.0,38830
2022-07-09,80130.0,40384
2022-07-10,79000.0,40019
2022-07-11,79820.0,41300
2022-07-12,78210.0,39081
2022-07-13,82300.0,38050
2022-07-14,84110.0,39244
2022-07-15,84610.0,39867
2022-07-16,83620.0,40395
2022-07-17,83310.0,39914
2022-07-18,103640.0,51078
2022-07-19,87910.0,45487
2022-07-20,77460.0,41839
2022-07-21,83920.0,45979
2022-07-22,84100.0,40478
2022-07-23,84610.0,40033
2022-07-24,87620.0,47320
2022-07-25,92860.0,41753
2022-07-26,95010.0,40277
2022-07-27,86170.0,39920
2022-07-28,84250.0,39555
2022-07-29,87010.0,41207
2022-07-30,85100.0,41004
2022-07-31,89370.0,41338
2022-08-01,84320.0,41273
2022-08-02,86330.0,41006
2022-08-03,88300.0,42055
2022-08-04,83370.0,41236
2022-08-05,80740.0,40202
2022-08-06,80620.0,41479
2022-08-07,80510.0,41805
2022-08-08,80260.0,40366
2022-08-09,77270.0,39124
2022-08-10,79210.0,39014
2022-08-11,79270.0,38832
2022-08-12,80140.0,39293
2022-08-13,80120.0,41214
2022-08-14,83360.0,40723
2022-08-15,80670.0,40674
2022-08-16,85550.0,45246
2022-08-17,101090.0,50622
2022-08-18,85240.0,42143
2022-08-19,82280.0,40024
2022-08-20,82350.0,45373
2022-08-21,83570.0,43527
2022-08-22,82010.0,40551
2022-08-23,80850.0,39126
2022-08-24,97240.0,46794
2022-08-25,90880.0,41345
2022-08-26,85860.0,39427
2022-08-27,83740.0,39819
2022-08-28,82320.0,39613
2022-08-29,78920.0,39103
2022-08-30,80890.0,38617
2022-08-31,83050.0,44442
2022-09-01,85620.0,40569
2022-09-02,102900.0,50944
2022-09-03,108170.0,54622
2022-09-04,99780.0,51143
2022-09-05,93870.0,49150
2022-09-06,107940.0,59383
2022-09-07,76350.0,44693
2022-09-08,86100.0,43931
2022-09-09,89600.0,43495
2022-09-10,81380.0,37680
2022-09-11,77790.0,39568
2022-09-12,80290.0,40937
2022-09-13,77280.0,38978
2022-09-14,74380.0,37813
2022-09-15,73110.0,37731
2022-09-16,77230.0,37478
2022-09-17,77510.0,38977
2022-09-18,81520.0,40445
2022-09-19,96510.0,57389
2022-09-20,81130.0,42817
2022-09-21,78690.0,39436
2022-09-22,76220.0,38467
2022-09-23,73590.0,37957
2022-09-24,68240.0,37924
2022-09-25,66360.0,37821
2022-09-26,65320.0,36642
2022-09-27,75840.0,36448
2022-09-28,79170.0,36214
2022-09-29,74240.0,36665
2022-09-30,77780.0,35968
2022-10-01,77770.0,36606
2022-10-02,77060.0,36200
2022-10-03,77910.0,37003
2022-10-04,76640.0,38766
2022-10-05,72260.0,35926
2022-10-06,75190.0,35366
2022-10-07,75050.0,35438
2022-10-08,74570.0,36024
2022-10-09,73240.0,35553
2022-10-10,76020.0,37634
2022-10-11,72630.0,36117
2022-10-12,73790.0,35091
2022-10-13,71740.0,35231
2022-10-14,71990.0,35411
2022-10-15,71010.0,35566
2022-10-16,71800.0,35800
2022-10-17,71890.0,36201
2022-10-18,69820.0,35182
2022-10-19,70130.0,34309
2022-10-20,70490.0,35185
2022-10-21,70970.0,35974
2022-10-22,70870.0,37179
2022-10-23,70440.0,37179
2022-10-24,70610.0,35865
2022-10-25,68110.0,35431
2022-10-26,71020.0,35413
2022-10-27,70800.0,35272
2022-10-28,72490.0,35036
2022-10-29,72450.0,35719
2022-10-30,74220.0,36260
2022-10-31,69670.0,36266
2022-11-01,67690.0,36038
2022-11-02,69200.0,36343
2022-11-03,69100.0,35862
2022-11-04,70250.0,35925
2022-11-05,69620.0,36386
2022-11-06,71800.0,37416
2022-11-07,69920.0,35985
2022-11-08,68190.0,36088
2022-11-09,68730.0,36065
2022-11-10,70100.0,36136
2022-11-11,70400.0,36251
2022-11-12,70750.0,38095
2022-11-13,81390.0,45403
2022-11-14,71920.0,36976
2022-11-15,69430.0,37171
2022-11-16,68890.0,35964
2022-11-17,68820.0,36348
2022-11-18,72930.0,36276
2022-11-19,73050.0,36264
2022-11-20,71070.0,36780
2022-11-21,69440.0,36558
2022-11-22,72740.0,36494
2022-11-23,71100.0,36039
2022-11-24,72240.0,36041
2022-11-25,71340.0,36230
2022-11-26,75440.0,36430
2022-11-27,74290.0,37351
2022-11-28,71260.0,36152
2022-11-29,92490.0,44860
2022-11-30,74740.0,36479
2022-12-01,72090.0,36448
2022-12-02,70010.0,36134
2022-12-03,68790.0,36659
2022-12-04,74120.0,36972
2022-12-05,71420.0,36323
2022-12-06,70770.0,35855
2022-12-07,72990.0,35694
2022-12-08,68450.0,36331
2022-12-09,70880.0,36131
2022-12-10,70990.0,36607
2022-12-11,71990.0,37575
2022-12-12,70870.0,37129
2022-12-13,70420.0,35921
2022-12-14,69020.0,35558
2022-12-15,68420.0,35677
2022-12-16,70210.0,35799
2022-12-17,71960.0,35624
2022-12-18,71450.0,36253
2022-12-19,68560.0,35640
2022-12-20,70920.0,35239
2022-12-21,77510.0,40528
2022-12-22,72730.0,36405
2022-12-23,72430.0,35562
2022-12-24,73590.0,35906
2022-12-25,72620.0,36730
2022-12-26,69550.0,36267
2022-12-27,68030.0,35367
2022-12-28,70770.0,35140
2022-12-29,70350.0,35176
2022-12-30,70120.0,34560
2022-12-31,72370.0,35893
2023-01-01,71760.0,36372
2023-01-02,68560.0,35468
2023-01-03,65540.0,34698
2023-01-04,65870.0,34822
2023-01-05,68510.0,34879
2023-01-06,69220.0,34633
2023-01-07,71220.0,34991
2023-01-08,70930.0,35441
2023-01-09,68510.0,34910
2023-01-10,68270.0,34257
2023-01-11,65470.0,34546
2023-01-12,66590.0,34714
2023-01-13,87090.0,46243
2023-01-14,68590.0,37734
2023-01-15,73380.0,36616
2023-01-16,75760.0,36498
2023-01-17,73690.0,35301
2023-01-18,72520.0,35490
2023-01-19,72480.0,36065
2023-01-20,74400.0,37345
2023-01-21,75420.0,36827
2023-01-22,67400.0,33480
2023-01-23,71060.0,36092
2023-01-24,71220.0,35350
2023-01-25,69950.0,35124
2023-01-26,69350.0,35073
2023-01-27,70670.0,36003
2023-01-28,70820.0,35716
2023-01-29,69570.0,36256
2023-01-30,68490.0,36025
2023-01-31,67040.0,34962
2023-02-01,67390.0,35138
2023-02-02,66700.0,34872
2023-02-03,67380.0,34169
2023-02-04,68140.0,35397
2023-02-05,68490.0,35919
2023-02-06,68110.0,35387
2023-02-07,68220.0,34583
2023-02-08,68680.0,35099
2023-02-09,69280.0,34815
2023-02-10,89380.0,43247
2023-02-11,79750.0,35516
2023-02-12,73490.0,36457
2023-02-13,72530.0,34871
2023-02-14,72380.0,35167
2023-02-15,74210.0,38814
2023-02-16,70520.0,35408
2023-02-17,72180.0,35461
2023-02-18,82800.0,37924
2023-02-19,78060.0,36129
2023-02-20,73500.0,35915
2023-02-21,72740.0,35139
2023-02-22,72320.0,35381
2023-02-23,72110.0,34994
2023-02-24,72360.0,35656
2023-02-25,71850.0,35969
2023-02-26,73680.0,35559
2023-02-27,70880.0,35507
2023-02-28,70510.0,34684
2023-03-01,71440.0,35101
2023-03-02,70420.0,35308
2023-03-03,70700.0,34619
2023-03-04,70500.0,35264
2023-03-05,70890.0,35927
2023-03-06,69330.0,35732
2023-03-07,68490.0,35080
2023-03-08,67410.0,34930
2023-03-09,70770.0,34482
2023-03-10,69200.0,35019
2023-03-11,72120.0,35512
2023-03-12,74530.0,36794
2023-03-13,66940.0,35278
2023-03-14,68170.0,34718
2023-03-15,66860.0,34522
2023-03-16,67400.0,34603
2023-03-17,66830.0,34210
2023-03-18,72210.0,35285
2023-03-19,71930.0,36256
2023-03-20,67260.0,36155
2023-03-21,68120.0,34954
2023-03-22,72800.0,34626
2023-03-23,102590.0,53612
2023-03-24,80780.0,37788
2023-03-25,82040.0,37889
2023-03-26,82740.0,36932
2023-03-27,77870.0,36539
2023-03-28,72710.0,35831
2023-03-29,73170.0,35829
2023-03-30,74590.0,35603
2023-03-31,74390.0,35935
2023-04-01,71710.0,36162
2023-04-02,71340.0,36530
2023-04-03,72850.0,36355
2023-04-04,71270.0,36634
2023-04-05,93490.0,38421
2023-04-06,98140.0,43457
2023-04-07,108510.0,42300
2023-04-08,96330.0,38108
2023-04-09,84290.0,37505
2023-04-10,82510.0,38932
2023-04-11,79170.0,32904
2023-04-12,77080.0,36140
2023-04-13,75960.0,36171
2023-04-14,72620.0,37238
2023-04-15,79950.0,40653
2023-04-16,79250.0,37325
2023-04-17,79830.0,37270
2023-04-18,72960.0,35568
2023-04-19,73010.0,35705
2023-04-20,75070.0,37193
2023-04-21,71470.0,36848
2023-04-22,70920.0,36586
2023-04-23,71420.0,36790
2023-04-24,69900.0,35926
2023-04-25,75290.0,38656
2023-04-26,75370.0,37397
2023-04-27,73100.0,36460
2023-04-28,73860.0,36583
2023-04-29,82680.0,39237
2023-04-30,78740.0,39097
2023-05-01,70700.0,38213
2023-05-02,70880.0,36691
2023-05-03,68550.0,36291
2023-05-04,71250.0,36102
2023-05-05,104950.0,50387
2023-05-06,109180.0,58624
2023-05-07,77560.0,49429
2023-05-08,71080.0,42839
2023-05-09,77830.0,39754
2023-05-10,76770.0,38897
2023-05-11,80290.0,37658
2023-05-12,80480.0,38436
2023-05-13,86770.0,43090
2023-05-14,78130.0,38896
2023-05-15,80490.0,38702
2023-05-16,79170.0,36407
2023-05-17,79180.0,37451
2023-05-18,80350.0,39854
2023-05-19,86520.0,46496
2023-05-20,81480.0,41308
2023-05-21,82740.0,40379
2023-05-22,83470.0,38368
2023-05-23,75290.0,37788
2023-05-24,77580.0,37834
2023-05-25,75150.0,37198
2023-05-26,75410.0,34966
2023-05-27,72930.0,37162
2023-05-28,71400.0,37592
2023-05-29,89430.0,47025
2023-05-30,90690.0,52275
2023-05-31,86860.0,42872
2023-06-01,84590.0,41718
2023-06-02,87600.0,44668
2023-06-03,77490.0,40832
2023-06-04,81700.0,40395
2023-06-05,80620.0,39605
2023-06-06,75220.0,38808
2023-06-07,75370.0,38441
2023-06-08,74670.0,38050
2023-06-09,82880.0,38667
2023-06-10,79950.0,38715
2023-06-11,76190.0,38298
2023-06-12,73490.0,38593
2023-06-13,77170.0,38403
2023-06-14,81530.0,36961
2023-06-15,85630.0,37536
2023-06-16,82050.0,38308
2023-06-17,85720.0,37619
2023-06-18,80220.0,37612
2023-06-19,80320.0,37944
2023-06-20,77760.0,36688
2023-06-21,103290.0,47746
2023-06-22,88540.0,38975
2023-06-23,85900.0,38531
2023-06-24,84630.0,39424
2023-06-25,83540.0,40543
2023-06-26,100130.0,49252
2023-06-27,84700.0,42468
2023-06-28,100310.0,49475
2023-06-29,92860.0,41117
2023-06-30,91500.0,44852
2023-07-01,90960.0,42296
2023-07-02,81300.0,41801
2023-07-03,82240.0,39945
2023-07-04,84820.0,39313
2023-07-05,105360.0,50936
2023-07-06,105030.0,40332
2023-07-07,109720.0,46743
2023-07-08,116870.0,55282
2023-07-09,93870.0,51848
2023-07-10,88310.0,43701
2023-07-11,97100.0,47739
2023-07-12,126820.0,63248
2023-07-13,114540.0,54524
2023-07-14,123520.0,56254
2023-07-15,101460.0,53534
2023-07-16,122230.0,55189
2023-07-17,113220.0,58783
2023-07-18,108270.0,49060
2023-07-19,123740.0,63287
2023-07-20,96170.0,52255
2023-07-21,87230.0,49617
2023-07-22,84850.0,45172
2023-07-23,81270.0,43138
2023-07-24,88280.0,44298
2023-07-25,81650.0,43813
2023-07-26,87740.0,42224
2023-07-27,88580.0,42057
2023-07-28,85120.0,44020
2023-07-29,82810.0,44318
2023-07-30,79740.0,45523
2023-07-31,79340.0,45011
2023-08-01,84150.0,45095
2023-08-02,85030.0,44930
2023-08-03,84720.0,44820
2023-08-04,82800.0,44237
2023-08-05,87570.0,44710
2023-08-06,79570.0,44518
2023-08-07,81460.0,44479
2023-08-08,79790.0,42414
2023-08-09,96350.0,52220
2023-08-10,111680.0,65590
2023-08-11,89700.0,52496
2023-08-12,89790.0,47079
2023-08-13,90920.0,46677
2023-08-14,93860.0,46151
2023-08-15,90200.0,43637
2023-08-16,86500.0,44171
2023-08-17,88230.0,43656
2023-08-18,92890.0,49136
2023-08-19,99900.0,54386
2023-08-20,93910.0,49307
2023-08-21,99420.0,47078
2023-08-22,80560.0,46052
2023-08-23,87910.0,44835
2023-08-24,105000.0,57065
2023-08-25,102060.0,49847
2023-08-26,101590.0,47323
2023-08-27,96530.0,46705
2023-08-28,94130.0,43965
2023-08-29,93020.0,46451
2023-08-30,91670.0,47833
2023-08-31,90360.0,47990
2023-09-01,116030.0,65234
2023-09-02,112600.0,62539
2023-09-03,95350.0,57542
2023-09-04,95330.0,50232
2023-09-05,104920.0,46374
2023-09-06,98650.0,46358
2023-09-07,97430.0,44240
2023-09-08,93030.0,44376
2023-09-09,75540.0,43614
2023-09-10,69540.0,45223
2023-09-11,89350.0,43389
2023-09-12,94050.0,42978
2023-09-13,95900.0,43882
2023-09-14,79070.0,54638
2023-09-15,70450.0,47875
2023-09-16,91830.0,53204
2023-09-17,111820.0,64424
2023-09-18,92590.0,54531
2023-09-19,80270.0,51307
2023-09-20,82580.0,47659
2023-09-21,90490.0,53761
2023-09-22,92170.0,46365
2023-09-23,88650.0,45577
2023-09-24,82900.0,45841
2023-09-25,80860.0,44675
2023-09-26,85100.0,43892
2023-09-27,89450.0,46300
2023-09-28,89110.0,46431
2023-09-29,83410.0,41662
2023-09-30,82840.0,41994
2023-10-01,80280.0,42992
2023-10-02,77030.0,42674
2023-10-03,78830.0,42662
2023-10-04,75360.0,42564
2023-10-05,75040.0,40952
2023-10-06,72600.0,40779
2023-10-07,75690.0,42135
2023-10-08,73030.0,40036
2023-10-09,71520.0,42600
2023-10-10,71920.0,41237
2023-10-11,70120.0,40094
2023-10-12,69400.0,40625
2023-10-13,69960.0,40071
2023-10-14,73280.0,40245
2023-10-15,74620.0,41224
2023-10-16,71260.0,41621
2023-10-17,69350.0,39535
2023-10-18,66100.0,37723
2023-10-19,69090.0,39691
2023-10-20,66760.0,39167
2023-10-21,67590.0,40029
2023-10-22,66500.0,39955
2023-10-23,65920.0,39005
2023-10-24,64610.0,41232
2023-10-25,64400.0,39253
2023-10-26,68560.0,39628
2023-10-27,70910.0,40264
2023-10-28,69520.0,39946
2023-10-29,70210.0,41010
2023-10-30,66010.0,39075
2023-10-31,64500.0,40590
2023-11-01,66090.0,40121
2023-11-02,64590.0,38517
2023-11-03,66640.0,38746
2023-11-04,68160.0,39239
2023-11-05,66470.0,40560
2023-11-06,75210.0,40750
2023-11-07,62190.0,38493
2023-11-08,62880.0,38569
2023-11-09,63990.0,38702
2023-11-10,65060.0,38257
2023-11-11,67080.0,38102
2023-11-12,67460.0,37438
2023-11-13,64530.0,41124
2023-11-14,65620.0,36235
2023-11-15,63500.0,38419
2023-11-16,70280.0,39901
2023-11-17,69240.0,38339
2023-11-18,68210.0,39158
2023-11-19,64700.0,41110
2023-11-20,63340.0,38618
2023-11-21,64650.0,36804
2023-11-22,63770.0,38614
2023-11-23,63610.0,37857
2023-11-24,64320.0,38064
2023-11-25,66160.0,38631
2023-11-26,65930.0,38460
2023-11-27,65170.0,37513
2023-11-28,65100.0,37638
2023-11-29,66260.0,37763
2023-11-30,65600.0,39738
2023-12-01,63120.0,35630
2023-12-02,64750.0,38720
2023-12-03,66890.0,38966
2023-12-04,63950.0,36802
2023-12-05,62440.0,34790
2023-12-06,64910.0,35748
2023-12-07,62270.0,35936
2023-12-08,62980.0,35657
2023-12-09,63750.0,38458
2023-12-10,65340.0,39085
2023-12-11,74260.0,45659
2023-12-12,65060.0,39127
2023-12-13,66920.0,38173
2023-12-14,82420.0,43844
2023-12-15,91000.0,52237
2023-12-16,70350.0,48302
2023-12-17,62120.0,40696
2023-12-18,65440.0,39768
2023-12-19,70000.0,38351
2023-12-20,68160.0,38248
2023-12-21,70350.0,37507
2023-12-22,69170.0,37732
2023-12-23,71120.0,38652
2023-12-24,69350.0,38209
2023-12-25,69580.0,37744
2023-12-26,67020.0,37903
2023-12-27,67510.0,37629
2023-12-28,67920.0,40110
2023-12-29,69230.0,36362
2023-12-30,69050.0,38259
2023-12-31,67030.0,37397
2024-01-01,64190.0,37853
2024-01-02,64620.0,38187
2024-01-03,63530.0,37275
2024-01-04,64330.0,37526
2024-01-05,63770.0,37524
2024-01-06,66990.0,37358
2024-01-07,66420.0,37166
2024-01-08,63020.0,37759
2024-01-09,63670.0,36982
2024-01-10,67940.0,38080
2024-01-11,63870.0,36941
2024-01-12,62940.0,37248
2024-01-13,66290.0,37143
2024-01-14,66030.0,36796
2024-01-15,64080.0,37417
2024-01-16,62870.0,36669
2024-01-17,61950.0,36406
2024-01-18,67630.0,39089
2024-01-19,64020.0,38488
2024-01-20,77320.0,37717
2024-01-21,76620.0,39984
2024-01-22,74330.0,38159
2024-01-23,68750.0,37155
2024-01-24,68420.0,37378
2024-01-25,67070.0,34428
2024-01-26,66480.0,37303
2024-01-27,67630.0,37644
2024-01-28,65530.0,37266
2024-01-29,64170.0,38066
2024-01-30,64650.0,37076
2024-01-31,63590.0,37726
2024-02-01,67480.0,37121
2024-02-02,69590.0,37553
2024-02-03,62350.0,36841
2024-02-04,71550.0,38509
2024-02-05,94930.0,44768
2024-02-06,84250.0,38552
2024-02-07,78370.0,38351
2024-02-08,74550.0,38574
2024-02-09,74640.0,38463
2024-02-10,67230.0,37842
2024-02-11,69880.0,37668
2024-02-12,66310.0,37234
2024-02-13,66470.0,38014
2024-02-14,69740.0,37569
2024-02-15,68760.0,38303
2024-02-16,65680.0,37159
2024-02-17,68890.0,37657
2024-02-18,68200.0,37640
2024-02-19,93470.0,63482
2024-02-20,73610.0,42518
2024-02-21,87320.0,44708
2024-02-22,96340.0,45080
2024-02-23,90740.0,40693
2024-02-24,79580.0,41002
2024-02-25,85690.0,41669
2024-02-26,75430.0,38724
2024-02-27,72240.0,37290
2024-02-28,69890.0,39190
2024-02-29,80610.0,35557
2024-03-01,74920.0,30319
2024-03-02,71540.0,30543
2024-03-03,69820.0,34383
2024-03-04,67560.0,33546
2024-03-05,88310.0,39437
2024-03-06,76950.0,36530
2024-03-07,76180.0,35490
2024-03-08,76160.0,34830
2024-03-09,76570.0,35313
2024-03-10,71670.0,35556
2024-03-11,71320.0,34687
2024-03-12,72360.0,35036
2024-03-13,65630.0,34571
2024-03-14,65860.0,33204
2024-03-15,66830.0,35061
2024-03-16,67140.0,37367
2024-03-17,69120.0,37635
2024-03-18,64650.0,35452
2024-03-19,65190.0,36316
2024-03-20,65910.0,35981
2024-03-21,66190.0,37273
2024-03-22,65920.0,37595
2024-03-23,69700.0,40825
2024-03-24,70840.0,38314
2024-03-25,72320.0,39510
2024-03-26,86430.0,45155
2024-03-27,77600.0,39051
2024-03-28,91240.0,47653
2024-03-29,90900.0,48331
2024-03-30,86020.0,42368
2024-03-31,89220.0,41176
2024-04-01,81910.0,40405
2024-04-02,79660.0,36222
2024-04-03,107720.0,63118
2024-04-04,93580.0,41929
2024-04-05,92520.0,39781
2024-04-06,94220.0,39650
2024-04-07,87820.0,41735
2024-04-08,80440.0,39497
2024-04-09,77360.0,36519
2024-04-10,74290.0,37166
2024-04-11,74080.0,36364
2024-04-12,74470.0,37443
2024-04-13,75390.0,37515
2024-04-14,74080.0,40212
2024-04-15,82210.0,48268
2024-04-16,80080.0,38361
2024-04-17,78550.0,40882
2024-04-18,75800.0,40139
2024-04-19,75460.0,40203
2024-04-20,80770.0,45553
2024-04-21,72770.0,46544
2024-04-22,76750.0,41308
2024-04-23,84570.0,42374
2024-04-24,84920.0,41399
2024-04-25,84450.0,40026
2024-04-26,74920.0,38501
2024-04-27,75280.0,39591
2024-04-28,76410.0,41213
2024-04-29,89950.0,48172
2024-04-30,80390.0,42401
2024-05-01,83650.0,40243
2024-05-02,79050.0,39604
2024-05-03,78430.0,37805
2024-05-04,78390.0,38374
2024-05-05,89330.0,48001
2024-05-06,111920.0,63897
2024-05-07,86670.0,46523
2024-05-08,93330.0,40528
2024-05-09,94610.0,43773
2024-05-10,86860.0,36547
2024-05-11,86760.0,39992
2024-05-12,106800.0,50047
2024-05-13,90510.0,41231
2024-05-14,83380.0,39452
2024-05-15,80350.0,39880
2024-05-16,77780.0,40587
2024-05-17,75700.0,37178
2024-05-18,77850.0,40008
2024-05-19,77900.0,40064
2024-05-20,93200.0,39293
2024-05-21,73060.0,38955
2024-05-22,73880.0,38960
2024-05-23,73410.0,38902
2024-05-24,73890.0,39125
2024-05-25,72710.0,37788
2024-05-26,73960.0,38357
2024-05-27,76900.0,41437
2024-05-28,73880.0,35857
2024-05-29,72380.0,37622
2024-05-30,69100.0,39390
2024-05-31,71890.0,38759
2024-06-01,74340.0,40096
2024-06-02,71320.0,40383
2024-06-03,69330.0,41357
2024-06-04,70670.0,34733
2024-06-05,69310.0,38769
2024-06-06,73040.0,39063
2024-06-07,74110.0,40195
2024-06-08,83110.0,43907
2024-06-09,81170.0,49502
2024-06-10,76300.0,42207
2024-06-11,74290.0,40726
2024-06-12,72440.0,39256
2024-06-13,72890.0,40710
2024-06-14,75530.0,40014
2024-06-15,79770.0,43039
2024-06-16,78600.0,42737
2024-06-17,70440.0,41086
2024-06-18,72100.0,37763
2024-06-19,70790.0,40409
2024-06-20,69340.0,38154
2024-06-21,73220.0,40122
2024-06-22,76540.0,49493
2024-06-23,75290.0,44763
2024-06-24,78070.0,43064
2024-06-25,75780.0,40033
2024-06-26,74250.0,40614
2024-06-27,72530.0,39361
2024-06-28,73930.0,41088
2024-06-29,85260.0,44957
2024-06-30,96800.0,55508
2024-07-01,85550.0,47882
2024-07-02,109870.0,58349
2024-07-03,93990.0,53033
2024-07-04,82340.0,46155
2024-07-05,85770.0,44874
2024-07-06,86560.0,43724
2024-07-07,84130.0,44627
2024-07-08,82020.0,42187
2024-07-09,79490.0,41501
2024-07-10,97810.0,47461
2024-07-11,93620.0,43176
2024-07-12,90810.0,44416
2024-07-13,87200.0,43329
2024-07-14,108590.0,62008
2024-07-15,102730.0,57490
2024-07-16,105490.0,58112
2024-07-17,97880.0,54880
2024-07-18,94120.0,47532
2024-07-19,87710.0,48276
2024-07-20,87770.0,47643
2024-07-21,89780.0,46070
2024-07-22,88400.0,45242
2024-07-23,85220.0,45167
2024-07-24,100640.0,59894
2024-07-25,91630.0,48764
2024-07-26,93190.0,47143
2024-07-27,90890.0,46791
2024-07-28,82830.0,47112
2024-07-29,84410.0,45371
2024-07-30,83000.0,45060
2024-07-31,82490.0,43703
2024-08-01,82280.0,44283
2024-08-02,82280.0,44881
2024-08-03,84550.0,44842
2024-08-04,83110.0,44442
2024-08-05,79990.0,43600
2024-08-06,79180.0,43731
2024-08-07,80150.0,43585
2024-08-08,80070.0,43305
2024-08-09,78780.0,43638
2024-08-10,77890.0,43831
2024-08-11,79840.0,43260
2024-08-12,76890.0,43031
2024-08-13,74430.0,42291
2024-08-14,74650.0,42251
2024-08-15,76000.0,43351
2024-08-16,77370.0,43331
2024-08-17,78990.0,43523
2024-08-18,75890.0,43219
2024-08-19,79540.0,43934
2024-08-20,92670.0,53576
2024-08-21,84790.0,47796
2024-08-22,83780.0,46927
2024-08-23,82200.0,43868
2024-08-24,81400.0,43838
2024-08-25,79660.0,43878
2024-08-26,78370.0,42505
2024-08-27,76440.0,41030
2024-08-28,76800.0,43007
2024-08-29,82530.0,45365
2024-08-30,82350.0,42966
2024-08-31,81320.0,42549
2024-09-01,77380.0,43204
2024-09-02,76050.0,41362
2024-09-03,73750.0,40707
2024-09-04,74940.0,41444
2024-09-05,73890.0,41872
2024-09-06,73440.0,41878
2024-09-07,75060.0,42924
2024-09-08,75750.0,43916
2024-09-09,70910.0,42489
2024-09-10,72380.0,41809
2024-09-11,73500.0,44700
2024-09-12,73410.0,43302
2024-09-13,73680.0,43952
2024-09-14,75100.0,44936
2024-09-15,77230.0,46301
2024-09-16,82930.0,49102
2024-09-17,76040.0,42553
2024-09-18,78550.0,44075
2024-09-19,77350.0,43208
2024-09-20,81390.0,46941
2024-09-21,123670.0,63932
2024-09-22,100550.0,64630
2024-09-23,74210.0,51963
2024-09-24,77340.0,46762
2024-09-25,80100.0,45824
2024-09-26,76490.0,44587
2024-09-27,75600.0,44267
2024-09-28,76650.0,44127
2024-09-29,75370.0,43896
2024-09-30,71940.0,42385
2024-10-01,72920.0,42118
2024-10-02,71190.0,40712
2024-10-03,74700.0,41153
2024-10-04,74200.0,43304
2024-10-05,73640.0,42338
2024-10-06,75040.0,42344
2024-10-07,72510.0,41900
2024-10-08,73130.0,41398
2024-10-09,74390.0,41454
2024-10-10,68650.0,41470
2024-10-11,71170.0,40731
2024-10-12,71370.0,40757
2024-10-13,71580.0,41353
2024-10-14,73010.0,41444
2024-10-15,95600.0,54699
2024-10-16,78170.0,44675
2024-10-17,77630.0,41913
2024-10-18,79570.0,42545
2024-10-19,98240.0,48994
2024-10-20,89240.0,44434
2024-10-21,79180.0,44691
2024-10-22,121150.0,58858
2024-10-23,105940.0,53187
2024-10-24,104580.0,44306
2024-10-25,90690.0,43451
2024-10-26,88290.0,43106
2024-10-27,85770.0,43075
2024-10-28,87210.0,42307
2024-10-29,77140.0,41760
2024-10-30,76750.0,41700
2024-10-31,74980.0,41809
2024-11-01,98230.0,51834
2024-11-02,106820.0,63573
2024-11-03,94920.0,47064
2024-11-04,90510.0,43970
2024-11-05,88020.0,42053
2024-11-06,81710.0,41584
2024-11-07,80670.0,40993
2024-11-08,78420.0,40389
2024-11-09,77060.0,41944
2024-11-10,76440.0,40727
2024-11-11,77830.0,41606
2024-11-12,74250.0,40348
2024-11-13,75860.0,39209
2024-11-14,74900.0,39913
2024-11-15,79330.0,39355
2024-11-16,80190.0,41204
2024-11-17,75930.0,40682
2024-11-18,73870.0,39988
2024-11-19,68590.0,38966
2024-11-20,70350.0,38918
2024-11-21,71470.0,39770
2024-11-22,69660.0,39704
2024-11-23,72080.0,39846
2024-11-24,70960.0,40643
2024-11-25,67260.0,39496
2024-11-26,90160.0,46756
2024-11-27,76910.0,40920
2024-11-28,73820.0,39884
2024-11-29,72690.0,39392
2024-11-30,72810.0,39816
2024-12-01,74360.0,40908
2024-12-02,70620.0,39816
2024-12-03,68610.0,38584
2024-12-04,67020.0,37837
2024-12-05,67830.0,38696
2024-12-06,67050.0,38008
2024-12-07,69010.0,38840
2024-12-08,67730.0,39430
2024-12-09,66840.0,38591
2024-12-10,65970.0,37724
2024-12-11,63780.0,38184
2024-12-12,66100.0,38142
2024-12-13,67260.0,38097
2024-12-14,69920.0,38276
2024-12-15,69210.0,39299
2024-12-16,65730.0,38579
2024-12-17,67610.0,37711
2024-12-18,66200.0,38023
2024-12-19,64600.0,38242
2024-12-20,65570.0,37935
2024-12-21,68210.0,38077
2024-12-22,68380.0,39750
2024-12-23,65200.0,38505
2024-12-24,63720.0,36834
2024-12-25,67620.0,38159
2024-12-26,66750.0,38196
2024-12-27,64280.0,37613
2024-12-28,65010.0,38132
2024-12-29,68020.0,38764
2024-12-30,66400.0,38040
2024-12-31,66020.0,38282
2025-01-01,66220.0,38291
2025-01-02,63760.0,37906
2025-01-03,65700.0,37410
2025-01-04,64260.0,37991
2025-01-05,64070.0,38180
2025-01-06,65620.0,37862
2025-01-07,63240.0,36919
2025-01-08,62840.0,36745
2025-01-09,62670.0,37334
2025-01-10,64910.0,37649
2025-01-11,65980.0,38704
2025-01-12,65680.0,38850
2025-01-13,65270.0,38242
2025-01-14,64080.0,37400
2025-01-15,63640.0,37618
2025-01-16,63600.0,37542
2025-01-17,64360.0,38122
2025-01-18,67630.0,38761
2025-01-19,66880.0,40098
2025-01-20,62060.0,38403
2025-01-21,62450.0,38029
2025-01-22,61850.0,37748
2025-01-23,61760.0,38337
2025-01-24,62890.0,39046
2025-01-25,64300.0,40353
2025-01-26,67100.0,40254
2025-01-27,71460.0,41689
2025-01-28,69000.0,41037
2025-01-29,63540.0,37447
2025-01-30,66170.0,39103
2025-01-31,66970.0,39332
2025-02-01,76400.0,44257
2025-02-02,64830.0,40894
2025-02-03,67130.0,39449
2025-02-04,66450.0,38678
2025-02-05,65060.0,38391
2025-02-06,62130.0,38111
2025-02-07,61770.0,38335
2025-02-08,64900.0,38348
2025-02-09,66740.0,39755
2025-02-10,66330.0,38192
2025-02-11,62240.0,38508
2025-02-12,68360.0,40655
2025-02-13,63390.0,38033
2025-02-14,66570.0,37135
2025-02-15,68400.0,37392
2025-02-16,70030.0,38521
2025-02-17,65970.0,37305
2025-02-18,64160.0,37424
2025-02-19,65240.0,37019
2025-02-20,64160.0,37134
2025-02-21,64450.0,36678
2025-02-22,66110.0,38027
2025-02-23,67960.0,38813
2025-02-24,64520.0,37299
2025-02-25,64680.0,36328
2025-02-26,65270.0,36610
2025-02-27,63560.0,36371
2025-02-28,65530.0,36357
2025-03-01,69140.0,36847
2025-03-02,72880.0,38856
2025-03-03,73300.0,45455
2025-03-04,75110.0,43675
2025-03-05,66540.0,38130
2025-03-06,70890.0,36658
2025-03-07,68780.0,36655
2025-03-08,68190.0,37004
2025-03-09,67230.0,38795
2025-03-10,64120.0,36788
2025-03-11,64660.0,36464
2025-03-12,66140.0,36702
2025-03-13,67280.0,37247
2025-03-14,66440.0,36369
2025-03-15,78850.0,37394
2025-03-16,83580.0,43656
2025-03-17,69480.0,37436
2025-03-18,69070.0,35749
2025-03-19,66260.0,36832
2025-03-20,65810.0,37040
2025-03-21,65860.0,37154
2025-03-22,69160.0,39055
2025-03-23,71460.0,40088
2025-03-24,66490.0,37470
2025-03-25,67420.0,37108
2025-03-26,71470.0,36908
2025-03-27,80340.0,40225
2025-03-28,74490.0,37858
2025-03-29,72000.0,38166
2025-03-30,69130.0,38292
2025-03-31,67380.0,37063
2025-04-01,65020.0,36520
2025-04-02,63170.0,36848
2025-04-03,62470.0,37206
2025-04-04,62400.0,36965
2025-04-05,63190.0,37578
2025-04-06,65270.0,39608
2025-04-07,61570.0,38033
2025-04-08,62690.0,37580
2025-04-09,62490.0,37506
2025-04-10,63750.0,37904
2025-04-11,66440.0,37068
2025-04-12,73360.0,40422
2025-04-13,96180.0,50869
2025-04-14,80030.0,41611
2025-04-15,70390.0,38542
2025-04-16,73520.0,38960
2025-04-17,70930.0,38285
2025-04-18,68800.0,39123
2025-04-19,70440.0,39795
2025-04-20,68020.0,39480
2025-04-21,66970.0,39357
2025-04-22,81670.0,46789
2025-04-23,73890.0,42642
2025-04-24,79230.0,40496
2025-04-25,75860.0,39677
2025-04-26,73230.0,39738
2025-04-27,74770.0,40561
2025-04-28,77640.0,39223
2025-04-29,62220.0,38860
2025-04-30,70140.0,38839
2025-05-01,74170.0,44770
2025-05-02,78870.0,43944
2025-05-03,79270.0,40091
2025-05-04,75250.0,40199
2025-05-05,72740.0,39280
2025-05-06,76420.0,41824
2025-05-07,71640.0,40082
2025-05-08,69530.0,38556
2025-05-09,92440.0,51095
2025-05-10,94620.0,46656
2025-05-11,91850.0,41900
2025-05-12,77990.0,40360
2025-05-13,74450.0,39311
2025-05-14,71380.0,39391
2025-05-15,71550.0,38842
2025-05-16,76170.0,44517
2025-05-17,91520.0,56741
2025-05-18,91110.0,46553
2025-05-19,84420.0,43629
2025-05-20,80390.0,42145
2025-05-21,77170.0,41847
2025-05-22,73500.0,40694
2025-05-23,74190.0,39850
2025-05-24,77070.0,40452
2025-05-25,77880.0,42548
2025-05-26,74900.0,41146
2025-05-27,71230.0,40407
2025-05-28,72050.0,39934
2025-05-29,70000.0,39945
2025-05-30,72170.0,40504
2025-05-31,73370.0,40776
2025-06-01,73520.0,41124
2025-06-02,67930.0,38872
2025-06-03,77110.0,42860
2025-06-04,69540.0,40320
2025-06-05,68640.0,39588
2025-06-06,70850.0,40862
2025-06-07,72450.0,40127
2025-06-08,73890.0,42289
2025-06-09,71960.0,41068
2025-06-10,71530.0,40708
2025-06-11,71360.0,40502
2025-06-12,71060.0,40591
2025-06-13,70840.0,40117
2025-06-14,102860.0,64293
2025-06-15,89120.0,53532
2025-06-16,85980.0,51873
2025-06-17,96140.0,46194
2025-06-18,87220.0,45538
2025-06-19,82780.0,44292
2025-06-20,80800.0,42916
2025-06-21,81470.0,47314
2025-06-22,101730.0,60699
2025-06-23,102190.0,47937
2025-06-24,104870.0,51686
2025-06-25,106630.0,57605
2025-06-26,111440.0,49049
2025-06-27,102470.0,46083
2025-06-28,95880.0,47494
2025-06-29,89680.0,47589
2025-06-30,83480.0,46004
2025-07-01,80300.0,44866
2025-07-02,78700.0,44915
2025-07-03,78240.0,45503
2025-07-04,77120.0,43422
2025-07-05,79720.0,44789
2025-07-06,80860.0,45863
2025-07-07,78830.0,44547
2025-07-08,77910.0,43481
2025-07-09,77520.0,42839
2025-07-10,76910.0,42708
2025-07-11,77520.0,42656
2025-07-12,79530.0,42914
2025-07-13,85200.0,46534
2025-07-14,119990.0,65229
2025-07-15,90950.0,49209
2025-07-16,92240.0,44882
2025-07-17,94180.0,44393
2025-07-18,94270.0,58095
2025-07-19,108410.0,57246
2025-07-20,93360.0,54254
2025-07-21,76630.0,48316
2025-07-22,78660.0,46504
2025-07-23,87060.0,45377
2025-07-24,83560.0,44584
2025-07-25,85750.0,44214
2025-07-26,86140.0,45252
2025-07-27,85050.0,45448
2025-07-28,82560.0,44275
2025-07-29,79030.0,43676
2025-07-30,78120.0,43935
2025-07-31,78820.0,44061
2025-08-01,79950.0,44159
2025-08-02,79480.0,44872
2025-08-03,84140.0,45467
2025-08-04,87050.0,49982
2025-08-05,81740.0,45048
2025-08-06,80640.0,44636
2025-08-07,78830.0,43716
2025-08-08,78250.0,42703
2025-08-09,81430.0,42926
2025-08-10,96570.0,57102
2025-08-11,73290.0,47133
2025-08-12,111240.0,62657
2025-08-13,95780.0,52438
2025-08-14,85830.0,47837
2025-08-15,88740.0,46267
2025-08-16,89650.0,46023
2025-08-17,86640.0,45267
2025-08-18,81520.0,43951
2025-08-19,80770.0,43169
2025-08-20,81870.0,42960
2025-08-21,81460.0,42598
2025-08-22,82530.0,42632
2025-08-23,83080.0,43274
2025-08-24,83380.0,43215
2025-08-25,78950.0,42659
2025-08-26,76380.0,41000
2025-08-27,77090.0,41620
2025-08-28,75960.0,42561
2025-08-29,75430.0,41851
2025-08-30,75690.0,42611
2025-08-31,76550.0,41898
2025-09-01,78640.0,44039
2025-09-02,79150.0,41545
2025-09-03,74810.0,41364
2025-09-04,76320.0,41602
2025-09-05,78600.0,41152
2025-09-06,80840.0,42038
2025-09-07,81920.0,42473
2025-09-08,79410.0,41036
2025-09-09,83080.0,40171
2025-09-10,79650.0,40074
2025-09-11,78250.0,40836
2025-09-12,78620.0,40465
2025-09-13,82510.0,49163
2025-09-14,82680.0,43407
2025-09-15,74540.0,41849
2025-09-16,76810.0,41423
2025-09-17,77560.0,40980
2025-09-18,78950.0,39542
2025-09-19,77060.0,39596
2025-09-20,83350.0,41723
2025-09-21,85710.0,41406
2025-09-22,80390.0,39339
2025-09-23,76260.0,39188
2025-09-24,76930.0,39692
2025-09-25,76710.0,39685
2025-09-26,75540.0,39884
2025-09-27,76550.0,40730
2025-09-28,78890.0,42228
2025-09-29,73090.0,39214
2025-09-30,72060.0,39541
2025-10-01,71120.0,40122
2025-10-02,72100.0,39276
2025-10-03,101640.0,54245
2025-10-04,87800.0,52978
2025-10-05,88080.0,45556
2025-10-06,88300.0,41397
2025-10-07,90560.0,42192
2025-10-08,87920.0,41713
2025-10-09,85850.0,42321
2025-10-10,84300.0,41462
2025-10-11,83490.0,41469
2025-10-12,80670.0,41332
2025-10-13,76720.0,39136
2025-10-14,74620.0,40895
2025-10-15,73540.0,40502
2025-10-16,89490.0,46996
2025-10-17,85670.0,41329
2025-10-18,96320.0,44845
2025-10-19,88050.0,41497
2025-10-20,83160.0,41181
2025-10-21,81870.0,39188
2025-10-22,86740.0,39929
2025-10-23,86290.0,43731
2025-10-24,99650.0,43414
2025-10-25,91950.0,42530
2025-10-26,84960.0,41659
2025-10-27,80230.0,41106
2025-10-28,76800.0,40507
2025-10-29,77510.0,40029
2025-10-30,76470.0,39658
2025-10-31,78640.0,39239
2025-11-01,80440.0,39693
2025-11-02,84990.0,41016
2025-11-03,82430.0,39361
2025-11-04,78820.0,37908
2025-11-05,80340.0,38714
2025-11-06,81290.0,38794
2025-11-07,82380.0,39944
2025-11-08,85500.0,40360
2025-11-09,87130.0,49841
2025-11-10,81060.0,39883
2025-11-11,78760.0,38374
2025-11-12,76280.0,38394
2025-11-13,73800.0,38165
2025-11-14,75090.0,39137
2025-11-15,76360.0,38745
2025-11-16,76720.0,39737
2025-11-17,72770.0,38604
2025-11-18,72330.0,38002
2025-11-19,74050.0,38346
2025-11-20,73960.0,37615
2025-11-21,73240.0,37431
2025-11-22,73170.0,38622
2025-11-23,72890.0,39104
2025-11-24,69710.0,38364
2025-11-25,68270.0,37126
2025-11-26,67270.0,37640
2025-11-27,68170.0,37351
2025-11-28,67710.0,37301
2025-11-29,69410.0,38002
2025-11-30,70000.0,39166
2025-12-01,68740.0,38287
2025-12-02,67120.0,36786
2025-12-03,67340.0,36762
2025-12-04,69170.0,36802
2025-12-05,70760.0,37560
2025-12-06,73600.0,37288
2025-12-07,74430.0,38619
2025-12-08,69020.0,38117
2025-12-09,66190.0,36278
2025-12-10,65510.0,36867
2025-12-11,65610.0,37016
2025-12-12,66470.0,36272
2025-12-13,68540.0,37318
2025-12-14,69570.0,38687
2025-12-15,66140.0,37348
2025-12-16,65320.0,36892
2025-12-17,67250.0,38640
2025-12-18,67090.0,36164
2025-12-19,68830.0,36744
2025-12-20,72900.0,38260
2025-12-21,75590.0,38206
2025-12-22,70230.0,37058
2025-12-23,68460.0,36821
2025-12-24,76420.0,42115
2025-12-25,67440.0,38129
2025-12-26,70500.0,37425
2025-12-27,70960.0,37476
2025-12-28,70250.0,38358
2025-12-29,68610.0,37487
2025-12-30,69010.0,36518
2025-12-31,68790.0,37020
2026-01-01,69730.0,37401
2026-01-02,72160.0,36581
2026-01-03,73570.0,37000
2026-01-04,74160.0,37387
2026-01-05,70740.0,36416
2026-01-06,69550.0,35576
2026-01-07,69150.0,35706
2026-01-08,66920.0,35566
2026-01-09,65620.0,35454
2026-01-10,68780.0,36584
2026-01-11,68220.0,36756
2026-01-12,64820.0,35669
2026-01-13,65080.0,36004
2026-01-14,64450.0,36095
2026-01-15,66000.0,36162
2026-01-16,67130.0,36454
2026-01-17,70230.0,37398
2026-01-18,71620.0,37942
2026-01-19,67920.0,36508
2026-01-20,66720.0,35563
2026-01-21,66540.0,35933
2026-01-22,67070.0,35713
2026-01-23,67870.0,36053
2026-01-24,69560.0,37002
2026-01-25,68430.0,37574
2026-01-26,64420.0,36473
2026-01-27,63270.0,35999
2026-01-28,64530.0,36567
2026-01-29,64820.0,36194
2026-01-30,65740.0,36141
2026-01-31,69920.0,37601
2026-02-01,71850.0,38081
2026-02-02,68750.0,36498
2026-02-03,68060.0,35994
2026-02-04,68750.0,36513
2026-02-05,69780.0,36831
2026-02-06,70060.0,36692
2026-02-07,70920.0,37212
2026-02-08,68860.0,37592
2026-02-09,65290.0,36585
2026-02-10,64500.0,35945
2026-02-11,66140.0,36606
2026-02-12,66280.0,37043
2026-02-13,67880.0,37702
2026-02-14,72600.0,39519
2026-02-15,75240.0,39252
2026-02-16,74280.0,39342
2026-02-17,66500.0,35012
2026-02-18,72190.0,37689
2026-02-19,71840.0,37404
2026-02-20,71190.0,36958
2026-02-21,71770.0,37037
2026-02-22,72520.0,37515
2026-02-23,67050.0,36524
2026-02-24,82390.0,44847
2026-02-25,72070.0,38209
2026-02-26,69590.0,36307
2026-02-27,76100.0,38813
2026-02-28,74000.0,37571
2026-03-01,73430.0,36691
2026-03-02,88450.0,44581
2026-03-03,84930.0,41818
2026-03-04,77250.0,36816
2026-03-05,73180.0,36736
2026-03-06,73260.0,36676
2026-03-07,73530.0,37218
2026-03-08,73770.0,37733
2026-03-09,67830.0,36483
2026-03-10,65650.0,35592
2026-03-11,65760.0,36270
2026-03-12,65210.0,35910
2026-03-13,66400.0,35724
2026-03-14,69460.0,37473
2026-03-15,70090.0,37741
2026-03-16,66280.0,36911
2026-03-17,67870.0,35913
2026-03-18,76530.0,37651
2026-03-19,74440.0,37124
2026-03-20,74040.0,36632
2026-03-21,74900.0,38179
2026-03-22,75690.0,37776
2026-03-23,71990.0,36671
2026-03-24,66980.0,35817
2026-03-25,65780.0,35290
2026-03-26,66510.0,36488
2026-03-27,66970.0,37109
2026-03-28,71090.0,38269
2026-03-29,72020.0,38548
2026-03-30,74460.0,39253
2026-03-31,89940.0,46816
2026-04-01,80300.0,37946
2026-04-02,76680.0,38302
2026-04-03,74320.0,37136
2026-04-04,109960.0,58123
2026-04-05,83570.0,44027
2026-04-06,78620.0,38857
2026-04-07,76060.0,38667
2026-04-08,72840.0,37622
2026-04-09,88480.0,47557
2026-04-10,85850.0,45802
2026-04-11,88910.0,41884
2026-04-12,84290.0,40393
2026-04-13,77370.0,38551
2026-04-14,74000.0,38006
2026-04-15,76500.0,38631
2026-04-16,74690.0,38714
2026-04-17,78490.0,38544
2026-04-18,85090.0,42703
2026-04-19,78780.0,41336
2026-04-20,73000.0,39416
2026-04-21,71750.0,37655
2026-04-22,70640.0,37280
2026-04-23,71570.0,37657
2026-04-24,70700.0,38015
2026-04-25,71500.0,38383
2026-04-26,71830.0,38749
2026-04-27,70500.0,38457
2026-04-28,70720.0,37248
2026-04-29,69800.0,37117
2026-04-30,72200.0,37966
2026-05-01,84770.0,43849
2026-05-02,75510.0,39643
2026-05-03,84610.0,46645
2026-05-04,76530.0,40782
2026-05-05,76380.0,39473
2026-05-06,70860.0,38375
2026-05-07,69420.0,38593
2026-05-08,70040.0,37754
2026-05-09,70340.0,38989
2026-05-10,71880.0,38891
2026-05-11,68400.0,38766
2026-05-12,67470.0,37677
2026-05-13,69790.0,38040
2026-05-14,71800.0,38232
2026-05-15,72930.0,38491
2026-05-16,74010.0,39176
2026-05-17,76020.0,40467
2026-05-18,73090.0,38589
2026-05-19,72490.0,38382
2026-05-20,87490.0,43528
2026-05-21,95920.0,48233
2026-05-22,80060.0,39763
2026-05-23,75780.0,38972
2026-05-24,74740.0,38858
2026-05-25,73324.0,41962
2026-05-26,73526.0,41825
2026-05-27,93240.0,56429
2026-05-28,90850.0,43739
2026-05-29,83460.0,41096
2026-05-30,79610.0,41770
2026-05-31,80840.0,42096
2026-06-01,74980.0,39833
2026-06-02,84120.0,47156
2026-06-03,80670.0,43147
2026-06-04,78230.0,40002
2026-06-05,77320.0,40226
2026-06-06,75500.0,40133
2026-06-07,73030.0,39527
2026-06-08,72490.0,31825
2026-06-09,73020.0,38865
2026-06-10,70670.0,38907
2026-06-11,71690.0,38453
2026-06-12,72050.0,39162
2026-06-13,73480.0,39380
2026-06-14,75830.0,40728
2026-06-15,71010.0,39603
2026-06-16,74020.0,39000
2026-06-17,75810.0,39379
2026-06-18,74100.0,39481
2026-06-19,78100.0,41156
2026-06-20,99150.0,61774
2026-06-21,84750.0,43464
2026-06-22,76020.0,38430
2026-06-23,72650.0,38339
2026-06-24,76180.0,39855
2026-06-25,79450.0,39594
2026-06-26,76180.0,39241
2026-06-27,76910.0,41088
2026-06-28,77350.0,42180
2026-06-29,74280.0,40107
2026-06-30,73000.0,39636
2026-07-01,93210.0,51903
2026-07-02,94680.0,44370
2026-07-03,87500.0,42132
2026-07-04,85720.0,43004
2026-07-05,83120.0,43503
2026-07-06,80570.0,43063
2026-07-07,77060.0,41091
2026-07-08,76750.0,40965
2026-07-09,75650.0,41627
2026-07-10,77110.0,41803
2026-07-11,77950.0,43585
2026-07-12,78450.0,43700
2026-07-13,78120.0,41946
2026-07-14,79350.0,40311
2026-07-15,78970.0,42071
2026-07-16,76750.0,40438
2026-07-17,77250.0,40683
2026-07-18,78890.0,40959
2026-07-19,77870.0,41767
2026-07-20,74450.0,41269
2026-07-21,72160.0,40940
2026-07-22,71200.0,40346
2026-07-23,72030.0,40361
2026-07-24,70150.0,40389
2026-07-25,73540.0,41009
2026-07-26,73590.0,42091
2026-07-27,73670.0,40049
2026-07-28,73100.0,39781
2026-07-29,74200.0,39507
2026-07-30,75980.0,40461
2026-07-31,76100.0,40651
2026-08-01,76250.0,40744
2026-08-02,78250.0,42384
2026-08-03,74500.0,41847
2026-08-04,75900.0,40854
2026-08-05,74870.0,40263
2026-08-06,75340.0,40300
2026-08-07,77120.0,40796
2026-08-08,80520.0,42505
2026-08-09,82420.0,42716
2026-08-10,75850.0,40215
2026-08-11,78550.0,38893
2026-08-12,82500.0,39122
2026-08-13,80200.0,40196
2026-08-14,79360.0,40117
2026-08-15,79080.0,40496
2026-08-16,94320.0,51306
2026-08-17,111050.0,65182
2026-08-18,115553.0,64178
2026-08-19,92500.0,49525
2026-08-20,91800.0,47486
2026-08-21,95860.0,44758
2026-08-22,94310.0,44572
2026-08-23,94120.0,45251
2026-08-24,91250.0,43194
2026-08-25,94520.0,42986
2026-08-26,93510.0,43076
2026-08-27,95700.0,42111
2026-08-28,112800.0,55655
2026-08-29,121010.0,62335
2026-08-30,101540.0,52682
2026-08-31,121890.0,48298
2026-09-01,113940.0,45726
2026-09-02,104150.0,45609
2026-09-03,98150.0,42869
2026-09-04,95800.0,42628
2026-09-05,92100.0,43105
2026-09-06,90030.0,43387
2026-09-07,86580.0,41807
2026-09-08,79130.0,41106
2026-09-09,72310.0,39835
2026-09-10,81396.0,40583
2026-09-11,80995.0,41100
2026-09-12,82879.0,41573
2026-09-13,82844.0,42825
2026-09-14,79177.0,40140
2026-09-15,78069.0,40022
