date,precipitation_sum
2014-01-01,0.0
2014-01-02,0.0
2014-01-03,0.0
2014-01-04,0.0
2014-01-05,0.0
2014-01-06,0.0
2014-01-07,0.0
2014-01-08,7.3999999999999995
2014-01-09,0.0
2014-01-10,0.0
2014-01-11,0.0
2014-01-12,0.0
2014-01-13,0.0
2014-01-14,0.0
2014-01-15,0.0
2014-01-16,0.0
2014-01-17,0.0
2014-01-18,0.0
2014-01-19,0.0
2014-01-20,0.0
2014-01-21,0.0
2014-01-22,0.0
2014-01-23,0.0
2014-01-24,0.0
2014-01-25,2.0
2014-01-26,0.0
2014-01-27,0.0
2014-01-28,0.2
2014-01-29,0.0
2014-01-30,3.1
2014-01-31,0.0
2014-02-01,6.9
2014-02-02,5.0
2014-02-03,0.0
2014-02-04,0.0
2014-02-05,0.0
2014-02-06,0.9
2014-02-07,3.4
2014-02-08,4.1
2014-02-09,0.1
2014-02-10,0.8
2014-02-11,0.0
2014-02-12,0.0
2014-02-13,0.0
2014-02-14,0.0
2014-02-15,0.0
2014-02-16,0.0
2014-02-17,5.3
2014-02-18,0.9
2014-02-19,0.0
2014-02-20,0.0
2014-02-21,0.0
2014-02-22,0.30000000000000004
2014-02-23,0.0
2014-02-24,0.0
2014-02-25,0.0
2014-02-26,20.9
2014-02-27,1.1
2014-02-28,0.0
2014-03-01,1.1
2014-03-02,0.0
2014-03-03,0.0
2014-03-04,5.1
2014-03-05,1.3
2014-03-06,0.0
2014-03-07,0.0
2014-03-08,0.0
2014-03-09,0.1
2014-03-10,0.0
2014-03-11,0.0
2014-03-12,20.5
2014-03-13,26.099999999999998
2014-03-14,0.0
2014-03-15,0.0
2014-03-16,0.0
2014-03-17,0.0
2014-03-18,0.8
2014-03-19,0.0
2014-03-20,1.0
2014-03-21,0.0
2014-03-22,0.0
2014-03-23,0.0
2014-03-24,0.0
2014-03-25,8.6
2014-03-26,14.0
2014-03-27,0.0
2014-03-28,0.0
2014-03-29,26.8
2014-03-30,2.7
2014-03-31,0.2
2014-04-01,0.0
2014-04-02,0.0
2014-04-03,0.0
2014-04-04,0.0
2014-04-05,0.2
2014-04-06,0.0
2014-04-07,0.0
2014-04-08,0.0
2014-04-09,0.0
2014-04-10,0.0
2014-04-11,0.0
2014-04-12,0.0
2014-04-13,5.7
2014-04-14,0.0
2014-04-15,0.0
2014-04-16,0.0
2014-04-17,16.5
2014-04-18,1.5
2014-04-19,0.0
2014-04-20,0.0
2014-04-21,0.0
2014-04-22,0.0
2014-04-23,0.0
2014-04-24,0.0
2014-04-25,0.0
2014-04-26,0.0
2014-04-27,2.0
2014-04-28,47.6
2014-04-29,8.700000000000001
2014-04-30,4.8
2014-05-01,0.30000000000000004
2014-05-02,0.0
2014-05-03,0.0
2014-05-04,0.0
2014-05-05,0.0
2014-05-06,0.0
2014-05-07,0.0
2014-05-08,3.3
2014-05-09,0.0
2014-05-10,0.0
2014-05-11,0.9
2014-05-12,52.0
2014-05-13,0.0
2014-05-14,1.1
2014-05-15,0.0
2014-05-16,0.0
2014-05-17,0.0
2014-05-18,0.0
2014-05-19,0.0
2014-05-20,6.5
2014-05-21,0.0
2014-05-22,0.0
2014-05-23,0.0
2014-05-24,0.0
2014-05-25,10.6
2014-05-26,10.5
2014-05-27,0.0
2014-05-28,0.0
2014-05-29,0.0
2014-05-30,0.0
2014-05-31,0.0
2014-06-01,0.0
2014-06-02,5.8
2014-06-03,3.2
2014-06-04,1.1
2014-06-05,0.2
2014-06-06,0.0
2014-06-07,0.0
2014-06-08,0.0
2014-06-09,0.4
2014-06-10,6.5
2014-06-11,0.0
2014-06-12,15.0
2014-06-13,1.0
2014-06-14,0.0
2014-06-15,0.0
2014-06-16,0.0
2014-06-17,1.4000000000000001
2014-06-18,1.1
2014-06-19,0.0
2014-06-20,0.1
2014-06-21,2.6
2014-06-22,0.6
2014-06-23,0.9
2014-06-24,2.9
2014-06-25,0.0
2014-06-26,0.0
2014-06-27,0.0
2014-06-28,0.30000000000000004
2014-06-29,0.2
2014-06-30,0.5
2014-07-01,0.2
2014-07-02,3.4
2014-07-03,57.300000000000004
2014-07-04,0.39999999999999997
2014-07-05,0.0
2014-07-06,39.2
2014-07-07,3.7
2014-07-08,1.0
2014-07-09,6.5
2014-07-10,2.2
2014-07-11,0.0
2014-07-12,0.0
2014-07-13,31.7
2014-07-14,0.0
2014-07-15,2.8
2014-07-16,19.9
2014-07-17,20.2
2014-07-18,3.2
2014-07-19,10.1
2014-07-20,1.0
2014-07-21,0.0
2014-07-22,0.0
2014-07-23,0.0
2014-07-24,0.0
2014-07-25,1.9000000000000001
2014-07-26,1.6
2014-07-27,0.0
2014-07-28,0.2
2014-07-29,0.7000000000000001
2014-07-30,0.0
2014-07-31,0.0
2014-08-01,1.4000000000000001
2014-08-02,49.6
2014-08-03,84.3
2014-08-04,13.1
2014-08-05,3.2
2014-08-06,0.0
2014-08-07,4.2
2014-08-08,0.7
2014-08-09,0.8999999999999999
2014-08-10,2.8000000000000003
2014-08-11,1.6
2014-08-12,0.0
2014-08-13,1.0
2014-08-14,22.7
2014-08-15,16.9
2014-08-16,0.0
2014-08-17,1.1
2014-08-18,48.6
2014-08-19,10.6
2014-08-20,53.800000000000004
2014-08-21,45.4
2014-08-22,0.1
2014-08-23,0.0
2014-08-24,0.4
2014-08-25,32.2
2014-08-26,2.3
2014-08-27,6.7
2014-08-28,0.0
2014-08-29,8.3
2014-08-30,0.0
2014-08-31,0.0
2014-09-01,0.0
2014-09-02,5.6
2014-09-03,20.4
2014-09-04,0.30000000000000004
2014-09-05,0.0
2014-09-06,3.6
2014-09-07,0.0
2014-09-08,0.0
2014-09-09,0.0
2014-09-10,3.0
2014-09-11,0.0
2014-09-12,0.0
2014-09-13,0.0
2014-09-14,0.0
2014-09-15,0.0
2014-09-16,0.7
2014-09-17,1.5
2014-09-18,0.6000000000000001
2014-09-19,0.0
2014-09-20,0.0
2014-09-21,0.0
2014-09-22,0.0
2014-09-23,3.0
2014-09-24,52.0
2014-09-25,0.0
2014-09-26,0.0
2014-09-27,0.0
2014-09-28,0.0
2014-09-29,0.0
2014-09-30,0.0
2014-10-01,0.0
2014-10-02,0.0
2014-10-03,0.0
2014-10-04,0.0
2014-10-05,0.0
2014-10-06,0.0
2014-10-07,0.0
2014-10-08,0.0
2014-10-09,0.0
2014-10-10,0.0
2014-10-11,0.0
2014-10-12,0.7
2014-10-13,46.3
2014-10-14,0.0
2014-10-15,0.0
2014-10-16,0.0
2014-10-17,0.0
2014-10-18,0.0
2014-10-19,0.3
2014-10-20,4.1
2014-10-21,24.0
2014-10-22,12.5
2014-10-23,0.0
2014-10-24,0.0
2014-10-25,0.0
2014-10-26,0.0
2014-10-27,0.0
2014-10-28,0.0
2014-10-29,0.0
2014-10-30,0.0
2014-10-31,18.0
2014-11-01,8.6
2014-11-02,2.7
2014-11-03,0.0
2014-11-04,0.0
2014-11-05,0.0
2014-11-06,0.0
2014-11-07,0.0
2014-11-08,0.5
2014-11-09,1.3
2014-11-10,0.0
2014-11-11,0.0
2014-11-12,0.0
2014-11-13,0.0
2014-11-14,0.0
2014-11-15,0.0
2014-11-16,0.0
2014-11-17,0.0
2014-11-18,0.0
2014-11-19,0.0
2014-11-20,0.0
2014-11-21,0.0
2014-11-22,0.0
2014-11-23,0.0
2014-11-24,34.0
2014-11-25,11.799999999999999
2014-11-26,0.0
2014-11-27,0.0
2014-11-28,8.7
2014-11-29,0.0
2014-11-30,7.0
2014-12-01,0.5
2014-12-02,0.0
2014-12-03,0.0
2014-12-04,0.0
2014-12-05,0.0
2014-12-06,0.0
2014-12-07,0.0
2014-12-08,3.1
2014-12-09,0.0
2014-12-10,0.0
2014-12-11,0.0
2014-12-12,0.0
2014-12-13,0.0
2014-12-14,0.0
2014-12-15,1.7999999999999998
2014-12-16,11.0
2014-12-17,0.0
2014-12-18,0.0
2014-12-19,0.8999999999999999
2014-12-20,3.6
2014-12-21,0.0
2014-12-22,0.0
2014-12-23,0.0
2014-12-24,0.0
2014-12-25,0.0
2014-12-26,0.0
2014-12-27,0.0
2014-12-28,0.0
2014-12-29,0.0
2014-12-30,0.0
2014-12-31,0.0
2015-01-01,0.0
2015-01-02,0.0
2015-01-03,0.0
2015-01-04,0.0
2015-01-05,0.0
2015-01-06,9.5
2015-01-07,0.0
2015-01-08,0.0
2015-01-09,0.0
2015-01-10,0.0
2015-01-11,0.0
2015-01-12,0.0
2015-01-13,0.0
2015-01-14,1.7000000000000002
2015-01-15,1.3
2015-01-16,0.0
2015-01-17,0.0
2015-01-18,0.0
2015-01-19,0.0
2015-01-20,0.0
2015-01-21,5.3
2015-01-22,1.1
2015-01-23,0.0
2015-01-24,0.0
2015-01-25,0.7000000000000001
2015-01-26,4.9
2015-01-27,0.0
2015-01-28,0.0
2015-01-29,0.0
2015-01-30,0.8
2015-01-31,0.0
2015-02-01,0.0
2015-02-02,0.0
2015-02-03,0.0
2015-02-04,4.4
2015-02-05,0.0
2015-02-06,0.0
2015-02-07,0.0
2015-02-08,0.0
2015-02-09,0.0
2015-02-10,0.0
2015-02-11,0.0
2015-02-12,0.0
2015-02-13,0.0
2015-02-14,0.0
2015-02-15,1.8
2015-02-16,4.1
2015-02-17,0.0
2015-02-18,0.0
2015-02-19,0.0
2015-02-20,0.0
2015-02-21,11.6
2015-02-22,3.7
2015-02-23,0.0
2015-02-24,0.0
2015-02-25,0.0
2015-02-26,0.0
2015-02-27,0.0
2015-02-28,3.3
2015-03-01,5.1
2015-03-02,0.0
2015-03-03,8.9
2015-03-04,0.0
2015-03-05,0.0
2015-03-06,0.0
2015-03-07,0.0
2015-03-08,0.0
2015-03-09,0.2
2015-03-10,0.0
2015-03-11,0.0
2015-03-12,0.0
2015-03-13,2.5
2015-03-14,0.0
2015-03-15,0.0
2015-03-16,0.0
2015-03-17,0.0
2015-03-18,41.2
2015-03-19,0.9
2015-03-20,0.0
2015-03-21,0.0
2015-03-22,0.0
2015-03-23,0.0
2015-03-24,0.0
2015-03-25,0.0
2015-03-26,0.0
2015-03-27,0.0
2015-03-28,0.0
2015-03-29,0.0
2015-03-30,0.0
2015-03-31,1.8
2015-04-01,2.6
2015-04-02,2.8
2015-04-03,15.1
2015-04-04,16.0
2015-04-05,13.1
2015-04-06,9.3
2015-04-07,0.2
2015-04-08,0.0
2015-04-09,0.0
2015-04-10,0.0
2015-04-11,0.0
2015-04-12,4.1
2015-04-13,20.2
2015-04-14,3.8
2015-04-15,0.0
2015-04-16,1.0
2015-04-17,0.0
2015-04-18,1.1
2015-04-19,42.2
2015-04-20,6.5
2015-04-21,0.0
2015-04-22,0.0
2015-04-23,0.0
2015-04-24,0.0
2015-04-25,0.0
2015-04-26,0.0
2015-04-27,0.0
2015-04-28,4.0
2015-04-29,12.9
2015-04-30,1.5
2015-05-01,0.0
2015-05-02,0.0
2015-05-03,27.1
2015-05-04,0.1
2015-05-05,0.0
2015-05-06,0.0
2015-05-07,0.0
2015-05-08,0.0
2015-05-09,0.0
2015-05-10,0.0
2015-05-11,23.7
2015-05-12,29.4
2015-05-13,0.0
2015-05-14,0.0
2015-05-15,0.0
2015-05-16,0.0
2015-05-17,0.0
2015-05-18,8.2
2015-05-19,0.0
2015-05-20,0.2
2015-05-21,0.0
2015-05-22,0.0
2015-05-23,0.0
2015-05-24,0.0
2015-05-25,0.0
2015-05-26,0.0
2015-05-27,0.0
2015-05-28,0.0
2015-05-29,0.0
2015-05-30,4.2
2015-05-31,0.0
2015-06-01,0.0
2015-06-02,0.0
2015-06-03,0.0
2015-06-04,0.0
2015-06-05,7.6000000000000005
2015-06-06,0.0
2015-06-07,0.0
2015-06-08,4.8
2015-06-09,0.0
2015-06-10,0.0
2015-06-11,2.8
2015-06-12,0.0
2015-06-13,0.0
2015-06-14,1.0
2015-06-15,0.3
2015-06-16,1.3
2015-06-17,1.0
2015-06-18,0.2
2015-06-19,0.0
2015-06-20,5.2
2015-06-21,1.4
2015-06-22,0.0
2015-06-23,0.0
2015-06-24,0.0
2015-06-25,10.5
2015-06-26,29.7
2015-06-27,0.2
2015-06-28,0.0
2015-06-29,0.0
2015-06-30,39.7
2015-07-01,2.4000000000000004
2015-07-02,0.0
2015-07-03,0.0
2015-07-04,0.0
2015-07-05,0.0
2015-07-06,0.0
2015-07-07,42.1
2015-07-08,86.6
2015-07-09,1.1
2015-07-10,0.0
2015-07-11,5.5
2015-07-12,72.0
2015-07-13,5.1
2015-07-14,0.0
2015-07-15,0.0
2015-07-16,0.0
2015-07-17,5.5
2015-07-18,0.0
2015-07-19,1.2
2015-07-20,1.2
2015-07-21,0.3
2015-07-22,1.7
2015-07-23,7.2
2015-07-24,5.2
2015-07-25,0.0
2015-07-26,0.0
2015-07-27,0.2
2015-07-28,0.8
2015-07-29,0.7000000000000001
2015-07-30,0.0
2015-07-31,0.0
2015-08-01,0.0
2015-08-02,0.0
2015-08-03,0.0
2015-08-04,0.0
2015-08-05,0.0
2015-08-06,0.0
2015-08-07,0.0
2015-08-08,0.0
2015-08-09,0.0
2015-08-10,0.0
2015-08-11,1.7999999999999998
2015-08-12,41.8
2015-08-13,0.5
2015-08-14,0.0
2015-08-15,0.0
2015-08-16,5.2
2015-08-17,17.7
2015-08-18,0.0
2015-08-19,0.0
2015-08-20,3.5
2015-08-21,73.2
2015-08-22,0.9
2015-08-23,0.0
2015-08-24,4.3
2015-08-25,71.0
2015-08-26,1.2999999999999998
2015-08-27,1.2
2015-08-28,0.0
2015-08-29,0.0
2015-08-30,0.0
2015-08-31,0.2
2015-09-01,38.1
2015-09-02,4.1000000000000005
2015-09-03,1.9000000000000001
2015-09-04,1.0
2015-09-05,8.3
2015-09-06,19.3
2015-09-07,0.0
2015-09-08,0.0
2015-09-09,0.0
2015-09-10,0.0
2015-09-11,0.0
2015-09-12,5.4
2015-09-13,0.0
2015-09-14,0.0
2015-09-15,0.0
2015-09-16,7.9
2015-09-17,28.0
2015-09-18,2.0
2015-09-19,0.0
2015-09-20,0.0
2015-09-21,0.0
2015-09-22,0.0
2015-09-23,24.3
2015-09-24,13.5
2015-09-25,0.0
2015-09-26,0.0
2015-09-27,0.0
2015-09-28,0.0
2015-09-29,0.0
2015-09-30,1.3
2015-10-01,45.7
2015-10-02,0.0
2015-10-03,0.0
2015-10-04,0.0
2015-10-05,0.0
2015-10-06,0.0
2015-10-07,0.0
2015-10-08,0.0
2015-10-09,0.0
2015-10-10,0.4
2015-10-11,0.0
2015-10-12,0.0
2015-10-13,0.0
2015-10-14,0.0
2015-10-15,0.0
2015-10-16,0.0
2015-10-17,0.0
2015-10-18,0.0
2015-10-19,0.0
2015-10-20,0.0
2015-10-21,0.0
2015-10-22,0.0
2015-10-23,0.0
2015-10-24,0.0
2015-10-25,0.0
2015-10-26,0.0
2015-10-27,9.7
2015-10-28,0.0
2015-10-29,0.0
2015-10-30,0.0
2015-10-31,0.0
2015-11-01,1.8
2015-11-02,1.0
2015-11-03,0.0
2015-11-04,0.0
2015-11-05,0.0
2015-11-06,1.2000000000000002
2015-11-07,56.0
2015-11-08,22.900000000000002
2015-11-09,0.8
2015-11-10,0.4
2015-11-11,0.0
2015-11-12,0.0
2015-11-13,23.5
2015-11-14,0.0
2015-11-15,0.0
2015-11-16,4.8
2015-11-17,0.3
2015-11-18,5.9
2015-11-19,0.0
2015-11-20,0.30000000000000004
2015-11-21,0.0
2015-11-22,0.0
2015-11-23,5.3
2015-11-24,0.0
2015-11-25,3.0
2015-11-26,0.0
2015-11-27,0.0
2015-11-28,0.0
2015-11-29,0.0
2015-11-30,0.0
2015-12-01,0.0
2015-12-02,1.6
2015-12-03,0.0
2015-12-04,0.0
2015-12-05,0.0
2015-12-06,0.0
2015-12-07,0.0
2015-12-08,0.0
2015-12-09,0.0
2015-12-10,21.0
2015-12-11,12.299999999999999
2015-12-12,0.0
2015-12-13,0.0
2015-12-14,1.0
2015-12-15,1.9000000000000001
2015-12-16,0.0
2015-12-17,0.0
2015-12-18,0.0
2015-12-19,0.0
2015-12-20,1.6
2015-12-21,3.5
2015-12-22,0.5
2015-12-23,1.6
2015-12-24,0.0
2015-12-25,0.0
2015-12-26,0.0
2015-12-27,0.0
2015-12-28,0.0
2015-12-29,0.0
2015-12-30,0.0
2015-12-31,0.0
2016-01-01,0.0
2016-01-02,0.0
2016-01-03,0.0
2016-01-04,0.0
2016-01-05,0.30000000000000004
2016-01-06,0.0
2016-01-07,0.0
2016-01-08,0.0
2016-01-09,0.0
2016-01-10,0.0
2016-01-11,0.0
2016-01-12,0.0
2016-01-13,0.0
2016-01-14,0.0
2016-01-15,0.0
2016-01-16,0.0
2016-01-17,9.5
2016-01-18,0.5
2016-01-19,0.0
2016-01-20,0.0
2016-01-21,0.0
2016-01-22,0.0
2016-01-23,0.0
2016-01-24,0.0
2016-01-25,0.0
2016-01-26,0.0
2016-01-27,0.0
2016-01-28,15.4
2016-01-29,18.1
2016-01-30,0.2
2016-01-31,0.0
2016-02-01,0.0
2016-02-02,0.0
2016-02-03,0.0
2016-02-04,0.0
2016-02-05,0.0
2016-02-06,0.0
2016-02-07,0.0
2016-02-08,0.0
2016-02-09,0.0
2016-02-10,0.0
2016-02-11,0.0
2016-02-12,18.5
2016-02-13,23.4
2016-02-14,0.0
2016-02-15,0.0
2016-02-16,0.0
2016-02-17,0.0
2016-02-18,0.0
2016-02-19,0.0
2016-02-20,0.39999999999999997
2016-02-21,0.0
2016-02-22,0.0
2016-02-23,0.0
2016-02-24,0.0
2016-02-25,0.0
2016-02-26,0.2
2016-02-27,0.2
2016-02-28,1.4
2016-02-29,0.0
2016-03-01,0.0
2016-03-02,0.0
2016-03-03,0.0
2016-03-04,19.3
2016-03-05,7.4
2016-03-06,26.7
2016-03-07,0.0
2016-03-08,2.5
2016-03-09,6.4
2016-03-10,0.0
2016-03-11,0.0
2016-03-12,0.0
2016-03-13,0.0
2016-03-14,0.0
2016-03-15,0.0
2016-03-16,0.0
2016-03-17,0.0
2016-03-18,24.5
2016-03-19,0.0
2016-03-20,0.0
2016-03-21,0.0
2016-03-22,0.0
2016-03-23,0.4
2016-03-24,0.5
2016-03-25,1.0
2016-03-26,1.5
2016-03-27,0.2
2016-03-28,0.0
2016-03-29,0.0
2016-03-30,0.0
2016-03-31,0.0
2016-04-01,0.0
2016-04-02,0.0
2016-04-03,14.0
2016-04-04,1.9000000000000001
2016-04-05,0.0
2016-04-06,10.700000000000001
2016-04-07,41.2
2016-04-08,0.0
2016-04-09,0.0
2016-04-10,0.0
2016-04-11,0.0
2016-04-12,0.5
2016-04-13,26.0
2016-04-14,0.0
2016-04-15,0.0
2016-04-16,32.5
2016-04-17,25.0
2016-04-18,0.0
2016-04-19,0.0
2016-04-20,0.0
2016-04-21,28.8
2016-04-22,0.0
2016-04-23,0.0
2016-04-24,0.0
2016-04-25,0.0
2016-04-26,0.5
2016-04-27,36.0
2016-04-28,4.0
2016-04-29,0.0
2016-04-30,0.0
2016-05-01,0.0
2016-05-02,0.0
2016-05-03,59.3
2016-05-04,0.0
2016-05-05,0.0
2016-05-06,3.2
2016-05-07,0.0
2016-05-08,0.0
2016-05-09,1.1
2016-05-10,20.099999999999998
2016-05-11,0.0
2016-05-12,0.0
2016-05-13,0.5
2016-05-14,0.0
2016-05-15,2.5
2016-05-16,19.599999999999998
2016-05-17,0.0
2016-05-18,0.0
2016-05-19,0.0
2016-05-20,0.0
2016-05-21,0.0
2016-05-22,0.0
2016-05-23,0.0
2016-05-24,19.2
2016-05-25,0.0
2016-05-26,0.0
2016-05-27,0.0
2016-05-28,0.4
2016-05-29,0.5
2016-05-30,0.0
2016-05-31,0.0
2016-06-01,0.0
2016-06-02,0.0
2016-06-03,0.0
2016-06-04,6.4
2016-06-05,0.0
2016-06-06,1.1
2016-06-07,0.8
2016-06-08,4.5
2016-06-09,0.7999999999999999
2016-06-10,0.0
2016-06-11,0.0
2016-06-12,10.1
2016-06-13,2.6
2016-06-14,0.1
2016-06-15,0.4
2016-06-16,5.8
2016-06-17,0.0
2016-06-18,0.5
2016-06-19,12.1
2016-06-20,9.0
2016-06-21,0.0
2016-06-22,44.0
2016-06-23,0.0
2016-06-24,11.200000000000001
2016-06-25,0.0
2016-06-26,0.0
2016-06-27,0.8
2016-06-28,0.0
2016-06-29,5.9
2016-06-30,0.0
2016-07-01,20.5
2016-07-02,91.4
2016-07-03,17.9
2016-07-04,25.3
2016-07-05,8.2
2016-07-06,1.1
2016-07-07,1.4
2016-07-08,2.7
2016-07-09,0.0
2016-07-10,0.0
2016-07-11,4.5
2016-07-12,23.9
2016-07-13,3.6
2016-07-14,1.3
2016-07-15,0.0
2016-07-16,6.0
2016-07-17,0.0
2016-07-18,0.0
2016-07-19,0.0
2016-07-20,0.1
2016-07-21,0.0
2016-07-22,0.0
2016-07-23,0.0
2016-07-24,0.7000000000000001
2016-07-25,4.2
2016-07-26,0.7
2016-07-27,0.8999999999999999
2016-07-28,0.0
2016-07-29,0.30000000000000004
2016-07-30,0.2
2016-07-31,0.0
2016-08-01,4.1
2016-08-02,6.0
2016-08-03,19.7
2016-08-04,0.2
2016-08-05,0.2
2016-08-06,0.0
2016-08-07,0.0
2016-08-08,1.0
2016-08-09,0.1
2016-08-10,0.0
2016-08-11,0.2
2016-08-12,0.6000000000000001
2016-08-13,0.0
2016-08-14,0.0
2016-08-15,3.8
2016-08-16,32.5
2016-08-17,0.0
2016-08-18,0.0
2016-08-19,0.0
2016-08-20,0.0
2016-08-21,0.0
2016-08-22,0.0
2016-08-23,0.0
2016-08-24,0.0
2016-08-25,1.0
2016-08-26,0.2
2016-08-27,0.4
2016-08-28,56.3
2016-08-29,0.3
2016-08-30,0.0
2016-08-31,0.0
2016-09-01,1.2000000000000002
2016-09-02,91.0
2016-09-03,98.0
2016-09-04,0.2
2016-09-05,18.5
2016-09-06,0.0
2016-09-07,0.1
2016-09-08,3.5
2016-09-09,1.3
2016-09-10,0.30000000000000004
2016-09-11,0.4
2016-09-12,28.7
2016-09-13,0.0
2016-09-14,0.0
2016-09-15,0.0
2016-09-16,1.9000000000000001
2016-09-17,84.6
2016-09-18,5.7
2016-09-19,0.0
2016-09-20,0.0
2016-09-21,0.1
2016-09-22,1.5
2016-09-23,0.0
2016-09-24,0.0
2016-09-25,0.0
2016-09-26,0.4
2016-09-27,1.0
2016-09-28,53.1
2016-09-29,11.7
2016-09-30,35.3
2016-10-01,8.0
2016-10-02,0.5
2016-10-03,0.0
2016-10-04,0.3
2016-10-05,95.0
2016-10-06,0.0
2016-10-07,1.8
2016-10-08,23.2
2016-10-09,0.0
2016-10-10,0.0
2016-10-11,0.0
2016-10-12,0.0
2016-10-13,0.1
2016-10-14,0.0
2016-10-15,0.0
2016-10-16,30.4
2016-10-17,0.7
2016-10-18,0.2
2016-10-19,0.0
2016-10-20,0.0
2016-10-21,0.0
2016-10-22,0.9
2016-10-23,0.0
2016-10-24,0.0
2016-10-25,2.9999999999999996
2016-10-26,0.0
2016-10-27,0.0
2016-10-28,19.3
2016-10-29,0.0
2016-10-30,0.0
2016-10-31,0.4
2016-11-01,0.0
2016-11-02,0.0
2016-11-03,0.0
2016-11-04,0.0
2016-11-05,0.0
2016-11-06,0.0
2016-11-07,0.0
2016-11-08,0.30000000000000004
2016-11-09,0.0
2016-11-10,1.8
2016-11-11,0.0
2016-11-12,0.0
2016-11-13,0.5
2016-11-14,6.8999999999999995
2016-11-15,0.0
2016-11-16,0.0
2016-11-17,0.0
2016-11-18,24.7
2016-11-19,3.4000000000000004
2016-11-20,0.0
2016-11-21,0.0
2016-11-22,0.0
2016-11-23,0.0
2016-11-24,0.0
2016-11-25,0.0
2016-11-26,4.7
2016-11-27,0.1
2016-11-28,0.0
2016-11-29,0.0
2016-11-30,1.8
2016-12-01,0.0
2016-12-02,0.0
2016-12-03,0.0
2016-12-04,0.0
2016-12-05,0.0
2016-12-06,0.0
2016-12-07,0.0
2016-12-08,0.3
2016-12-09,0.0
2016-12-10,0.0
2016-12-11,0.0
2016-12-12,0.0
2016-12-13,0.0
2016-12-14,0.0
2016-12-15,0.0
2016-12-16,0.0
2016-12-17,0.0
2016-12-18,0.0
2016-12-19,20.0
2016-12-20,0.30000000000000004
2016-12-21,8.2
2016-12-22,40.9
2016-12-23,0.0
2016-12-24,0.0
2016-12-25,0.0
2016-12-26,18.7
2016-12-27,3.0
2016-12-28,0.0
2016-12-29,0.0
2016-12-30,0.0
2016-12-31,0.0
2017-01-01,0.0
2017-01-02,0.0
2017-01-03,0.0
2017-01-04,0.0
2017-01-05,0.8
2017-01-06,0.0
2017-01-07,0.7
2017-01-08,8.700000000000001
2017-01-09,0.0
2017-01-10,0.0
2017-01-11,0.0
2017-01-12,0.0
2017-01-13,0.0
2017-01-14,0.0
2017-01-15,0.0
2017-01-16,0.0
2017-01-17,0.0
2017-01-18,0.0
2017-01-19,0.0
2017-01-20,0.0
2017-01-21,0.0
2017-01-22,0.0
2017-01-23,0.0
2017-01-24,0.0
2017-01-25,0.0
2017-01-26,0.0
2017-01-27,0.0
2017-01-28,0.0
2017-01-29,6.6
2017-01-30,2.2
2017-01-31,0.0
2017-02-01,0.0
2017-02-02,0.0
2017-02-03,0.0
2017-02-04,1.0
2017-02-05,5.5
2017-02-06,0.0
2017-02-07,0.0
2017-02-08,0.2
2017-02-09,0.30000000000000004
2017-02-10,0.0
2017-02-11,0.0
2017-02-12,0.0
2017-02-13,0.0
2017-02-14,0.0
2017-02-15,0.0
2017-02-16,1.5
2017-02-17,2.4
2017-02-18,0.0
2017-02-19,1.1
2017-02-20,1.0
2017-02-21,0.0
2017-02-22,27.6
2017-02-23,2.6
2017-02-24,0.0
2017-02-25,0.0
2017-02-26,0.0
2017-02-27,1.5
2017-02-28,0.0
2017-03-01,1.2
2017-03-02,2.0
2017-03-03,0.0
2017-03-04,0.0
2017-03-05,0.0
2017-03-06,0.0
2017-03-07,0.0
2017-03-08,0.0
2017-03-09,0.0
2017-03-10,0.0
2017-03-11,0.0
2017-03-12,0.0
2017-03-13,0.0
2017-03-14,1.5
2017-03-15,0.3
2017-03-16,0.0
2017-03-17,0.0
2017-03-18,0.0
2017-03-19,0.0
2017-03-20,4.5
2017-03-21,5.5
2017-03-22,0.0
2017-03-23,0.0
2017-03-24,0.0
2017-03-25,0.4
2017-03-26,9.7
2017-03-27,2.6
2017-03-28,0.0
2017-03-29,2.4
2017-03-30,0.0
2017-03-31,3.5
2017-04-01,16.1
2017-04-02,0.7
2017-04-03,0.0
2017-04-04,0.0
2017-04-05,14.3
2017-04-06,32.0
2017-04-07,0.0
2017-04-08,0.0
2017-04-09,0.0
2017-04-10,1.7999999999999998
2017-04-11,13.9
2017-04-12,0.1
2017-04-13,0.0
2017-04-14,0.1
2017-04-15,0.5
2017-04-16,0.0
2017-04-17,29.5
2017-04-18,0.5
2017-04-19,0.0
2017-04-20,0.1
2017-04-21,0.0
2017-04-22,0.0
2017-04-23,0.0
2017-04-24,0.0
2017-04-25,2.1
2017-04-26,5.8
2017-04-27,0.0
2017-04-28,0.0
2017-04-29,0.0
2017-04-30,0.0
2017-05-01,0.0
2017-05-02,0.0
2017-05-03,0.0
2017-05-04,0.6
2017-05-05,3.6999999999999997
2017-05-06,0.0
2017-05-07,0.0
2017-05-08,0.0
2017-05-09,10.6
2017-05-10,0.39999999999999997
2017-05-11,1.6
2017-05-12,19.6
2017-05-13,0.0
2017-05-14,0.0
2017-05-15,0.0
2017-05-16,1.8
2017-05-17,8.9
2017-05-18,0.0
2017-05-19,0.0
2017-05-20,0.0
2017-05-21,0.0
2017-05-22,0.0
2017-05-23,1.2
2017-05-24,0.4
2017-05-25,0.0
2017-05-26,0.0
2017-05-27,0.0
2017-05-28,0.0
2017-05-29,0.0
2017-05-30,0.0
2017-05-31,0.0
2017-06-01,0.4
2017-06-02,0.0
2017-06-03,0.0
2017-06-04,0.0
2017-06-05,0.0
2017-06-06,2.8
2017-06-07,16.5
2017-06-08,0.0
2017-06-09,0.0
2017-06-10,0.5
2017-06-11,4.0
2017-06-12,0.0
2017-06-13,0.0
2017-06-14,0.0
2017-06-15,0.0
2017-06-16,0.0
2017-06-17,0.0
2017-06-18,0.0
2017-06-19,0.0
2017-06-20,6.0
2017-06-21,4.7
2017-06-22,0.0
2017-06-23,0.4
2017-06-24,1.9
2017-06-25,0.7
2017-06-26,3.1
2017-06-27,2.0
2017-06-28,0.0
2017-06-29,5.4
2017-06-30,1.4
2017-07-01,0.1
2017-07-02,11.4
2017-07-03,1.4000000000000001
2017-07-04,8.9
2017-07-05,7.1
2017-07-06,2.3000000000000003
2017-07-07,5.5
2017-07-08,1.8
2017-07-09,0.4
2017-07-10,25.7
2017-07-11,3.1
2017-07-12,0.0
2017-07-13,0.0
2017-07-14,0.4
2017-07-15,0.8
2017-07-16,0.30000000000000004
2017-07-17,1.2999999999999998
2017-07-18,7.7
2017-07-19,0.1
2017-07-20,0.0
2017-07-21,0.0
2017-07-22,0.0
2017-07-23,0.2
2017-07-24,2.7
2017-07-25,27.7
2017-07-26,0.0
2017-07-27,0.0
2017-07-28,0.0
2017-07-29,0.1
2017-07-30,0.0
2017-07-31,3.6999999999999997
2017-08-01,0.0
2017-08-02,0.0
2017-08-03,0.0
2017-08-04,0.0
2017-08-05,0.0
2017-08-06,0.0
2017-08-07,4.6
2017-08-08,0.2
2017-08-09,38.2
2017-08-10,4.5
2017-08-11,2.0
2017-08-12,0.0
2017-08-13,0.5
2017-08-14,96.2
2017-08-15,15.1
2017-08-16,8.3
2017-08-17,8.0
2017-08-18,2.1
2017-08-19,1.1
2017-08-20,4.7
2017-08-21,10.7
2017-08-22,14.4
2017-08-23,5.4
2017-08-24,3.5
2017-08-25,1.5
2017-08-26,0.0
2017-08-27,0.0
2017-08-28,0.0
2017-08-29,1.0
2017-08-30,0.0
2017-08-31,0.0
2017-09-01,0.1
2017-09-02,0.0
2017-09-03,0.0
2017-09-04,0.0
2017-09-05,2.4
2017-09-06,25.799999999999997
2017-09-07,24.5
2017-09-08,0.0
2017-09-09,0.0
2017-09-10,0.0
2017-09-11,107.89999999999999
2017-09-12,0.39999999999999997
2017-09-13,0.0
2017-09-14,0.0
2017-09-15,0.0
2017-09-16,0.30000000000000004
2017-09-17,6.7
2017-09-18,0.0
2017-09-19,0.0
2017-09-20,0.0
2017-09-21,0.0
2017-09-22,0.0
2017-09-23,0.0
2017-09-24,0.0
2017-09-25,0.0
2017-09-26,0.0
2017-09-27,20.5
2017-09-28,0.30000000000000004
2017-09-29,0.0
2017-09-30,0.0
2017-10-01,7.8
2017-10-02,44.7
2017-10-03,0.5
2017-10-04,4.9
2017-10-05,1.4
2017-10-06,5.5
2017-10-07,0.0
2017-10-08,0.0
2017-10-09,0.0
2017-10-10,0.0
2017-10-11,0.0
2017-10-12,12.0
2017-10-13,0.2
2017-10-14,0.0
2017-10-15,8.1
2017-10-16,1.1
2017-10-17,0.0
2017-10-18,0.4
2017-10-19,0.0
2017-10-20,0.0
2017-10-21,0.0
2017-10-22,0.0
2017-10-23,0.0
2017-10-24,0.6
2017-10-25,0.0
2017-10-26,0.0
2017-10-27,0.0
2017-10-28,0.8
2017-10-29,0.0
2017-10-30,0.0
2017-10-31,0.0
2017-11-01,0.0
2017-11-02,0.0
2017-11-03,0.0
2017-11-04,0.0
2017-11-05,0.0
2017-11-06,0.0
2017-11-07,0.4
2017-11-08,0.5
2017-11-09,0.0
2017-11-10,0.0
2017-11-11,0.0
2017-11-12,0.0
2017-11-13,0.0
2017-11-14,0.0
2017-11-15,0.0
2017-11-16,0.0
2017-11-17,0.1
2017-11-18,0.9
2017-11-19,0.0
2017-11-20,0.0
2017-11-21,0.0
2017-11-22,0.0
2017-11-23,0.0
2017-11-24,0.0
2017-11-25,0.0
2017-11-26,0.0
2017-11-27,0.30000000000000004
2017-11-28,0.0
2017-11-29,0.0
2017-11-30,0.0
2017-12-01,0.0
2017-12-02,0.0
2017-12-03,0.0
2017-12-04,0.0
2017-12-05,0.0
2017-12-06,0.0
2017-12-07,0.0
2017-12-08,0.0
2017-12-09,0.0
2017-12-10,2.5
2017-12-11,0.0
2017-12-12,0.0
2017-12-13,0.0
2017-12-14,0.0
2017-12-15,0.0
2017-12-16,0.0
2017-12-17,0.0
2017-12-18,0.0
2017-12-19,0.0
2017-12-20,0.0
2017-12-21,0.0
2017-12-22,0.0
2017-12-23,0.0
2017-12-24,15.200000000000001
2017-12-25,0.0
2017-12-26,0.0
2017-12-27,0.0
2017-12-28,0.0
2017-12-29,0.0
2017-12-30,0.0
2017-12-31,0.0
2018-01-01,0.0
2018-01-02,0.0
2018-01-03,0.0
2018-01-04,0.0
2018-01-05,0.5
2018-01-06,0.0
2018-01-07,0.5
2018-01-08,4.8
2018-01-09,0.0
2018-01-10,0.0
2018-01-11,0.0
2018-01-12,0.0
2018-01-13,0.0
2018-01-14,0.0
2018-01-15,0.0
2018-01-16,24.1
2018-01-17,5.0
2018-01-18,0.0
2018-01-19,0.0
2018-01-20,0.0
2018-01-21,0.0
2018-01-22,1.8
2018-01-23,0.0
2018-01-24,0.0
2018-01-25,0.0
2018-01-26,0.0
2018-01-27,0.0
2018-01-28,0.0
2018-01-29,0.0
2018-01-30,0.0
2018-01-31,0.0
2018-02-01,0.0
2018-02-02,0.0
2018-02-03,0.0
2018-02-04,0.0
2018-02-05,0.0
2018-02-06,0.0
2018-02-07,0.0
2018-02-08,0.0
2018-02-09,0.6
2018-02-10,0.5
2018-02-11,0.0
2018-02-12,0.0
2018-02-13,0.0
2018-02-14,0.0
2018-02-15,0.0
2018-02-16,0.0
2018-02-17,0.0
2018-02-18,0.0
2018-02-19,0.0
2018-02-20,0.0
2018-02-21,0.0
2018-02-22,0.0
2018-02-23,0.0
2018-02-24,0.0
2018-02-25,1.7
2018-02-26,0.0
2018-02-27,0.0
2018-02-28,47.300000000000004
2018-03-01,0.2
2018-03-02,0.0
2018-03-03,0.0
2018-03-04,4.1
2018-03-05,33.8
2018-03-06,0.0
2018-03-07,3.0999999999999996
2018-03-08,32.6
2018-03-09,0.0
2018-03-10,0.0
2018-03-11,0.0
2018-03-12,0.0
2018-03-13,0.0
2018-03-14,0.0
2018-03-15,36.4
2018-03-16,6.0
2018-03-17,0.0
2018-03-18,4.1
2018-03-19,41.9
2018-03-20,2.0
2018-03-21,41.0
2018-03-22,0.2
2018-03-23,0.0
2018-03-24,0.0
2018-03-25,0.0
2018-03-26,0.0
2018-03-27,0.0
2018-03-28,0.0
2018-03-29,0.0
2018-03-30,0.0
2018-03-31,0.0
2018-04-01,0.0
2018-04-02,0.0
2018-04-03,0.0
2018-04-04,7.2
2018-04-05,0.8
2018-04-06,19.9
2018-04-07,0.0
2018-04-08,0.0
2018-04-09,0.0
2018-04-10,0.39999999999999997
2018-04-11,2.1
2018-04-12,0.0
2018-04-13,0.3
2018-04-14,31.9
2018-04-15,0.1
2018-04-16,0.0
2018-04-17,0.0
2018-04-18,0.0
2018-04-19,0.0
2018-04-20,0.0
2018-04-21,0.0
2018-04-22,0.30000000000000004
2018-04-23,30.3
2018-04-24,37.300000000000004
2018-04-25,0.0
2018-04-26,0.0
2018-04-27,0.0
2018-04-28,0.0
2018-04-29,0.0
2018-04-30,0.0
2018-05-01,0.1
2018-05-02,11.299999999999999
2018-05-03,0.1
2018-05-04,0.0
2018-05-05,0.5
2018-05-06,34.8
2018-05-07,33.2
2018-05-08,0.0
2018-05-09,0.0
2018-05-10,0.0
2018-05-11,0.0
2018-05-12,2.6
2018-05-13,19.6
2018-05-14,0.0
2018-05-15,0.0
2018-05-16,0.1
2018-05-17,1.0
2018-05-18,12.200000000000001
2018-05-19,1.1
2018-05-20,0.2
2018-05-21,0.0
2018-05-22,1.3
2018-05-23,15.200000000000001
2018-05-24,0.0
2018-05-25,0.0
2018-05-26,0.0
2018-05-27,0.0
2018-05-28,5.1
2018-05-29,0.0
2018-05-30,0.2
2018-05-31,0.0
2018-06-01,0.0
2018-06-02,0.0
2018-06-03,0.0
2018-06-04,0.0
2018-06-05,4.7
2018-06-06,0.0
2018-06-07,0.0
2018-06-08,0.0
2018-06-09,0.2
2018-06-10,8.3
2018-06-11,14.7
2018-06-12,0.2
2018-06-13,0.0
2018-06-14,0.0
2018-06-15,0.0
2018-06-16,0.0
2018-06-17,0.0
2018-06-18,0.0
2018-06-19,13.1
2018-06-20,2.5
2018-06-21,0.0
2018-06-22,0.0
2018-06-23,0.5
2018-06-24,0.0
2018-06-25,0.0
2018-06-26,8.8
2018-06-27,37.8
2018-06-28,94.2
2018-06-29,27.9
2018-06-30,60.4
2018-07-01,31.1
2018-07-02,37.7
2018-07-03,80.5
2018-07-04,2.1
2018-07-05,18.1
2018-07-06,12.8
2018-07-07,0.2
2018-07-08,0.2
2018-07-09,3.7
2018-07-10,0.0
2018-07-11,0.0
2018-07-12,0.0
2018-07-13,0.0
2018-07-14,0.0
2018-07-15,0.0
2018-07-16,0.0
2018-07-17,0.0
2018-07-18,0.0
2018-07-19,0.0
2018-07-20,0.0
2018-07-21,0.0
2018-07-22,0.0
2018-07-23,0.0
2018-07-24,0.0
2018-07-25,0.0
2018-07-26,0.0
2018-07-27,0.4
2018-07-28,0.0
2018-07-29,2.9
2018-07-30,3.0
2018-07-31,0.0
2018-08-01,0.0
2018-08-02,0.0
2018-08-03,0.0
2018-08-04,0.0
2018-08-05,0.0
2018-08-06,2.7
2018-08-07,0.2
2018-08-08,0.2
2018-08-09,1.4
2018-08-10,9.6
2018-08-11,1.0
2018-08-12,0.4
2018-08-13,0.4
2018-08-14,0.0
2018-08-15,34.1
2018-08-16,30.8
2018-08-17,0.0
2018-08-18,0.0
2018-08-19,0.0
2018-08-20,0.0
2018-08-21,0.0
2018-08-22,0.1
2018-08-23,8.4
2018-08-24,11.7
2018-08-25,1.5
2018-08-26,8.5
2018-08-27,6.6
2018-08-28,3.0
2018-08-29,0.4
2018-08-30,16.1
2018-08-31,29.3
2018-09-01,33.6
2018-09-02,4.8999999999999995
2018-09-03,6.7
2018-09-04,33.5
2018-09-05,0.2
2018-09-06,0.1
2018-09-07,26.2
2018-09-08,0.8
2018-09-09,0.8
2018-09-10,0.1
2018-09-11,0.1
2018-09-12,0.0
2018-09-13,10.5
2018-09-14,34.1
2018-09-15,1.7
2018-09-16,0.30000000000000004
2018-09-17,0.2
2018-09-18,0.2
2018-09-19,3.4
2018-09-20,20.5
2018-09-21,27.4
2018-09-22,0.0
2018-09-23,0.0
2018-09-24,0.0
2018-09-25,0.2
2018-09-26,0.6000000000000001
2018-09-27,0.0
2018-09-28,0.1
2018-09-29,49.8
2018-09-30,8.2
2018-10-01,0.0
2018-10-02,0.0
2018-10-03,0.0
2018-10-04,3.9
2018-10-05,36.6
2018-10-06,73.0
2018-10-07,0.0
2018-10-08,0.0
2018-10-09,0.0
2018-10-10,0.5
2018-10-11,0.0
2018-10-12,0.0
2018-10-13,0.0
2018-10-14,0.0
2018-10-15,0.0
2018-10-16,0.1
2018-10-17,0.5
2018-10-18,0.1
2018-10-19,0.1
2018-10-20,0.0
2018-10-21,0.0
2018-10-22,1.1
2018-10-23,0.0
2018-10-24,0.0
2018-10-25,0.0
2018-10-26,6.2
2018-10-27,0.0
2018-10-28,0.0
2018-10-29,0.2
2018-10-30,0.0
2018-10-31,0.0
2018-11-01,0.0
2018-11-02,0.0
2018-11-03,0.0
2018-11-04,0.0
2018-11-05,0.0
2018-11-06,0.0
2018-11-07,0.0
2018-11-08,44.3
2018-11-09,2.2
2018-11-10,0.0
2018-11-11,2.3
2018-11-12,5.3999999999999995
2018-11-13,0.0
2018-11-14,0.0
2018-11-15,0.0
2018-11-16,0.7
2018-11-17,0.0
2018-11-18,0.0
2018-11-19,0.0
2018-11-20,0.0
2018-11-21,0.0
2018-11-22,0.0
2018-11-23,0.0
2018-11-24,1.0
2018-11-25,0.0
2018-11-26,0.0
2018-11-27,0.0
2018-11-28,0.0
2018-11-29,0.0
2018-11-30,0.0
2018-12-01,0.0
2018-12-02,2.9
2018-12-03,11.299999999999999
2018-12-04,13.3
2018-12-05,0.0
2018-12-06,2.1
2018-12-07,0.0
2018-12-08,0.0
2018-12-09,0.0
2018-12-10,0.0
2018-12-11,1.6
2018-12-12,0.0
2018-12-13,0.0
2018-12-14,0.0
2018-12-15,0.0
2018-12-16,3.4
2018-12-17,0.0
2018-12-18,0.0
2018-12-19,0.0
2018-12-20,0.0
2018-12-21,0.0
2018-12-22,0.9
2018-12-23,6.4
2018-12-24,0.0
2018-12-25,0.0
2018-12-26,0.5
2018-12-27,0.0
2018-12-28,0.0
2018-12-29,0.0
2018-12-30,0.0
2018-12-31,0.0
2019-01-01,0.0
2019-01-02,0.0
2019-01-03,0.0
2019-01-04,0.0
2019-01-05,0.0
2019-01-06,0.0
2019-01-07,0.0
2019-01-08,0.0
2019-01-09,0.0
2019-01-10,0.0
2019-01-11,0.0
2019-01-12,5.7
2019-01-13,0.0
2019-01-14,0.0
2019-01-15,0.0
2019-01-16,0.0
2019-01-17,0.0
2019-01-18,0.0
2019-01-19,0.5
2019-01-20,0.9
2019-01-21,0.0
2019-01-22,0.0
2019-01-23,0.0
2019-01-24,0.0
2019-01-25,0.0
2019-01-26,0.0
2019-01-27,0.0
2019-01-28,0.0
2019-01-29,0.0
2019-01-30,0.0
2019-01-31,10.0
2019-02-01,0.0
2019-02-02,0.0
2019-02-03,17.599999999999998
2019-02-04,0.0
2019-02-05,0.0
2019-02-06,0.0
2019-02-07,0.2
2019-02-08,0.0
2019-02-09,0.0
2019-02-10,0.9
2019-02-11,0.6
2019-02-12,0.0
2019-02-13,0.0
2019-02-14,0.0
2019-02-15,0.1
2019-02-16,0.0
2019-02-17,0.0
2019-02-18,0.2
2019-02-19,30.8
2019-02-20,0.0
2019-02-21,0.0
2019-02-22,0.2
2019-02-23,0.0
2019-02-24,0.0
2019-02-25,0.0
2019-02-26,0.0
2019-02-27,0.0
2019-02-28,1.0
2019-03-01,0.0
2019-03-02,0.0
2019-03-03,0.5
2019-03-04,2.0
2019-03-05,0.0
2019-03-06,3.1
2019-03-07,0.1
2019-03-08,0.0
2019-03-09,0.0
2019-03-10,24.9
2019-03-11,0.0
2019-03-12,0.5
2019-03-13,0.0
2019-03-14,0.0
2019-03-15,0.6000000000000001
2019-03-16,0.0
2019-03-17,0.0
2019-03-18,0.0
2019-03-19,0.0
2019-03-20,11.1
2019-03-21,13.299999999999999
2019-03-22,0.0
2019-03-23,0.1
2019-03-24,0.0
2019-03-25,0.0
2019-03-26,0.0
2019-03-27,0.0
2019-03-28,0.0
2019-03-29,0.1
2019-03-30,0.2
2019-03-31,0.0
2019-04-01,0.0
2019-04-02,0.0
2019-04-03,0.0
2019-04-04,0.0
2019-04-05,0.0
2019-04-06,0.0
2019-04-07,3.4
2019-04-08,0.0
2019-04-09,7.4
2019-04-10,16.1
2019-04-11,0.0
2019-04-12,0.30000000000000004
2019-04-13,0.0
2019-04-14,0.8
2019-04-15,0.0
2019-04-16,0.0
2019-04-17,0.0
2019-04-18,0.0
2019-04-19,0.0
2019-04-20,0.0
2019-04-21,0.0
2019-04-22,0.0
2019-04-23,9.5
2019-04-24,20.8
2019-04-25,2.4
2019-04-26,10.4
2019-04-27,0.0
2019-04-28,1.5999999999999999
2019-04-29,41.2
2019-04-30,0.2
2019-05-01,0.0
2019-05-02,0.0
2019-05-03,0.0
2019-05-04,0.0
2019-05-05,0.0
2019-05-06,1.4000000000000001
2019-05-07,0.0
2019-05-08,0.0
2019-05-09,0.0
2019-05-10,0.0
2019-05-11,0.0
2019-05-12,0.0
2019-05-13,0.0
2019-05-14,2.0
2019-05-15,0.0
2019-05-16,0.0
2019-05-17,0.0
2019-05-18,26.0
2019-05-19,21.3
2019-05-20,4.6000000000000005
2019-05-21,0.0
2019-05-22,0.0
2019-05-23,0.0
2019-05-24,0.0
2019-05-25,0.0
2019-05-26,0.0
2019-05-27,27.900000000000002
2019-05-28,0.0
2019-05-29,0.0
2019-05-30,0.0
2019-05-31,3.2
2019-06-01,0.0
2019-06-02,0.0
2019-06-03,0.0
2019-06-04,0.0
2019-06-05,0.0
2019-06-06,14.1
2019-06-07,38.9
2019-06-08,0.6
2019-06-09,0.0
2019-06-10,0.0
2019-06-11,0.0
2019-06-12,0.0
2019-06-13,0.0
2019-06-14,10.0
2019-06-15,10.5
2019-06-16,1.2
2019-06-17,1.2000000000000002
2019-06-18,0.2
2019-06-19,1.0
2019-06-20,0.0
2019-06-21,0.0
2019-06-22,0.0
2019-06-23,0.1
2019-06-24,0.5
2019-06-25,0.0
2019-06-26,46.9
2019-06-27,35.4
2019-06-28,0.8999999999999999
2019-06-29,89.8
2019-06-30,0.30000000000000004
2019-07-01,0.8
2019-07-02,0.0
2019-07-03,0.0
2019-07-04,0.0
2019-07-05,0.0
2019-07-06,0.0
2019-07-07,0.5
2019-07-08,6.3
2019-07-09,0.4
2019-07-10,22.9
2019-07-11,4.4
2019-07-12,0.8
2019-07-13,2.3000000000000003
2019-07-14,0.0
2019-07-15,0.30000000000000004
2019-07-16,0.0
2019-07-17,5.4
2019-07-18,42.1
2019-07-19,103.6
2019-07-20,202.79999999999998
2019-07-21,26.6
2019-07-22,0.0
2019-07-23,0.2
2019-07-24,0.6000000000000001
2019-07-25,0.8
2019-07-26,1.7
2019-07-27,18.6
2019-07-28,3.6
2019-07-29,1.5
2019-07-30,1.0
2019-07-31,0.0
2019-08-01,0.0
2019-08-02,0.0
2019-08-03,0.0
2019-08-04,0.0
2019-08-05,0.0
2019-08-06,60.1
2019-08-07,3.5
2019-08-08,0.5
2019-08-09,0.0
2019-08-10,0.0
2019-08-11,0.1
2019-08-12,0.0
2019-08-13,0.0
2019-08-14,7.9
2019-08-15,7.0
2019-08-16,0.2
2019-08-17,0.0
2019-08-18,0.30000000000000004
2019-08-19,2.6999999999999997
2019-08-20,2.1
2019-08-21,4.8
2019-08-22,23.5
2019-08-23,0.1
2019-08-24,0.0
2019-08-25,0.6000000000000001
2019-08-26,0.2
2019-08-27,22.5
2019-08-28,7.2
2019-08-29,15.200000000000001
2019-08-30,0.1
2019-08-31,0.0
2019-09-01,3.1999999999999997
2019-09-02,48.1
2019-09-03,24.3
2019-09-04,24.2
2019-09-05,2.1
2019-09-06,0.9
2019-09-07,12.0
2019-09-08,2.4
2019-09-09,1.0
2019-09-10,0.6000000000000001
2019-09-11,7.9
2019-09-12,1.8
2019-09-13,0.1
2019-09-14,0.0
2019-09-15,0.0
2019-09-16,0.0
2019-09-17,0.0
2019-09-18,0.0
2019-09-19,0.0
2019-09-20,0.8
2019-09-21,41.199999999999996
2019-09-22,154.5
2019-09-23,6.5
2019-09-24,0.0
2019-09-25,0.0
2019-09-26,0.0
2019-09-27,59.2
2019-09-28,21.9
2019-09-29,11.0
2019-09-30,4.1
2019-10-01,14.2
2019-10-02,44.9
2019-10-03,8.0
2019-10-04,0.0
2019-10-05,1.4
2019-10-06,0.3
2019-10-07,3.3
2019-10-08,0.0
2019-10-09,0.0
2019-10-10,0.0
2019-10-11,0.0
2019-10-12,0.0
2019-10-13,0.0
2019-10-14,0.0
2019-10-15,0.7
2019-10-16,0.0
2019-10-17,0.0
2019-10-18,27.2
2019-10-19,0.2
2019-10-20,0.0
2019-10-21,0.0
2019-10-22,0.0
2019-10-23,2.6
2019-10-24,2.7
2019-10-25,0.1
2019-10-26,0.0
2019-10-27,0.0
2019-10-28,0.0
2019-10-29,0.0
2019-10-30,0.0
2019-10-31,0.0
2019-11-01,0.0
2019-11-02,0.0
2019-11-03,0.0
2019-11-04,0.0
2019-11-05,0.0
2019-11-06,0.0
2019-11-07,0.0
2019-11-08,0.0
2019-11-09,0.0
2019-11-10,3.7
2019-11-11,2.0
2019-11-12,0.0
2019-11-13,0.3
2019-11-14,0.0
2019-11-15,0.0
2019-11-16,0.0
2019-11-17,3.6999999999999997
2019-11-18,8.1
2019-11-19,0.0
2019-11-20,0.0
2019-11-21,0.0
2019-11-22,0.0
2019-11-23,0.0
2019-11-24,3.6
2019-11-25,0.6000000000000001
2019-11-26,0.1
2019-11-27,0.0
2019-11-28,1.2
2019-11-29,0.0
2019-11-30,0.4
2019-12-01,23.1
2019-12-02,3.2
2019-12-03,0.0
2019-12-04,0.0
2019-12-05,0.0
2019-12-06,0.0
2019-12-07,0.0
2019-12-08,0.0
2019-12-09,0.0
2019-12-10,0.0
2019-12-11,0.0
2019-12-12,0.0
2019-12-13,0.0
2019-12-14,0.0
2019-12-15,0.0
2019-12-16,0.0
2019-12-17,0.6
2019-12-18,0.0
2019-12-19,0.0
2019-12-20,0.0
2019-12-21,0.0
2019-12-22,0.0
2019-12-23,0.0
2019-12-24,0.0
2019-12-25,0.0
2019-12-26,2.2
2019-12-27,0.0
2019-12-28,0.0
2019-12-29,5.5
2019-12-30,2.2
2019-12-31,0.0
2020-01-01,0.0
2020-01-02,0.0
2020-01-03,0.0
2020-01-04,0.0
2020-01-05,0.0
2020-01-06,9.4
2020-01-07,35.2
2020-01-08,1.8
2020-01-09,0.0
2020-01-10,0.0
2020-01-11,0.0
2020-01-12,0.0
2020-01-13,0.0
2020-01-14,0.0
2020-01-15,0.0
2020-01-16,0.0
2020-01-17,0.0
2020-01-18,6.2
2020-01-19,0.0
2020-01-20,0.0
2020-01-21,0.0
2020-01-22,6.6
2020-01-23,8.8
2020-01-24,0.0
2020-01-25,0.0
2020-01-26,0.0
2020-01-27,66.5
2020-01-28,2.1
2020-01-29,0.4
2020-01-30,0.1
2020-01-31,0.0
2020-02-01,0.0
2020-02-02,0.0
2020-02-03,0.0
2020-02-04,0.0
2020-02-05,0.0
2020-02-06,0.0
2020-02-07,0.0
2020-02-08,0.0
2020-02-09,0.0
2020-02-10,0.0
2020-02-11,0.30000000000000004
2020-02-12,36.0
2020-02-13,0.0
2020-02-14,0.0
2020-02-15,0.3
2020-02-16,7.7
2020-02-17,0.1
2020-02-18,0.0
2020-02-19,0.0
2020-02-20,0.0
2020-02-21,5.6
2020-02-22,3.0
2020-02-23,0.0
2020-02-24,0.0
2020-02-25,49.0
2020-02-26,1.7
2020-02-27,1.9
2020-02-28,2.1
2020-02-29,0.0
2020-03-01,0.0
2020-03-02,0.1
2020-03-03,0.0
2020-03-04,0.0
2020-03-05,0.0
2020-03-06,0.0
2020-03-07,3.8
2020-03-08,0.0
2020-03-09,7.8
2020-03-10,15.8
2020-03-11,0.0
2020-03-12,0.0
2020-03-13,0.0
2020-03-14,0.0
2020-03-15,0.30000000000000004
2020-03-16,0.0
2020-03-17,0.0
2020-03-18,0.0
2020-03-19,0.0
2020-03-20,0.0
2020-03-21,0.0
2020-03-22,0.0
2020-03-23,0.0
2020-03-24,0.0
2020-03-25,0.0
2020-03-26,14.2
2020-03-27,19.3
2020-03-28,0.2
2020-03-29,0.0
2020-03-30,0.0
2020-03-31,0.0
2020-04-01,6.6000000000000005
2020-04-02,0.1
2020-04-03,0.0
2020-04-04,0.1
2020-04-05,0.0
2020-04-06,0.0
2020-04-07,0.0
2020-04-08,0.0
2020-04-09,0.0
2020-04-10,0.0
2020-04-11,4.2
2020-04-12,14.4
2020-04-13,0.1
2020-04-14,0.0
2020-04-15,0.0
2020-04-16,0.0
2020-04-17,38.8
2020-04-18,0.0
2020-04-19,26.2
2020-04-20,0.7
2020-04-21,0.0
2020-04-22,0.0
2020-04-23,0.0
2020-04-24,0.0
2020-04-25,0.0
2020-04-26,0.0
2020-04-27,0.2
2020-04-28,0.0
2020-04-29,0.0
2020-04-30,0.0
2020-05-01,0.0
2020-05-02,0.1
2020-05-03,17.8
2020-05-04,0.4
2020-05-05,1.2
2020-05-06,0.0
2020-05-07,0.0
2020-05-08,0.0
2020-05-09,42.1
2020-05-10,0.0
2020-05-11,0.0
2020-05-12,0.0
2020-05-13,0.0
2020-05-14,0.0
2020-05-15,21.5
2020-05-16,5.1
2020-05-17,0.0
2020-05-18,1.3
2020-05-19,5.2
2020-05-20,0.0
2020-05-21,0.0
2020-05-22,0.0
2020-05-23,0.0
2020-05-24,0.0
2020-05-25,0.0
2020-05-26,0.1
2020-05-27,0.0
2020-05-28,0.0
2020-05-29,0.0
2020-05-30,0.0
2020-05-31,1.9000000000000001
2020-06-01,0.0
2020-06-02,0.0
2020-06-03,0.0
2020-06-04,0.0
2020-06-05,0.0
2020-06-06,0.3
2020-06-07,0.0
2020-06-08,0.0
2020-06-09,0.0
2020-06-10,0.0
2020-06-11,7.699999999999999
2020-06-12,5.0
2020-06-13,128.1
2020-06-14,32.0
2020-06-15,0.0
2020-06-16,0.0
2020-06-17,0.0
2020-06-18,31.7
2020-06-19,4.0
2020-06-20,0.0
2020-06-21,0.0
2020-06-22,0.0
2020-06-23,0.0
2020-06-24,24.4
2020-06-25,32.7
2020-06-26,0.0
2020-06-27,0.0
2020-06-28,1.8
2020-06-29,43.8
2020-06-30,33.5
2020-07-01,2.0
2020-07-02,0.0
2020-07-03,16.6
2020-07-04,7.6
2020-07-05,0.1
2020-07-06,4.8
2020-07-07,0.4
2020-07-08,0.5
2020-07-09,9.4
2020-07-10,63.7
2020-07-11,1.3
2020-07-12,37.7
2020-07-13,108.3
2020-07-14,3.5
2020-07-15,5.1
2020-07-16,0.30000000000000004
2020-07-17,0.0
2020-07-18,2.9
2020-07-19,5.3
2020-07-20,7.6
2020-07-21,16.5
2020-07-22,49.800000000000004
2020-07-23,95.5
2020-07-24,8.0
2020-07-25,4.3
2020-07-26,0.0
2020-07-27,66.7
2020-07-28,37.7
2020-07-29,11.3
2020-07-30,11.3
2020-07-31,0.4
2020-08-01,1.0
2020-08-02,0.5
2020-08-03,1.3
2020-08-04,0.6000000000000001
2020-08-05,1.1
2020-08-06,21.6
2020-08-07,33.7
2020-08-08,40.6
2020-08-09,18.7
2020-08-10,16.6
2020-08-11,10.1
2020-08-12,2.8000000000000003
2020-08-13,0.0
2020-08-14,0.5
2020-08-15,0.0
2020-08-16,0.0
2020-08-17,0.0
2020-08-18,0.0
2020-08-19,0.0
2020-08-20,0.0
2020-08-21,0.0
2020-08-22,0.0
2020-08-23,3.7
2020-08-24,1.1
2020-08-25,0.0
2020-08-26,27.8
2020-08-27,19.0
2020-08-28,13.8
2020-08-29,1.6
2020-08-30,5.4
2020-08-31,1.0
2020-09-01,0.1
2020-09-02,14.6
2020-09-03,41.7
2020-09-04,0.0
2020-09-05,42.8
2020-09-06,29.9
2020-09-07,72.5
2020-09-08,0.4
2020-09-09,5.7
2020-09-10,2.0
2020-09-11,6.7
2020-09-12,11.0
2020-09-13,0.2
2020-09-14,0.0
2020-09-15,0.5
2020-09-16,4.8
2020-09-17,12.6
2020-09-18,6.5
2020-09-19,0.0
2020-09-20,0.0
2020-09-21,0.0
2020-09-22,0.0
2020-09-23,0.4
2020-09-24,0.30000000000000004
2020-09-25,0.2
2020-09-26,0.0
2020-09-27,0.6
2020-09-28,0.0
2020-09-29,0.0
2020-09-30,0.2
2020-10-01,0.0
2020-10-02,0.0
2020-10-03,0.0
2020-10-04,1.6
2020-10-05,0.0
2020-10-06,0.0
2020-10-07,0.2
2020-10-08,0.0
2020-10-09,0.0
2020-10-10,0.0
2020-10-11,0.0
2020-10-12,0.0
2020-10-13,0.0
2020-10-14,0.0
2020-10-15,0.0
2020-10-16,1.6
2020-10-17,0.0
2020-10-18,0.0
2020-10-19,0.0
2020-10-20,0.0
2020-10-21,8.9
2020-10-22,15.5
2020-10-23,0.0
2020-10-24,0.0
2020-10-25,0.0
2020-10-26,0.0
2020-10-27,0.0
2020-10-28,0.0
2020-10-29,0.0
2020-10-30,0.1
2020-10-31,0.0
2020-11-01,0.30000000000000004
2020-11-02,6.7
2020-11-03,0.0
2020-11-04,0.0
2020-11-05,0.0
2020-11-06,0.1
2020-11-07,0.1
2020-11-08,0.0
2020-11-09,0.0
2020-11-10,0.0
2020-11-11,0.0
2020-11-12,0.0
2020-11-13,0.0
2020-11-14,0.0
2020-11-15,0.0
2020-11-16,0.0
2020-11-17,0.2
2020-11-18,1.8
2020-11-19,33.3
2020-11-20,0.0
2020-11-21,0.0
2020-11-22,2.0
2020-11-23,0.0
2020-11-24,0.0
2020-11-25,0.0
2020-11-26,0.0
2020-11-27,0.0
2020-11-28,0.0
2020-11-29,0.0
2020-11-30,0.0
2020-12-01,0.0
2020-12-02,0.0
2020-12-03,0.0
2020-12-04,0.0
2020-12-05,0.0
2020-12-06,0.0
2020-12-07,0.0
2020-12-08,0.0
2020-12-09,0.0
2020-12-10,0.0
2020-12-11,0.0
2020-12-12,0.0
2020-12-13,0.0
2020-12-14,0.0
2020-12-15,0.0
2020-12-16,0.0
2020-12-17,0.0
2020-12-18,0.0
2020-12-19,0.0
2020-12-20,0.0
2020-12-21,0.0
2020-12-22,0.0
2020-12-23,0.0
2020-12-24,0.0
2020-12-25,0.0
2020-12-26,0.0
2020-12-27,2.4
2020-12-28,0.1
2020-12-29,5.8
2020-12-30,3.4
2020-12-31,0.0
2021-01-01,0.0
2021-01-02,0.0
2021-01-03,0.0
2021-01-04,0.0
2021-01-05,0.0
2021-01-06,0.0
2021-01-07,0.0
2021-01-08,0.0
2021-01-09,0.0
2021-01-10,0.0
2021-01-11,0.8
2021-01-12,0.0
2021-01-13,0.0
2021-01-14,0.0
2021-01-15,0.0
2021-01-16,0.0
2021-01-17,0.0
2021-01-18,0.0
2021-01-19,0.0
2021-01-20,0.0
2021-01-21,1.5
2021-01-22,8.700000000000001
2021-01-23,5.3
2021-01-24,0.30000000000000004
2021-01-25,0.0
2021-01-26,17.5
2021-01-27,0.0
2021-01-28,0.0
2021-01-29,0.0
2021-01-30,0.0
2021-01-31,0.0
2021-02-01,18.2
2021-02-02,0.0
2021-02-03,0.0
2021-02-04,0.0
2021-02-05,0.0
2021-02-06,0.0
2021-02-07,0.0
2021-02-08,0.0
2021-02-09,0.0
2021-02-10,0.0
2021-02-11,0.0
2021-02-12,0.0
2021-02-13,0.0
2021-02-14,12.3
2021-02-15,4.3
2021-02-16,0.0
2021-02-17,0.0
2021-02-18,0.0
2021-02-19,0.0
2021-02-20,0.0
2021-02-21,0.0
2021-02-22,0.0
2021-02-23,0.0
2021-02-24,0.0
2021-02-25,3.8
2021-02-26,8.2
2021-02-27,0.0
2021-02-28,0.0
2021-03-01,45.300000000000004
2021-03-02,9.9
2021-03-03,0.0
2021-03-04,4.5
2021-03-05,5.1000000000000005
2021-03-06,0.0
2021-03-07,0.0
2021-03-08,0.0
2021-03-09,0.0
2021-03-10,0.0
2021-03-11,0.0
2021-03-12,24.3
2021-03-13,0.0
2021-03-14,0.1
2021-03-15,0.0
2021-03-16,2.5999999999999996
2021-03-17,0.0
2021-03-18,0.0
2021-03-19,0.0
2021-03-20,8.9
2021-03-21,0.5
2021-03-22,0.0
2021-03-23,0.0
2021-03-24,0.0
2021-03-25,0.1
2021-03-26,0.0
2021-03-27,10.899999999999999
2021-03-28,39.5
2021-03-29,0.0
2021-03-30,0.5
2021-03-31,0.0
2021-04-01,0.1
2021-04-02,0.1
2021-04-03,32.1
2021-04-04,34.0
2021-04-05,0.0
2021-04-06,0.0
2021-04-07,0.0
2021-04-08,0.0
2021-04-09,0.1
2021-04-10,0.0
2021-04-11,0.0
2021-04-12,22.6
2021-04-13,13.6
2021-04-14,0.0
2021-04-15,0.0
2021-04-16,0.0
2021-04-17,0.5
2021-04-18,0.0
2021-04-19,0.0
2021-04-20,0.0
2021-04-21,0.0
2021-04-22,0.0
2021-04-23,0.4
2021-04-24,0.0
2021-04-25,0.0
2021-04-26,0.0
2021-04-27,0.0
2021-04-28,0.0
2021-04-29,0.4
2021-04-30,2.7
2021-05-01,17.8
2021-05-02,2.5
2021-05-03,0.0
2021-05-04,20.5
2021-05-05,9.6
2021-05-06,0.0
2021-05-07,0.0
2021-05-08,0.0
2021-05-09,0.0
2021-05-10,0.1
2021-05-11,0.1
2021-05-12,0.0
2021-05-13,0.0
2021-05-14,0.0
2021-05-15,23.7
2021-05-16,46.7
2021-05-17,9.6
2021-05-18,2.2
2021-05-19,0.0
2021-05-20,26.1
2021-05-21,0.5
2021-05-22,0.0
2021-05-23,0.0
2021-05-24,2.0
2021-05-25,0.0
2021-05-26,2.2
2021-05-27,2.0
2021-05-28,3.8000000000000003
2021-05-29,0.0
2021-05-30,0.0
2021-05-31,0.0
2021-06-01,0.0
2021-06-02,0.0
2021-06-03,11.9
2021-06-04,2.0
2021-06-05,0.0
2021-06-06,0.0
2021-06-07,0.0
2021-06-08,0.0
2021-06-09,0.0
2021-06-10,0.0
2021-06-11,67.3
2021-06-12,20.2
2021-06-13,1.3
2021-06-14,0.2
2021-06-15,17.0
2021-06-16,12.4
2021-06-17,0.7000000000000001
2021-06-18,2.6
2021-06-19,0.1
2021-06-20,0.0
2021-06-21,0.0
2021-06-22,0.5
2021-06-23,0.0
2021-06-24,0.30000000000000004
2021-06-25,0.0
2021-06-26,1.3
2021-06-27,0.0
2021-06-28,0.0
2021-06-29,0.0
2021-06-30,0.0
2021-07-01,0.0
2021-07-02,0.5
2021-07-03,43.6
2021-07-04,27.3
2021-07-05,33.6
2021-07-06,53.0
2021-07-07,27.3
2021-07-08,11.8
2021-07-09,13.8
2021-07-10,0.9
2021-07-11,0.5
2021-07-12,2.0
2021-07-13,2.1
2021-07-14,2.7
2021-07-15,3.3
2021-07-16,5.5
2021-07-17,9.3
2021-07-18,3.2
2021-07-19,5.9
2021-07-20,0.30000000000000004
2021-07-21,0.0
2021-07-22,0.0
2021-07-23,0.0
2021-07-24,0.1
2021-07-25,0.0
2021-07-26,0.0
2021-07-27,0.0
2021-07-28,0.4
2021-07-29,0.0
2021-07-30,0.0
2021-07-31,2.6
2021-08-01,18.5
2021-08-02,2.3000000000000003
2021-08-03,0.4
2021-08-04,0.1
2021-08-05,0.0
2021-08-06,0.0
2021-08-07,4.9
2021-08-08,40.9
2021-08-09,18.1
2021-08-10,7.6000000000000005
2021-08-11,3.1
2021-08-12,2.2
2021-08-13,6.1
2021-08-14,17.4
2021-08-15,2.0
2021-08-16,1.8
2021-08-17,18.9
2021-08-18,28.7
2021-08-19,9.3
2021-08-20,2.5
2021-08-21,57.2
2021-08-22,1.1
2021-08-23,42.9
2021-08-24,51.5
2021-08-25,37.4
2021-08-26,5.1
2021-08-27,1.3
2021-08-28,1.7
2021-08-29,1.4000000000000001
2021-08-30,1.6999999999999997
2021-08-31,9.4
2021-09-01,34.5
2021-09-02,15.1
2021-09-03,7.8
2021-09-04,0.7
2021-09-05,1.2999999999999998
2021-09-06,7.2
2021-09-07,3.4
2021-09-08,9.4
2021-09-09,4.8
2021-09-10,6.2
2021-09-11,0.0
2021-09-12,0.0
2021-09-13,0.0
2021-09-14,16.2
2021-09-15,0.7000000000000001
2021-09-16,1.4
2021-09-17,57.4
2021-09-18,0.0
2021-09-19,0.0
2021-09-20,0.30000000000000004
2021-09-21,13.8
2021-09-22,0.1
2021-09-23,0.0
2021-09-24,0.0
2021-09-25,2.1
2021-09-26,0.0
2021-09-27,0.5
2021-09-28,3.7
2021-09-29,11.100000000000001
2021-09-30,30.8
2021-10-01,0.0
2021-10-02,0.0
2021-10-03,0.0
2021-10-04,0.0
2021-10-05,0.0
2021-10-06,0.0
2021-10-07,0.0
2021-10-08,0.0
2021-10-09,1.1
2021-10-10,0.2
2021-10-11,4.6000000000000005
2021-10-12,2.1
2021-10-13,2.2
2021-10-14,0.0
2021-10-15,0.1
2021-10-16,9.6
2021-10-17,0.0
2021-10-18,0.0
2021-10-19,0.0
2021-10-20,0.0
2021-10-21,14.200000000000001
2021-10-22,0.1
2021-10-23,0.0
2021-10-24,0.0
2021-10-25,0.0
2021-10-26,0.0
2021-10-27,0.0
2021-10-28,0.0
2021-10-29,0.0
2021-10-30,0.0
2021-10-31,0.0
2021-11-01,0.0
2021-11-02,0.0
2021-11-03,0.0
2021-11-04,0.0
2021-11-05,0.1
2021-11-06,0.1
2021-11-07,0.4
2021-11-08,16.5
2021-11-09,0.0
2021-11-10,0.0
2021-11-11,0.0
2021-11-12,0.0
2021-11-13,0.0
2021-11-14,0.0
2021-11-15,0.0
2021-11-16,0.0
2021-11-17,0.0
2021-11-18,0.0
2021-11-19,0.0
2021-11-20,0.0
2021-11-21,0.0
2021-11-22,0.8
2021-11-23,0.0
2021-11-24,0.0
2021-11-25,0.0
2021-11-26,0.0
2021-11-27,0.0
2021-11-28,0.0
2021-11-29,0.0
2021-11-30,35.6
2021-12-01,0.0
2021-12-02,0.0
2021-12-03,0.0
2021-12-04,0.0
2021-12-05,0.0
2021-12-06,0.1
2021-12-07,0.0
2021-12-08,0.0
2021-12-09,0.0
2021-12-10,0.0
2021-12-11,0.0
2021-12-12,0.2
2021-12-13,0.0
2021-12-14,0.0
2021-12-15,0.0
2021-12-16,3.4
2021-12-17,0.0
2021-12-18,0.0
2021-12-19,0.0
2021-12-20,0.0
2021-12-21,0.0
2021-12-22,0.0
2021-12-23,0.0
2021-12-24,0.0
2021-12-25,0.0
2021-12-26,0.0
2021-12-27,0.0
2021-12-28,0.0
2021-12-29,0.0
2021-12-30,0.0
2021-12-31,0.0
2022-01-01,0.0
2022-01-02,0.0
2022-01-03,0.0
2022-01-04,0.0
2022-01-05,1.1
2022-01-06,0.2
2022-01-07,0.0
2022-01-08,0.0
2022-01-09,0.0
2022-01-10,0.0
2022-01-11,0.0
2022-01-12,0.0
2022-01-13,0.0
2022-01-14,0.0
2022-01-15,0.0
2022-01-16,0.0
2022-01-17,0.0
2022-01-18,0.0
2022-01-19,0.0
2022-01-20,0.0
2022-01-21,0.0
2022-01-22,0.0
2022-01-23,0.1
2022-01-24,0.0
2022-01-25,0.0
2022-01-26,0.0
2022-01-27,0.0
2022-01-28,0.0
2022-01-29,0.0
2022-01-30,0.0
2022-01-31,0.0
2022-02-01,0.0
2022-02-02,0.0
2022-02-03,0.0
2022-02-04,0.0
2022-02-05,0.0
2022-02-06,0.0
2022-02-07,0.0
2022-02-08,0.0
2022-02-09,0.0
2022-02-10,0.0
2022-02-11,0.0
2022-02-12,0.0
2022-02-13,1.2000000000000002
2022-02-14,1.4000000000000001
2022-02-15,0.0
2022-02-16,0.0
2022-02-17,0.0
2022-02-18,0.0
2022-02-19,3.0
2022-02-20,0.0
2022-02-21,0.0
2022-02-22,0.0
2022-02-23,0.0
2022-02-24,0.0
2022-02-25,0.0
2022-02-26,0.0
2022-02-27,0.0
2022-02-28,0.0
2022-03-01,3.2
2022-03-02,0.0
2022-03-03,0.0
2022-03-04,0.0
2022-03-05,0.0
2022-03-06,0.0
2022-03-07,0.0
2022-03-08,0.0
2022-03-09,0.0
2022-03-10,0.0
2022-03-11,0.0
2022-03-12,0.7000000000000001
2022-03-13,12.6
2022-03-14,0.7000000000000001
2022-03-15,0.0
2022-03-16,0.0
2022-03-17,4.4
2022-03-18,30.2
2022-03-19,5.9
2022-03-20,0.30000000000000004
2022-03-21,0.30000000000000004
2022-03-22,1.0
2022-03-23,0.2
2022-03-24,0.0
2022-03-25,1.2999999999999998
2022-03-26,43.4
2022-03-27,0.0
2022-03-28,0.0
2022-03-29,0.0
2022-03-30,1.0
2022-03-31,1.9000000000000001
2022-04-01,0.0
2022-04-02,0.0
2022-04-03,0.0
2022-04-04,0.0
2022-04-05,0.0
2022-04-06,0.0
2022-04-07,2.1
2022-04-08,0.0
2022-04-09,0.0
2022-04-10,0.0
2022-04-11,0.0
2022-04-12,0.39999999999999997
2022-04-13,0.5
2022-04-14,2.8
2022-04-15,0.0
2022-04-16,0.0
2022-04-17,0.0
2022-04-18,0.0
2022-04-19,0.0
2022-04-20,0.0
2022-04-21,7.0
2022-04-22,0.0
2022-04-23,0.0
2022-04-24,0.0
2022-04-25,0.2
2022-04-26,96.7
2022-04-27,0.0
2022-04-28,0.0
2022-04-29,22.0
2022-04-30,0.0
2022-05-01,0.0
2022-05-02,7.5
2022-05-03,0.0
2022-05-04,0.0
2022-05-05,0.0
2022-05-06,0.0
2022-05-07,0.2
2022-05-08,0.0
2022-05-09,0.0
2022-05-10,0.7
2022-05-11,1.3
2022-05-12,8.7
2022-05-13,0.5
2022-05-14,0.0
2022-05-15,0.0
2022-05-16,0.0
2022-05-17,0.0
2022-05-18,0.0
2022-05-19,0.0
2022-05-20,0.0
2022-05-21,0.0
2022-05-22,0.0
2022-05-23,0.0
2022-05-24,0.0
2022-05-25,0.0
2022-05-26,0.0
2022-05-27,0.0
2022-05-28,0.0
2022-05-29,0.0
2022-05-30,0.4
2022-05-31,0.0
2022-06-01,0.0
2022-06-02,0.0
2022-06-03,0.0
2022-06-04,0.0
2022-06-05,30.3
2022-06-06,24.099999999999998
2022-06-07,0.7999999999999999
2022-06-08,1.0
2022-06-09,0.0
2022-06-10,0.0
2022-06-11,0.1
2022-06-12,0.0
2022-06-13,0.8
2022-06-14,32.3
2022-06-15,0.8
2022-06-16,0.0
2022-06-17,0.0
2022-06-18,0.0
2022-06-19,0.0
2022-06-20,0.0
2022-06-21,0.2
2022-06-22,0.0
2022-06-23,1.2000000000000002
2022-06-24,32.0
2022-06-25,3.3
2022-06-26,2.5
2022-06-27,16.5
2022-06-28,0.8
2022-06-29,4.8
2022-06-30,0.8999999999999999
2022-07-01,0.0
2022-07-02,0.0
2022-07-03,1.1
2022-07-04,2.0
2022-07-05,4.199999999999999
2022-07-06,3.4
2022-07-07,1.2000000000000002
2022-07-08,6.699999999999999
2022-07-09,1.6
2022-07-10,0.1
2022-07-11,12.5
2022-07-12,6.6
2022-07-13,1.5
2022-07-14,2.2
2022-07-15,0.5
2022-07-16,0.5
2022-07-17,0.2
2022-07-18,83.9
2022-07-19,3.9
2022-07-20,0.7
2022-07-21,9.0
2022-07-22,7.300000000000001
2022-07-23,0.8
2022-07-24,18.9
2022-07-25,1.5
2022-07-26,0.1
2022-07-27,0.0
2022-07-28,0.4
2022-07-29,0.0
2022-07-30,1.1
2022-07-31,6.1
2022-08-01,4.1
2022-08-02,13.7
2022-08-03,3.8
2022-08-04,4.1
2022-08-05,2.3000000000000003
2022-08-06,3.9
2022-08-07,0.6
2022-08-08,0.0
2022-08-09,0.0
2022-08-10,0.30000000000000004
2022-08-11,4.3
2022-08-12,7.6000000000000005
2022-08-13,5.0
2022-08-14,4.4
2022-08-15,1.0
2022-08-16,10.0
2022-08-17,46.8
2022-08-18,0.7
2022-08-19,0.0
2022-08-20,13.0
2022-08-21,0.0
2022-08-22,0.0
2022-08-23,1.0
2022-08-24,27.1
2022-08-25,0.0
2022-08-26,0.1
2022-08-27,0.0
2022-08-28,0.0
2022-08-29,0.0
2022-08-30,7.6
2022-08-31,19.6
2022-09-01,5.1
2022-09-02,32.9
2022-09-03,7.5
2022-09-04,2.3000000000000003
2022-09-05,7.4
2022-09-06,68.6
2022-09-07,0.0
2022-09-08,0.0
2022-09-09,0.0
2022-09-10,0.4
2022-09-11,0.0
2022-09-12,0.4
2022-09-13,7.2
2022-09-14,0.0
2022-09-15,0.0
2022-09-16,0.30000000000000004
2022-09-17,2.1
2022-09-18,44.6
2022-09-19,66.6
2022-09-20,0.0
2022-09-21,0.0
2022-09-22,0.0
2022-09-23,0.0
2022-09-24,0.0
2022-09-25,0.2
2022-09-26,0.9
2022-09-27,0.2
2022-09-28,0.0
2022-09-29,0.0
2022-09-30,0.0
2022-10-01,0.0
2022-10-02,0.1
2022-10-03,4.4
2022-10-04,4.1000000000000005
2022-10-05,1.5
2022-10-06,2.7
2022-10-07,2.0
2022-10-08,0.4
2022-10-09,6.4
2022-10-10,0.0
2022-10-11,0.0
2022-10-12,0.0
2022-10-13,0.0
2022-10-14,0.0
2022-10-15,0.0
2022-10-16,0.0
2022-10-17,0.0
2022-10-18,0.0
2022-10-19,0.0
2022-10-20,0.0
2022-10-21,0.0
2022-10-22,0.0
2022-10-23,0.0
2022-10-24,0.0
2022-10-25,0.0
2022-10-26,0.0
2022-10-27,0.0
2022-10-28,0.6
2022-10-29,1.2000000000000002
2022-10-30,1.3
2022-10-31,0.0
2022-11-01,0.0
2022-11-02,0.0
2022-11-03,0.0
2022-11-04,0.0
2022-11-05,0.0
2022-11-06,0.0
2022-11-07,0.0
2022-11-08,0.0
2022-11-09,0.0
2022-11-10,0.0
2022-11-11,0.0
2022-11-12,4.3
2022-11-13,5.6
2022-11-14,0.0
2022-11-15,0.0
2022-11-16,0.0
2022-11-17,0.0
2022-11-18,0.0
2022-11-19,0.0
2022-11-20,0.2
2022-11-21,0.0
2022-11-22,2.5
2022-11-23,0.0
2022-11-24,0.0
2022-11-25,0.0
2022-11-26,0.0
2022-11-27,0.0
2022-11-28,3.5
2022-11-29,10.8
2022-11-30,0.0
2022-12-01,0.0
2022-12-02,0.0
2022-12-03,0.0
2022-12-04,0.0
2022-12-05,0.0
2022-12-06,0.0
2022-12-07,0.0
2022-12-08,0.0
2022-12-09,0.0
2022-12-10,0.1
2022-12-11,0.0
2022-12-12,2.8
2022-12-13,0.0
2022-12-14,0.0
2022-12-15,0.0
2022-12-16,0.0
2022-12-17,0.0
2022-12-18,0.0
2022-12-19,0.0
2022-12-20,0.0
2022-12-21,12.1
2022-12-22,0.1
2022-12-23,0.0
2022-12-24,0.0
2022-12-25,0.0
2022-12-26,0.0
2022-12-27,0.0
2022-12-28,0.0
2022-12-29,0.0
2022-12-30,0.0
2022-12-31,0.0
2023-01-01,0.0
2023-01-02,0.0
2023-01-03,0.0
2023-01-04,0.0
2023-01-05,0.0
2023-01-06,0.0
2023-01-07,0.0
2023-01-08,0.0
2023-01-09,0.0
2023-01-10,0.0
2023-01-11,0.0
2023-01-12,5.3
2023-01-13,59.4
2023-01-14,1.5
2023-01-15,3.0
2023-01-16,0.0
2023-01-17,0.0
2023-01-18,0.0
2023-01-19,0.0
2023-01-20,0.0
2023-01-21,0.0
2023-01-22,0.4
2023-01-23,0.0
2023-01-24,0.0
2023-01-25,0.0
2023-01-26,0.0
2023-01-27,0.1
2023-01-28,0.0
2023-01-29,0.0
2023-01-30,0.0
2023-01-31,0.0
2023-02-01,0.0
2023-02-02,0.0
2023-02-03,0.0
2023-02-04,0.0
2023-02-05,0.0
2023-02-06,0.0
2023-02-07,0.0
2023-02-08,0.0
2023-02-09,2.0
2023-02-10,21.1
2023-02-11,0.0
2023-02-12,2.6
2023-02-13,3.4
2023-02-14,0.0
2023-02-15,0.5
2023-02-16,0.0
2023-02-17,0.6
2023-02-18,4.9
2023-02-19,2.1
2023-02-20,0.0
2023-02-21,0.0
2023-02-22,0.0
2023-02-23,1.4
2023-02-24,0.0
2023-02-25,0.0
2023-02-26,0.0
2023-02-27,0.0
2023-02-28,0.0
2023-03-01,3.0
2023-03-02,0.0
2023-03-03,0.0
2023-03-04,0.0
2023-03-05,0.0
2023-03-06,0.0
2023-03-07,0.0
2023-03-08,0.0
2023-03-09,1.2
2023-03-10,0.0
2023-03-11,0.0
2023-03-12,10.4
2023-03-13,0.0
2023-03-14,0.0
2023-03-15,2.4
2023-03-16,0.7
2023-03-17,0.2
2023-03-18,0.0
2023-03-19,0.0
2023-03-20,0.0
2023-03-21,1.9
2023-03-22,7.699999999999999
2023-03-23,39.9
2023-03-24,5.0
2023-03-25,1.2
2023-03-26,3.9
2023-03-27,0.1
2023-03-28,0.0
2023-03-29,0.0
2023-03-30,0.0
2023-03-31,0.0
2023-04-01,0.0
2023-04-02,0.0
2023-04-03,0.0
2023-04-04,0.4
2023-04-05,39.0
2023-04-06,0.8
2023-04-07,8.5
2023-04-08,0.0
2023-04-09,0.0
2023-04-10,0.0
2023-04-11,0.2
2023-04-12,0.0
2023-04-13,0.0
2023-04-14,4.6
2023-04-15,3.8000000000000003
2023-04-16,2.0
2023-04-17,0.0
2023-04-18,4.8999999999999995
2023-04-19,5.5
2023-04-20,0.0
2023-04-21,0.0
2023-04-22,0.0
2023-04-23,0.0
2023-04-24,0.0
2023-04-25,15.7
2023-04-26,0.1
2023-04-27,0.0
2023-04-28,0.2
2023-04-29,19.7
2023-04-30,0.0
2023-05-01,0.0
2023-05-02,0.0
2023-05-03,0.0
2023-05-04,4.4
2023-05-05,50.5
2023-05-06,43.5
2023-05-07,10.5
2023-05-08,0.0
2023-05-09,0.0
2023-05-10,0.0
2023-05-11,0.0
2023-05-12,1.2
2023-05-13,21.1
2023-05-14,0.0
2023-05-15,0.0
2023-05-16,0.0
2023-05-17,0.0
2023-05-18,20.7
2023-05-19,10.4
2023-05-20,0.0
2023-05-21,0.0
2023-05-22,3.5
2023-05-23,0.0
2023-05-24,0.0
2023-05-25,0.3
2023-05-26,1.1
2023-05-27,1.4
2023-05-28,7.1000000000000005
2023-05-29,72.5
2023-05-30,19.1
2023-05-31,0.0
2023-06-01,41.5
2023-06-02,6.2
2023-06-03,0.0
2023-06-04,0.0
2023-06-05,0.0
2023-06-06,0.1
2023-06-07,0.0
2023-06-08,0.2
2023-06-09,0.1
2023-06-10,0.0
2023-06-11,1.9
2023-06-12,2.5
2023-06-13,0.6000000000000001
2023-06-14,1.3
2023-06-15,13.2
2023-06-16,0.0
2023-06-17,0.0
2023-06-18,0.0
2023-06-19,0.0
2023-06-20,0.9
2023-06-21,32.9
2023-06-22,4.1
2023-06-23,0.0
2023-06-24,0.0
2023-06-25,46.4
2023-06-26,28.0
2023-06-27,9.7
2023-06-28,49.699999999999996
2023-06-29,5.8
2023-06-30,17.2
2023-07-01,4.2
2023-07-02,0.0
2023-07-03,0.9
2023-07-04,15.5
2023-07-05,39.1
2023-07-06,0.0
2023-07-07,21.599999999999998
2023-07-08,26.900000000000002
2023-07-09,5.9
2023-07-10,1.4
2023-07-11,8.1
2023-07-12,100.4
2023-07-13,17.7
2023-07-14,19.7
2023-07-15,7.1
2023-07-16,40.8
2023-07-17,5.7
2023-07-18,59.1
2023-07-19,11.5
2023-07-20,0.0
2023-07-21,0.0
2023-07-22,0.4
2023-07-23,9.7
2023-07-24,4.3
2023-07-25,2.2
2023-07-26,1.6
2023-07-27,0.0
2023-07-28,0.0
2023-07-29,0.0
2023-07-30,0.0
2023-07-31,0.0
2023-08-01,0.0
2023-08-02,0.1
2023-08-03,0.0
2023-08-04,0.0
2023-08-05,0.0
2023-08-06,0.1
2023-08-07,0.0
2023-08-08,0.0
2023-08-09,26.8
2023-08-10,117.1
2023-08-11,1.6
2023-08-12,1.6
2023-08-13,0.0
2023-08-14,0.0
2023-08-15,0.0
2023-08-16,0.30000000000000004
2023-08-17,0.2
2023-08-18,38.699999999999996
2023-08-19,10.6
2023-08-20,5.4
2023-08-21,0.0
2023-08-22,3.4
2023-08-23,3.5
2023-08-24,63.8
2023-08-25,0.4
2023-08-26,0.0
2023-08-27,0.5
2023-08-28,0.8
2023-08-29,17.3
2023-08-30,6.2
2023-08-31,22.1
2023-09-01,113.7
2023-09-02,34.1
2023-09-03,0.4
2023-09-04,0.7
2023-09-05,0.0
2023-09-06,0.7
2023-09-07,0.6
2023-09-08,0.1
2023-09-09,0.0
2023-09-10,0.0
2023-09-11,1.4000000000000001
2023-09-12,0.30000000000000004
2023-09-13,4.0
2023-09-14,7.2
2023-09-15,3.5
2023-09-16,10.899999999999999
2023-09-17,10.299999999999999
2023-09-18,0.30000000000000004
2023-09-19,0.0
2023-09-20,19.7
2023-09-21,17.3
2023-09-22,0.4
2023-09-23,0.0
2023-09-24,0.30000000000000004
2023-09-25,1.5
2023-09-26,5.2
2023-09-27,0.1
2023-09-28,0.0
2023-09-29,1.3
2023-09-30,2.6
2023-10-01,0.0
2023-10-02,0.0
2023-10-03,0.2
2023-10-04,0.0
2023-10-05,0.0
2023-10-06,0.0
2023-10-07,0.8
2023-10-08,3.2
2023-10-09,0.4
2023-10-10,0.0
2023-10-11,0.0
2023-10-12,0.0
2023-10-13,0.0
2023-10-14,0.2
2023-10-15,0.0
2023-10-16,0.0
2023-10-17,0.0
2023-10-18,0.0
2023-10-19,0.9
2023-10-20,1.2
2023-10-21,0.0
2023-10-22,0.0
2023-10-23,0.0
2023-10-24,0.0
2023-10-25,0.1
2023-10-26,0.0
2023-10-27,0.0
2023-10-28,0.0
2023-10-29,0.0
2023-10-30,0.0
2023-10-31,0.0
2023-11-01,0.0
2023-11-02,0.0
2023-11-03,0.0
2023-11-04,5.9
2023-11-05,0.5
2023-11-06,17.8
2023-11-07,0.0
2023-11-08,0.0
2023-11-09,0.0
2023-11-10,4.5
2023-11-11,0.0
2023-11-12,0.0
2023-11-13,0.0
2023-11-14,0.0
2023-11-15,0.0
2023-11-16,10.2
2023-11-17,0.0
2023-11-18,0.0
2023-11-19,0.0
2023-11-20,0.0
2023-11-21,0.0
2023-11-22,0.0
2023-11-23,0.0
2023-11-24,0.0
2023-11-25,0.0
2023-11-26,0.0
2023-11-27,0.0
2023-11-28,0.0
2023-11-29,0.0
2023-11-30,0.0
2023-12-01,0.0
2023-12-02,0.0
2023-12-03,0.0
2023-12-04,0.0
2023-12-05,0.0
2023-12-06,0.4
2023-12-07,0.0
2023-12-08,0.0
2023-12-09,0.0
2023-12-10,0.0
2023-12-11,34.3
2023-12-12,2.2
2023-12-13,0.0
2023-12-14,27.299999999999997
2023-12-15,29.7
2023-12-16,0.7000000000000001
2023-12-17,0.0
2023-12-18,0.0
2023-12-19,0.30000000000000004
2023-12-20,0.0
2023-12-21,0.0
2023-12-22,0.0
2023-12-23,0.0
2023-12-24,0.1
2023-12-25,0.0
2023-12-26,0.0
2023-12-27,0.0
2023-12-28,0.0
2023-12-29,0.0
2023-12-30,1.3
2023-12-31,1.2
2024-01-01,0.0
2024-01-02,0.0
2024-01-03,0.6
2024-01-04,0.0
2024-01-05,0.0
2024-01-06,0.0
2024-01-07,0.0
2024-01-08,0.0
2024-01-09,1.1
2024-01-10,5.300000000000001
2024-01-11,0.0
2024-01-12,0.0
2024-01-13,0.0
2024-01-14,0.0
2024-01-15,0.0
2024-01-16,0.0
2024-01-17,0.30000000000000004
2024-01-18,16.8
2024-01-19,0.9
2024-01-20,27.0
2024-01-21,2.5
2024-01-22,1.0
2024-01-23,0.0
2024-01-24,0.0
2024-01-25,0.0
2024-01-26,0.0
2024-01-27,0.0
2024-01-28,0.0
2024-01-29,0.0
2024-01-30,0.0
2024-01-31,0.2
2024-02-01,4.6
2024-02-02,0.8
2024-02-03,4.2
2024-02-04,2.8000000000000003
2024-02-05,19.2
2024-02-06,0.30000000000000004
2024-02-07,0.0
2024-02-08,0.0
2024-02-09,0.0
2024-02-10,0.0
2024-02-11,0.0
2024-02-12,0.0
2024-02-13,0.0
2024-02-14,2.8000000000000003
2024-02-15,0.6
2024-02-16,0.0
2024-02-17,0.0
2024-02-18,11.4
2024-02-19,48.6
2024-02-20,6.1
2024-02-21,8.4
2024-02-22,5.6
2024-02-23,0.5
2024-02-24,0.8999999999999999
2024-02-25,2.7
2024-02-26,0.0
2024-02-27,0.0
2024-02-28,0.0
2024-02-29,12.3
2024-03-01,0.0
2024-03-02,0.0
2024-03-03,0.1
2024-03-04,0.0
2024-03-05,15.3
2024-03-06,0.0
2024-03-07,1.0
2024-03-08,0.0
2024-03-09,0.0
2024-03-10,0.0
2024-03-11,4.5
2024-03-12,7.2
2024-03-13,0.0
2024-03-14,0.0
2024-03-15,0.0
2024-03-16,0.0
2024-03-17,0.1
2024-03-18,0.0
2024-03-19,0.6000000000000001
2024-03-20,0.0
2024-03-21,0.0
2024-03-22,6.5
2024-03-23,5.0
2024-03-24,4.9
2024-03-25,8.7
2024-03-26,17.2
2024-03-27,0.0
2024-03-28,48.0
2024-03-29,0.0
2024-03-30,1.6
2024-03-31,0.0
2024-04-01,0.0
2024-04-02,4.2
2024-04-03,54.4
2024-04-04,0.0
2024-04-05,0.0
2024-04-06,0.0
2024-04-07,0.0
2024-04-08,0.9
2024-04-09,0.7
2024-04-10,0.0
2024-04-11,0.0
2024-04-12,0.0
2024-04-13,0.0
2024-04-14,0.0
2024-04-15,15.9
2024-04-16,0.3
2024-04-17,0.0
2024-04-18,0.0
2024-04-19,0.0
2024-04-20,10.3
2024-04-21,4.2
2024-04-22,0.0
2024-04-23,13.700000000000001
2024-04-24,2.1
2024-04-25,0.0
2024-04-26,0.0
2024-04-27,0.0
2024-04-28,0.0
2024-04-29,30.8
2024-04-30,0.9
2024-05-01,0.9
2024-05-02,0.0
2024-05-03,0.0
2024-05-04,0.0
2024-05-05,31.4
2024-05-06,21.1
2024-05-07,6.7
2024-05-08,1.9
2024-05-09,0.0
2024-05-10,0.0
2024-05-11,0.8
2024-05-12,14.6
2024-05-13,0.0
2024-05-14,0.0
2024-05-15,3.9000000000000004
2024-05-16,2.0
2024-05-17,0.0
2024-05-18,0.0
2024-05-19,0.0
2024-05-20,0.0
2024-05-21,0.0
2024-05-22,0.0
2024-05-23,0.0
2024-05-24,0.0
2024-05-25,0.0
2024-05-26,9.1
2024-05-27,6.7
2024-05-28,0.0
2024-05-29,0.0
2024-05-30,0.2
2024-05-31,0.2
2024-06-01,0.0
2024-06-02,1.8
2024-06-03,0.7000000000000001
2024-06-04,0.0
2024-06-05,0.0
2024-06-06,0.0
2024-06-07,0.0
2024-06-08,27.8
2024-06-09,5.1000000000000005
2024-06-10,0.0
2024-06-11,0.0
2024-06-12,0.0
2024-06-13,0.0
2024-06-14,0.0
2024-06-15,7.4
2024-06-16,5.2
2024-06-17,0.0
2024-06-18,0.0
2024-06-19,0.0
2024-06-20,0.30000000000000004
2024-06-21,0.1
2024-06-22,55.199999999999996
2024-06-23,2.1
2024-06-24,0.0
2024-06-25,0.0
2024-06-26,0.0
2024-06-27,7.1
2024-06-28,2.1
2024-06-29,75.1
2024-06-30,42.0
2024-07-01,0.6000000000000001
2024-07-02,34.2
2024-07-03,2.9000000000000004
2024-07-04,0.0
2024-07-05,0.0
2024-07-06,0.2
2024-07-07,0.1
2024-07-08,0.4
2024-07-09,18.6
2024-07-10,31.0
2024-07-11,0.30000000000000004
2024-07-12,0.1
2024-07-13,0.7
2024-07-14,30.3
2024-07-15,20.900000000000002
2024-07-16,18.6
2024-07-17,2.5
2024-07-18,16.099999999999998
2024-07-19,30.400000000000002
2024-07-20,8.9
2024-07-21,0.4
2024-07-22,0.5
2024-07-23,3.0
2024-07-24,12.8
2024-07-25,2.1
2024-07-26,2.1
2024-07-27,3.0
2024-07-28,0.5
2024-07-29,0.0
2024-07-30,0.0
2024-07-31,0.0
2024-08-01,0.0
2024-08-02,0.0
2024-08-03,4.300000000000001
2024-08-04,0.8
2024-08-05,0.0
2024-08-06,3.1
2024-08-07,0.8999999999999999
2024-08-08,9.600000000000001
2024-08-09,2.2
2024-08-10,0.1
2024-08-11,0.0
2024-08-12,0.0
2024-08-13,0.0
2024-08-14,0.7
2024-08-15,2.5
2024-08-16,0.1
2024-08-17,0.4
2024-08-18,0.0
2024-08-19,2.0
2024-08-20,26.9
2024-08-21,30.2
2024-08-22,7.0
2024-08-23,0.0
2024-08-24,0.2
2024-08-25,0.4
2024-08-26,0.2
2024-08-27,3.4000000000000004
2024-08-28,7.1000000000000005
2024-08-29,8.3
2024-08-30,1.1
2024-08-31,0.0
2024-09-01,0.1
2024-09-02,2.2
2024-09-03,0.7000000000000001
2024-09-04,0.0
2024-09-05,0.0
2024-09-06,0.2
2024-09-07,2.3000000000000003
2024-09-08,0.6000000000000001
2024-09-09,0.0
2024-09-10,0.0
2024-09-11,22.599999999999998
2024-09-12,1.2000000000000002
2024-09-13,0.1
2024-09-14,0.2
2024-09-15,4.7
2024-09-16,2.9000000000000004
2024-09-17,0.2
2024-09-18,0.0
2024-09-19,0.0
2024-09-20,27.1
2024-09-21,158.1
2024-09-22,0.30000000000000004
2024-09-23,0.0
2024-09-24,0.1
2024-09-25,0.1
2024-09-26,0.4
2024-09-27,0.7
2024-09-28,0.7000000000000001
2024-09-29,0.1
2024-09-30,0.0
2024-10-01,0.7
2024-10-02,0.2
2024-10-03,16.8
2024-10-04,0.8
2024-10-05,0.0
2024-10-06,7.4
2024-10-07,7.8
2024-10-08,1.3
2024-10-09,0.30000000000000004
2024-10-10,0.5
2024-10-11,0.5
2024-10-12,0.0
2024-10-13,0.0
2024-10-14,13.4
2024-10-15,43.4
2024-10-16,0.0
2024-10-17,0.0
2024-10-18,19.4
2024-10-19,8.2
2024-10-20,0.0
2024-10-21,0.8
2024-10-22,157.1
2024-10-23,0.5
2024-10-24,0.0
2024-10-25,0.0
2024-10-26,0.0
2024-10-27,4.0
2024-10-28,3.0
2024-10-29,0.0
2024-10-30,0.0
2024-10-31,0.0
2024-11-01,46.8
2024-11-02,28.8
2024-11-03,0.0
2024-11-04,0.0
2024-11-05,0.0
2024-11-06,0.0
2024-11-07,0.0
2024-11-08,0.1
2024-11-09,0.0
2024-11-10,0.0
2024-11-11,0.0
2024-11-12,0.0
2024-11-13,0.5
2024-11-14,0.0
2024-11-15,1.3
2024-11-16,0.0
2024-11-17,0.0
2024-11-18,0.0
2024-11-19,0.0
2024-11-20,0.0
2024-11-21,0.0
2024-11-22,0.0
2024-11-23,0.0
2024-11-24,0.0
2024-11-25,0.1
2024-11-26,33.4
2024-11-27,0.0
2024-11-28,0.0
2024-11-29,0.0
2024-11-30,0.0
2024-12-01,0.4
2024-12-02,0.0
2024-12-03,0.0
2024-12-04,0.0
2024-12-05,0.0
2024-12-06,0.0
2024-12-07,0.0
2024-12-08,0.0
2024-12-09,0.0
2024-12-10,0.0
2024-12-11,0.0
2024-12-12,0.0
2024-12-13,0.0
2024-12-14,0.0
2024-12-15,0.1
2024-12-16,0.0
2024-12-17,0.0
2024-12-18,0.0
2024-12-19,0.0
2024-12-20,0.0
2024-12-21,0.0
2024-12-22,0.0
2024-12-23,0.0
2024-12-24,0.0
2024-12-25,0.0
2024-12-26,0.0
2024-12-27,0.0
2024-12-28,0.0
2024-12-29,0.0
2024-12-30,0.0
2024-12-31,0.0
2025-01-01,0.0
2025-01-02,0.0
2025-01-03,0.0
2025-01-04,0.0
2025-01-05,0.30000000000000004
2025-01-06,0.0
2025-01-07,0.0
2025-01-08,0.0
2025-01-09,0.0
2025-01-10,0.0
2025-01-11,0.0
2025-01-12,0.0
2025-01-13,0.0
2025-01-14,0.0
2025-01-15,0.0
2025-01-16,0.0
2025-01-17,0.0
2025-01-18,0.0
2025-01-19,0.0
2025-01-20,0.0
2025-01-21,0.0
2025-01-22,0.0
2025-01-23,0.0
2025-01-24,0.0
2025-01-25,0.30000000000000004
2025-01-26,0.0
2025-01-27,5.1
2025-01-28,0.0
2025-01-29,0.0
2025-01-30,0.0
2025-01-31,0.30000000000000004
2025-02-01,16.4
2025-02-02,0.0
2025-02-03,0.0
2025-02-04,0.0
2025-02-05,0.0
2025-02-06,0.0
2025-02-07,0.30000000000000004
2025-02-08,0.0
2025-02-09,0.0
2025-02-10,0.0
2025-02-11,0.0
2025-02-12,8.700000000000001
2025-02-13,0.0
2025-02-14,0.0
2025-02-15,0.0
2025-02-16,0.0
2025-02-17,0.0
2025-02-18,0.0
2025-02-19,0.0
2025-02-20,0.0
2025-02-21,0.0
2025-02-22,0.0
2025-02-23,0.0
2025-02-24,0.0
2025-02-25,0.0
2025-02-26,0.0
2025-02-27,0.0
2025-02-28,0.0
2025-03-01,0.7
2025-03-02,4.2
2025-03-03,21.1
2025-03-04,16.4
2025-03-05,0.0
2025-03-06,0.4
2025-03-07,0.1
2025-03-08,2.0
2025-03-09,0.0
2025-03-10,0.0
2025-03-11,0.0
2025-03-12,0.0
2025-03-13,0.0
2025-03-14,0.0
2025-03-15,5.5
2025-03-16,8.2
2025-03-17,0.0
2025-03-18,3.3000000000000003
2025-03-19,0.0
2025-03-20,0.0
2025-03-21,0.0
2025-03-22,0.0
2025-03-23,0.0
2025-03-24,0.2
2025-03-25,0.0
2025-03-26,0.6000000000000001
2025-03-27,5.2
2025-03-28,2.5
2025-03-29,0.0
2025-03-30,0.0
2025-03-31,0.0
2025-04-01,0.0
2025-04-02,1.7999999999999998
2025-04-03,0.7999999999999999
2025-04-04,0.4
2025-04-05,0.4
2025-04-06,0.0
2025-04-07,0.0
2025-04-08,0.0
2025-04-09,1.8
2025-04-10,0.0
2025-04-11,0.0
2025-04-12,13.5
2025-04-13,27.1
2025-04-14,3.0999999999999996
2025-04-15,0.0
2025-04-16,0.0
2025-04-17,0.0
2025-04-18,0.0
2025-04-19,0.5
2025-04-20,2.4
2025-04-21,0.0
2025-04-22,37.800000000000004
2025-04-23,0.0
2025-04-24,0.0
2025-04-25,0.0
2025-04-26,0.0
2025-04-27,0.0
2025-04-28,0.2
2025-04-29,0.0
2025-04-30,0.0
2025-05-01,21.599999999999998
2025-05-02,0.2
2025-05-03,10.1
2025-05-04,0.0
2025-05-05,5.6000000000000005
2025-05-06,7.6000000000000005
2025-05-07,0.1
2025-05-08,0.0
2025-05-09,36.4
2025-05-10,0.4
2025-05-11,0.5
2025-05-12,0.0
2025-05-13,0.0
2025-05-14,0.0
2025-05-15,1.7
2025-05-16,57.1
2025-05-17,4.7
2025-05-18,0.0
2025-05-19,0.0
2025-05-20,0.0
2025-05-21,0.1
2025-05-22,0.2
2025-05-23,0.0
2025-05-24,8.2
2025-05-25,0.5
2025-05-26,0.0
2025-05-27,0.0
2025-05-28,0.1
2025-05-29,0.0
2025-05-30,0.0
2025-05-31,0.0
2025-06-01,0.0
2025-06-02,3.6
2025-06-03,4.2
2025-06-04,0.0
2025-06-05,0.0
2025-06-06,0.0
2025-06-07,0.0
2025-06-08,0.0
2025-06-09,0.0
2025-06-10,0.1
2025-06-11,0.0
2025-06-12,0.0
2025-06-13,6.7
2025-06-14,67.8
2025-06-15,4.1
2025-06-16,19.0
2025-06-17,0.0
2025-06-18,0.0
2025-06-19,0.0
2025-06-20,3.2
2025-06-21,16.9
2025-06-22,28.7
2025-06-23,0.0
2025-06-24,14.3
2025-06-25,16.4
2025-06-26,0.0
2025-06-27,0.0
2025-06-28,0.0
2025-06-29,0.0
2025-06-30,0.0
2025-07-01,0.0
2025-07-02,0.0
2025-07-03,0.0
2025-07-04,0.0
2025-07-05,0.0
2025-07-06,0.0
2025-07-07,0.0
2025-07-08,0.0
2025-07-09,0.0
2025-07-10,0.0
2025-07-11,0.0
2025-07-12,0.0
2025-07-13,28.1
2025-07-14,43.8
2025-07-15,2.5
2025-07-16,3.7
2025-07-17,18.4
2025-07-18,22.6
2025-07-19,32.1
2025-07-20,0.0
2025-07-21,0.9
2025-07-22,0.7000000000000001
2025-07-23,0.0
2025-07-24,0.0
2025-07-25,0.1
2025-07-26,0.0
2025-07-27,0.0
2025-07-28,0.0
2025-07-29,0.0
2025-07-30,0.0
2025-07-31,0.0
2025-08-01,0.0
2025-08-02,0.5
2025-08-03,2.9
2025-08-04,15.5
2025-08-05,3.6
2025-08-06,4.6
2025-08-07,6.6000000000000005
2025-08-08,0.7999999999999999
2025-08-09,30.5
2025-08-10,72.5
2025-08-11,37.9
2025-08-12,34.6
2025-08-13,1.9
2025-08-14,1.1
2025-08-15,3.2
2025-08-16,0.4
2025-08-17,0.0
2025-08-18,0.0
2025-08-19,0.0
2025-08-20,1.0
2025-08-21,0.0
2025-08-22,0.7000000000000001
2025-08-23,0.1
2025-08-24,0.8
2025-08-25,0.30000000000000004
2025-08-26,0.30000000000000004
2025-08-27,2.2
2025-08-28,0.4
2025-08-29,0.0
2025-08-30,0.0
2025-08-31,12.4
2025-09-01,7.8999999999999995
2025-09-02,21.9
2025-09-03,2.7
2025-09-04,0.2
2025-09-05,0.0
2025-09-06,0.8
2025-09-07,1.1
2025-09-08,0.2
2025-09-09,19.400000000000002
2025-09-10,19.599999999999998
2025-09-11,0.1
2025-09-12,0.5
2025-09-13,9.1
2025-09-14,0.2
2025-09-15,2.2
2025-09-16,0.2
2025-09-17,2.4
2025-09-18,1.2999999999999998
2025-09-19,0.0
2025-09-20,8.0
2025-09-21,0.0
2025-09-22,0.6000000000000001
2025-09-23,0.0
2025-09-24,2.5999999999999996
2025-09-25,11.6
2025-09-26,0.0
2025-09-27,0.0
2025-09-28,2.6
2025-09-29,0.30000000000000004
2025-09-30,0.1
2025-10-01,0.0
2025-10-02,1.1
2025-10-03,51.7
2025-10-04,18.0
2025-10-05,0.8
2025-10-06,9.3
2025-10-07,4.3999999999999995
2025-10-08,0.2
2025-10-09,0.1
2025-10-10,0.0
2025-10-11,0.0
2025-10-12,1.7
2025-10-13,2.0
2025-10-14,20.400000000000002
2025-10-15,0.1
2025-10-16,30.5
2025-10-17,0.1
2025-10-18,11.3
2025-10-19,0.9
2025-10-20,0.0
2025-10-21,0.30000000000000004
2025-10-22,3.8
2025-10-23,0.8
2025-10-24,2.4
2025-10-25,1.3
2025-10-26,1.2
2025-10-27,0.0
2025-10-28,0.0
2025-10-29,0.0
2025-10-30,0.0
2025-10-31,0.0
2025-11-01,0.0
2025-11-02,0.0
2025-11-03,0.0
2025-11-04,0.0
2025-11-05,0.0
2025-11-06,0.0
2025-11-07,0.0
2025-11-08,5.5
2025-11-09,19.3
2025-11-10,0.0
2025-11-11,0.0
2025-11-12,0.0
2025-11-13,0.0
2025-11-14,0.0
2025-11-15,0.0
2025-11-16,0.0
2025-11-17,0.0
2025-11-18,0.0
2025-11-19,0.0
2025-11-20,0.0
2025-11-21,0.0
2025-11-22,0.0
2025-11-23,0.0
2025-11-24,0.0
2025-11-25,0.2
2025-11-26,0.0
2025-11-27,2.0
2025-11-28,0.0
2025-11-29,0.0
2025-11-30,0.0
2025-12-01,0.0
2025-12-02,0.0
2025-12-03,0.0
2025-12-04,0.0
2025-12-05,0.0
2025-12-06,0.0
2025-12-07,0.0
2025-12-08,0.0
2025-12-09,0.0
2025-12-10,0.0
2025-12-11,0.0
2025-12-12,1.0
2025-12-13,4.9
2025-12-14,0.0
2025-12-15,0.0
2025-12-16,0.0
2025-12-17,0.0
2025-12-18,0.0
2025-12-19,0.30000000000000004
2025-12-20,2.6
2025-12-21,0.0
2025-12-22,0.0
2025-12-23,2.0
2025-12-24,19.1
2025-12-25,0.0
2025-12-26,0.0
2025-12-27,0.0
2025-12-28,0.0
2025-12-29,0.2
2025-12-30,0.0
2025-12-31,0.0
2026-01-01,0.0
2026-01-02,0.0
2026-01-03,0.0
2026-01-04,0.0
2026-01-05,0.0
2026-01-06,0.0
2026-01-07,0.0
2026-01-08,0.0
2026-01-09,0.0
2026-01-10,0.1
2026-01-11,0.0
2026-01-12,0.0
2026-01-13,0.0
2026-01-14,0.0
2026-01-15,0.0
2026-01-16,0.0
2026-01-17,0.0
2026-01-18,0.0
2026-01-19,0.0
2026-01-20,0.0
2026-01-21,0.0
2026-01-22,0.0
2026-01-23,0.0
2026-01-24,0.0
2026-01-25,0.0
2026-01-26,0.0
2026-01-27,0.0
2026-01-28,0.0
2026-01-29,0.0
2026-01-30,0.0
2026-01-31,0.0
2026-02-01,0.0
2026-02-02,0.6
2026-02-03,0.0
2026-02-04,0.0
2026-02-05,0.0
2026-02-06,0.0
2026-02-07,0.0
2026-02-08,0.0
2026-02-09,0.0
2026-02-10,1.6
2026-02-11,0.0
2026-02-12,0.0
2026-02-13,0.0
2026-02-14,0.0
2026-02-15,0.0
2026-02-16,0.1
2026-02-17,0.0
2026-02-18,0.0
2026-02-19,0.0
2026-02-20,0.0
2026-02-21,0.0
2026-02-22,0.0
2026-02-23,0.0
2026-02-24,25.9
2026-02-25,0.30000000000000004
2026-02-26,0.30000000000000004
2026-02-27,7.6
2026-02-28,0.0
2026-03-01,0.0
2026-03-02,27.9
2026-03-03,3.9000000000000004
2026-03-04,0.0
2026-03-05,0.0
2026-03-06,3.4000000000000004
2026-03-07,0.0
2026-03-08,0.0
2026-03-09,0.0
2026-03-10,0.0
2026-03-11,0.0
2026-03-12,0.4
2026-03-13,0.6000000000000001
2026-03-14,0.0
2026-03-15,0.0
2026-03-16,0.30000000000000004
2026-03-17,0.2
2026-03-18,7.3999999999999995
2026-03-19,0.0
2026-03-20,0.0
2026-03-21,0.0
2026-03-22,0.0
2026-03-23,0.0
2026-03-24,0.0
2026-03-25,1.6
2026-03-26,0.0
2026-03-27,0.0
2026-03-28,0.0
2026-03-29,0.0
2026-03-30,13.5
2026-03-31,16.6
2026-04-01,3.4000000000000004
2026-04-02,0.6
2026-04-03,0.6
2026-04-04,41.7
2026-04-05,0.0
2026-04-06,12.5
2026-04-07,0.0
2026-04-08,0.0
2026-04-09,55.7
2026-04-10,1.9
2026-04-11,0.0
2026-04-12,0.0
2026-04-13,0.0
2026-04-14,0.0
2026-04-15,0.0
2026-04-16,0.0
2026-04-17,5.300000000000001
2026-04-18,8.3
2026-04-19,0.0
2026-04-20,0.1
2026-04-21,0.0
2026-04-22,1.8
2026-04-23,5.7
2026-04-24,0.0
2026-04-25,0.0
2026-04-26,0.0
2026-04-27,0.0
2026-04-28,0.0
2026-04-29,0.2
2026-04-30,3.0
2026-05-01,14.6
2026-05-02,0.0
2026-05-03,24.900000000000002
2026-05-04,0.0
2026-05-05,0.0
2026-05-06,0.0
2026-05-07,0.0
2026-05-08,0.6
2026-05-09,0.0
2026-05-10,0.0
2026-05-11,0.1
2026-05-12,4.8
2026-05-13,0.0
2026-05-14,0.0
2026-05-15,0.0
2026-05-16,0.0
2026-05-17,0.0
2026-05-18,0.0
2026-05-19,0.0
2026-05-20,44.199999999999996
2026-05-21,15.3
2026-05-22,0.0
2026-05-23,2.5
2026-05-24,0.0
2026-05-25,1.1
2026-05-26,8.299999999999999
2026-05-27,15.4
2026-05-28,1.9
2026-05-29,0.1
2026-05-30,0.0
2026-05-31,0.0
2026-06-01,3.1
2026-06-02,27.2
2026-06-03,1.5
2026-06-04,0.2
2026-06-05,0.0
2026-06-06,0.0
2026-06-07,2.0
2026-06-08,1.7000000000000002
2026-06-09,0.7
2026-06-10,0.7000000000000001
2026-06-11,1.2
2026-06-12,0.0
2026-06-13,0.0
2026-06-14,0.0
2026-06-15,0.0
2026-06-16,0.0
2026-06-17,0.0
2026-06-18,2.4
2026-06-19,7.9
2026-06-20,30.400000000000002
2026-06-21,0.30000000000000004
2026-06-22,2.2
2026-06-23,2.0
2026-06-24,6.1
2026-06-25,4.0
2026-06-26,1.1
2026-06-27,0.0
2026-06-28,0.0
2026-06-29,0.0
2026-06-30,0.0
2026-07-01,62.099999999999994
2026-07-02,1.0
2026-07-03,0.0
2026-07-04,15.100000000000001
2026-07-05,11.0
2026-07-06,4.6
2026-07-07,3.2
2026-07-08,0.4
2026-07-09,0.1
2026-07-10,0.0
2026-07-11,0.0
2026-07-12,0.0
2026-07-13,0.1
2026-07-14,3.0
2026-07-15,1.0
2026-07-16,0.1
2026-07-17,8.2
2026-07-18,1.1
2026-07-19,3.3000000000000003
2026-07-20,14.7
2026-07-21,0.6
2026-07-22,0.0
2026-07-23,0.1
2026-07-24,0.0
2026-07-25,0.0
2026-07-26,5.3
2026-07-27,0.4
2026-07-28,0.1
2026-07-29,0.0
2026-07-30,0.0
2026-07-31,0.0
2026-08-01,0.0
2026-08-02,0.0
2026-08-03,0.0
2026-08-04,0.5
2026-08-05,0.0
2026-08-06,0.0
2026-08-07,0.0
2026-08-08,2.0
2026-08-09,2.0
2026-08-10,5.4
2026-08-11,0.1
2026-08-12,0.0
2026-08-13,3.8
2026-08-14,0.0
2026-08-15,4.3
2026-08-16,142.0
2026-08-17,159.5
2026-08-18,15.1
2026-08-19,1.9
2026-08-20,1.3
2026-08-21,4.6
2026-08-22,3.5
2026-08-23,1.1
2026-08-24,0.2
2026-08-25,0.2
2026-08-26,1.7999999999999998
2026-08-27,13.9
2026-08-28,31.8
2026-08-29,3.9
2026-08-30,17.2
2026-08-31,1.2
2026-09-01,0.7000000000000001
2026-09-02,2.0
2026-09-03,1.6
2026-09-04,0.30000000000000004
2026-09-05,0.5
2026-09-06,0.2
2026-09-07,0.0
2026-09-08,0.0
2026-09-09,0.0
2026-09-10,0.0
