date,examinLcDetail,ecoli_max,enterococcus_max
2015-06-16,A,10.0,5.0
2015-06-16,B,,
2015-06-16,C,,5.0
2015-06-16,D,20.0,10.0
2015-06-16,E,10.0,10.0
2015-07-02,A,210.0,1.0
2015-07-02,B,20.0,5.0
2015-07-02,C,20.0,1.0
2015-07-02,D,41.0,1.0
2015-07-02,E,41.0,1.0
2015-07-16,A,820.0,1.0
2015-07-16,B,920.0,5.0
2015-07-16,C,1400.0,5.0
2015-07-16,D,1100.0,15.0
2015-07-16,E,840.0,5.0
2015-07-20,A,120.0,32.0
2015-07-20,B,20.0,10.0
2015-07-20,C,96.0,1.0
2015-07-20,D,41.0,1.0
2015-07-20,E,85.0,1.0
2015-07-28,A,52.0,1.0
2015-07-28,B,20.0,1.0
2015-07-28,C,31.0,1.0
2015-07-28,D,270.0,1.0
2015-07-28,E,440.0,1.0
2015-08-04,A,160.0,10.0
2015-08-04,B,120.0,1.0
2015-08-04,C,52.0,1.0
2015-08-04,D,75.0,15.0
2015-08-04,E,230.0,10.0
2015-09-21,A,10.0,1.0
2015-09-21,B,1.0,1.0
2015-09-21,C,10.0,1.0
2015-09-21,D,10.0,5.0
2015-09-21,E,10.0,1.0
2016-05-12,A,10.0,1.0
2016-05-12,B,1.0,1.0
2016-05-12,C,1.0,5.0
2016-05-12,D,1.0,1.0
2016-05-12,E,1.0,1.0
2016-06-07,A,1.0,1.0
2016-06-07,B,1.0,5.0
2016-06-07,C,10.0,10.0
2016-06-07,D,1.0,5.0
2016-06-07,E,31.0,21.0
2016-06-27,A,20.0,5.0
2016-06-27,B,52.0,10.0
2016-06-27,C,1.0,1.0
2016-06-27,D,160.0,5.0
2016-06-27,E,140.0,10.0
2016-07-11,A,340.0,55.0
2016-07-11,B,230.0,37.0
2016-07-11,C,420.0,68.0
2016-07-11,D,250.0,16.0
2016-07-11,E,86.0,5.0
2016-07-19,A,320.0,66.0
2016-07-19,B,170.0,76.0
2016-07-19,C,120.0,38.0
2016-07-19,D,97.0,32.0
2016-07-19,E,160.0,21.0
2016-07-26,A,120.0,1.0
2016-07-26,B,86.0,5.0
2016-07-26,C,97.0,10.0
2016-07-26,D,97.0,15.0
2016-07-26,E,20.0,1.0
2016-08-09,A,31.0,10.0
2016-08-09,B,,16.0
2016-08-09,C,31.0,
2016-08-09,D,10.0,
2016-08-09,E,10.0,
2016-08-17,A,20.0,
2016-08-17,B,52.0,10.0
2016-08-17,C,160.0,10.0
2016-08-17,D,20.0,
2016-08-17,E,10.0,
2016-08-22,A,330.0,5.0
2016-08-22,B,280.0,
2016-08-22,C,130.0,
2016-08-22,D,400.0,15.0
2016-08-22,E,400.0,32.0
2016-09-07,A,150.0,5.0
2016-09-07,B,150.0,16.0
2016-09-07,C,160.0,21.0
2016-10-04,A,63.0,
2016-10-04,B,41.0,
2016-10-04,C,52.0,
2016-10-04,D,74.0,5.0
2016-10-04,E,97.0,
2017-05-15,A,10.0,1.0
2017-05-15,B,10.0,5.0
2017-05-15,C,10.0,1.0
2017-05-15,D,1.0,5.0
2017-05-15,E,1.0,1.0
2017-06-09,A,31.0,1.0
2017-06-09,B,20.0,5.0
2017-06-09,C,1.0,1.0
2017-06-09,D,10.0,5.0
2017-06-09,E,1.0,21.0
2017-06-22,A,1.0,5.0
2017-06-22,B,1.0,1.0
2017-06-22,C,10.0,1.0
2017-06-22,D,1.0,10.0
2017-06-22,E,1.0,1.0
2017-07-07,A,259.0,37.0
2017-07-07,B,288.0,26.0
2017-07-07,C,228.0,16.0
2017-07-07,D,41.0,16.0
2017-07-07,E,20.0,5.0
2017-07-13,A,10.0,1.0
2017-07-13,B,41.0,5.0
2017-07-13,C,1.0,1.0
2017-07-13,D,1.0,1.0
2017-07-13,E,10.0,1.0
2017-07-19,A,1.0,5.0
2017-07-19,B,10.0,1.0
2017-07-19,C,1.0,1.0
2017-07-19,D,1.0,1.0
2017-07-19,E,10.0,1.0
2017-07-27,A,1.0,1.0
2017-07-27,B,1.0,1.0
2017-07-27,C,20.0,1.0
2017-07-27,D,1.0,1.0
2017-07-27,E,20.0,1.0
2017-08-02,A,85.0,21.0
2017-08-02,B,96.0,16.0
2017-08-02,C,63.0,15.0
2017-08-02,D,63.0,21.0
2017-08-02,E,73.0,16.0
2017-08-11,A,97.0,43.0
2017-08-11,B,109.0,37.0
2017-08-11,C,161.0,54.0
2017-08-11,D,52.0,21.0
2017-08-11,E,109.0,43.0
2017-08-17,A,41.0,10.0
2017-08-17,B,30.0,5.0
2017-08-17,C,41.0,10.0
2017-08-17,D,41.0,10.0
2017-08-17,E,41.0,5.0
2017-08-23,A,52.0,1.0
2017-08-23,B,52.0,5.0
2017-08-23,C,98.0,26.0
2017-08-23,D,85.0,21.0
2017-08-23,E,52.0,16.0
2017-09-20,A,10.0,1.0
2017-09-20,B,1.0,1.0
2017-09-20,C,20.0,5.0
2017-09-20,D,30.0,5.0
2017-09-20,E,10.0,1.0
2018-05-16,A,21.0,20.0
2018-05-16,B,1.0,10.0
2018-05-16,C,16.0,1.0
2018-05-16,D,5.0,10.0
2018-05-16,E,5.0,1.0
2018-06-18,A,1.0,15.0
2018-06-18,B,1.0,1.0
2018-06-18,C,10.0,1.0
2018-06-18,D,10.0,1.0
2018-06-18,E,1.0,1.0
2019-05-14,A,1.0,1.0
2019-05-14,B,1.0,1.0
2019-05-14,C,1.0,1.0
2019-05-14,D,1.0,1.0
2019-05-14,E,1.0,1.0
2019-06-04,A,1.0,1.0
2019-06-04,B,1.0,1.0
2019-06-04,C,1.0,1.0
2019-06-04,D,1.0,10.0
2019-06-04,E,1.0,1.0
2019-06-18,A,10.0,1.0
2019-06-18,B,10.0,1.0
2019-06-18,C,1.0,5.0
2019-06-18,D,10.0,5.0
2019-06-18,E,10.0,1.0
2019-07-04,A,171.0,67.0
2019-07-04,B,211.0,84.0
2019-07-04,C,309.0,88.0
2019-07-04,D,780.0,197.0
2019-07-04,E,218.0,60.0
2019-07-16,A,1.0,21.0
2019-07-16,B,1.0,1.0
2019-07-16,C,1.0,5.0
2019-07-16,D,1.0,1.0
2019-07-16,E,1.0,5.0
2019-07-30,A,73.0,130.0
2019-07-30,B,41.0,88.0
2019-07-30,C,41.0,67.0
2019-07-30,D,41.0,128.0
2019-07-30,E,63.0,93.0
2019-08-13,A,10.0,1.0
2019-08-13,B,10.0,1.0
2019-08-13,C,10.0,1.0
2019-08-13,D,1.0,1.0
2019-08-13,E,10.0,1.0
2019-08-20,A,31.0,1.0
2019-08-20,B,10.0,1.0
2019-08-20,C,10.0,1.0
2019-08-20,D,10.0,1.0
2019-08-20,E,10.0,1.0
2019-09-25,A,20.0,37.0
2019-09-25,B,74.0,1.0
2019-09-25,C,74.0,5.0
2019-09-25,D,1.0,1.0
2019-09-25,E,30.0,1.0
2020-05-22,A,1.0,1.0
2020-05-22,B,1.0,1.0
2020-05-22,C,1.0,1.0
2020-05-22,D,1.0,1.0
2020-05-22,E,1.0,1.0
2020-06-09,A,1.0,1.0
2020-06-09,B,1.0,1.0
2020-06-09,C,1.0,1.0
2020-06-09,D,1.0,1.0
2020-06-09,E,1.0,1.0
2020-06-23,A,1.0,1.0
2020-06-23,B,1.0,1.0
2020-06-23,C,1.0,1.0
2020-06-23,D,1.0,1.0
2020-06-23,E,1.0,1.0
2020-07-09,A,10.0,16.0
2020-07-09,B,10.0,1.0
2020-07-09,C,20.0,5.0
2020-07-09,D,1.0,5.0
2020-07-09,E,20.0,21.0
2020-07-17,A,1.0,1.0
2020-07-17,B,1.0,1.0
2020-07-17,C,1.0,1.0
2020-07-17,D,10.0,5.0
2020-07-17,E,1.0,16.0
2020-07-21,A,10.0,16.0
2020-07-21,B,31.0,10.0
2020-07-21,C,31.0,1.0
2020-07-21,D,20.0,1.0
2020-07-21,E,20.0,5.0
2020-08-04,A,134.0,335.0
2020-08-04,B,145.0,61.0
2020-08-04,C,279.0,386.0
2020-08-04,D,109.0,99.0
2020-08-04,E,156.0,73.0
2020-08-14,A,171.0,15.0
2020-08-14,B,41.0,5.0
2020-08-14,C,122.0,16.0
2020-08-14,D,96.0,26.0
2020-08-14,E,110.0,26.0
2020-08-19,A,41.0,1.0
2020-08-19,B,52.0,5.0
2020-08-19,C,31.0,1.0
2020-08-19,D,20.0,15.0
2020-08-19,E,10.0,26.0
2020-09-15,A,10.0,15.0
2020-09-15,B,1.0,1.0
2020-09-15,C,10.0,5.0
2020-09-15,D,1.0,1.0
2020-09-15,E,1.0,1.0
2021-05-25,A,1.0,5.0
2021-05-25,B,1.0,1.0
2021-05-25,C,1.0,1.0
2021-05-25,D,1.0,5.0
2021-05-25,E,1.0,1.0
2021-06-08,A,1.0,1.0
2021-06-08,B,1.0,1.0
2021-06-08,C,1.0,5.0
2021-06-08,D,1.0,1.0
2021-06-08,E,10.0,16.0
2021-06-22,A,1.0,1.0
2021-06-22,B,1.0,1.0
2021-06-22,C,1.0,1.0
2021-06-22,D,1.0,1.0
2021-06-22,E,1.0,1.0
2021-07-15,A,20.0,5.0
2021-07-15,B,41.0,1.0
2021-07-15,C,52.0,1.0
2021-07-15,D,31.0,1.0
2021-07-15,E,41.0,10.0
2021-07-22,A,1.0,1.0
2021-07-22,B,1.0,10.0
2021-07-22,C,10.0,1.0
2021-07-22,D,20.0,1.0
2021-07-22,E,10.0,5.0
2021-07-29,A,20.0,1.0
2021-07-29,B,10.0,1.0
2021-07-29,C,10.0,5.0
2021-07-29,D,10.0,1.0
2021-07-29,E,31.0,1.0
2021-08-03,A,10.0,5.0
2021-08-03,B,10.0,1.0
2021-08-03,C,1.0,5.0
2021-08-03,D,10.0,5.0
2021-08-03,E,1.0,1.0
2021-08-10,A,52.0,32.0
2021-08-10,B,20.0,10.0
2021-08-10,C,63.0,10.0
2021-08-10,D,31.0,5.0
2021-08-10,E,41.0,15.0
2021-08-31,A,1.0,1.0
2021-08-31,B,10.0,10.0
2021-08-31,C,1.0,10.0
2021-08-31,D,10.0,5.0
2021-08-31,E,1.0,5.0
2021-09-29,A,1.0,1.0
2021-09-29,B,1.0,5.0
2021-09-29,C,1.0,1.0
2021-09-29,D,10.0,1.0
2021-09-29,E,20.0,1.0
2022-05-19,A,1.0,10.0
2022-05-19,B,1.0,32.0
2022-05-19,D,10.0,16.0
2022-05-19,E,1.0,49.0
2022-06-07,A,1.0,15.0
2022-06-07,B,20.0,37.0
2022-06-07,C,10.0,21.0
2022-06-07,D,20.0,31.0
2022-06-07,E,20.0,26.0
2022-06-23,A,1.0,5.0
2022-06-23,B,1.0,1.0
2022-06-23,C,1.0,1.0
2022-06-23,D,10.0,5.0
2022-06-23,E,10.0,1.0
2022-07-07,A,173.0,5.0
2022-07-07,B,171.0,10.0
2022-07-07,C,63.0,5.0
2022-07-07,D,75.0,10.0
2022-07-07,E,148.0,5.0
2022-07-20,A,122.0,1.0
2022-07-20,B,160.0,5.0
2022-07-20,C,142.0,32.0
2022-07-20,D,62.0,16.0
2022-07-20,E,97.0,21.0
2022-07-26,A,1.0,1.0
2022-07-26,B,1.0,1.0
2022-07-26,C,1.0,1.0
2022-07-26,D,1.0,1.0
2022-07-26,E,1.0,1.0
2022-08-03,A,108.0,1.0
2022-08-03,B,74.0,5.0
2022-08-03,C,132.0,16.0
2022-08-03,D,75.0,1.0
2022-08-03,E,98.0,15.0
2022-08-09,A,52.0,16.0
2022-08-09,B,95.0,31.0
2022-08-09,C,75.0,10.0
2022-08-09,D,52.0,32.0
2022-08-09,E,20.0,10.0
2022-08-16,A,332.0,5.0
2022-08-16,B,199.0,16.0
2022-08-16,C,63.0,21.0
2022-08-16,D,108.0,37.0
2022-08-16,E,121.0,5.0
2022-08-30,A,1.0,10.0
2022-08-30,B,1.0,5.0
2022-08-30,C,10.0,5.0
2022-08-30,D,10.0,10.0
2022-08-30,E,20.0,1.0
2022-09-26,A,1.0,10.0
2022-09-26,B,1.0,1.0
2022-09-26,C,1.0,5.0
2022-09-26,D,1.0,1.0
2022-09-26,E,10.0,49.0
2023-05-12,A,10.0,16.0
2023-05-12,B,1.0,1.0
2023-05-12,C,63.0,5.0
2023-05-12,D,41.0,1.0
2023-05-12,E,52.0,1.0
2023-06-07,A,20.0,10.0
2023-06-07,B,52.0,5.0
2023-06-07,C,1.0,1.0
2023-06-07,D,31.0,1.0
2023-06-07,E,1.0,1.0
2023-06-20,A,10.0,1.0
2023-06-20,B,1.0,1.0
2023-06-20,C,41.0,5.0
2023-06-20,D,1.0,1.0
2023-06-20,E,63.0,1.0
2023-07-04,A,31.0,1.0
2023-07-04,B,10.0,5.0
2023-07-04,C,41.0,1.0
2023-07-04,D,31.0,5.0
2023-07-04,E,31.0,21.0
2023-07-27,A,63.0,5.0
2023-07-27,B,10.0,5.0
2023-07-27,C,10.0,1.0
2023-07-27,D,10.0,1.0
2023-07-27,E,10.0,1.0
2023-08-01,A,1.0,1.0
2023-08-01,B,1.0,5.0
2023-08-01,C,1.0,1.0
2023-08-01,D,1.0,1.0
2023-08-01,E,1.0,5.0
2023-08-08,A,1.0,5.0
2023-08-08,B,1.0,1.0
2023-08-08,C,1.0,5.0
2023-08-08,D,1.0,5.0
2023-08-08,E,1.0,1.0
2024-05-03,A,1.0,1.0
2024-05-03,B,1.0,1.0
2024-05-03,C,1.0,1.0
2024-05-03,D,1.0,5.0
2024-05-03,E,1.0,5.0
2024-06-03,A,173.0,228.0
2024-06-03,B,1.0,1.0
2024-06-03,C,10.0,5.0
2024-06-03,D,1.0,5.0
2024-06-03,E,1.0,1.0
2024-06-17,A,1.0,1.0
2024-06-17,B,1.0,10.0
2024-06-17,C,1.0,5.0
2024-06-17,D,10.0,1.0
2024-06-17,E,1.0,20.0
2024-06-26,A,10.0,5.0
2024-06-26,B,10.0,1.0
2024-06-26,C,40.0,1.0
2024-06-26,D,31.0,1.0
2024-06-26,E,1.0,5.0
2024-07-08,A,86.0,16.0
2024-07-08,B,31.0,26.0
2024-07-08,C,10.0,10.0
2024-07-08,D,10.0,1.0
2024-07-08,E,1.0,1.0
2024-07-22,A,1.0,5.0
2024-07-22,B,10.0,10.0
2024-07-22,C,1.0,5.0
2024-07-22,D,10.0,5.0
2024-07-22,E,10.0,5.0
2024-08-05,B,1.0,1.0
2024-08-05,C,1.0,1.0
2024-08-05,D,10.0,16.0
2024-08-05,E,52.0,16.0
2024-08-06,A,1.0,1.0
2024-08-19,A,1.0,10.0
2024-08-19,B,1.0,10.0
2024-08-19,C,1.0,5.0
2024-08-19,D,1.0,1.0
2024-08-19,E,31.0,1.0
2024-09-06,A,20.0,5.0
2024-09-06,B,20.0,5.0
2024-09-06,C,1.0,1.0
2024-09-06,D,10.0,1.0
2024-09-06,E,1.0,1.0
2025-06-11,A-1,10.0,5.0
2025-06-11,A-2,1.0,1.0
2025-06-11,B-1,1.0,1.0
2025-06-11,B-2,1.0,5.0
2025-06-11,C-1,1.0,1.0
2025-06-11,C-2,10.0,5.0
2025-06-11,D-1,1.0,1.0
2025-06-11,D-2,1.0,1.0
2025-06-11,E-1,1.0,1.0
2025-06-11,E-2,1.0,1.0
2025-06-30,A-1,31.0,1.0
2025-06-30,A-2,52.0,1.0
2025-06-30,B-1,41.0,5.0
2025-06-30,B-2,171.0,1.0
2025-06-30,C-1,20.0,1.0
2025-06-30,C-2,41.0,1.0
2025-06-30,D-1,31.0,10.0
2025-06-30,D-2,41.0,1.0
2025-06-30,E-1,30.0,1.0
2025-06-30,E-2,41.0,1.0
2025-07-14,A-1,5.0,1.0
2025-07-14,A-2,1.0,1.0
2025-07-14,B-1,5.0,1.0
2025-07-14,B-2,10.0,1.0
2025-07-14,C-1,1.0,1.0
2025-07-14,C-2,1.0,5.0
2025-07-14,D-1,1.0,1.0
2025-07-14,D-2,1.0,5.0
2025-07-14,E-1,1.0,10.0
2025-07-14,E-2,1.0,1.0
2025-07-28,A-1,1.0,10.0
2025-07-28,A-2,20.0,1.0
2025-07-28,B-1,1.0,1.0
2025-07-28,B-2,10.0,15.0
2025-07-28,C-1,10.0,5.0
2025-07-28,C-2,10.0,5.0
2025-07-28,D-1,1.0,5.0
2025-07-28,D-2,1.0,16.0
2025-07-28,E-1,1.0,1.0
2025-07-28,E-2,1.0,1.0
2025-08-11,A-1,41.0,5.0
2025-08-11,A-2,52.0,1.0
2025-08-11,B-1,110.0,10.0
2025-08-11,B-2,98.0,5.0
2025-08-11,C-1,63.0,5.0
2025-08-11,C-2,63.0,16.0
2025-08-11,D-1,52.0,5.0
2025-08-11,D-2,74.0,10.0
2025-08-11,E-1,109.0,21.0
2025-08-11,E-2,52.0,21.0
2025-08-25,A-1,20.0,1.0
2025-08-25,A-2,31.0,5.0
2025-08-25,B-1,20.0,5.0
2025-08-25,B-2,41.0,1.0
2025-08-25,C-1,63.0,1.0
2025-08-25,C-2,74.0,5.0
2025-08-25,D-1,108.0,1.0
2025-08-25,D-2,52.0,1.0
2025-08-25,E-1,20.0,1.0
2025-08-25,E-2,10.0,5.0
2025-09-08,A-1,10.0,1.0
2025-09-08,A-2,20.0,1.0
2025-09-08,B-1,20.0,10.0
2025-09-08,B-2,10.0,5.0
2025-09-08,C-1,10.0,1.0
2025-09-08,C-2,1.0,1.0
2025-09-08,D-1,10.0,1.0
2025-09-08,D-2,10.0,1.0
2025-09-08,E-1,10.0,5.0
2025-09-08,E-2,1.0,1.0
2026-06-18,A-1,1.0,1.0
2026-06-18,A-2,1.0,1.0
2026-06-18,B-1,1.0,1.0
2026-06-18,B-2,1.0,1.0
2026-06-18,C-1,1.0,1.0
2026-06-18,C-2,1.0,5.0
2026-06-18,D-1,1.0,1.0
2026-06-18,D-2,1.0,1.0
2026-06-18,E-1,10.0,1.0
2026-06-18,E-2,20.0,1.0
2026-07-01,A-1,1.0,5.0
2026-07-01,A-2,20.0,1.0
2026-07-01,B-1,1.0,1.0
2026-07-01,B-2,1.0,1.0
2026-07-01,C-1,1.0,539.0
2026-07-01,C-2,10.0,48.0
2026-07-01,D-1,1.0,5.0
2026-07-01,D-2,1.0,1.0
2026-07-01,E-1,1.0,20.0
2026-07-01,E-2,1.0,489.0
2026-07-14,A-1,1.0,1.0
2026-07-14,A-2,1.0,1.0
2026-07-14,B-1,10.0,1.0
2026-07-14,B-2,1.0,1.0
2026-07-14,C-1,1.0,1.0
2026-07-14,C-2,1.0,1.0
2026-07-14,D-1,1.0,1.0
2026-07-14,D-2,1.0,5.0
2026-07-14,E-1,1.0,5.0
2026-07-14,E-2,1.0,1.0
