date,visitor_count
2016-07-01,3000
2016-07-02,10000
2016-07-03,8000
2016-07-04,4000
2016-07-05,5000
2016-07-06,12000
2016-07-07,16000
2016-07-08,30000
2016-07-09,80000
2016-07-10,70000
2016-07-11,3000
2016-07-12,3000
2016-07-13,7000
2016-07-14,15000
2016-07-15,50000
2016-07-16,7000
2016-07-17,130000
2016-07-18,30000
2016-07-19,32000
2016-07-20,45000
2016-07-21,60000
2016-07-22,70000
2016-07-23,300000
2016-07-24,290000
2016-07-25,110000
2016-07-26,130000
2016-07-27,150000
2016-07-28,190000
2016-07-29,400000
2016-07-30,750000
2016-07-31,670000
2016-08-01,500000
2016-08-02,400000
2016-08-03,400000
2016-08-04,380000
2016-08-05,450000
2016-08-06,640000
2016-08-07,450000
2016-08-08,300000
2016-08-09,320000
2016-08-10,260000
2016-08-11,170000
2016-08-12,300000
2016-08-13,440000
2016-08-14,590000
2016-08-15,270000
2016-08-16,120000
2016-08-17,140000
2016-08-18,170000
2016-08-19,176000
2016-08-20,280000
2016-08-21,330000
2016-08-22,130000
2016-08-23,120000
2016-08-24,110000
2016-08-25,140000
2016-08-26,70000
2016-08-27,220000
2016-08-28,7000
2016-08-29,80000
2016-08-30,70000
2016-08-31,40000
2016-09-01,20000
2016-09-02,8000
2016-09-03,20000
2016-09-04,20000
2016-09-05,10
2016-09-06,8000
2016-09-07,7000
2016-09-08,15000
2016-09-09,35000
2016-09-10,60000
2017-07-01,150000
2017-07-02,25000
2017-07-03,18000
2017-07-04,12000
2017-07-05,12000
2017-07-06,12000
2017-07-07,5000
2017-07-08,50000
2017-07-09,140000
2017-07-10,3000
2017-07-11,8000
2017-07-12,25000
2017-07-13,15000
2017-07-14,30000
2017-07-15,100000
2017-07-16,125000
2017-07-17,35000
2017-07-18,16000
2017-07-19,42000
2017-07-20,40000
2017-07-21,85000
2017-07-22,280000
2017-07-23,250000
2017-07-24,70000
2017-07-25,32000
2017-07-26,135000
2017-07-27,155000
2017-07-28,200000
2017-07-29,360000
2017-07-30,700000
2017-07-31,300000
2017-08-01,380000
2017-08-02,360000
2017-08-03,420000
2017-08-04,400000
2017-08-05,600000
2017-08-06,450000
2017-08-07,220000
2017-08-08,350000
2017-08-09,180000
2017-08-10,360000
2017-08-11,400000
2017-08-12,735000
2017-08-13,620000
2017-08-14,100000
2017-08-15,335000
2017-08-16,170000
2017-08-17,190000
2017-08-18,230000
2017-08-19,320000
2017-08-20,240000
2017-08-21,130000
2017-08-22,95000
2017-08-23,140000
2017-08-24,145000
2017-08-25,180000
2017-08-26,250000
2017-08-27,240000
2017-08-28,100000
2017-08-29,50000
2017-08-30,40000
2017-08-31,40000
2017-09-01,30000
2017-09-02,55000
2017-09-03,40000
2017-09-04,12000
2017-09-05,7000
2017-09-06,6000
2017-09-07,6000
2017-09-08,20000
2017-09-09,30000
2017-09-10,22000
2018-07-01,50000
2018-07-02,35000
2018-07-03,1000
2018-07-04,40000
2018-07-05,35000
2018-07-06,30000
2018-07-07,110000
2018-07-08,70000
2018-07-09,20000
2018-07-10,45000
2018-07-11,50000
2018-07-12,50000
2018-07-13,65000
2018-07-14,220000
2018-07-15,180000
2018-07-16,60000
2018-07-17,40000
2018-07-18,45000
2018-07-19,59000
2018-07-20,120000
2018-07-21,230000
2018-07-22,235000
2018-07-23,85000
2018-07-24,100000
2018-07-25,60000
2018-07-26,55000
2018-07-27,150000
2018-07-28,480000
2018-07-29,460000
2018-07-30,220000
2018-07-31,270000
2018-08-01,230000
2018-08-02,400000
2018-08-03,460000
2018-08-04,550000
2018-08-05,380000
2018-08-06,200000
2018-08-07,225000
2018-08-08,185000
2018-08-09,168000
2018-08-10,95000
2018-08-11,550000
2018-08-12,380000
2018-08-13,150000
2018-08-14,220000
2018-08-15,140000
2018-08-16,100000
2018-08-17,140000
2018-08-18,320000
2018-08-19,240000
2018-08-20,95000
2018-08-21,80000
2018-08-22,40000
2018-08-23,4000
2018-08-24,24000
2018-08-25,48000
2018-08-26,45000
2018-08-27,28000
2018-08-28,50000
2018-08-29,54000
2018-08-30,40000
2018-08-31,24000
2019-06-01,0
2019-06-02,0
2019-06-03,0
2019-06-04,0
2019-06-05,0
2019-06-06,0
2019-06-07,0
2019-06-08,0
2019-06-09,0
2019-06-10,0
2019-06-11,0
2019-06-12,0
2019-06-13,0
2019-06-14,0
2019-06-15,0
2019-06-16,0
2019-06-17,0
2019-06-18,0
2019-06-19,0
2019-06-20,0
2019-06-21,0
2019-06-22,0
2019-06-23,0
2019-06-24,0
2019-06-25,0
2019-06-26,0
2019-06-27,0
2019-06-28,0
2019-06-29,0
2019-06-30,0
2019-07-01,500
2019-07-02,5000
2019-07-03,7500
2019-07-04,27500
2019-07-05,28000
2019-07-06,77500
2019-07-07,74000
2019-07-08,26000
2019-07-09,19000
2019-07-10,5000
2019-07-11,35000
2019-07-12,70000
2019-07-13,95000
2019-07-14,175000
2019-07-15,65000
2019-07-16,55000
2019-07-17,62000
2019-07-18,8000
2019-07-19,1200
2019-07-20,1000
2019-07-21,45000
2019-07-22,63000
2019-07-23,125000
2019-07-24,130000
2019-07-25,98000
2019-07-26,145000
2019-07-27,150000
2019-07-28,290000
2019-07-29,225000
2019-07-30,250000
2019-07-31,270000
2019-08-01,298000
2019-08-02,410000
2019-08-03,540000
2019-08-04,450000
2019-08-05,310000
2019-08-06,35000
2019-08-07,275000
2019-08-08,290000
2019-08-09,280000
2019-08-10,490000
2019-08-11,350000
2019-08-12,155000
2019-08-13,170000
2019-08-14,130000
2019-08-15,12800
2019-08-16,250000
2019-08-17,380000
2019-08-18,230000
2019-08-19,120000
2019-08-20,85000
2019-08-21,60000
2019-08-22,15000
2019-08-23,60000
2019-08-24,140000
2019-08-25,120000
2019-08-26,50000
2019-08-27,10000
2019-08-28,15000
2019-08-29,5000
2019-08-30,26000
2019-08-31,60000
2020-06-01,0
2020-06-02,0
2020-06-03,0
2020-06-04,0
2020-06-05,0
2020-06-06,0
2020-06-07,0
2020-06-08,0
2020-06-09,0
2020-06-10,0
2020-06-11,0
2020-06-12,0
2020-06-13,0
2020-06-14,0
2020-06-15,0
2020-06-16,0
2020-06-17,0
2020-06-18,0
2020-06-19,0
2020-06-20,0
2020-06-21,0
2020-06-22,0
2020-06-23,0
2020-06-24,0
2020-06-25,0
2020-06-26,0
2020-06-27,0
2020-06-28,0
2020-06-29,0
2020-06-30,0
2020-07-01,5500
2020-07-02,11000
2020-07-03,6000
2020-07-04,65000
2020-07-05,58500
2020-07-06,2850
2020-07-07,15000
2020-07-08,34500
2020-07-09,11500
2020-07-10,4500
2020-07-11,47500
2020-07-12,15300
2020-07-13,1440
2020-07-14,2940
2020-07-15,3840
2020-07-16,36000
2020-07-17,54000
2020-07-18,81000
2020-07-19,9000
2020-07-20,27000
2020-07-21,29700
2020-07-22,1500
2020-07-23,1200
2020-07-24,6000
2020-07-25,46000
2020-07-26,72000
2020-07-27,7200
2020-07-28,9810
2020-07-29,13500
2020-07-30,16500
2020-07-31,49500
2020-08-01,148500
2020-08-02,180000
2020-08-03,117000
2020-08-04,135000
2020-08-05,153000
2020-08-06,72000
2020-08-07,63000
2020-08-08,5400
2020-08-09,144000
2020-08-10,3600
2020-08-11,54000
2020-08-12,45000
2020-08-13,98100
2020-08-14,126000
2020-08-15,213300
2020-08-16,216000
2020-08-17,117000
2020-08-18,23400
2020-08-19,35100
2020-08-20,25320
2020-08-21,1500
2020-08-22,9900
2020-08-23,12000
2020-08-24,3600
2020-08-25,1800
2020-08-26,1500
2020-08-27,1800
2020-08-28,1500
2020-08-29,2400
2020-08-30,2300
2020-08-31,1700
2021-06-01,0
2021-06-02,0
2021-06-03,0
2021-06-04,0
2021-06-05,0
2021-06-06,0
2021-06-07,0
2021-06-08,0
2021-06-09,0
2021-06-10,0
2021-06-11,0
2021-06-12,0
2021-06-13,0
2021-06-14,0
2021-06-15,0
2021-06-16,0
2021-06-17,0
2021-06-18,0
2021-06-19,0
2021-06-20,0
2021-06-21,0
2021-06-22,0
2021-06-23,0
2021-06-24,0
2021-06-25,0
2021-06-26,0
2021-06-27,0
2021-06-28,0
2021-06-29,0
2021-06-30,0
2021-07-01,24248
2021-07-02,25543
2021-07-03,14782
2021-07-04,26642
2021-07-05,26498
2021-07-06,8476
2021-07-07,3412
2021-07-08,14711
2021-07-09,22910
2021-07-10,30780
2021-07-11,40024
2021-07-12,15442
2021-07-13,19400
2021-07-14,14702
2021-07-15,13271
2021-07-16,22536
2021-07-17,43628
2021-07-18,54454
2021-07-19,39314
2021-07-20,22380
2021-07-21,20600
2021-07-22,23710
2021-07-23,21770
2021-07-24,25460
2021-07-25,26624
2021-07-26,18823
2021-07-27,17747
2021-07-28,21300
2021-07-29,21674
2021-07-30,20852
2021-07-31,25570
2021-08-01,31245
2021-08-02,36816
2021-08-03,28190
2021-08-04,29752
2021-08-05,21776
2021-08-06,25465
2021-08-07,34832
2021-08-08,36820
2021-08-09,62340
2021-08-10,27683
2021-08-11,9634
2021-08-12,28870
2021-08-13,11572
2021-08-14,10500
2021-08-15,28740
2021-08-16,6532
2021-08-17,5117
2021-08-18,4518
2021-08-19,6162
2021-08-20,5702
2021-08-21,2317
2021-08-22,18430
2021-08-23,1419
2021-08-24,1329
2021-08-25,1523
2021-08-26,1827
2021-08-27,2719
2021-08-28,4562
2021-08-29,6971
2021-08-30,4912
2021-08-31,4456
2022-07-01,34865
2022-07-02,87370
2022-07-03,74135
2022-07-04,51407
2022-07-05,50985
2022-07-06,50411
2022-07-07,49809
2022-07-08,51741
2022-07-09,80181
2022-07-10,75156
2022-07-11,41844
2022-07-12,49038
2022-07-13,47619
2022-07-14,46599
2022-07-15,54440
2022-07-16,74974
2022-07-17,68773
2022-07-18,36208
2022-07-19,47588
2022-07-20,51662
2022-07-21,49311
2022-07-22,58139
2022-07-23,79045
2022-07-24,65911
2022-07-25,57641
2022-07-26,56146
2022-07-27,58303
2022-07-28,60008
2022-07-29,65384
2022-07-30,88782
2022-07-31,73893
2022-08-01,70855
2022-08-02,63333
2022-08-03,62439
2022-08-04,61685
2022-08-05,62213
2022-08-06,81151
2022-08-07,69252
2022-08-08,57570
2022-08-09,57083
2022-08-10,54801
2022-08-11,49804
2022-08-12,95486
2022-08-13,117997
2022-08-14,119227
2022-08-15,102865
2022-08-16,52299
2022-08-17,65008
2022-08-18,79622
2022-08-19,82627
2022-08-20,88637
2022-08-21,102675
2022-08-22,81965
2022-08-23,74390
2022-08-24,65640
2022-08-25,78676
2022-08-26,81859
2022-08-27,116293
2022-08-28,103742
2022-08-29,77501
2022-08-30,61376
2022-08-31,32904
2023-07-01,109177
2023-07-02,82558
2023-07-03,38366
2023-07-04,21806
2023-07-05,32312
2023-07-06,37533
2023-07-07,24338
2023-07-08,45156
2023-07-09,56353
2023-07-10,22590
2023-07-11,18183
2023-07-12,28040
2023-07-13,21976
2023-07-14,21262
2023-07-15,51990
2023-07-16,21069
2023-07-17,28621
2023-07-18,15048
2023-07-19,29433
2023-07-20,30754
2023-07-21,36642
2023-07-22,62930
2023-07-23,53156
2023-07-24,36924
2023-07-25,50664
2023-07-26,55373
2023-07-27,49529
2023-07-28,64958
2023-07-29,141914
2023-07-30,120058
2023-07-31,95208
2023-08-01,95258
2023-08-02,91477
2023-08-03,69265
2023-08-04,93598
2023-08-05,129287
2023-08-06,97275
2023-08-07,76901
2023-08-08,40139
2023-08-09,18260
2023-08-10,18938
2023-08-11,80987
2023-08-12,167196
2023-08-13,151056
2023-08-14,120381
2023-08-15,122816
2023-08-16,89237
2023-08-17,87056
2023-08-18,90824
2023-08-19,98305
2023-08-20,113593
2023-08-21,86168
2023-08-22,90584
2023-08-23,80689
2023-08-24,63162
2023-08-25,93804
2023-08-26,143958
2023-08-27,122767
2023-08-28,82069
2023-08-29,63743
2023-08-30,71613
2023-08-31,63573
