date,examinLcDetail,ecoli_max,enterococcus_max,distance_from_estuary_km,ecoli_exceed,enterococcus_exceed,any_exceed,precip_daily,temp_daily,wind_max,wind_dir,solar_radiation_sum,suyeong_vol,tide_max,tide_min,해운대해수욕장_정점명,해운대해수욕장_정점코드,해운대해수욕장_유속(cm/s),해운대해수욕장_유향(deg),해운대해수욕장_수온(℃),해운대해수욕장_염분(PSU),해운대해수욕장_유의파고(m),해운대해수욕장_유의파주기(sec),해운대해수욕장_최대파고(m),해운대해수욕장_최대파주기(sec),해운대해수욕장_풍속(m/s),해운대해수욕장_풍향(deg),해운대해수욕장_기온(℃),해운대해수욕장_기압(hPa),해운대해수욕장_시정(m),year,month,precip_1d_lag,precip_2d_sum_lag,precip_3d_sum_lag,precip_5d_sum_lag,CSO_Flag_Rain,temp_1d_lag,wind_max_1d_lag,solar_radiation_1d_lag,tide_range,tide_range_1d_lag,suyeong_vol_1d_lag,suyeong_cap,CSO_Flag_Suyeong
2017-05-15,아쿠아리움,1.0,5.0,0.25,False,False,0,0.0,17.4,21.1,282,26.65,325243,114.0,30.0,,,,,,,,,,,,,,,,2017,5,,,,,0,,,,84.0,,,398731.0,0
2017-05-15,조선비치호텔옆계단,20.0,1.0,0.0,False,False,0,0.0,17.4,21.1,282,26.65,325243,114.0,30.0,,,,,,,,,,,,,,,,2017,5,,,,,0,,,,84.0,,,398731.0,0
2017-05-15,파라다이스호텔신구관사이,1.0,1.0,0.75,False,False,0,0.0,17.4,21.1,282,26.65,325243,114.0,30.0,,,,,,,,,,,,,,,,2017,5,,,,,0,,,,84.0,,,398731.0,0
2017-06-09,아쿠아리움,10.0,5.0,0.25,False,False,0,0.0,21.6,20.6,243,26.06,312418,126.0,29.0,,,,,,,,,,,,,,,,2017,6,0.0,16.5,19.3,19.3,0,20.1,17.5,29.25,97.0,92.0,324295.0,398731.0,0
2017-06-09,조선비치호텔옆계단,41.0,10.0,0.0,False,False,0,0.0,21.6,20.6,243,26.06,312418,126.0,29.0,,,,,,,,,,,,,,,,2017,6,0.0,16.5,19.3,19.3,0,20.1,17.5,29.25,97.0,92.0,324295.0,398731.0,0
2017-06-09,파라다이스신구관사이,1.0,1.0,0.75,False,False,0,0.0,21.6,20.6,243,26.06,312418,126.0,29.0,,,,,,,,,,,,,,,,2017,6,0.0,16.5,19.3,19.3,0,20.1,17.5,29.25,97.0,92.0,324295.0,398731.0,0
2017-06-22,아쿠아리움,52.0,5.0,0.25,False,False,0,0.0,22.7,18.1,213,27.15,322224,141.0,28.0,,,,,,,,,,,,,,,,2017,6,4.7,10.7,10.7,10.7,0,21.5,21.3,23.55,113.0,93.0,356194.0,398731.0,0
2017-06-22,조선비치호텔옆계단,30.0,5.0,0.0,False,False,0,0.0,22.7,18.1,213,27.15,322224,141.0,28.0,,,,,,,,,,,,,,,,2017,6,4.7,10.7,10.7,10.7,0,21.5,21.3,23.55,113.0,93.0,356194.0,398731.0,0
2017-06-22,파라다이스신구관사이,1.0,1.0,0.75,False,False,0,0.0,22.7,18.1,213,27.15,322224,141.0,28.0,,,,,,,,,,,,,,,,2017,6,4.7,10.7,10.7,10.7,0,21.5,21.3,23.55,113.0,93.0,356194.0,398731.0,0
2017-07-07,아쿠아리움,10.0,15.0,0.25,False,False,0,5.5,24.3,22.5,230,10.5,338451,124.0,40.0,,,,,,,,,,,,,,,,2017,7,2.3,9.399999999999999,18.3,31.099999999999998,0,24.1,19.5,15.98,84.0,75.0,355483.0,398731.0,0
2017-07-07,조선비치호텔옆계단,10.0,10.0,0.0,False,False,0,5.5,24.3,22.5,230,10.5,338451,124.0,40.0,,,,,,,,,,,,,,,,2017,7,2.3,9.399999999999999,18.3,31.099999999999998,0,24.1,19.5,15.98,84.0,75.0,355483.0,398731.0,0
2017-07-07,파라다이스신구관사이,31.0,10.0,0.75,False,False,0,5.5,24.3,22.5,230,10.5,338451,124.0,40.0,,,,,,,,,,,,,,,,2017,7,2.3,9.399999999999999,18.3,31.099999999999998,0,24.1,19.5,15.98,84.0,75.0,355483.0,398731.0,0
2017-07-13,아쿠아리움,20.0,1.0,0.25,False,False,0,0.0,25.5,20.2,229,27.44,339349,130.0,33.0,,,,,,,,,,,,,,,,2017,7,0.0,3.1,28.8,30.999999999999996,1,26.7,18.6,26.68,97.0,97.0,338608.0,398731.0,0
2017-07-13,조선비치호텔옆계단,20.0,5.0,0.0,False,False,0,0.0,25.5,20.2,229,27.44,339349,130.0,33.0,,,,,,,,,,,,,,,,2017,7,0.0,3.1,28.8,30.999999999999996,1,26.7,18.6,26.68,97.0,97.0,338608.0,398731.0,0
2017-07-13,파라다이스신구관사이,20.0,10.0,0.75,False,False,0,0.0,25.5,20.2,229,27.44,339349,130.0,33.0,,,,,,,,,,,,,,,,2017,7,0.0,3.1,28.8,30.999999999999996,1,26.7,18.6,26.68,97.0,97.0,338608.0,398731.0,0
2017-07-19,아쿠아리움,1.0,1.0,0.25,False,False,0,0.1,27.1,18.2,200,26.13,333991,117.0,46.0,,,,,,,,,,,,,,,,2017,7,7.7,9.0,9.3,10.499999999999996,0,26.2,16.5,16.28,71.0,64.0,396286.0,398731.0,0
2017-07-19,조선비치호텔옆계단,5.0,5.0,0.0,False,False,0,0.1,27.1,18.2,200,26.13,333991,117.0,46.0,,,,,,,,,,,,,,,,2017,7,7.7,9.0,9.3,10.499999999999996,0,26.2,16.5,16.28,71.0,64.0,396286.0,398731.0,0
2017-07-19,파라다이스신구관사이,1.0,1.0,0.75,False,False,0,0.1,27.1,18.2,200,26.13,333991,117.0,46.0,,,,,,,,,,,,,,,,2017,7,7.7,9.0,9.3,10.499999999999996,0,26.2,16.5,16.28,71.0,64.0,396286.0,398731.0,0
2017-07-27,아쿠아리움,97.0,5.0,0.25,False,False,0,0.0,24.6,19.1,49,26.77,320308,133.0,27.0,,,,,,,,,,,,,,,,2017,7,0.0,27.7,30.4,30.599999999999998,1,24.8,30.0,24.98,106.0,120.0,345395.0,398731.0,0
2017-07-27,조선비치호텔옆계단,84.0,1.0,0.0,False,False,0,0.0,24.6,19.1,49,26.77,320308,133.0,27.0,,,,,,,,,,,,,,,,2017,7,0.0,27.7,30.4,30.599999999999998,1,24.8,30.0,24.98,106.0,120.0,345395.0,398731.0,0
2017-07-27,파라다이스신구관사이,75.0,10.0,0.75,False,False,0,0.0,24.6,19.1,49,26.77,320308,133.0,27.0,,,,,,,,,,,,,,,,2017,7,0.0,27.7,30.4,30.599999999999998,1,24.8,30.0,24.98,106.0,120.0,345395.0,398731.0,0
2017-08-02,아쿠아리움,1.0,1.0,0.25,False,False,0,0.0,25.7,22.0,52,23.99,304136,110.0,65.0,,,,,,,,,,,,,,,,2017,8,0.0,3.7,3.7,3.8000000000000003,0,26.1,17.4,21.81,45.0,40.0,326647.0,398731.0,0
2017-08-02,조선비치호텔옆계단,1.0,5.0,0.0,False,False,0,0.0,25.7,22.0,52,23.99,304136,110.0,65.0,,,,,,,,,,,,,,,,2017,8,0.0,3.7,3.7,3.8000000000000003,0,26.1,17.4,21.81,45.0,40.0,326647.0,398731.0,0
2017-08-02,파라다이스신구관사이,10.0,1.0,0.75,False,False,0,0.0,25.7,22.0,52,23.99,304136,110.0,65.0,,,,,,,,,,,,,,,,2017,8,0.0,3.7,3.7,3.8000000000000003,0,26.1,17.4,21.81,45.0,40.0,326647.0,398731.0,0
2017-08-11,아쿠아리움,75.0,21.0,0.25,False,False,0,2.0,26.1,15.9,27,19.28,341051,144.0,38.0,,,,,,,,,,,,,,,,2017,8,4.5,42.7,42.9,47.5,1,26.9,18.0,13.74,106.0,111.0,339507.0,398731.0,0
2017-08-11,조선비치호텔옆계단,41.0,21.0,0.0,False,False,0,2.0,26.1,15.9,27,19.28,341051,144.0,38.0,,,,,,,,,,,,,,,,2017,8,4.5,42.7,42.9,47.5,1,26.9,18.0,13.74,106.0,111.0,339507.0,398731.0,0
2017-08-11,파라다이스신구관사이,1.0,1.0,0.75,False,False,0,2.0,26.1,15.9,27,19.28,341051,144.0,38.0,,,,,,,,,,,,,,,,2017,8,4.5,42.7,42.9,47.5,1,26.9,18.0,13.74,106.0,111.0,339507.0,398731.0,0
2017-08-17,아쿠아리움,10.0,1.0,0.25,False,False,0,8.0,25.6,12.5,77,17.24,340069,130.0,70.0,,,,,,,,,,,,,,,,2017,8,8.3,23.4,119.60000000000001,120.10000000000001,1,25.8,16.1,14.73,60.0,59.0,345305.0,398731.0,0
2017-08-17,조선비치호텔옆계단,20.0,1.0,0.0,False,False,0,8.0,25.6,12.5,77,17.24,340069,130.0,70.0,,,,,,,,,,,,,,,,2017,8,8.3,23.4,119.60000000000001,120.10000000000001,1,25.8,16.1,14.73,60.0,59.0,345305.0,398731.0,0
2017-08-17,파라다이스신구관사이,10.0,1.0,0.75,False,False,0,8.0,25.6,12.5,77,17.24,340069,130.0,70.0,,,,,,,,,,,,,,,,2017,8,8.3,23.4,119.60000000000001,120.10000000000001,1,25.8,16.1,14.73,60.0,59.0,345305.0,398731.0,0
2017-08-23,아쿠아리움,121.0,15.0,0.25,False,False,0,5.4,27.6,25.5,236,18.02,371667,138.0,14.0,,,,,,,,,,,,,,,,2017,8,14.4,25.1,29.799999999999997,33.0,1,26.2,24.2,15.35,124.0,128.0,350129.0,398731.0,0
2017-08-23,조선비치호텔옆계단,63.0,1.0,0.0,False,False,0,5.4,27.6,25.5,236,18.02,371667,138.0,14.0,,,,,,,,,,,,,,,,2017,8,14.4,25.1,29.799999999999997,33.0,1,26.2,24.2,15.35,124.0,128.0,350129.0,398731.0,0
2017-08-23,파라다이스신구관사이,158.0,10.0,0.75,False,False,0,5.4,27.6,25.5,236,18.02,371667,138.0,14.0,,,,,,,,,,,,,,,,2017,8,14.4,25.1,29.799999999999997,33.0,1,26.2,24.2,15.35,124.0,128.0,350129.0,398731.0,0
2017-09-20,아쿠아리움,20.0,5.0,0.25,False,False,0,0.0,22.4,17.1,280,11.88,320591,149.0,24.0,,,,,,,,,,,,,,,,2017,9,0.0,0.0,6.7,7.0,0,22.1,21.1,17.84,125.0,118.0,325785.0,398731.0,0
2017-09-20,조선비치호텔옆계단,1.0,1.0,0.0,False,False,0,0.0,22.4,17.1,280,11.88,320591,149.0,24.0,,,,,,,,,,,,,,,,2017,9,0.0,0.0,6.7,7.0,0,22.1,21.1,17.84,125.0,118.0,325785.0,398731.0,0
2017-09-20,파라다이스신구관사이,31.0,10.0,0.75,False,False,0,0.0,22.4,17.1,280,11.88,320591,149.0,24.0,,,,,,,,,,,,,,,,2017,9,0.0,0.0,6.7,7.0,0,22.1,21.1,17.84,125.0,118.0,325785.0,398731.0,0
2018-05-16,아쿠아리움,31.0,85.0,0.25,False,False,0,0.1,19.6,23.5,222,8.97,347462,144.0,11.0,,,,,14.20801393728223,33.5212543554007,,,,,,,18.197560975609758,,,2018,5,0.0,0.0,19.6,22.200000000000003,0,19.5,17.3,23.9,133.0,131.0,380922.0,452240.4,0
2018-05-16,조선비치호텔옆계단,43.0,75.0,0.0,False,False,0,0.1,19.6,23.5,222,8.97,347462,144.0,11.0,,,,,14.20801393728223,33.5212543554007,,,,,,,18.197560975609758,,,2018,5,0.0,0.0,19.6,22.200000000000003,0,19.5,17.3,23.9,133.0,131.0,380922.0,452240.4,0
2018-05-16,"파라다이스호텔신,구관사이",61.0,146.0,0.75,False,True,1,0.1,19.6,23.5,222,8.97,347462,144.0,11.0,,,,,14.20801393728223,33.5212543554007,,,,,,,18.197560975609758,,,2018,5,0.0,0.0,19.6,22.200000000000003,0,19.5,17.3,23.9,133.0,131.0,380922.0,452240.4,0
2018-06-18,아쿠아리움,1.0,1.0,0.25,False,False,0,0.0,20.8,9.7,76,20.82,319533,132.0,26.0,,,,,19.430662020905924,33.263763066202095,,,,,,,21.01672473867596,,,2018,6,0.0,0.0,0.0,0.0,0,19.2,15.6,22.83,106.0,117.0,316011.0,452240.4,0
2018-06-18,조선비치호텔옆계단,10.0,1.0,0.0,False,False,0,0.0,20.8,9.7,76,20.82,319533,132.0,26.0,,,,,19.430662020905924,33.263763066202095,,,,,,,21.01672473867596,,,2018,6,0.0,0.0,0.0,0.0,0,19.2,15.6,22.83,106.0,117.0,316011.0,452240.4,0
2018-06-18,"파라다이스호텔신,구관사이",10.0,5.0,0.75,False,False,0,0.0,20.8,9.7,76,20.82,319533,132.0,26.0,,,,,19.430662020905924,33.263763066202095,,,,,,,21.01672473867596,,,2018,6,0.0,0.0,0.0,0.0,0,19.2,15.6,22.83,106.0,117.0,316011.0,452240.4,0
2019-05-14,아쿠아리움,1.0,1.0,0.25,False,False,0,2.0,18.8,11.6,184,21.42,295863,108.0,37.0,,,14.452430555555557,167.94097222222223,15.882291666666667,33.532986111111114,0.4,,0.8,,5.6,177.90972222222223,19.007291666666667,1013.1239583333332,,2019,5,0.0,0.0,0.0,0.0,0,16.4,20.1,22.87,71.0,62.0,296708.0,459226.0,0
2019-05-14,조선비치호텔 옆 계단,10.0,1.0,0.0,False,False,0,2.0,18.8,11.6,184,21.42,295863,108.0,37.0,,,14.452430555555557,167.94097222222223,15.882291666666667,33.532986111111114,0.4,,0.8,,5.6,177.90972222222223,19.007291666666667,1013.1239583333332,,2019,5,0.0,0.0,0.0,0.0,0,16.4,20.1,22.87,71.0,62.0,296708.0,459226.0,0
2019-05-14,파라다이스비호텔 신·구관사이,40.0,1.0,0.75,False,False,0,2.0,18.8,11.6,184,21.42,295863,108.0,37.0,,,14.452430555555557,167.94097222222223,15.882291666666667,33.532986111111114,0.4,,0.8,,5.6,177.90972222222223,19.007291666666667,1013.1239583333332,,2019,5,0.0,0.0,0.0,0.0,0,16.4,20.1,22.87,71.0,62.0,296708.0,459226.0,0
2019-06-04,A,20.0,5.0,0.0,False,False,0,0.0,22.0,13.3,215,27.04,307232,139.0,17.0,,,25.077622377622376,165.30769230769232,15.734265734265737,33.593006993006995,0.3,,0.5,,4.3,162.3205574912892,21.33101045296167,1008.9480836236932,,2019,6,0.0,0.0,0.0,3.2000000000000073,0,20.5,15.3,27.36,122.0,116.0,301322.0,459226.0,0
2019-06-04,B,10.0,1.0,0.25,False,False,0,0.0,22.0,13.3,215,27.04,307232,139.0,17.0,,,25.077622377622376,165.30769230769232,15.734265734265737,33.593006993006995,0.3,,0.5,,4.3,162.3205574912892,21.33101045296167,1008.9480836236932,,2019,6,0.0,0.0,0.0,3.2000000000000073,0,20.5,15.3,27.36,122.0,116.0,301322.0,459226.0,0
2019-06-04,C,10.0,5.0,0.5,False,False,0,0.0,22.0,13.3,215,27.04,307232,139.0,17.0,,,25.077622377622376,165.30769230769232,15.734265734265737,33.593006993006995,0.3,,0.5,,4.3,162.3205574912892,21.33101045296167,1008.9480836236932,,2019,6,0.0,0.0,0.0,3.2000000000000073,0,20.5,15.3,27.36,122.0,116.0,301322.0,459226.0,0
2019-06-04,D,20.0,1.0,0.75,False,False,0,0.0,22.0,13.3,215,27.04,307232,139.0,17.0,,,25.077622377622376,165.30769230769232,15.734265734265737,33.593006993006995,0.3,,0.5,,4.3,162.3205574912892,21.33101045296167,1008.9480836236932,,2019,6,0.0,0.0,0.0,3.2000000000000073,0,20.5,15.3,27.36,122.0,116.0,301322.0,459226.0,0
2019-06-04,E,20.0,5.0,1.0,False,False,0,0.0,22.0,13.3,215,27.04,307232,139.0,17.0,,,25.077622377622376,165.30769230769232,15.734265734265737,33.593006993006995,0.3,,0.5,,4.3,162.3205574912892,21.33101045296167,1008.9480836236932,,2019,6,0.0,0.0,0.0,3.2000000000000073,0,20.5,15.3,27.36,122.0,116.0,301322.0,459226.0,0
2019-06-18,A,41.0,26.0,0.0,False,False,0,0.2,20.8,18.6,240,17.66,300378,136.0,30.0,,,19.986666666666665,152.4925925925926,17.47888888888889,31.544444444444444,0.9,,1.3,,7.4,147.67407407407407,19.91703703703704,1010.1551851851852,,2019,6,1.2,2.4,12.9,22.900000000000006,0,19.8,19.0,20.89,106.0,106.0,312494.0,459226.0,0
2019-06-18,B,20.0,32.0,0.25,False,False,0,0.2,20.8,18.6,240,17.66,300378,136.0,30.0,,,19.986666666666665,152.4925925925926,17.47888888888889,31.544444444444444,0.9,,1.3,,7.4,147.67407407407407,19.91703703703704,1010.1551851851852,,2019,6,1.2,2.4,12.9,22.900000000000006,0,19.8,19.0,20.89,106.0,106.0,312494.0,459226.0,0
2019-06-18,C,41.0,54.0,0.5,False,False,0,0.2,20.8,18.6,240,17.66,300378,136.0,30.0,,,19.986666666666665,152.4925925925926,17.47888888888889,31.544444444444444,0.9,,1.3,,7.4,147.67407407407407,19.91703703703704,1010.1551851851852,,2019,6,1.2,2.4,12.9,22.900000000000006,0,19.8,19.0,20.89,106.0,106.0,312494.0,459226.0,0
2019-06-18,D,41.0,48.0,0.75,False,False,0,0.2,20.8,18.6,240,17.66,300378,136.0,30.0,,,19.986666666666665,152.4925925925926,17.47888888888889,31.544444444444444,0.9,,1.3,,7.4,147.67407407407407,19.91703703703704,1010.1551851851852,,2019,6,1.2,2.4,12.9,22.900000000000006,0,19.8,19.0,20.89,106.0,106.0,312494.0,459226.0,0
2019-06-18,E,30.0,10.0,1.0,False,False,0,0.2,20.8,18.6,240,17.66,300378,136.0,30.0,,,19.986666666666665,152.4925925925926,17.47888888888889,31.544444444444444,0.9,,1.3,,7.4,147.67407407407407,19.91703703703704,1010.1551851851852,,2019,6,1.2,2.4,12.9,22.900000000000006,0,19.8,19.0,20.89,106.0,106.0,312494.0,459226.0,0
2019-07-04,A,31.0,16.0,0.0,False,False,0,0.0,23.5,12.5,271,25.1,386388,151.0,29.0,,,29.12395833333333,159.52430555555554,17.540972222222223,28.079513888888886,0.5,,0.9,,3.8,193.22222222222223,21.470138888888886,1006.0045138888888,,2019,7,0.0,0.0,0.8000000000000143,90.9,0,21.8,11.1,16.6,122.0,119.0,403694.0,459226.0,0
2019-07-04,B,52.0,21.0,0.25,False,False,0,0.0,23.5,12.5,271,25.1,386388,151.0,29.0,,,29.12395833333333,159.52430555555554,17.540972222222223,28.079513888888886,0.5,,0.9,,3.8,193.22222222222223,21.470138888888886,1006.0045138888888,,2019,7,0.0,0.0,0.8000000000000143,90.9,0,21.8,11.1,16.6,122.0,119.0,403694.0,459226.0,0
2019-07-04,C,52.0,16.0,0.5,False,False,0,0.0,23.5,12.5,271,25.1,386388,151.0,29.0,,,29.12395833333333,159.52430555555554,17.540972222222223,28.079513888888886,0.5,,0.9,,3.8,193.22222222222223,21.470138888888886,1006.0045138888888,,2019,7,0.0,0.0,0.8000000000000143,90.9,0,21.8,11.1,16.6,122.0,119.0,403694.0,459226.0,0
2019-07-04,D,52.0,10.0,0.75,False,False,0,0.0,23.5,12.5,271,25.1,386388,151.0,29.0,,,29.12395833333333,159.52430555555554,17.540972222222223,28.079513888888886,0.5,,0.9,,3.8,193.22222222222223,21.470138888888886,1006.0045138888888,,2019,7,0.0,0.0,0.8000000000000143,90.9,0,21.8,11.1,16.6,122.0,119.0,403694.0,459226.0,0
2019-07-04,E,86.0,1.0,1.0,False,False,0,0.0,23.5,12.5,271,25.1,386388,151.0,29.0,,,29.12395833333333,159.52430555555554,17.540972222222223,28.079513888888886,0.5,,0.9,,3.8,193.22222222222223,21.470138888888886,1006.0045138888888,,2019,7,0.0,0.0,0.8000000000000143,90.9,0,21.8,11.1,16.6,122.0,119.0,403694.0,459226.0,0
2019-07-16,A,31.0,10.0,0.0,False,False,0,0.0,22.6,16.7,59,25.02,335173,130.0,35.0,,,18.964583333333334,137.17361111111111,22.17673611111111,28.51631944444445,0.6,,1.0,,6.5,189.12152777777777,23.265277777777776,1011.4347222222224,,2019,7,0.3,0.3000000000000284,2.600000000000014,7.800000000000014,0,22.5,13.1,22.12,95.0,90.0,342608.0,459226.0,0
2019-07-16,B,52.0,10.0,0.25,False,False,0,0.0,22.6,16.7,59,25.02,335173,130.0,35.0,,,18.964583333333334,137.17361111111111,22.17673611111111,28.51631944444445,0.6,,1.0,,6.5,189.12152777777777,23.265277777777776,1011.4347222222224,,2019,7,0.3,0.3000000000000284,2.600000000000014,7.800000000000014,0,22.5,13.1,22.12,95.0,90.0,342608.0,459226.0,0
2019-07-16,C,41.0,5.0,0.5,False,False,0,0.0,22.6,16.7,59,25.02,335173,130.0,35.0,,,18.964583333333334,137.17361111111111,22.17673611111111,28.51631944444445,0.6,,1.0,,6.5,189.12152777777777,23.265277777777776,1011.4347222222224,,2019,7,0.3,0.3000000000000284,2.600000000000014,7.800000000000014,0,22.5,13.1,22.12,95.0,90.0,342608.0,459226.0,0
2019-07-16,D,1.0,26.0,0.75,False,False,0,0.0,22.6,16.7,59,25.02,335173,130.0,35.0,,,18.964583333333334,137.17361111111111,22.17673611111111,28.51631944444445,0.6,,1.0,,6.5,189.12152777777777,23.265277777777776,1011.4347222222224,,2019,7,0.3,0.3000000000000284,2.600000000000014,7.800000000000014,0,22.5,13.1,22.12,95.0,90.0,342608.0,459226.0,0
2019-07-16,E,20.0,10.0,1.0,False,False,0,0.0,22.6,16.7,59,25.02,335173,130.0,35.0,,,18.964583333333334,137.17361111111111,22.17673611111111,28.51631944444445,0.6,,1.0,,6.5,189.12152777777777,23.265277777777776,1011.4347222222224,,2019,7,0.3,0.3000000000000284,2.600000000000014,7.800000000000014,0,22.5,13.1,22.12,95.0,90.0,342608.0,459226.0,0
2019-07-30,A,30.0,1.0,0.0,False,False,0,1.0,26.3,26.3,226,20.86,384662,128.0,32.0,,,23.67673611111111,192.03125,21.459027777777777,32.42465277777777,0.7,,1.2,,8.8,191.75347222222223,24.901041666666668,1009.884375,,2019,7,1.5,5.100000000000028,23.70000000000003,26.200000000000003,1,25.9,18.3,16.22,96.0,78.0,410459.0,459226.0,0
2019-07-30,B,10.0,32.0,0.25,False,False,0,1.0,26.3,26.3,226,20.86,384662,128.0,32.0,,,23.67673611111111,192.03125,21.459027777777777,32.42465277777777,0.7,,1.2,,8.8,191.75347222222223,24.901041666666668,1009.884375,,2019,7,1.5,5.100000000000028,23.70000000000003,26.200000000000003,1,25.9,18.3,16.22,96.0,78.0,410459.0,459226.0,0
2019-07-30,C,52.0,32.0,0.5,False,False,0,1.0,26.3,26.3,226,20.86,384662,128.0,32.0,,,23.67673611111111,192.03125,21.459027777777777,32.42465277777777,0.7,,1.2,,8.8,191.75347222222223,24.901041666666668,1009.884375,,2019,7,1.5,5.100000000000028,23.70000000000003,26.200000000000003,1,25.9,18.3,16.22,96.0,78.0,410459.0,459226.0,0
2019-07-30,D,10.0,48.0,0.75,False,False,0,1.0,26.3,26.3,226,20.86,384662,128.0,32.0,,,23.67673611111111,192.03125,21.459027777777777,32.42465277777777,0.7,,1.2,,8.8,191.75347222222223,24.901041666666668,1009.884375,,2019,7,1.5,5.100000000000028,23.70000000000003,26.200000000000003,1,25.9,18.3,16.22,96.0,78.0,410459.0,459226.0,0
2019-07-30,E,20.0,10.0,1.0,False,False,0,1.0,26.3,26.3,226,20.86,384662,128.0,32.0,,,23.67673611111111,192.03125,21.459027777777777,32.42465277777777,0.7,,1.2,,8.8,191.75347222222223,24.901041666666668,1009.884375,,2019,7,1.5,5.100000000000028,23.70000000000003,26.200000000000003,1,25.9,18.3,16.22,96.0,78.0,410459.0,459226.0,0
2019-08-13,A,404.0,61.0,0.0,False,False,0,0.0,28.3,23.0,38,24.31,357351,141.0,54.0,,,24.35243055555556,201.5,27.19305555555556,31.018402777777776,0.9,,1.3,,9.5,172.55208333333334,29.712152777777774,1002.3545138888888,,2019,8,0.0,0.10000000000002843,0.10000000000002843,0.6,0,27.9,15.5,24.24,87.0,71.0,373638.0,459226.0,0
2019-08-13,B,384.0,55.0,0.25,False,False,0,0.0,28.3,23.0,38,24.31,357351,141.0,54.0,,,24.35243055555556,201.5,27.19305555555556,31.018402777777776,0.9,,1.3,,9.5,172.55208333333334,29.712152777777774,1002.3545138888888,,2019,8,0.0,0.10000000000002843,0.10000000000002843,0.6,0,27.9,15.5,24.24,87.0,71.0,373638.0,459226.0,0
2019-08-13,C,443.0,38.0,0.5,False,False,0,0.0,28.3,23.0,38,24.31,357351,141.0,54.0,,,24.35243055555556,201.5,27.19305555555556,31.018402777777776,0.9,,1.3,,9.5,172.55208333333334,29.712152777777774,1002.3545138888888,,2019,8,0.0,0.10000000000002843,0.10000000000002843,0.6,0,27.9,15.5,24.24,87.0,71.0,373638.0,459226.0,0
2019-08-13,D,556.0,55.0,0.75,True,False,1,0.0,28.3,23.0,38,24.31,357351,141.0,54.0,,,24.35243055555556,201.5,27.19305555555556,31.018402777777776,0.9,,1.3,,9.5,172.55208333333334,29.712152777777774,1002.3545138888888,,2019,8,0.0,0.10000000000002843,0.10000000000002843,0.6,0,27.9,15.5,24.24,87.0,71.0,373638.0,459226.0,0
2019-08-13,E,301.0,68.0,1.0,False,False,0,0.0,28.3,23.0,38,24.31,357351,141.0,54.0,,,24.35243055555556,201.5,27.19305555555556,31.018402777777776,0.9,,1.3,,9.5,172.55208333333334,29.712152777777774,1002.3545138888888,,2019,8,0.0,0.10000000000002843,0.10000000000002843,0.6,0,27.9,15.5,24.24,87.0,71.0,373638.0,459226.0,0
2019-08-20,A,1.0,21.0,0.0,False,False,0,2.1,25.3,27.7,47,18.67,332068,128.0,43.0,,,22.45798611111111,194.875,25.46180555555556,30.46284722222222,0.8,,1.3,,9.8,199.6875,26.365277777777777,1009.8413194444444,,2019,8,2.7,3.0000000000000284,3.0000000000000284,10.2,0,25.8,18.1,16.32,85.0,93.0,339838.0,459226.0,0
2019-08-20,B,1.0,43.0,0.25,False,False,0,2.1,25.3,27.7,47,18.67,332068,128.0,43.0,,,22.45798611111111,194.875,25.46180555555556,30.46284722222222,0.8,,1.3,,9.8,199.6875,26.365277777777777,1009.8413194444444,,2019,8,2.7,3.0000000000000284,3.0000000000000284,10.2,0,25.8,18.1,16.32,85.0,93.0,339838.0,459226.0,0
2019-08-20,C,1.0,10.0,0.5,False,False,0,2.1,25.3,27.7,47,18.67,332068,128.0,43.0,,,22.45798611111111,194.875,25.46180555555556,30.46284722222222,0.8,,1.3,,9.8,199.6875,26.365277777777777,1009.8413194444444,,2019,8,2.7,3.0000000000000284,3.0000000000000284,10.2,0,25.8,18.1,16.32,85.0,93.0,339838.0,459226.0,0
2019-08-20,D,41.0,21.0,0.75,False,False,0,2.1,25.3,27.7,47,18.67,332068,128.0,43.0,,,22.45798611111111,194.875,25.46180555555556,30.46284722222222,0.8,,1.3,,9.8,199.6875,26.365277777777777,1009.8413194444444,,2019,8,2.7,3.0000000000000284,3.0000000000000284,10.2,0,25.8,18.1,16.32,85.0,93.0,339838.0,459226.0,0
2019-08-20,E,1.0,16.0,1.0,False,False,0,2.1,25.3,27.7,47,18.67,332068,128.0,43.0,,,22.45798611111111,194.875,25.46180555555556,30.46284722222222,0.8,,1.3,,9.8,199.6875,26.365277777777777,1009.8413194444444,,2019,8,2.7,3.0000000000000284,3.0000000000000284,10.2,0,25.8,18.1,16.32,85.0,93.0,339838.0,459226.0,0
2019-09-25,A,52.0,1.0,0.0,False,False,0,0.0,19.6,19.9,37,16.19,437852,126.0,53.0,,,12.1,83.0,22.8,25.0,0.5,,0.8,,3.1,153.0,19.5,1019.8,,2019,9,0.0,6.500000000000057,161.00000000000003,203.0,1,18.9,10.1,20.59,73.0,56.0,481491.0,459226.0,1
2019-09-25,B,30.0,1.0,0.25,False,False,0,0.0,19.6,19.9,37,16.19,437852,126.0,53.0,,,12.1,83.0,22.8,25.0,0.5,,0.8,,3.1,153.0,19.5,1019.8,,2019,9,0.0,6.500000000000057,161.00000000000003,203.0,1,18.9,10.1,20.59,73.0,56.0,481491.0,459226.0,1
2019-09-25,C,10.0,5.0,0.5,False,False,0,0.0,19.6,19.9,37,16.19,437852,126.0,53.0,,,12.1,83.0,22.8,25.0,0.5,,0.8,,3.1,153.0,19.5,1019.8,,2019,9,0.0,6.500000000000057,161.00000000000003,203.0,1,18.9,10.1,20.59,73.0,56.0,481491.0,459226.0,1
2019-09-25,D,10.0,5.0,0.75,False,False,0,0.0,19.6,19.9,37,16.19,437852,126.0,53.0,,,12.1,83.0,22.8,25.0,0.5,,0.8,,3.1,153.0,19.5,1019.8,,2019,9,0.0,6.500000000000057,161.00000000000003,203.0,1,18.9,10.1,20.59,73.0,56.0,481491.0,459226.0,1
2019-09-25,E,20.0,1.0,1.0,False,False,0,0.0,19.6,19.9,37,16.19,437852,126.0,53.0,,,12.1,83.0,22.8,25.0,0.5,,0.8,,3.1,153.0,19.5,1019.8,,2019,9,0.0,6.500000000000057,161.00000000000003,203.0,1,18.9,10.1,20.59,73.0,56.0,481491.0,459226.0,1
2020-05-22,아쿠아리움,1.0,5.0,0.25,False,False,0,0.0,14.4,20.9,55,24.0,309310,132.0,26.0,,,21.75191637630662,160.801393728223,15.37630662020906,34.25331010452962,0.8,,1.4,,8.5,55.73519163763066,14.841463414634148,1015.3498257839722,,2020,5,0.0,0.0,5.200000000000029,6.499999999999993,0,14.0,15.5,18.75,106.0,95.0,306584.0,476112.25,0
2020-05-22,조선비치호텔,1.0,1.0,0.0,False,False,0,0.0,14.4,20.9,55,24.0,309310,132.0,26.0,,,21.75191637630662,160.801393728223,15.37630662020906,34.25331010452962,0.8,,1.4,,8.5,55.73519163763066,14.841463414634148,1015.3498257839722,,2020,5,0.0,0.0,5.200000000000029,6.499999999999993,0,14.0,15.5,18.75,106.0,95.0,306584.0,476112.25,0
2020-05-22,파라다이스호텔,1.0,1.0,0.75,False,False,0,0.0,14.4,20.9,55,24.0,309310,132.0,26.0,,,21.75191637630662,160.801393728223,15.37630662020906,34.25331010452962,0.8,,1.4,,8.5,55.73519163763066,14.841463414634148,1015.3498257839722,,2020,5,0.0,0.0,5.200000000000029,6.499999999999993,0,14.0,15.5,18.75,106.0,95.0,306584.0,476112.25,0
2020-06-09,아쿠아리움,1.0,10.0,0.25,False,False,0,0.0,22.3,11.6,160,27.62,291224,128.0,34.0,,,22.405555555555555,168.57638888888889,16.961111111111112,31.493402777777774,0.5,,0.8,,6.0,202.45833333333331,22.04930555555556,1015.1277777777776,,2020,6,0.0,0.0,0.3000000000000284,0.2999999999999929,0,21.4,10.8,27.68,94.0,108.0,300725.0,476112.25,0
2020-06-09,조선비치호텔,1.0,26.0,0.0,False,False,0,0.0,22.3,11.6,160,27.62,291224,128.0,34.0,,,22.405555555555555,168.57638888888889,16.961111111111112,31.493402777777774,0.5,,0.8,,6.0,202.45833333333331,22.04930555555556,1015.1277777777776,,2020,6,0.0,0.0,0.3000000000000284,0.2999999999999929,0,21.4,10.8,27.68,94.0,108.0,300725.0,476112.25,0
2020-06-09,파라다이스호텔,1.0,1.0,0.75,False,False,0,0.0,22.3,11.6,160,27.62,291224,128.0,34.0,,,22.405555555555555,168.57638888888889,16.961111111111112,31.493402777777774,0.5,,0.8,,6.0,202.45833333333331,22.04930555555556,1015.1277777777776,,2020,6,0.0,0.0,0.3000000000000284,0.2999999999999929,0,21.4,10.8,27.68,94.0,108.0,300725.0,476112.25,0
2020-06-23,아쿠아리움,63.0,5.0,0.25,False,False,0,0.0,21.7,10.0,91,26.53,327488,148.0,36.0,,,26.369444444444444,174.875,19.35486111111111,31.375,0.5,,0.6,,4.2,124.15625,22.254166666666663,1010.2534722222222,,2020,6,0.0,0.0,0.0,35.7,0,20.8,10.2,27.82,112.0,107.0,336690.0,476112.25,0
2020-06-23,조선비치호텔,63.0,1.0,0.0,False,False,0,0.0,21.7,10.0,91,26.53,327488,148.0,36.0,,,26.369444444444444,174.875,19.35486111111111,31.375,0.5,,0.6,,4.2,124.15625,22.254166666666663,1010.2534722222222,,2020,6,0.0,0.0,0.0,35.7,0,20.8,10.2,27.82,112.0,107.0,336690.0,476112.25,0
2020-06-23,파라다이스호텔,31.0,316.0,0.75,False,True,1,0.0,21.7,10.0,91,26.53,327488,148.0,36.0,,,26.369444444444444,174.875,19.35486111111111,31.375,0.5,,0.6,,4.2,124.15625,22.254166666666663,1010.2534722222222,,2020,6,0.0,0.0,0.0,35.7,0,20.8,10.2,27.82,112.0,107.0,336690.0,476112.25,0
2020-07-09,아쿠아리움,20.0,180.0,0.25,False,True,1,9.4,21.9,18.5,58,21.46,348204,128.0,39.0,,,28.23090277777778,176.00694444444446,17.392013888888886,27.271875,0.7,,1.1,,8.3,57.09027777777778,21.07118055555556,1005.5965277777776,,2020,7,0.5,0.9000000000000569,5.700000000000029,13.399999999999999,0,23.3,9.9,22.41,89.0,98.0,358819.0,476112.25,0
2020-07-09,조선비치호텔,3255.0,388.0,0.0,True,True,1,9.4,21.9,18.5,58,21.46,348204,128.0,39.0,,,28.23090277777778,176.00694444444446,17.392013888888886,27.271875,0.7,,1.1,,8.3,57.09027777777778,21.07118055555556,1005.5965277777776,,2020,7,0.5,0.9000000000000569,5.700000000000029,13.399999999999999,0,23.3,9.9,22.41,89.0,98.0,358819.0,476112.25,0
2020-07-09,파라다이스호텔,3873.0,380.0,0.75,True,True,1,9.4,21.9,18.5,58,21.46,348204,128.0,39.0,,,28.23090277777778,176.00694444444446,17.392013888888886,27.271875,0.7,,1.1,,8.3,57.09027777777778,21.07118055555556,1005.5965277777776,,2020,7,0.5,0.9000000000000569,5.700000000000029,13.399999999999999,0,23.3,9.9,22.41,89.0,98.0,358819.0,476112.25,0
2020-07-11,아쿠아리움,19863.0,862.0,0.25,True,True,1,1.3,22.4,20.5,75,10.99,476893,121.0,52.0,,,22.542160278745644,196.74912891986065,17.809059233449478,25.24459930313589,1.3,,2.0,,10.3,124.83275261324042,20.890243902439025,1006.8209059233448,,2020,7,63.7,73.10000000000007,73.60000000000004,78.8,1,22.4,25.0,4.38,69.0,76.0,470204.0,476112.25,0
2020-07-11,조선비치호텔,5475.0,577.0,0.0,True,True,1,1.3,22.4,20.5,75,10.99,476893,121.0,52.0,,,22.542160278745644,196.74912891986065,17.809059233449478,25.24459930313589,1.3,,2.0,,10.3,124.83275261324042,20.890243902439025,1006.8209059233448,,2020,7,63.7,73.10000000000007,73.60000000000004,78.8,1,22.4,25.0,4.38,69.0,76.0,470204.0,476112.25,0
2020-07-11,파라다이스호텔,11199.0,1426.0,0.75,True,True,1,1.3,22.4,20.5,75,10.99,476893,121.0,52.0,,,22.542160278745644,196.74912891986065,17.809059233449478,25.24459930313589,1.3,,2.0,,10.3,124.83275261324042,20.890243902439025,1006.8209059233448,,2020,7,63.7,73.10000000000007,73.60000000000004,78.8,1,22.4,25.0,4.38,69.0,76.0,470204.0,476112.25,0
2020-07-17,아쿠아리움,1.0,1.0,0.25,False,False,0,0.0,20.5,16.6,45,27.75,451409,121.0,53.0,,,19.244055944055944,130.71678321678323,21.32937062937063,20.244405594405592,0.8,,1.2,,8.1,51.41258741258741,21.624825174825173,1009.3423076923078,,2020,7,0.3,5.400000000000056,8.900000000000043,154.9,0,20.1,16.2,25.03,68.0,50.0,458483.0,476112.25,0
2020-07-17,조선비치호텔,1.0,1.0,0.0,False,False,0,0.0,20.5,16.6,45,27.75,451409,121.0,53.0,,,19.244055944055944,130.71678321678323,21.32937062937063,20.244405594405592,0.8,,1.2,,8.1,51.41258741258741,21.624825174825173,1009.3423076923078,,2020,7,0.3,5.400000000000056,8.900000000000043,154.9,0,20.1,16.2,25.03,68.0,50.0,458483.0,476112.25,0
2020-07-17,파라다이스호텔,1.0,1.0,0.75,False,False,0,0.0,20.5,16.6,45,27.75,451409,121.0,53.0,,,19.244055944055944,130.71678321678323,21.32937062937063,20.244405594405592,0.8,,1.2,,8.1,51.41258741258741,21.624825174825173,1009.3423076923078,,2020,7,0.3,5.400000000000056,8.900000000000043,154.9,0,20.1,16.2,25.03,68.0,50.0,458483.0,476112.25,0
2020-07-21,아쿠아리움,135.0,1.0,0.25,False,False,0,16.5,24.6,14.2,223,19.74,462115,144.0,31.0,,,27.33205574912892,189.8397212543554,19.60452961672474,19.733449477351915,1.0,,1.6,,5.8,178.54703832752614,22.947038327526133,1011.3797909407664,,2020,7,7.6,12.900000000000055,15.800000000000043,16.1,0,24.6,30.2,12.46,113.0,105.0,447945.0,476112.25,0
2020-07-21,조선비치호텔,142.0,1.0,0.0,False,False,0,16.5,24.6,14.2,223,19.74,462115,144.0,31.0,,,27.33205574912892,189.8397212543554,19.60452961672474,19.733449477351915,1.0,,1.6,,5.8,178.54703832752614,22.947038327526133,1011.3797909407664,,2020,7,7.6,12.900000000000055,15.800000000000043,16.1,0,24.6,30.2,12.46,113.0,105.0,447945.0,476112.25,0
2020-07-21,파라다이스호텔,110.0,21.0,0.75,False,False,0,16.5,24.6,14.2,223,19.74,462115,144.0,31.0,,,27.33205574912892,189.8397212543554,19.60452961672474,19.733449477351915,1.0,,1.6,,5.8,178.54703832752614,22.947038327526133,1011.3797909407664,,2020,7,7.6,12.900000000000055,15.800000000000043,16.1,0,24.6,30.2,12.46,113.0,105.0,447945.0,476112.25,0
2020-08-04,아쿠아리움,1187.0,26.0,0.25,True,False,1,0.6,26.1,23.2,223,19.25,426194,131.0,25.0,,,26.705574912891983,179.31010452961672,17.44773519163763,29.686411149825783,0.9,,1.3,,7.0,226.3170731707317,23.721254355400696,1013.1940766550524,,2020,8,1.3,1.800000000000057,2.8000000000000282,14.5,0,26.1,26.3,16.84,106.0,101.0,430418.0,476112.25,0
2020-08-04,조선비치호텔,275.0,37.0,0.0,False,False,0,0.6,26.1,23.2,223,19.25,426194,131.0,25.0,,,26.705574912891983,179.31010452961672,17.44773519163763,29.686411149825783,0.9,,1.3,,7.0,226.3170731707317,23.721254355400696,1013.1940766550524,,2020,8,1.3,1.800000000000057,2.8000000000000282,14.5,0,26.1,26.3,16.84,106.0,101.0,430418.0,476112.25,0
2020-08-04,파라다이스호텔,86.0,10.0,0.75,False,False,0,0.6,26.1,23.2,223,19.25,426194,131.0,25.0,,,26.705574912891983,179.31010452961672,17.44773519163763,29.686411149825783,0.9,,1.3,,7.0,226.3170731707317,23.721254355400696,1013.1940766550524,,2020,8,1.3,1.800000000000057,2.8000000000000282,14.5,0,26.1,26.3,16.84,106.0,101.0,430418.0,476112.25,0
2020-08-14,아쿠아리움,490.0,21.0,0.25,False,False,0,0.5,27.2,24.7,227,21.23,457937,102.0,59.0,,,12.618055555555555,212.53472222222223,15.664236111111112,30.55069444444445,0.8,,1.3,,8.7,228.09375,23.48090277777778,1008.093402777778,,2020,8,0.0,2.8000000000000567,12.900000000000034,48.2,0,27.1,24.0,22.33,43.0,35.0,476373.0,476112.25,1
2020-08-14,조선비치호텔,535.0,42.0,0.0,True,False,1,0.5,27.2,24.7,227,21.23,457937,102.0,59.0,,,12.618055555555555,212.53472222222223,15.664236111111112,30.55069444444445,0.8,,1.3,,8.7,228.09375,23.48090277777778,1008.093402777778,,2020,8,0.0,2.8000000000000567,12.900000000000034,48.2,0,27.1,24.0,22.33,43.0,35.0,476373.0,476112.25,1
2020-08-14,파라다이스호텔,520.0,21.0,0.75,True,False,1,0.5,27.2,24.7,227,21.23,457937,102.0,59.0,,,12.618055555555555,212.53472222222223,15.664236111111112,30.55069444444445,0.8,,1.3,,8.7,228.09375,23.48090277777778,1008.093402777778,,2020,8,0.0,2.8000000000000567,12.900000000000034,48.2,0,27.1,24.0,22.33,43.0,35.0,476373.0,476112.25,1
2020-08-19,아쿠아리움,1.0,10.0,0.25,False,False,0,0.0,28.4,15.2,238,24.43,425772,147.0,20.0,,,31.16006944444445,169.43402777777777,17.836805555555557,30.225,0.3,,0.4,,7.1,180.31597222222223,24.37395833333333,1010.0128472222224,,2020,8,0.0,0.0,0.0,0.5,0,27.8,13.3,24.43,127.0,108.0,442595.0,476112.25,0
2020-08-19,조선비치호텔,31.0,1.0,0.0,False,False,0,0.0,28.4,15.2,238,24.43,425772,147.0,20.0,,,31.16006944444445,169.43402777777777,17.836805555555557,30.225,0.3,,0.4,,7.1,180.31597222222223,24.37395833333333,1010.0128472222224,,2020,8,0.0,0.0,0.0,0.5,0,27.8,13.3,24.43,127.0,108.0,442595.0,476112.25,0
2020-08-19,파라다이스호텔,1.0,1.0,0.75,False,False,0,0.0,28.4,15.2,238,24.43,425772,147.0,20.0,,,31.16006944444445,169.43402777777777,17.836805555555557,30.225,0.3,,0.4,,7.1,180.31597222222223,24.37395833333333,1010.0128472222224,,2020,8,0.0,0.0,0.0,0.5,0,27.8,13.3,24.43,127.0,108.0,442595.0,476112.25,0
2020-09-15,아쿠아리움,31.0,5.0,0.25,False,False,0,0.5,22.0,12.0,74,19.0,403854,139.0,43.0,,,11.586111111111112,155.21527777777777,23.22473867595819,21.85191637630662,0.8,,1.3,,5.4,150.16319444444446,23.039236111111112,,,2020,9,0.0,0.20000000000005685,11.200000000000028,19.9,0,21.3,16.3,17.82,96.0,71.0,424065.0,476112.25,0
2020-09-15,조선비치호텔,1.0,1.0,0.0,False,False,0,0.5,22.0,12.0,74,19.0,403854,139.0,43.0,,,11.586111111111112,155.21527777777777,23.22473867595819,21.85191637630662,0.8,,1.3,,5.4,150.16319444444446,23.039236111111112,,,2020,9,0.0,0.20000000000005685,11.200000000000028,19.9,0,21.3,16.3,17.82,96.0,71.0,424065.0,476112.25,0
2020-09-15,파라다이스호텔,10.0,16.0,0.75,False,False,0,0.5,22.0,12.0,74,19.0,403854,139.0,43.0,,,11.586111111111112,155.21527777777777,23.22473867595819,21.85191637630662,0.8,,1.3,,5.4,150.16319444444446,23.039236111111112,,,2020,9,0.0,0.20000000000005685,11.200000000000028,19.9,0,21.3,16.3,17.82,96.0,71.0,424065.0,476112.25,0
2021-05-25,부산아쿠아리움,10.0,5.0,0.25,False,False,0,0.0,18.1,30.4,267,24.29,341904,140.0,12.0,,,,,,,,,,,,,,,,2021,5,2.0,2.000000000000057,2.000000000000032,28.6,0,18.5,15.3,13.11,128.0,111.0,349820.0,457812.2,0
2021-05-25,조선비치호텔 옆 계단,1.0,1.0,0.0,False,False,0,0.0,18.1,30.4,267,24.29,341904,140.0,12.0,,,,,,,,,,,,,,,,2021,5,2.0,2.000000000000057,2.000000000000032,28.6,0,18.5,15.3,13.11,128.0,111.0,349820.0,457812.2,0
2021-05-25,파라다이스호텔 신관~구관,20.0,5.0,0.75,False,False,0,0.0,18.1,30.4,267,24.29,341904,140.0,12.0,,,,,,,,,,,,,,,,2021,5,2.0,2.000000000000057,2.000000000000032,28.6,0,18.5,15.3,13.11,128.0,111.0,349820.0,457812.2,0
2021-06-08,부산아쿠아리움,1.0,1.0,0.25,False,False,0,0.0,21.8,13.6,99,27.18,327097,117.0,26.0,,,,,,,,,,,,,,,,2021,6,0.0,0.0,0.0,13.9,0,21.3,17.8,27.5,91.0,77.0,339128.0,457812.2,0
2021-06-08,조선비치호텔 옆 계단,1.0,85.0,0.0,False,False,0,0.0,21.8,13.6,99,27.18,327097,117.0,26.0,,,,,,,,,,,,,,,,2021,6,0.0,0.0,0.0,13.9,0,21.3,17.8,27.5,91.0,77.0,339128.0,457812.2,0
2021-06-08,파라다이스호텔 신관~구관,175.0,16.0,0.75,False,False,0,0.0,21.8,13.6,99,27.18,327097,117.0,26.0,,,,,,,,,,,,,,,,2021,6,0.0,0.0,0.0,13.9,0,21.3,17.8,27.5,91.0,77.0,339128.0,457812.2,0
2021-06-22,부산아쿠아리움,1.0,1.0,0.25,False,False,0,0.5,19.9,18.8,54,24.16,381482,137.0,36.0,,,,,,,,,,,,,,,,2021,6,0.0,0.0,0.10000000000002798,3.4,0,22.6,20.2,26.11,101.0,84.0,404277.0,457812.2,0
2021-06-22,조선비치호텔 옆 계단,10.0,21.0,0.0,False,False,0,0.5,19.9,18.8,54,24.16,381482,137.0,36.0,,,,,,,,,,,,,,,,2021,6,0.0,0.0,0.10000000000002798,3.4,0,22.6,20.2,26.11,101.0,84.0,404277.0,457812.2,0
2021-06-22,파라다이스호텔 신관~구관,1.0,5.0,0.75,False,False,0,0.5,19.9,18.8,54,24.16,381482,137.0,36.0,,,,,,,,,,,,,,,,2021,6,0.0,0.0,0.10000000000002798,3.4,0,22.6,20.2,26.11,101.0,84.0,404277.0,457812.2,0
2021-07-15,부산아쿠아리움,20.0,1.0,0.25,False,False,0,3.3,26.6,11.8,237,21.7,443806,126.0,31.0,,,25.79143859649123,156.97122807017544,19.725525946704067,29.95182328190744,0.5,,0.7,,5.7,152.3579902302861,24.73105373342638,1015.009769713887,,2021,7,2.7,4.8000000000000576,6.800000000000022,8.2,0,26.5,17.2,21.75,95.0,97.0,456245.0,457812.2,0
2021-07-15,조선비치호텔 옆 계단,1.0,1.0,0.0,False,False,0,3.3,26.6,11.8,237,21.7,443806,126.0,31.0,,,25.79143859649123,156.97122807017544,19.725525946704067,29.95182328190744,0.5,,0.7,,5.7,152.3579902302861,24.73105373342638,1015.009769713887,,2021,7,2.7,4.8000000000000576,6.800000000000022,8.2,0,26.5,17.2,21.75,95.0,97.0,456245.0,457812.2,0
2021-07-15,파라다이스호텔 신관~구관,85.0,1.0,0.75,False,False,0,3.3,26.6,11.8,237,21.7,443806,126.0,31.0,,,25.79143859649123,156.97122807017544,19.725525946704067,29.95182328190744,0.5,,0.7,,5.7,152.3579902302861,24.73105373342638,1015.009769713887,,2021,7,2.7,4.8000000000000576,6.800000000000022,8.2,0,26.5,17.2,21.75,95.0,97.0,456245.0,457812.2,0
2021-07-22,부산아쿠아리움,1.0,1.0,0.25,False,False,0,0.0,26.3,23.6,45,23.12,388442,143.0,50.0,,,19.39206128133705,170.78203342618386,26.251114206128133,27.967896935933148,0.8,,1.3,,10.8,199.3816155988858,26.95800835654596,1011.2502089136492,,2021,7,0.0,0.30000000000005683,6.2000000000000215,18.700000000000003,0,26.3,24.6,22.26,93.0,83.0,389796.0,457812.2,0
2021-07-22,조선비치호텔 옆 계단,1.0,5.0,0.0,False,False,0,0.0,26.3,23.6,45,23.12,388442,143.0,50.0,,,19.39206128133705,170.78203342618386,26.251114206128133,27.967896935933148,0.8,,1.3,,10.8,199.3816155988858,26.95800835654596,1011.2502089136492,,2021,7,0.0,0.30000000000005683,6.2000000000000215,18.700000000000003,0,26.3,24.6,22.26,93.0,83.0,389796.0,457812.2,0
2021-07-22,파라다이스호텔 신관~구관,10.0,1.0,0.75,False,False,0,0.0,26.3,23.6,45,23.12,388442,143.0,50.0,,,19.39206128133705,170.78203342618386,26.251114206128133,27.967896935933148,0.8,,1.3,,10.8,199.3816155988858,26.95800835654596,1011.2502089136492,,2021,7,0.0,0.30000000000005683,6.2000000000000215,18.700000000000003,0,26.3,24.6,22.26,93.0,83.0,389796.0,457812.2,0
2021-07-29,부산아쿠아리움,97.0,26.0,0.25,False,False,0,0.0,26.7,11.9,97,24.86,339232,138.0,55.0,,,13.870891364902509,199.40041782729804,26.97110027855153,25.92089136490251,0.6,,1.1,,4.8,153.4144645340751,27.222253129346317,1002.7592489568846,,2021,7,0.4,0.40000000000005687,0.40000000000002134,0.5,0,26.4,17.1,21.36,83.0,92.0,375292.0,457812.2,0
2021-07-29,조선비치호텔 옆 계단,75.0,10.0,0.0,False,False,0,0.0,26.7,11.9,97,24.86,339232,138.0,55.0,,,13.870891364902509,199.40041782729804,26.97110027855153,25.92089136490251,0.6,,1.1,,4.8,153.4144645340751,27.222253129346317,1002.7592489568846,,2021,7,0.4,0.40000000000005687,0.40000000000002134,0.5,0,26.4,17.1,21.36,83.0,92.0,375292.0,457812.2,0
2021-07-29,파라다이스호텔 신관~구관,173.0,43.0,0.75,False,False,0,0.0,26.7,11.9,97,24.86,339232,138.0,55.0,,,13.870891364902509,199.40041782729804,26.97110027855153,25.92089136490251,0.6,,1.1,,4.8,153.4144645340751,27.222253129346317,1002.7592489568846,,2021,7,0.4,0.40000000000005687,0.40000000000002134,0.5,0,26.4,17.1,21.36,83.0,92.0,375292.0,457812.2,0
2021-08-03,부산아쿠아리움,10.0,1.0,0.25,False,False,0,0.4,27.2,17.0,206,21.53,323725,114.0,79.0,,,20.94136967155835,203.1006289308176,25.70286312849162,23.324650837988827,0.9,,1.5,,8.1,152.2239221140473,27.021557719054243,1008.1143254520166,,2021,8,2.3,20.800000000000058,23.400000000000023,23.400000000000002,1,27.8,14.8,21.79,35.0,33.0,346994.0,457812.2,0
2021-08-03,조선비치호텔 옆 계단,1.0,1.0,0.0,False,False,0,0.4,27.2,17.0,206,21.53,323725,114.0,79.0,,,20.94136967155835,203.1006289308176,25.70286312849162,23.324650837988827,0.9,,1.5,,8.1,152.2239221140473,27.021557719054243,1008.1143254520166,,2021,8,2.3,20.800000000000058,23.400000000000023,23.400000000000002,1,27.8,14.8,21.79,35.0,33.0,346994.0,457812.2,0
2021-08-03,파라다이스호텔 신관~구관,10.0,5.0,0.75,False,False,0,0.4,27.2,17.0,206,21.53,323725,114.0,79.0,,,20.94136967155835,203.1006289308176,25.70286312849162,23.324650837988827,0.9,,1.5,,8.1,152.2239221140473,27.021557719054243,1008.1143254520166,,2021,8,2.3,20.800000000000058,23.400000000000023,23.400000000000002,1,27.8,14.8,21.79,35.0,33.0,346994.0,457812.2,0
2021-08-10,부산아쿠아리움,10.0,1.0,0.25,False,False,0,7.6,24.8,16.5,76,17.27,361677,171.0,54.0,,,17.780640668523677,159.47214484679665,27.38636047320807,30.75434933890049,2.3,,3.1,,8.8,87.05632823365787,25.947705146036164,1009.0114742698192,,2021,8,18.1,59.00000000000006,63.90000000000002,63.9,1,25.8,22.2,18.32,117.0,106.0,402310.0,457812.2,0
2021-08-10,조선비치호텔 옆 계단,1.0,5.0,0.0,False,False,0,7.6,24.8,16.5,76,17.27,361677,171.0,54.0,,,17.780640668523677,159.47214484679665,27.38636047320807,30.75434933890049,2.3,,3.1,,8.8,87.05632823365787,25.947705146036164,1009.0114742698192,,2021,8,18.1,59.00000000000006,63.90000000000002,63.9,1,25.8,22.2,18.32,117.0,106.0,402310.0,457812.2,0
2021-08-10,파라다이스호텔 신관~구관,1.0,1.0,0.75,False,False,0,7.6,24.8,16.5,76,17.27,361677,171.0,54.0,,,17.780640668523677,159.47214484679665,27.38636047320807,30.75434933890049,2.3,,3.1,,8.8,87.05632823365787,25.947705146036164,1009.0114742698192,,2021,8,18.1,59.00000000000006,63.90000000000002,63.9,1,25.8,22.2,18.32,117.0,106.0,402310.0,457812.2,0
2021-08-31,부산아쿠아리움,95.0,1.0,0.25,False,False,0,9.4,24.5,11.9,66,16.69,434857,102.0,70.0,,,16.86673640167364,200.54253835425385,24.25641562064156,25.118828451882845,0.3,,0.5,,7.4,111.94367176634212,25.239151599443677,1014.8753129346314,,2021,8,1.7,3.1000000000000565,4.800000000000021,11.2,0,25.6,9.7,15.71,32.0,45.0,440513.0,457812.2,0
2021-08-31,조선비치호텔 옆 계단,97.0,5.0,0.0,False,False,0,9.4,24.5,11.9,66,16.69,434857,102.0,70.0,,,16.86673640167364,200.54253835425385,24.25641562064156,25.118828451882845,0.3,,0.5,,7.4,111.94367176634212,25.239151599443677,1014.8753129346314,,2021,8,1.7,3.1000000000000565,4.800000000000021,11.2,0,25.6,9.7,15.71,32.0,45.0,440513.0,457812.2,0
2021-08-31,파라다이스호텔 신관~구관,241.0,16.0,0.75,False,False,0,9.4,24.5,11.9,66,16.69,434857,102.0,70.0,,,16.86673640167364,200.54253835425385,24.25641562064156,25.118828451882845,0.3,,0.5,,7.4,111.94367176634212,25.239151599443677,1014.8753129346314,,2021,8,1.7,3.1000000000000565,4.800000000000021,11.2,0,25.6,9.7,15.71,32.0,45.0,440513.0,457812.2,0
2021-09-29,부산아쿠아리움,1.0,1.0,0.25,False,False,0,11.1,23.1,23.7,232,13.29,364603,111.0,83.0,,,11.170424495476688,158.30062630480168,23.70598469032707,,0.8,,1.2,,7.9,222.67107093184975,23.91279554937413,1009.1765646731571,,2021,9,3.7,4.200000000000057,4.2000000000000215,6.300000000000015,0,21.5,20.2,9.58,28.0,49.0,353529.0,457812.2,0
2021-09-29,조선비치호텔,1.0,1.0,0.0,False,False,0,11.1,23.1,23.7,232,13.29,364603,111.0,83.0,,,11.170424495476688,158.30062630480168,23.70598469032707,,0.8,,1.2,,7.9,222.67107093184975,23.91279554937413,1009.1765646731571,,2021,9,3.7,4.200000000000057,4.2000000000000215,6.300000000000015,0,21.5,20.2,9.58,28.0,49.0,353529.0,457812.2,0
2021-09-29,파라다이스호텔,1.0,1.0,0.75,False,False,0,11.1,23.1,23.7,232,13.29,364603,111.0,83.0,,,11.170424495476688,158.30062630480168,23.70598469032707,,0.8,,1.2,,7.9,222.67107093184975,23.91279554937413,1009.1765646731571,,2021,9,3.7,4.200000000000057,4.2000000000000215,6.300000000000015,0,21.5,20.2,9.58,28.0,49.0,353529.0,457812.2,0
2022-05-19,부산아쿠아리움,10.0,1.0,0.25,False,False,0,0.0,19.8,21.4,240,18.29,302456,130.0,17.0,,,22.6707423580786,157.8056768558952,15.077656477438138,,0.6,,1.1,,8.5,235.58369723435223,17.953493449781657,1017.7230713245996,,2022,5,0.0,0.0,0.0,0.0,0,19.7,22.3,27.02,113.0,120.0,314601.0,412083.2,0
2022-05-19,파라다이스호텔,10.0,10.0,0.75,False,False,0,0.0,19.8,21.4,240,18.29,302456,130.0,17.0,,,22.6707423580786,157.8056768558952,15.077656477438138,,0.6,,1.1,,8.5,235.58369723435223,17.953493449781657,1017.7230713245996,,2022,5,0.0,0.0,0.0,0.0,0,19.7,22.3,27.02,113.0,120.0,314601.0,412083.2,0
2022-06-07,부산아쿠아리움,41.0,1.0,0.25,False,False,0,0.8,16.5,21.7,44,18.83,317939,120.0,70.0,,,6.390909090909091,193.6993006993007,18.11608391608392,,,,,,,,,,,2022,6,24.1,54.40000000000006,54.40000000000002,54.40000000000002,1,18.1,27.1,17.37,50.0,64.0,436854.0,412083.2,1
2022-06-07,조선비치호텔,20.0,1.0,0.0,False,False,0,0.8,16.5,21.7,44,18.83,317939,120.0,70.0,,,6.390909090909091,193.6993006993007,18.11608391608392,,,,,,,,,,,2022,6,24.1,54.40000000000006,54.40000000000002,54.40000000000002,1,18.1,27.1,17.37,50.0,64.0,436854.0,412083.2,1
2022-06-07,파라다이스호텔,10.0,1.0,0.75,False,False,0,0.8,16.5,21.7,44,18.83,317939,120.0,70.0,,,6.390909090909091,193.6993006993007,18.11608391608392,,,,,,,,,,,2022,6,24.1,54.40000000000006,54.40000000000002,54.40000000000002,1,18.1,27.1,17.37,50.0,64.0,436854.0,412083.2,1
2022-06-30,부산아쿠아리움,63.0,1.0,0.25,False,False,0,0.9,25.2,26.0,227,23.58,381271,129.0,36.0,,,9.959027777777775,234.82638888888889,20.96597222222222,,,,,,,,,,,2022,6,4.8,5.60000000000006,22.100000000000016,27.900000000000013,1,24.0,31.5,11.49,93.0,92.0,397960.0,412083.2,0
2022-06-30,조선비치호텔,20.0,1.0,0.0,False,False,0,0.9,25.2,26.0,227,23.58,381271,129.0,36.0,,,9.959027777777775,234.82638888888889,20.96597222222222,,,,,,,,,,,2022,6,4.8,5.60000000000006,22.100000000000016,27.900000000000013,1,24.0,31.5,11.49,93.0,92.0,397960.0,412083.2,0
2022-06-30,파라다이스 호텔,20.0,1.0,0.75,False,False,0,0.9,25.2,26.0,227,23.58,381271,129.0,36.0,,,9.959027777777775,234.82638888888889,20.96597222222222,,,,,,,,,,,2022,6,4.8,5.60000000000006,22.100000000000016,27.900000000000013,1,24.0,31.5,11.49,93.0,92.0,397960.0,412083.2,0
2022-07-07,부산 아쿠아리움,31.0,5.0,0.25,False,False,0,1.2,26.8,19.5,205,21.22,315958,115.0,52.0,,,9.034265734265736,187.53146853146853,22.2958041958042,,,,,,,,,,,2022,7,3.4,7.60000000000006,9.600000000000017,10.700000000000014,0,25.8,10.5,15.73,63.0,66.0,319589.0,412083.2,0
2022-07-07,조선비치호텔,74.0,26.0,0.0,False,False,0,1.2,26.8,19.5,205,21.22,315958,115.0,52.0,,,9.034265734265736,187.53146853146853,22.2958041958042,,,,,,,,,,,2022,7,3.4,7.60000000000006,9.600000000000017,10.700000000000014,0,25.8,10.5,15.73,63.0,66.0,319589.0,412083.2,0
2022-07-07,파라다이스 호텔,62.0,10.0,0.75,False,False,0,1.2,26.8,19.5,205,21.22,315958,115.0,52.0,,,9.034265734265736,187.53146853146853,22.2958041958042,,,,,,,,,,,2022,7,3.4,7.60000000000006,9.600000000000017,10.700000000000014,0,25.8,10.5,15.73,63.0,66.0,319589.0,412083.2,0
2022-07-20,부산아쿠아리움,63.0,1.0,0.25,False,False,0,0.7,26.2,18.4,225,25.19,402284,124.0,51.0,,,5.510791366906475,183.82014388489208,20.61079136690648,,,,,,,,,,,2022,7,3.9,87.80000000000007,88.00000000000003,89.00000000000001,1,24.9,11.3,16.07,73.0,89.0,465008.0,412083.2,1
2022-07-20,조선비치호텔,75.0,1.0,0.0,False,False,0,0.7,26.2,18.4,225,25.19,402284,124.0,51.0,,,5.510791366906475,183.82014388489208,20.61079136690648,,,,,,,,,,,2022,7,3.9,87.80000000000007,88.00000000000003,89.00000000000001,1,24.9,11.3,16.07,73.0,89.0,465008.0,412083.2,1
2022-07-20,파라다이스호텔,109.0,1.0,0.75,False,False,0,0.7,26.2,18.4,225,25.19,402284,124.0,51.0,,,5.510791366906475,183.82014388489208,20.61079136690648,,,,,,,,,,,2022,7,3.9,87.80000000000007,88.00000000000003,89.00000000000001,1,24.9,11.3,16.07,73.0,89.0,465008.0,412083.2,1
2022-07-26,부산아쿠아리움,1.0,1.0,0.25,False,False,0,0.1,24.4,16.7,67,23.61,411168,125.0,51.0,,,9.307638888888889,201.73611111111111,21.998611111111117,,,,,,,,,,,2022,7,1.5,20.400000000000055,21.200000000000014,37.5,1,24.8,14.9,19.36,74.0,60.0,412312.0,412083.2,1
2022-07-26,조선비치호텔,1.0,1.0,0.0,False,False,0,0.1,24.4,16.7,67,23.61,411168,125.0,51.0,,,9.307638888888889,201.73611111111111,21.998611111111117,,,,,,,,,,,2022,7,1.5,20.400000000000055,21.200000000000014,37.5,1,24.8,14.9,19.36,74.0,60.0,412312.0,412083.2,1
2022-07-26,파라다이스호텔,1.0,1.0,0.75,False,False,0,0.1,24.4,16.7,67,23.61,411168,125.0,51.0,,,9.307638888888889,201.73611111111111,21.998611111111117,,,,,,,,,,,2022,7,1.5,20.400000000000055,21.200000000000014,37.5,1,24.8,14.9,19.36,74.0,60.0,412312.0,412083.2,1
2022-08-03,부산아쿠아리움,10.0,1.0,0.25,False,False,0,3.8,27.1,24.6,238,20.93,428802,124.0,35.0,,,17.141100786275913,169.7276626161544,20.91300929235168,,1.0,,1.6,,9.2,237.14510364546103,25.38205861329521,1011.2999285203716,,2022,8,13.7,17.800000000000054,23.900000000000013,25.0,1,26.6,29.3,16.99,89.0,86.0,369851.0,412083.2,0
2022-08-03,조선비치호텔,31.0,1.0,0.0,False,False,0,3.8,27.1,24.6,238,20.93,428802,124.0,35.0,,,17.141100786275913,169.7276626161544,20.91300929235168,,1.0,,1.6,,9.2,237.14510364546103,25.38205861329521,1011.2999285203716,,2022,8,13.7,17.800000000000054,23.900000000000013,25.0,1,26.6,29.3,16.99,89.0,86.0,369851.0,412083.2,0
2022-08-03,파라다이스호텔,52.0,1.0,0.75,False,False,0,3.8,27.1,24.6,238,20.93,428802,124.0,35.0,,,17.141100786275913,169.7276626161544,20.91300929235168,,1.0,,1.6,,9.2,237.14510364546103,25.38205861329521,1011.2999285203716,,2022,8,13.7,17.800000000000054,23.900000000000013,25.0,1,26.6,29.3,16.99,89.0,86.0,369851.0,412083.2,0
2022-08-09,부산아쿠아리움,10.0,1.0,0.25,False,False,0,0.0,27.6,26.7,229,10.84,322786,124.0,49.0,,,14.503047484053862,170.21970233876684,16.978667611622964,,0.8,,1.2,,8.2,239.00425230333096,24.176754075124027,1008.9150956768248,,2022,8,0.0,0.6000000000000568,4.500000000000014,10.899999999999999,0,28.4,25.5,19.26,75.0,60.0,337496.0,412083.2,0
2022-08-09,조선비치호텔,1.0,1.0,0.0,False,False,0,0.0,27.6,26.7,229,10.84,322786,124.0,49.0,,,14.503047484053862,170.21970233876684,16.978667611622964,,0.8,,1.2,,8.2,239.00425230333096,24.176754075124027,1008.9150956768248,,2022,8,0.0,0.6000000000000568,4.500000000000014,10.899999999999999,0,28.4,25.5,19.26,75.0,60.0,337496.0,412083.2,0
2022-08-09,파라다이스호텔,1.0,1.0,0.75,False,False,0,0.0,27.6,26.7,229,10.84,322786,124.0,49.0,,,14.503047484053862,170.21970233876684,16.978667611622964,,0.8,,1.2,,8.2,239.00425230333096,24.176754075124027,1008.9150956768248,,2022,8,0.0,0.6000000000000568,4.500000000000014,10.899999999999999,0,28.4,25.5,19.26,75.0,60.0,337496.0,412083.2,0
2022-08-16,부산아쿠아리움,10.0,1.0,0.25,False,False,0,10.0,26.5,27.2,247,8.02,389890,134.0,27.0,,,11.904755145493256,169.30447125621006,14.778652482269504,,1.5,,2.1,,10.8,227.02620396600565,23.013810198300284,1004.7543909348442,,2022,8,1.0,5.400000000000057,10.400000000000015,22.3,0,28.4,32.3,22.3,107.0,117.0,356616.0,412083.2,0
2022-08-16,조선비치 호텔,10.0,5.0,0.0,False,False,0,10.0,26.5,27.2,247,8.02,389890,134.0,27.0,,,11.904755145493256,169.30447125621006,14.778652482269504,,1.5,,2.1,,10.8,227.02620396600565,23.013810198300284,1004.7543909348442,,2022,8,1.0,5.400000000000057,10.400000000000015,22.3,0,28.4,32.3,22.3,107.0,117.0,356616.0,412083.2,0
2022-08-16,파라다이스 호텔,10.0,1.0,0.75,False,False,0,10.0,26.5,27.2,247,8.02,389890,134.0,27.0,,,11.904755145493256,169.30447125621006,14.778652482269504,,1.5,,2.1,,10.8,227.02620396600565,23.013810198300284,1004.7543909348442,,2022,8,1.0,5.400000000000057,10.400000000000015,22.3,0,28.4,32.3,22.3,107.0,117.0,356616.0,412083.2,0
2022-08-30,부산아쿠아리움,1.0,1.0,0.25,False,False,0,7.6,22.9,19.3,38,10.97,350995,144.0,26.0,,,3.8884848484848487,155.33989401968205,25.95473126419379,,0.6,,1.1,,7.8,60.616603773584906,24.31041509433962,1011.293358490566,,2022,8,0.0,0.0,0.0,0.10000000000000711,0,23.2,15.8,14.49,118.0,112.0,348795.0,412083.2,0
2022-08-30,조선비치호텔,1.0,1.0,0.0,False,False,0,7.6,22.9,19.3,38,10.97,350995,144.0,26.0,,,3.8884848484848487,155.33989401968205,25.95473126419379,,0.6,,1.1,,7.8,60.616603773584906,24.31041509433962,1011.293358490566,,2022,8,0.0,0.0,0.0,0.10000000000000711,0,23.2,15.8,14.49,118.0,112.0,348795.0,412083.2,0
2022-08-30,파라다이스호텔,1.0,1.0,0.75,False,False,0,7.6,22.9,19.3,38,10.97,350995,144.0,26.0,,,3.8884848484848487,155.33989401968205,25.95473126419379,,0.6,,1.1,,7.8,60.616603773584906,24.31041509433962,1011.293358490566,,2022,8,0.0,0.0,0.0,0.10000000000000711,0,23.2,15.8,14.49,118.0,112.0,348795.0,412083.2,0
2022-09-26,부산아쿠아리움,20.0,1.0,0.25,False,False,0,0.9,20.0,13.0,16,8.6,341051,140.0,26.0,,,,,,,,,,,,,,,,2022,9,0.2,0.20000000000005685,0.20000000000001422,0.20000000000001422,0,19.6,18.6,8.7,114.0,108.0,320237.0,412083.2,0
2022-09-26,조선비치호텔,1.0,1.0,0.0,False,False,0,0.9,20.0,13.0,16,8.6,341051,140.0,26.0,,,,,,,,,,,,,,,,2022,9,0.2,0.20000000000005685,0.20000000000001422,0.20000000000001422,0,19.6,18.6,8.7,114.0,108.0,320237.0,412083.2,0
2022-09-26,파라다이스호텔,86.0,16.0,0.75,False,False,0,0.9,20.0,13.0,16,8.6,341051,140.0,26.0,,,,,,,,,,,,,,,,2022,9,0.2,0.20000000000005685,0.20000000000001422,0.20000000000001422,0,19.6,18.6,8.7,114.0,108.0,320237.0,412083.2,0
2023-05-12,부산 아쿠아리움,10.0,1.0,0.25,False,False,0,1.2,16.2,14.0,65,19.11,373582,105.0,48.0,,,13.598290598290598,173.16096866096865,15.748646723646722,,1.1,,1.7,,9.5,210.92806267806267,16.553418803418804,1017.8440170940172,,2023,5,0.0,0.0,0.0,10.500000000000014,0,15.8,23.7,25.48,57.0,73.0,390313.0,444413.0,0
2023-05-12,조선비치 호텔,1.0,5.0,0.0,False,False,0,1.2,16.2,14.0,65,19.11,373582,105.0,48.0,,,13.598290598290598,173.16096866096865,15.748646723646722,,1.1,,1.7,,9.5,210.92806267806267,16.553418803418804,1017.8440170940172,,2023,5,0.0,0.0,0.0,10.500000000000014,0,15.8,23.7,25.48,57.0,73.0,390313.0,444413.0,0
2023-05-12,파라다이스호텔,10.0,1.0,0.75,False,False,0,1.2,16.2,14.0,65,19.11,373582,105.0,48.0,,,13.598290598290598,173.16096866096865,15.748646723646722,,1.1,,1.7,,9.5,210.92806267806267,16.553418803418804,1017.8440170940172,,2023,5,0.0,0.0,0.0,10.500000000000014,0,15.8,23.7,25.48,57.0,73.0,390313.0,444413.0,0
2023-06-07,부산아쿠아리움,31.0,1.0,0.25,False,False,0,0.0,20.1,16.1,237,21.41,342368,139.0,32.0,,,20.68578313253012,134.57510040160642,16.877831325301205,,0.7,,1.3,,9.6,213.28032128514056,18.99550200803213,1008.838232931727,,2023,6,0.1,0.10000000000007106,0.10000000000001422,6.3,0,19.2,15.4,21.05,107.0,117.0,343917.0,444413.0,0
2023-06-07,조선비치호텔,10.0,5.0,0.0,False,False,0,0.0,20.1,16.1,237,21.41,342368,139.0,32.0,,,20.68578313253012,134.57510040160642,16.877831325301205,,0.7,,1.3,,9.6,213.28032128514056,18.99550200803213,1008.838232931727,,2023,6,0.1,0.10000000000007106,0.10000000000001422,6.3,0,19.2,15.4,21.05,107.0,117.0,343917.0,444413.0,0
2023-06-07,파라다이스호텔,20.0,5.0,0.75,False,False,0,0.0,20.1,16.1,237,21.41,342368,139.0,32.0,,,20.68578313253012,134.57510040160642,16.877831325301205,,0.7,,1.3,,9.6,213.28032128514056,18.99550200803213,1008.838232931727,,2023,6,0.1,0.10000000000007106,0.10000000000001422,6.3,0,19.2,15.4,21.05,107.0,117.0,343917.0,444413.0,0
2023-06-20,부산아쿠아리움,1.0,1.0,0.25,False,False,0,0.9,21.4,21.7,55,23.85,333986,142.0,45.0,,,20.0,27.0,20.0,,0.4,,0.6,,5.0,51.0,21.3,1008.3,,2023,6,0.0,0.0,0.0,13.2,0,22.7,28.7,26.99,97.0,98.0,346458.0,444413.0,0
2023-06-20,조선비치호텔,41.0,26.0,0.0,False,False,0,0.9,21.4,21.7,55,23.85,333986,142.0,45.0,,,20.0,27.0,20.0,,0.4,,0.6,,5.0,51.0,21.3,1008.3,,2023,6,0.0,0.0,0.0,13.2,0,22.7,28.7,26.99,97.0,98.0,346458.0,444413.0,0
2023-06-20,파라다이스호텔,1.0,1.0,0.75,False,False,0,0.9,21.4,21.7,55,23.85,333986,142.0,45.0,,,20.0,27.0,20.0,,0.4,,0.6,,5.0,51.0,21.3,1008.3,,2023,6,0.0,0.0,0.0,13.2,0,22.7,28.7,26.99,97.0,98.0,346458.0,444413.0,0
2023-07-04,부산 아쿠아리움 ,1.0,1.0,0.25,False,False,0,15.5,23.0,13.4,115,14.46,357692,146.0,31.0,,,30.697029702970298,191.7001414427157,19.311519434628973,,0.7,,1.1,,4.8,139.48837209302326,22.25764622973925,1003.7795630725864,,2023,7,0.9,0.9000000000000711,5.100000000000008,28.1,0,23.4,13.5,13.09,115.0,109.0,370596.0,444413.0,0
2023-07-04,조선비치호텔,10.0,1.0,0.0,False,False,0,15.5,23.0,13.4,115,14.46,357692,146.0,31.0,,,30.697029702970298,191.7001414427157,19.311519434628973,,0.7,,1.1,,4.8,139.48837209302326,22.25764622973925,1003.7795630725864,,2023,7,0.9,0.9000000000000711,5.100000000000008,28.1,0,23.4,13.5,13.09,115.0,109.0,370596.0,444413.0,0
2023-07-04,파라다이스 호텔,20.0,16.0,0.75,False,False,0,15.5,23.0,13.4,115,14.46,357692,146.0,31.0,,,30.697029702970298,191.7001414427157,19.311519434628973,,0.7,,1.1,,4.8,139.48837209302326,22.25764622973925,1003.7795630725864,,2023,7,0.9,0.9000000000000711,5.100000000000008,28.1,0,23.4,13.5,13.09,115.0,109.0,370596.0,444413.0,0
2023-07-27,부산아쿠아리움,86.0,10.0,0.25,False,False,0,0.0,27.1,11.9,200,25.94,439085,94.0,53.0,,,16.91579689703808,187.6932299012694,19.107334273624826,,1.0,,1.0,,4.7,187.6507042253521,25.55419847328244,1014.723309859155,,2023,7,1.6,3.800000000000064,8.1,18.199999999999985,0,26.0,13.2,17.83,41.0,53.0,422267.0,444413.0,0
2023-07-27,조선비치호텔,160.0,10.0,0.0,False,False,0,0.0,27.1,11.9,200,25.94,439085,94.0,53.0,,,16.91579689703808,187.6932299012694,19.107334273624826,,1.0,,1.0,,4.7,187.6507042253521,25.55419847328244,1014.723309859155,,2023,7,1.6,3.800000000000064,8.1,18.199999999999985,0,26.0,13.2,17.83,41.0,53.0,422267.0,444413.0,0
2023-07-27,파라다이스호텔,108.0,5.0,0.75,False,False,0,0.0,27.1,11.9,200,25.94,439085,94.0,53.0,,,16.91579689703808,187.6932299012694,19.107334273624826,,1.0,,1.0,,4.7,187.6507042253521,25.55419847328244,1014.723309859155,,2023,7,1.6,3.800000000000064,8.1,18.199999999999985,0,26.0,13.2,17.83,41.0,53.0,422267.0,444413.0,0
2023-08-01,부산아쿠아리움,1.0,5.0,0.25,False,False,0,0.0,27.8,13.8,53,25.39,383089,140.0,30.0,,,22.87960479887085,167.2103034580099,22.89513055751588,,0.6,,0.9,,6.2,55.37447108603667,28.464805290227773,1011.111706629055,,2023,8,0.0,0.0,0.0,0.0,0,28.0,13.6,25.32,110.0,100.0,413663.0,444413.0,0
2023-08-01,조선비치호텔,10.0,21.0,0.0,False,False,0,0.0,27.8,13.8,53,25.39,383089,140.0,30.0,,,22.87960479887085,167.2103034580099,22.89513055751588,,0.6,,0.9,,6.2,55.37447108603667,28.464805290227773,1011.111706629055,,2023,8,0.0,0.0,0.0,0.0,0,28.0,13.6,25.32,110.0,100.0,413663.0,444413.0,0
2023-08-01,파라다이스호텔,1.0,1.0,0.75,False,False,0,0.0,27.8,13.8,53,25.39,383089,140.0,30.0,,,22.87960479887085,167.2103034580099,22.89513055751588,,0.6,,0.9,,6.2,55.37447108603667,28.464805290227773,1011.111706629055,,2023,8,0.0,0.0,0.0,0.0,0,28.0,13.6,25.32,110.0,100.0,413663.0,444413.0,0
2023-08-08,부산아쿠아리움,10.0,1.0,0.25,False,False,0,0.0,27.9,33.6,33,23.72,348140,135.0,69.0,,,8.836819787985865,182.26148409893992,28.360212014134277,,1.2,,1.8,,11.9,46.63963328631876,28.30966149506347,1001.271509167842,,2023,8,0.0,0.10000000000006395,0.1,0.0999999999999858,0,28.9,27.8,25.03,66.0,88.0,339911.0,444413.0,0
2023-08-08,조선비치호텔,10.0,1.0,0.0,False,False,0,0.0,27.9,33.6,33,23.72,348140,135.0,69.0,,,8.836819787985865,182.26148409893992,28.360212014134277,,1.2,,1.8,,11.9,46.63963328631876,28.30966149506347,1001.271509167842,,2023,8,0.0,0.10000000000006395,0.1,0.0999999999999858,0,28.9,27.8,25.03,66.0,88.0,339911.0,444413.0,0
2023-08-08,파라다이스호텔,1.0,1.0,0.75,False,False,0,0.0,27.9,33.6,33,23.72,348140,135.0,69.0,,,8.836819787985865,182.26148409893992,28.360212014134277,,1.2,,1.8,,11.9,46.63963328631876,28.30966149506347,1001.271509167842,,2023,8,0.0,0.10000000000006395,0.1,0.0999999999999858,0,28.9,27.8,25.03,66.0,88.0,339911.0,444413.0,0
2024-05-03,부산아쿠아리움,1.0,1.0,0.25,False,False,0,0.0,14.5,10.1,164,26.64,350915,93.0,32.0,,,11.496920923722882,172.84114765570328,16.343037088873338,,0.6,,1.1,,3.8,211.88329839273237,15.700768693221525,1018.572746331237,,2024,5,0.0,0.9000000000000711,1.8000000000000071,32.59999999999999,0,13.4,18.6,26.29,61.0,52.0,355082.0,418786.0,0
2024-05-03,조선비치호텔,1.0,1.0,0.0,False,False,0,0.0,14.5,10.1,164,26.64,350915,93.0,32.0,,,11.496920923722882,172.84114765570328,16.343037088873338,,0.6,,1.1,,3.8,211.88329839273237,15.700768693221525,1018.572746331237,,2024,5,0.0,0.9000000000000711,1.8000000000000071,32.59999999999999,0,13.4,18.6,26.29,61.0,52.0,355082.0,418786.0,0
2024-05-03,파라다이스호텔,1.0,5.0,0.75,False,False,0,0.0,14.5,10.1,164,26.64,350915,93.0,32.0,,,11.496920923722882,172.84114765570328,16.343037088873338,,0.6,,1.1,,3.8,211.88329839273237,15.700768693221525,1018.572746331237,,2024,5,0.0,0.9000000000000711,1.8000000000000071,32.59999999999999,0,13.4,18.6,26.29,61.0,52.0,355082.0,418786.0,0
2024-06-03,LCT 앞,1.0,1.0,0.5,False,False,0,0.7,17.7,20.3,55,22.45,333797,127.0,34.0,,,20.33797202797203,176.3881118881119,18.28454545454545,,0.7,,1.1,,9.5,81.38337988826815,18.3695530726257,1011.7658519553072,,2024,6,1.8,1.800000000000071,2.000000000000007,2.199999999999986,0,18.2,16.4,20.68,93.0,80.0,323661.0,418786.0,0
2024-06-03,아쿠아리움 앞,1.0,5.0,0.25,False,False,0,0.7,17.7,20.3,55,22.45,333797,127.0,34.0,,,20.33797202797203,176.3881118881119,18.28454545454545,,0.7,,1.1,,9.5,81.38337988826815,18.3695530726257,1011.7658519553072,,2024,6,1.8,1.800000000000071,2.000000000000007,2.199999999999986,0,18.2,16.4,20.68,93.0,80.0,323661.0,418786.0,0
2024-06-03,조선비치 호텔 앞,1.0,1.0,0.0,False,False,0,0.7,17.7,20.3,55,22.45,333797,127.0,34.0,,,20.33797202797203,176.3881118881119,18.28454545454545,,0.7,,1.1,,9.5,81.38337988826815,18.3695530726257,1011.7658519553072,,2024,6,1.8,1.800000000000071,2.000000000000007,2.199999999999986,0,18.2,16.4,20.68,93.0,80.0,323661.0,418786.0,0
2024-06-03,파라다이스 호텔 앞,1.0,1.0,0.75,False,False,0,0.7,17.7,20.3,55,22.45,333797,127.0,34.0,,,20.33797202797203,176.3881118881119,18.28454545454545,,0.7,,1.1,,9.5,81.38337988826815,18.3695530726257,1011.7658519553072,,2024,6,1.8,1.800000000000071,2.000000000000007,2.199999999999986,0,18.2,16.4,20.68,93.0,80.0,323661.0,418786.0,0
2024-06-17,LCT 더 샾,1.0,1.0,0.5,False,False,0,0.0,22.8,16.1,215,14.0,337904,106.0,53.0,,,10.13085553997195,141.93478260869566,19.718653576437585,,0.6,,0.9,,8.5,209.34011220196356,22.15168302945301,1007.8084151472652,,2024,6,5.2,12.600000000000072,12.600000000000009,12.599999999999987,0,24.1,18.7,24.6,53.0,47.0,344418.0,418786.0,0
2024-06-17,부산 아쿠아리움,1.0,1.0,0.25,False,False,0,0.0,22.8,16.1,215,14.0,337904,106.0,53.0,,,10.13085553997195,141.93478260869566,19.718653576437585,,0.6,,0.9,,8.5,209.34011220196356,22.15168302945301,1007.8084151472652,,2024,6,5.2,12.600000000000072,12.600000000000009,12.599999999999987,0,24.1,18.7,24.6,53.0,47.0,344418.0,418786.0,0
2024-06-17,조선비치 호텔,122.0,1.0,0.0,False,False,0,0.0,22.8,16.1,215,14.0,337904,106.0,53.0,,,10.13085553997195,141.93478260869566,19.718653576437585,,0.6,,0.9,,8.5,209.34011220196356,22.15168302945301,1007.8084151472652,,2024,6,5.2,12.600000000000072,12.600000000000009,12.599999999999987,0,24.1,18.7,24.6,53.0,47.0,344418.0,418786.0,0
2024-06-26,LCT 더 샵,1.0,1.0,0.5,False,False,0,0.0,21.8,12.8,173,21.69,331931,132.0,34.0,,,,,,,,,,,,,,,,2024,6,0.0,0.0,2.100000000000007,57.39999999999999,0,22.8,15.7,17.13,98.0,101.0,341952.0,418786.0,0
2024-06-26,부산 아쿠아리움,10.0,1.0,0.25,False,False,0,0.0,21.8,12.8,173,21.69,331931,132.0,34.0,,,,,,,,,,,,,,,,2024,6,0.0,0.0,2.100000000000007,57.39999999999999,0,22.8,15.7,17.13,98.0,101.0,341952.0,418786.0,0
2024-06-26,조선비치 호텔,52.0,1.0,0.0,False,False,0,0.0,21.8,12.8,173,21.69,331931,132.0,34.0,,,,,,,,,,,,,,,,2024,6,0.0,0.0,2.100000000000007,57.39999999999999,0,22.8,15.7,17.13,98.0,101.0,341952.0,418786.0,0
2024-06-26,파라다이스 호텔,10.0,1.0,0.75,False,False,0,0.0,21.8,12.8,173,21.69,331931,132.0,34.0,,,,,,,,,,,,,,,,2024,6,0.0,0.0,2.100000000000007,57.39999999999999,0,22.8,15.7,17.13,98.0,101.0,341952.0,418786.0,0
2024-07-08,LCT 더 샵,20.0,5.0,0.5,False,False,0,0.4,24.8,31.0,225,10.57,367126,137.0,35.0,,,18.68982456140351,185.10877192982457,14.823157894736845,,1.2,,1.9,,9.3,226.43859649122808,20.764912280701758,1005.5835087719298,,2024,7,0.1,0.3000000000000711,0.30000000000000004,3.1999999999999855,0,25.2,28.5,18.54,102.0,102.0,381548.0,418786.0,0
2024-07-08,부산 아쿠아리움,20.0,1.0,0.25,False,False,0,0.4,24.8,31.0,225,10.57,367126,137.0,35.0,,,18.68982456140351,185.10877192982457,14.823157894736845,,1.2,,1.9,,9.3,226.43859649122808,20.764912280701758,1005.5835087719298,,2024,7,0.1,0.3000000000000711,0.30000000000000004,3.1999999999999855,0,25.2,28.5,18.54,102.0,102.0,381548.0,418786.0,0
2024-07-08,조선비치 호텔,41.0,10.0,0.0,False,False,0,0.4,24.8,31.0,225,10.57,367126,137.0,35.0,,,18.68982456140351,185.10877192982457,14.823157894736845,,1.2,,1.9,,9.3,226.43859649122808,20.764912280701758,1005.5835087719298,,2024,7,0.1,0.3000000000000711,0.30000000000000004,3.1999999999999855,0,25.2,28.5,18.54,102.0,102.0,381548.0,418786.0,0
2024-07-08,파라다이스 호텔,86.0,5.0,0.75,False,False,0,0.4,24.8,31.0,225,10.57,367126,137.0,35.0,,,18.68982456140351,185.10877192982457,14.823157894736845,,1.2,,1.9,,9.3,226.43859649122808,20.764912280701758,1005.5835087719298,,2024,7,0.1,0.3000000000000711,0.30000000000000004,3.1999999999999855,0,25.2,28.5,18.54,102.0,102.0,381548.0,418786.0,0
2024-07-22,LCT 더 샵,10.0,5.0,0.5,False,False,0,0.5,26.9,24.7,226,20.82,393066,141.0,27.0,,,26.148958333333333,163.86805555555554,17.059375000000003,,0.6,,0.9,,9.6,215.04861111111111,23.197916666666668,1008.985763888889,,2024,7,0.4,9.300000000000072,39.699999999999996,58.29999999999998,1,27.1,28.3,23.04,114.0,104.0,405832.0,418786.0,0
2024-07-22,부산 아쿠아리움,10.0,1.0,0.25,False,False,0,0.5,26.9,24.7,226,20.82,393066,141.0,27.0,,,26.148958333333333,163.86805555555554,17.059375000000003,,0.6,,0.9,,9.6,215.04861111111111,23.197916666666668,1008.985763888889,,2024,7,0.4,9.300000000000072,39.699999999999996,58.29999999999998,1,27.1,28.3,23.04,114.0,104.0,405832.0,418786.0,0
2024-07-22,조선비치 호텔,1.0,,0.0,False,False,0,0.5,26.9,24.7,226,20.82,393066,141.0,27.0,,,26.148958333333333,163.86805555555554,17.059375000000003,,0.6,,0.9,,9.6,215.04861111111111,23.197916666666668,1008.985763888889,,2024,7,0.4,9.300000000000072,39.699999999999996,58.29999999999998,1,27.1,28.3,23.04,114.0,104.0,405832.0,418786.0,0
2024-07-22,파라다이스 호텔,20.0,1.0,0.75,False,False,0,0.5,26.9,24.7,226,20.82,393066,141.0,27.0,,,26.148958333333333,163.86805555555554,17.059375000000003,,0.6,,0.9,,9.6,215.04861111111111,23.197916666666668,1008.985763888889,,2024,7,0.4,9.300000000000072,39.699999999999996,58.29999999999998,1,27.1,28.3,23.04,114.0,104.0,405832.0,418786.0,0
2024-08-05,LCT 더 샵,1.0,1.0,0.5,False,False,0,0.0,27.7,13.8,56,24.51,362525,138.0,35.0,,,24.60766550522648,194.0209059233449,25.74390243902439,,0.5,,0.9,,6.4,54.0,28.320833333333333,1008.4979166666668,,2024,8,0.8,5.100000000000071,5.1,5.099999999999985,0,28.5,15.5,22.47,103.0,95.0,368717.0,418786.0,0
2024-08-05,부산 아쿠아리움,1.0,16.0,0.25,False,False,0,0.0,27.7,13.8,56,24.51,362525,138.0,35.0,,,24.60766550522648,194.0209059233449,25.74390243902439,,0.5,,0.9,,6.4,54.0,28.320833333333333,1008.4979166666668,,2024,8,0.8,5.100000000000071,5.1,5.099999999999985,0,28.5,15.5,22.47,103.0,95.0,368717.0,418786.0,0
2024-08-05,조선비치 호텔,1.0,1.0,0.0,False,False,0,0.0,27.7,13.8,56,24.51,362525,138.0,35.0,,,24.60766550522648,194.0209059233449,25.74390243902439,,0.5,,0.9,,6.4,54.0,28.320833333333333,1008.4979166666668,,2024,8,0.8,5.100000000000071,5.1,5.099999999999985,0,28.5,15.5,22.47,103.0,95.0,368717.0,418786.0,0
2024-08-05,파라다이스 호텔,1.0,1.0,0.75,False,False,0,0.0,27.7,13.8,56,24.51,362525,138.0,35.0,,,24.60766550522648,194.0209059233449,25.74390243902439,,0.5,,0.9,,6.4,54.0,28.320833333333333,1008.4979166666668,,2024,8,0.8,5.100000000000071,5.1,5.099999999999985,0,28.5,15.5,22.47,103.0,95.0,368717.0,418786.0,0
2024-08-19,LCT 더 샵,1.0,1.0,0.5,False,False,0,2.0,28.4,17.4,84,22.61,351046,155.0,42.0,,,26.790277777777774,185.54166666666663,29.812847222222224,,1.1,,1.6,,7.4,90.00694444444444,29.174652777777776,1009.1197916666666,,2024,8,0.0,0.4000000000000711,0.5000000000000004,3.699999999999986,0,27.2,19.0,23.53,113.0,96.0,337645.0,418786.0,0
2024-08-19,부산 아쿠아리움,1.0,1.0,0.25,False,False,0,2.0,28.4,17.4,84,22.61,351046,155.0,42.0,,,26.790277777777774,185.54166666666663,29.812847222222224,,1.1,,1.6,,7.4,90.00694444444444,29.174652777777776,1009.1197916666666,,2024,8,0.0,0.4000000000000711,0.5000000000000004,3.699999999999986,0,27.2,19.0,23.53,113.0,96.0,337645.0,418786.0,0
2024-08-19,조선비치 호텔,1.0,10.0,0.0,False,False,0,2.0,28.4,17.4,84,22.61,351046,155.0,42.0,,,26.790277777777774,185.54166666666663,29.812847222222224,,1.1,,1.6,,7.4,90.00694444444444,29.174652777777776,1009.1197916666666,,2024,8,0.0,0.4000000000000711,0.5000000000000004,3.699999999999986,0,27.2,19.0,23.53,113.0,96.0,337645.0,418786.0,0
2024-08-19,파라다이스 호텔,1.0,5.0,0.75,False,False,0,2.0,28.4,17.4,84,22.61,351046,155.0,42.0,,,26.790277777777774,185.54166666666663,29.812847222222224,,1.1,,1.6,,7.4,90.00694444444444,29.174652777777776,1009.1197916666666,,2024,8,0.0,0.4000000000000711,0.5000000000000004,3.699999999999986,0,27.2,19.0,23.53,113.0,96.0,337645.0,418786.0,0
2024-09-06,LCT 더 샵,1.0,1.0,0.5,False,False,0,0.2,26.0,15.7,56,18.21,336549,132.0,32.0,,,26.55573770491803,213.79781420765028,27.103825136612024,,0.5,,0.7,,7.2,135.98360655737704,27.48087431693989,1010.2322404371585,,2024,9,0.0,0.0,0.7,2.999999999999986,0,25.3,15.5,23.0,100.0,101.0,356876.0,418786.0,0
2024-09-06,부산 아쿠아리움,1.0,1.0,0.25,False,False,0,0.2,26.0,15.7,56,18.21,336549,132.0,32.0,,,26.55573770491803,213.79781420765028,27.103825136612024,,0.5,,0.7,,7.2,135.98360655737704,27.48087431693989,1010.2322404371585,,2024,9,0.0,0.0,0.7,2.999999999999986,0,25.3,15.5,23.0,100.0,101.0,356876.0,418786.0,0
2024-09-06,조선비치 호텔,1.0,1.0,0.0,False,False,0,0.2,26.0,15.7,56,18.21,336549,132.0,32.0,,,26.55573770491803,213.79781420765028,27.103825136612024,,0.5,,0.7,,7.2,135.98360655737704,27.48087431693989,1010.2322404371585,,2024,9,0.0,0.0,0.7,2.999999999999986,0,25.3,15.5,23.0,100.0,101.0,356876.0,418786.0,0
2024-09-06,파라다이스 호텔,10.0,1.0,0.75,False,False,0,0.2,26.0,15.7,56,18.21,336549,132.0,32.0,,,26.55573770491803,213.79781420765028,27.103825136612024,,0.5,,0.7,,7.2,135.98360655737704,27.48087431693989,1010.2322404371585,,2024,9,0.0,0.0,0.7,2.999999999999986,0,25.3,15.5,23.0,100.0,101.0,356876.0,418786.0,0
2025-06-11,LCT 더 샵,10.0,5.0,0.5,False,False,0,0.0,23.7,15.7,232,24.62,311426,129.0,37.0,,,20.17887323943662,189.34154929577463,16.169718309859153,,0.5,,0.9,,4.9,173.39649122807018,21.52245614035088,1010.1852631578948,,2025,6,0.1,0.10000000000008438,0.1,0.09999999999997158,0,22.8,16.2,23.64,92.0,84.0,342802.0,415838.60000000003,0
2025-06-11,부산 아쿠아리움,10.0,5.0,0.25,False,False,0,0.0,23.7,15.7,232,24.62,311426,129.0,37.0,,,20.17887323943662,189.34154929577463,16.169718309859153,,0.5,,0.9,,4.9,173.39649122807018,21.52245614035088,1010.1852631578948,,2025,6,0.1,0.10000000000008438,0.1,0.09999999999997158,0,22.8,16.2,23.64,92.0,84.0,342802.0,415838.60000000003,0
2025-06-11,조선비치 호텔,1.0,1.0,0.0,False,False,0,0.0,23.7,15.7,232,24.62,311426,129.0,37.0,,,20.17887323943662,189.34154929577463,16.169718309859153,,0.5,,0.9,,4.9,173.39649122807018,21.52245614035088,1010.1852631578948,,2025,6,0.1,0.10000000000008438,0.1,0.09999999999997158,0,22.8,16.2,23.64,92.0,84.0,342802.0,415838.60000000003,0
2025-06-11,파라다이스 호텔,1.0,5.0,0.75,False,False,0,0.0,23.7,15.7,232,24.62,311426,129.0,37.0,,,20.17887323943662,189.34154929577463,16.169718309859153,,0.5,,0.9,,4.9,173.39649122807018,21.52245614035088,1010.1852631578948,,2025,6,0.1,0.10000000000008438,0.1,0.09999999999997158,0,22.8,16.2,23.64,92.0,84.0,342802.0,415838.60000000003,0
2025-06-30,"A1,A2",171.0,1.0,0.0,False,False,0,0.0,26.5,15.1,231,26.02,390293,135.0,43.0,,,19.60905923344948,187.42857142857144,15.731010452961671,,0.3,,0.5,,6.8,209.16666666666663,21.950694444444444,1011.246875,,2025,6,0.0,0.0,0.0,16.39999999999997,0,25.7,13.9,25.59,92.0,95.0,389966.0,415838.60000000003,0
2025-06-30,"B1,B2",122.0,1.0,0.25,False,False,0,0.0,26.5,15.1,231,26.02,390293,135.0,43.0,,,19.60905923344948,187.42857142857144,15.731010452961671,,0.3,,0.5,,6.8,209.16666666666663,21.950694444444444,1011.246875,,2025,6,0.0,0.0,0.0,16.39999999999997,0,25.7,13.9,25.59,92.0,95.0,389966.0,415838.60000000003,0
2025-06-30,"C1,C2",63.0,1.0,0.5,False,False,0,0.0,26.5,15.1,231,26.02,390293,135.0,43.0,,,19.60905923344948,187.42857142857144,15.731010452961671,,0.3,,0.5,,6.8,209.16666666666663,21.950694444444444,1011.246875,,2025,6,0.0,0.0,0.0,16.39999999999997,0,25.7,13.9,25.59,92.0,95.0,389966.0,415838.60000000003,0
2025-06-30,"D1,D2",295.0,1.0,0.75,False,False,0,0.0,26.5,15.1,231,26.02,390293,135.0,43.0,,,19.60905923344948,187.42857142857144,15.731010452961671,,0.3,,0.5,,6.8,209.16666666666663,21.950694444444444,1011.246875,,2025,6,0.0,0.0,0.0,16.39999999999997,0,25.7,13.9,25.59,92.0,95.0,389966.0,415838.60000000003,0
2025-06-30,"E1,E2",238.0,5.0,1.0,False,False,0,0.0,26.5,15.1,231,26.02,390293,135.0,43.0,,,19.60905923344948,187.42857142857144,15.731010452961671,,0.3,,0.5,,6.8,209.16666666666663,21.950694444444444,1011.246875,,2025,6,0.0,0.0,0.0,16.39999999999997,0,25.7,13.9,25.59,92.0,95.0,389966.0,415838.60000000003,0
2025-07-14,"A1,A2",1.0,1.0,0.0,False,False,0,43.8,23.6,14.5,15,20.42,405354,161.0,57.0,,,22.026132404181183,144.26132404181186,24.654006968641117,,0.9,,1.5,,7.4,159.73519163763066,24.03832752613241,993.6968641114984,,2025,7,28.1,28.100000000000087,28.1,28.099999999999973,1,25.5,14.2,21.89,104.0,113.0,348961.0,415838.60000000003,0
2025-07-14,"B1,B2",1.0,5.0,0.25,False,False,0,43.8,23.6,14.5,15,20.42,405354,161.0,57.0,,,22.026132404181183,144.26132404181186,24.654006968641117,,0.9,,1.5,,7.4,159.73519163763066,24.03832752613241,993.6968641114984,,2025,7,28.1,28.100000000000087,28.1,28.099999999999973,1,25.5,14.2,21.89,104.0,113.0,348961.0,415838.60000000003,0
2025-07-14,"C1,C2",10.0,5.0,0.5,False,False,0,43.8,23.6,14.5,15,20.42,405354,161.0,57.0,,,22.026132404181183,144.26132404181186,24.654006968641117,,0.9,,1.5,,7.4,159.73519163763066,24.03832752613241,993.6968641114984,,2025,7,28.1,28.100000000000087,28.1,28.099999999999973,1,25.5,14.2,21.89,104.0,113.0,348961.0,415838.60000000003,0
2025-07-14,"D1,D2",1.0,5.0,0.75,False,False,0,43.8,23.6,14.5,15,20.42,405354,161.0,57.0,,,22.026132404181183,144.26132404181186,24.654006968641117,,0.9,,1.5,,7.4,159.73519163763066,24.03832752613241,993.6968641114984,,2025,7,28.1,28.100000000000087,28.1,28.099999999999973,1,25.5,14.2,21.89,104.0,113.0,348961.0,415838.60000000003,0
2025-07-14,"E1,E2",1.0,5.0,1.0,False,False,0,43.8,23.6,14.5,15,20.42,405354,161.0,57.0,,,22.026132404181183,144.26132404181186,24.654006968641117,,0.9,,1.5,,7.4,159.73519163763066,24.03832752613241,993.6968641114984,,2025,7,28.1,28.100000000000087,28.1,28.099999999999973,1,25.5,14.2,21.89,104.0,113.0,348961.0,415838.60000000003,0
2025-07-28,"A1,A2",1.0,5.0,0.0,False,False,0,0.0,29.0,12.2,94,26.65,372304,142.0,34.0,,,25.99651567944251,191.6724738675958,23.654355400696865,,1.0,,1.4,,3.4,104.30208333333331,27.898263888888888,1004.259375,,2025,7,0.0,0.0,0.1,0.09999999999997869,0,29.1,15.7,26.38,108.0,109.0,364549.0,415838.60000000003,0
2025-07-28,"B1,B2",10.0,10.0,0.25,False,False,0,0.0,29.0,12.2,94,26.65,372304,142.0,34.0,,,25.99651567944251,191.6724738675958,23.654355400696865,,1.0,,1.4,,3.4,104.30208333333331,27.898263888888888,1004.259375,,2025,7,0.0,0.0,0.1,0.09999999999997869,0,29.1,15.7,26.38,108.0,109.0,364549.0,415838.60000000003,0
2025-07-28,"C1,C2",10.0,5.0,0.5,False,False,0,0.0,29.0,12.2,94,26.65,372304,142.0,34.0,,,25.99651567944251,191.6724738675958,23.654355400696865,,1.0,,1.4,,3.4,104.30208333333331,27.898263888888888,1004.259375,,2025,7,0.0,0.0,0.1,0.09999999999997869,0,29.1,15.7,26.38,108.0,109.0,364549.0,415838.60000000003,0
2025-07-28,"D1,D2",1.0,1.0,0.75,False,False,0,0.0,29.0,12.2,94,26.65,372304,142.0,34.0,,,25.99651567944251,191.6724738675958,23.654355400696865,,1.0,,1.4,,3.4,104.30208333333331,27.898263888888888,1004.259375,,2025,7,0.0,0.0,0.1,0.09999999999997869,0,29.1,15.7,26.38,108.0,109.0,364549.0,415838.60000000003,0
2025-07-28,"E1,E2",1.0,1.0,1.0,False,False,0,0.0,29.0,12.2,94,26.65,372304,142.0,34.0,,,25.99651567944251,191.6724738675958,23.654355400696865,,1.0,,1.4,,3.4,104.30208333333331,27.898263888888888,1004.259375,,2025,7,0.0,0.0,0.1,0.09999999999997869,0,29.1,15.7,26.38,108.0,109.0,364549.0,415838.60000000003,0
2025-08-11,"A1,A2",20.0,5.0,0.0,False,False,0,37.9,24.1,14.7,44,18.11,422754,148.0,28.0,,,20.554861111111112,187.32986111111111,22.40347222222222,,1.1,,2.0,,6.4,190.72222222222223,24.38125,1005.4038194444444,,2025,8,72.5,103.00000000000009,103.8,114.99999999999997,1,23.4,14.7,9.76,120.0,114.0,425298.0,415838.60000000003,1
2025-08-11,"B1,B2",20.0,5.0,0.25,False,False,0,37.9,24.1,14.7,44,18.11,422754,148.0,28.0,,,20.554861111111112,187.32986111111111,22.40347222222222,,1.1,,2.0,,6.4,190.72222222222223,24.38125,1005.4038194444444,,2025,8,72.5,103.00000000000009,103.8,114.99999999999997,1,23.4,14.7,9.76,120.0,114.0,425298.0,415838.60000000003,1
2025-08-11,"C1,C2",1.0,1.0,0.5,False,False,0,37.9,24.1,14.7,44,18.11,422754,148.0,28.0,,,20.554861111111112,187.32986111111111,22.40347222222222,,1.1,,2.0,,6.4,190.72222222222223,24.38125,1005.4038194444444,,2025,8,72.5,103.00000000000009,103.8,114.99999999999997,1,23.4,14.7,9.76,120.0,114.0,425298.0,415838.60000000003,1
2025-08-11,"D1,D2",10.0,16.0,0.75,False,False,0,37.9,24.1,14.7,44,18.11,422754,148.0,28.0,,,20.554861111111112,187.32986111111111,22.40347222222222,,1.1,,2.0,,6.4,190.72222222222223,24.38125,1005.4038194444444,,2025,8,72.5,103.00000000000009,103.8,114.99999999999997,1,23.4,14.7,9.76,120.0,114.0,425298.0,415838.60000000003,1
2025-08-11,"E1,E2",10.0,5.0,1.0,False,False,0,37.9,24.1,14.7,44,18.11,422754,148.0,28.0,,,20.554861111111112,187.32986111111111,22.40347222222222,,1.1,,2.0,,6.4,190.72222222222223,24.38125,1005.4038194444444,,2025,8,72.5,103.00000000000009,103.8,114.99999999999997,1,23.4,14.7,9.76,120.0,114.0,425298.0,415838.60000000003,1
2025-08-25,LCT,1.0,1.0,0.5,False,False,0,0.3,29.0,19.2,227,22.68,349051,130.0,16.0,,,14.078472222222222,182.19097222222223,16.136458333333334,,0.4,,0.7,,7.3,201.64930555555557,24.33125,1011.3774305555556,,2025,8,0.8,0.9000000000000853,1.6,2.5999999999999712,0,29.3,15.1,22.48,114.0,118.0,351933.0,415838.60000000003,0
2025-08-25,부산 아쿠아리움,10.0,1.0,0.25,False,False,0,0.3,29.0,19.2,227,22.68,349051,130.0,16.0,,,14.078472222222222,182.19097222222223,16.136458333333334,,0.4,,0.7,,7.3,201.64930555555557,24.33125,1011.3774305555556,,2025,8,0.8,0.9000000000000853,1.6,2.5999999999999712,0,29.3,15.1,22.48,114.0,118.0,351933.0,415838.60000000003,0
2025-08-25,조선비치호텔,20.0,1.0,0.0,False,False,0,0.3,29.0,19.2,227,22.68,349051,130.0,16.0,,,14.078472222222222,182.19097222222223,16.136458333333334,,0.4,,0.7,,7.3,201.64930555555557,24.33125,1011.3774305555556,,2025,8,0.8,0.9000000000000853,1.6,2.5999999999999712,0,29.3,15.1,22.48,114.0,118.0,351933.0,415838.60000000003,0
2025-08-25,파라다이스호텔,20.0,1.0,0.75,False,False,0,0.3,29.0,19.2,227,22.68,349051,130.0,16.0,,,14.078472222222222,182.19097222222223,16.136458333333334,,0.4,,0.7,,7.3,201.64930555555557,24.33125,1011.3774305555556,,2025,8,0.8,0.9000000000000853,1.6,2.5999999999999712,0,29.3,15.1,22.48,114.0,118.0,351933.0,415838.60000000003,0
2025-09-08,LCT,20.0,5.0,0.5,False,False,0,0.2,27.2,9.2,335,17.46,344236,148.0,18.0,,,17.208710801393728,200.9616724738676,19.704529616724734,,0.4,,0.6,,7.2,132.19097222222223,25.095138888888886,1010.253125,,2025,9,1.1,1.9000000000000854,1.9000000000000001,4.799999999999976,0,28.6,20.9,17.65,130.0,119.0,341378.0,415838.60000000003,0
2025-09-08,부산 아쿠아리움,10.0,1.0,0.25,False,False,0,0.2,27.2,9.2,335,17.46,344236,148.0,18.0,,,17.208710801393728,200.9616724738676,19.704529616724734,,0.4,,0.6,,7.2,132.19097222222223,25.095138888888886,1010.253125,,2025,9,1.1,1.9000000000000854,1.9000000000000001,4.799999999999976,0,28.6,20.9,17.65,130.0,119.0,341378.0,415838.60000000003,0
2025-09-08,조선비치호텔,1.0,1.0,0.0,False,False,0,0.2,27.2,9.2,335,17.46,344236,148.0,18.0,,,17.208710801393728,200.9616724738676,19.704529616724734,,0.4,,0.6,,7.2,132.19097222222223,25.095138888888886,1010.253125,,2025,9,1.1,1.9000000000000854,1.9000000000000001,4.799999999999976,0,28.6,20.9,17.65,130.0,119.0,341378.0,415838.60000000003,0
2025-09-08,파라다이스호텔,10.0,5.0,0.75,False,False,0,0.2,27.2,9.2,335,17.46,344236,148.0,18.0,,,17.208710801393728,200.9616724738676,19.704529616724734,,0.4,,0.6,,7.2,132.19097222222223,25.095138888888886,1010.253125,,2025,9,1.1,1.9000000000000854,1.9000000000000001,4.799999999999976,0,28.6,20.9,17.65,130.0,119.0,341378.0,415838.60000000003,0
2025-09-22,LCT 더 샵,20.0,21.0,0.5,False,False,0,0.6,21.9,25.7,48,13.74,324737,138.0,35.0,,,18.86875,196.28472222222223,24.153819444444444,,1.4,,2.2,,10.2,27.54861111111111,23.19201388888889,1019.890625,,2025,9,0.0,8.000000000000085,8.0,11.699999999999976,0,21.3,25.5,18.89,103.0,117.0,321511.0,415838.60000000003,0
2025-09-22,부산 아쿠아리움,10.0,10.0,0.25,False,False,0,0.6,21.9,25.7,48,13.74,324737,138.0,35.0,,,18.86875,196.28472222222223,24.153819444444444,,1.4,,2.2,,10.2,27.54861111111111,23.19201388888889,1019.890625,,2025,9,0.0,8.000000000000085,8.0,11.699999999999976,0,21.3,25.5,18.89,103.0,117.0,321511.0,415838.60000000003,0
2025-09-22,조선비치 호텔,1.0,5.0,0.0,False,False,0,0.6,21.9,25.7,48,13.74,324737,138.0,35.0,,,18.86875,196.28472222222223,24.153819444444444,,1.4,,2.2,,10.2,27.54861111111111,23.19201388888889,1019.890625,,2025,9,0.0,8.000000000000085,8.0,11.699999999999976,0,21.3,25.5,18.89,103.0,117.0,321511.0,415838.60000000003,0
2025-09-22,파라다이스 호텔,1.0,5.0,0.75,False,False,0,0.6,21.9,25.7,48,13.74,324737,138.0,35.0,,,18.86875,196.28472222222223,24.153819444444444,,1.4,,2.2,,10.2,27.54861111111111,23.19201388888889,1019.890625,,2025,9,0.0,8.000000000000085,8.0,11.699999999999976,0,21.3,25.5,18.89,103.0,117.0,321511.0,415838.60000000003,0
2026-06-18,LCT,1.0,1.0,0.5,False,False,0,2.4,24.5,13.3,191,24.27,297710,145.0,31.0,,,,,,,,,,,,,,,,2026,6,0.0,0.0,0.0,0.0,0,23.6,14.4,25.55,114.0,116.0,298420.0,355474.69999999995,0
2026-06-18,아쿠아리움,1.0,1.0,0.25,False,False,0,2.4,24.5,13.3,191,24.27,297710,145.0,31.0,,,,,,,,,,,,,,,,2026,6,0.0,0.0,0.0,0.0,0,23.6,14.4,25.55,114.0,116.0,298420.0,355474.69999999995,0
2026-06-18,조선비치 호텔,10.0,5.0,0.0,False,False,0,2.4,24.5,13.3,191,24.27,297710,145.0,31.0,,,,,,,,,,,,,,,,2026,6,0.0,0.0,0.0,0.0,0,23.6,14.4,25.55,114.0,116.0,298420.0,355474.69999999995,0
2026-06-18,파라다이스호텔,1.0,1.0,0.75,False,False,0,2.4,24.5,13.3,191,24.27,297710,145.0,31.0,,,,,,,,,,,,,,,,2026,6,0.0,0.0,0.0,0.0,0,23.6,14.4,25.55,114.0,116.0,298420.0,355474.69999999995,0
2026-07-01,LCT,10.0,61.0,0.5,False,False,0,62.1,20.4,28.0,23,5.16,384847,144.0,42.0,,,,,,,,,,,,,,,,2026,7,0.0,0.0,0.0,1.0999999999999859,0,21.8,11.9,25.32,102.0,87.0,308086.0,355474.69999999995,0
2026-07-01,부산 아쿠아리움,1.0,1.0,0.25,False,False,0,62.1,20.4,28.0,23,5.16,384847,144.0,42.0,,,,,,,,,,,,,,,,2026,7,0.0,0.0,0.0,1.0999999999999859,0,21.8,11.9,25.32,102.0,87.0,308086.0,355474.69999999995,0
2026-07-01,조선비치 호텔,1607.0,4902.0,0.0,True,True,1,62.1,20.4,28.0,23,5.16,384847,144.0,42.0,,,,,,,,,,,,,,,,2026,7,0.0,0.0,0.0,1.0999999999999859,0,21.8,11.9,25.32,102.0,87.0,308086.0,355474.69999999995,0
2026-07-01,파라다이스 호텔,1.0,10.0,0.75,False,False,0,62.1,20.4,28.0,23,5.16,384847,144.0,42.0,,,,,,,,,,,,,,,,2026,7,0.0,0.0,0.0,1.0999999999999859,0,21.8,11.9,25.32,102.0,87.0,308086.0,355474.69999999995,0
2026-07-14,LCT,10.0,5.0,0.5,False,False,0,3.0,27.1,27.6,220,22.64,314074,150.0,34.0,,,,,,,,,,,,,,,,2026,7,0.1,0.10000000000008527,0.1,0.1999999999999858,0,27.8,20.8,26.2,116.0,107.0,320977.0,355474.69999999995,0
2026-07-14,부산 아쿠아리움,1.0,5.0,0.25,False,False,0,3.0,27.1,27.6,220,22.64,314074,150.0,34.0,,,,,,,,,,,,,,,,2026,7,0.1,0.10000000000008527,0.1,0.1999999999999858,0,27.8,20.8,26.2,116.0,107.0,320977.0,355474.69999999995,0
2026-07-14,조선비치 호텔,10.0,1.0,0.0,False,False,0,3.0,27.1,27.6,220,22.64,314074,150.0,34.0,,,,,,,,,,,,,,,,2026,7,0.1,0.10000000000008527,0.1,0.1999999999999858,0,27.8,20.8,26.2,116.0,107.0,320977.0,355474.69999999995,0
2026-07-14,파라다이스 호텔,1.0,1.0,0.75,False,False,0,3.0,27.1,27.6,220,22.64,314074,150.0,34.0,,,,,,,,,,,,,,,,2026,7,0.1,0.10000000000008527,0.1,0.1999999999999858,0,27.8,20.8,26.2,116.0,107.0,320977.0,355474.69999999995,0
