2015년,2016년,2017년,2018년,2019년,2020년,2021년,2022년,2023년,2024년,2025년,시군구,시도,해수욕장명
15273.0,16052.0,15290.0,15324.0,22331.0,67832.0,58344.0,31013.0,40147.0,39865.0,76488.0,강릉시,강원,강문
6375694.0,5837700.0,5887080.0,6078228.0,5253855.0,295998.0,266873.0,1066122.0,1435604.0,1770346.0,2011318.0,강릉시,강원,경포
2112.0,1342.0,1385.0,9793.0,24422.0,12089.0,2949.0,,12903.0,7450.0,5953.0,강릉시,강원,금진
15988.0,11680.0,3450.0,4103.0,3713.0,,,,,9278.0,11319.0,강릉시,강원,남항진
1216.0,855.0,560.0,1826.0,7072.0,,,1834.0,,,,강릉시,강원,도직
10988.0,10414.0,2890.0,8097.0,17818.0,,7275.0,8578.0,12780.0,10950.0,12385.0,강릉시,강원,등명
18375.0,17595.0,15350.0,14323.0,12730.0,6637.0,12102.0,12244.0,20116.0,25240.0,36062.0,강릉시,강원,사근진
8801.0,17378.0,11140.0,4761.0,7978.0,15720.0,6871.0,3051.0,14205.0,12617.0,36047.0,강릉시,강원,사천
8970.0,20901.0,19180.0,6172.0,11737.0,34315.0,25239.0,4708.0,20615.0,20050.0,85513.0,강릉시,강원,사천진
7808.0,10580.0,10895.0,7620.0,10458.0,24626.0,27355.0,27323.0,39730.0,52643.0,47726.0,강릉시,강원,강릉송정
7786.0,5720.0,3820.0,10409.0,9142.0,4758.0,8045.0,3848.0,14884.0,16510.0,22069.0,강릉시,강원,순긋
25245.0,16690.0,28270.0,15715.0,132568.0,113056.0,90962.0,95803.0,77645.0,234730.0,252189.0,강릉시,강원,안목
14170.0,2673.0,2250.0,6364.0,16365.0,,,,7074.0,7040.0,11525.0,강릉시,강원,안인
54495.0,9420.0,26428.0,15210.0,50051.0,16605.0,22161.0,4545.0,7732.0,4025.0,10542.0,강릉시,강원,연곡
9477.0,2342.0,1810.0,4543.0,,,,,,,,강릉시,강원,염전
20889.0,7955.0,3770.0,9357.0,41916.0,32588.0,30182.0,17650.0,12191.0,13691.0,22842.0,강릉시,강원,영진
37015.0,18475.0,16770.0,13935.0,67856.0,10479.0,4019.0,7190.0,8681.0,4231.0,3850.0,강릉시,강원,강릉옥계
128378.0,20282.0,18540.0,55733.0,114657.0,74223.0,61889.0,34456.0,49588.0,46210.0,56789.0,강릉시,강원,정동진
369883.0,302690.0,199510.0,324590.0,296970.0,73422.0,81291.0,241025.0,181918.0,253291.0,334400.0,강릉시,강원,주문진
7882.0,23888.0,14210.0,3640.0,6387.0,5430.0,3607.0,2595.0,9880.0,10965.0,29855.0,강릉시,강원,하평
17596.0,14261.0,13258.0,9034.0,10584.0,1574.0,13730.0,10670.0,9160.0,8540.0,10360.0,고성군,강원,가진
15830.0,16934.0,17464.0,14478.0,15798.0,3335.0,13159.0,11353.0,6480.0,13025.0,17390.0,고성군,강원,거진1리
43705.0,24891.0,24127.0,23735.0,26537.0,4937.0,22734.0,20953.0,21020.0,9500.0,9835.0,고성군,강원,거진11리
39375.0,36747.0,31411.0,24520.0,26545.0,3169.0,51929.0,27195.0,16535.0,13555.0,12350.0,고성군,강원,공현진1리
35466.0,39979.0,35138.0,26744.0,29083.0,2850.0,29583.0,26065.0,15910.0,12745.0,15740.0,고성군,강원,공현진2리
13171.0,12525.0,15196.0,22690.0,24740.0,4880.0,34698.0,13384.0,9490.0,8631.0,9379.0,고성군,강원,교암
10772.0,11906.0,10096.0,7693.0,9618.0,1292.0,10318.0,9264.0,6775.0,4926.0,6460.0,고성군,강원,대진1리
11055.0,9629.0,7704.0,5582.0,6457.0,1121.0,12321.0,9675.0,6540.0,4275.0,8520.0,고성군,강원,대진5리
43684.0,158676.0,139932.0,91190.0,82002.0,4125.0,11769.0,8414.0,30845.0,18851.0,61970.0,고성군,강원,마차진
30428.0,32769.0,23221.0,4653.0,4704.0,2348.0,10418.0,9478.0,11310.0,6772.0,7810.0,고성군,강원,명파
12536.0,11606.0,11257.0,10468.0,11818.0,1858.0,17849.0,15877.0,9640.0,6555.0,7240.0,고성군,강원,문암2리
26485.0,23933.0,20139.0,10375.0,12491.0,1910.0,24887.0,11417.0,9235.0,11956.0,12790.0,고성군,강원,반암
55752.0,70099.0,79007.0,78459.0,76188.0,10288.0,115634.0,141496.0,97740.0,64560.0,62540.0,고성군,강원,백도
107556.0,91302.0,102710.0,77166.0,51360.0,6097.0,115708.0,142008.0,104115.0,81490.0,76670.0,고성군,강원,봉수대
69294.0,55982.0,58973.0,48200.0,75945.0,11930.0,76415.0,84325.0,102970.0,142075.0,147170.0,고성군,강원,봉포
178929.0,136445.0,132062.0,224670.0,210735.0,10050.0,261024.0,287161.0,217105.0,333480.0,345295.0,고성군,강원,삼포
41990.0,43651.0,45855.0,43315.0,42727.0,4787.0,56637.0,28702.0,41990.0,21801.0,22700.0,고성군,강원,삼포2리
484362.0,359181.0,341123.0,239122.0,239700.0,25118.0,296936.0,333917.0,262040.0,362180.0,381920.0,고성군,강원,송지호
20419.0,21889.0,20227.0,16332.0,105608.0,11402.0,29630.0,5953.0,10780.0,7799.0,6580.0,고성군,강원,송지호오토캠핑장
75249.0,61240.0,68070.0,92380.0,20408.0,43200.0,231526.0,385083.0,363615.0,517925.0,493668.0,고성군,강원,아야진
31971.0,33486.0,32916.0,19850.0,18976.0,5510.0,61059.0,69851.0,76410.0,63808.0,53840.0,고성군,강원,문암1리
,,,,,,10108.0,8500.0,12265.0,10610.0,10020.0,고성군,강원,자작도캠핑장
82034.0,72111.0,78508.0,85860.0,90955.0,10847.0,53448.0,53678.0,79866.0,148285.0,126980.0,고성군,강원,천진
25691.0,24053.0,29464.0,22430.0,23514.0,3517.0,13960.0,14306.0,13760.0,16926.0,17305.0,고성군,강원,청간
34627.0,37786.0,27835.0,9075.0,11190.0,1134.0,19403.0,9569.0,5750.0,8666.0,10245.0,고성군,강원,초도
97612.0,123187.0,100850.0,64063.0,72587.0,24193.0,27822.0,23373.0,15525.0,39210.0,53550.0,고성군,강원,켄싱턴리조트
593521.0,414164.0,314658.0,229353.0,230201.0,10168.0,170096.0,143756.0,130625.0,,,고성군,강원,화진포
,,,,,,,,,58675.0,56828.0,고성군,강원,화진포(현내)
,,,,,,,,,62215.0,67030.0,고성군,강원,화진포(거진)
,,9730.0,,15022.0,6838.0,9397.0,9915.0,7770.0,15849.0,16320.0,고성군,강원,화진포콘도
,,,,,,,,,4260.0,8085.0,고성군,강원,반비치
42776.0,10549.0,9400.0,3976.0,3620.0,5258.0,11057.0,36943.0,7575.0,6355.0,2460.0,동해시,강원,노봉
163054.0,53899.0,66484.0,13144.0,14139.0,,,52845.0,16130.0,8170.0,8220.0,동해시,강원,동해대진
3360547.0,3355972.0,2428817.0,1127433.0,1095314.0,473956.0,439936.0,382326.0,412773.0,386854.0,512945.0,동해시,강원,망상
191002.0,181212.0,78654.0,33882.0,9727.0,10443.0,,74045.0,34480.0,38800.0,6710.0,동해시,강원,망상리조트
142308.0,52997.0,58707.0,21985.0,21890.0,19377.0,20800.0,77480.0,29170.0,10120.0,15800.0,동해시,강원,어달
360218.0,467774.0,1075697.0,567249.0,680304.0,244221.0,226928.0,292571.0,202474.0,312716.0,321007.0,동해시,강원,추암
85143.0,85411.0,77066.0,22959.0,6828.0,,,,,,,삼척시,강원,궁촌
122186.0,122739.0,92212.0,58106.0,68380.0,,,,12910.0,,,삼척시,강원,덕산
897185.0,897412.0,678988.0,629680.0,731157.0,159240.0,215450.0,223670.0,207462.0,125470.0,112700.0,삼척시,강원,맹방
49157.0,50070.0,39377.0,20946.0,5944.0,6695.0,,,,,,삼척시,강원,문암
46245.0,46438.0,33089.0,18085.0,8144.0,,4365.0,2795.0,8347.0,20930.0,19150.0,삼척시,강원,부남
830235.0,928059.0,926973.0,1465181.0,1993355.0,491685.0,424370.0,429450.0,420471.0,551990.0,614220.0,삼척시,강원,삼척
156247.0,156380.0,165131.0,68628.0,9497.0,,,,,,,삼척시,강원,상맹방
51060.0,51376.0,80669.0,45672.0,2838.0,1629.0,1269.0,,,,,삼척시,강원,오분
381279.0,381534.0,440708.0,223615.0,114414.0,6716.0,10360.0,18960.0,21515.0,29909.0,34780.0,삼척시,강원,용화
47911.0,48526.0,31509.0,17575.0,10610.0,5948.0,9200.0,6680.0,5870.0,9610.0,20.0,삼척시,강원,삼척원평
19515.0,23957.0,23373.0,10630.0,2668.0,,,,,,,삼척시,강원,임원
194766.0,194956.0,166298.0,87117.0,6038.0,2696.0,4750.0,7258.0,7668.0,10575.0,8443.0,삼척시,강원,작은후진
638835.0,735151.0,618148.0,277807.0,140038.0,,9488.0,12270.0,10450.0,17790.0,26850.0,삼척시,강원,장호
198679.0,201639.0,158510.0,93748.0,11895.0,,11230.0,8610.0,,7742.0,13824.0,삼척시,강원,증산
122916.0,123235.0,283392.0,133072.0,6517.0,3710.0,4940.0,6830.0,10120.0,10520.0,20425.0,삼척시,강원,하맹방
138681.0,139115.0,121280.0,,,,,,,,,삼척시,강원,한재밑
43093.0,16295.0,14271.0,22187.0,111741.0,30339.0,19577.0,30199.0,46248.0,46890.0,45088.0,속초시,강원,등대
3540117.0,3515274.0,2987709.0,1979094.0,2536723.0,289066.0,425213.0,945864.0,657963.0,713357.0,822675.0,속초시,강원,속초
90435.0,26960.0,,24324.0,215235.0,26486.0,78946.0,18030.0,28693.0,44025.0,,속초시,강원,외옹치
15116.0,13178.0,8208.0,9908.0,16918.0,6023.0,9489.0,11828.0,23823.0,15769.0,27563.0,양양군,강원,갯마을
8601.0,10420.0,6162.0,4345.0,6793.0,3536.0,3924.0,7473.0,5217.0,11400.0,17878.0,양양군,강원,광진
9405.0,7523.0,10132.0,10926.0,40961.0,22717.0,6465.0,8042.0,22603.0,17725.0,10041.0,양양군,강원,기사문
3939952.0,3726078.0,3368382.0,2800461.0,2639047.0,367917.0,376482.0,456148.0,313180.0,372279.0,332607.0,양양군,강원,낙산
7226.0,8538.0,4345.0,5507.0,15675.0,4972.0,4642.0,7538.0,11732.0,8383.0,14824.0,양양군,강원,남애1리
24911.0,27676.0,15261.0,14141.0,30006.0,16398.0,21469.0,63651.0,106763.0,99684.0,86595.0,양양군,강원,남애3리
7236.0,9180.0,2190.0,2010.0,4546.0,1873.0,3581.0,6909.0,6518.0,5019.0,,양양군,강원,동산
5302.0,6957.0,2188.0,3983.0,4542.0,5609.0,5510.0,6211.0,7392.0,8465.0,,양양군,강원,동산포
97468.0,108945.0,61512.0,43104.0,50762.0,32086.0,15132.0,22763.0,32158.0,17226.0,21401.0,양양군,강원,양양동호
21381.0,17975.0,6216.0,13249.0,18980.0,14410.0,12363.0,15479.0,10276.0,,17266.0,양양군,강원,물치
5861.0,5223.0,4204.0,5795.0,9662.0,13614.0,14125.0,21704.0,18909.0,17723.0,23241.0,양양군,강원,북분
61034.0,59231.0,72938.0,18409.0,41609.0,5357.0,11459.0,15842.0,21720.0,11424.0,18689.0,양양군,강원,설악
25411.0,23856.0,26474.0,6488.0,42778.0,9431.0,7881.0,8230.0,18310.0,16233.0,31609.0,양양군,강원,송전
4651.0,5178.0,5035.0,1779.0,3782.0,1713.0,5400.0,5285.0,5010.0,7087.0,9461.0,양양군,강원,원포
10241.0,10288.0,5004.0,5345.0,35428.0,14502.0,10195.0,14722.0,18803.0,27174.0,16671.0,양양군,강원,인구
13923.0,11117.0,9097.0,4187.0,9294.0,4951.0,5453.0,6643.0,4439.0,12888.0,17071.0,양양군,강원,잔교
7124.0,6697.0,5237.0,8542.0,17151.0,4838.0,5320.0,9817.0,7548.0,15565.0,18325.0,양양군,강원,정암
24240.0,25232.0,13740.0,20641.0,52020.0,19560.0,16513.0,20822.0,23481.0,11362.0,27737.0,양양군,강원,죽도
5662.0,5571.0,4106.0,5732.0,92596.0,14670.0,8608.0,10824.0,12570.0,22339.0,36575.0,양양군,강원,중광정
60807.0,60187.0,20471.0,28282.0,37598.0,48487.0,18508.0,39560.0,63899.0,46851.0,32537.0,양양군,강원,지경
139445.0,136577.0,205364.0,381783.0,357128.0,228071.0,32799.0,57059.0,33209.0,60260.0,101338.0,양양군,강원,하조대
6266.0,2377.0,4002.0,2057.0,2628.0,4144.0,4708.0,5923.0,3617.0,4120.0,5676.0,거제시,경남,구영
68020.0,77460.0,55500.0,55737.0,45740.0,40580.0,49819.0,79719.0,37719.0,85438.0,125955.0,거제시,경남,구조라
33334.0,41390.0,43507.0,30193.0,23765.0,14937.0,29308.0,38659.0,19816.0,53082.0,33234.0,거제시,경남,농소
1448.0,3231.0,5083.0,2055.0,4486.0,3624.0,3668.0,6613.0,6649.0,5287.0,3380.0,거제시,경남,덕원
9650.0,7988.0,14814.0,14925.0,13125.0,7688.0,13691.0,10921.0,12511.0,17733.0,12388.0,거제시,경남,덕포
14895.0,9045.0,17616.0,11590.0,11740.0,11799.0,23052.0,29860.0,14087.0,24468.0,37202.0,거제시,경남,망치
18988.0,13635.0,20972.0,20827.0,27080.0,12512.0,24872.0,17528.0,19718.0,22685.0,24354.0,거제시,경남,명사
21790.0,9906.0,17407.0,11592.0,10567.0,11233.0,9468.0,7891.0,7856.0,6090.0,6758.0,거제시,경남,물안
6920.0,4918.0,4195.0,8130.0,3509.0,15756.0,30470.0,25605.0,12546.0,23198.0,16719.0,거제시,경남,사곡
5866.0,6595.0,13698.0,10350.0,9210.0,8660.0,10896.0,14572.0,11854.0,10568.0,6308.0,거제시,경남,여차
8354.0,3809.0,3257.0,3544.0,10665.0,20754.0,9572.0,19300.0,7609.0,18407.0,21489.0,거제시,경남,거제옥계
48990.0,48460.0,26551.0,46547.0,35530.0,32715.0,41513.0,55957.0,61638.0,72032.0,88891.0,거제시,경남,와현모래숲
,,,,,,,,,,,거제시,경남,죽림
93130.0,96410.0,64965.0,56109.0,48687.0,85886.0,88009.0,90208.0,112704.0,159854.0,129613.0,거제시,경남,학동흑진주몽돌
5135.0,7700.0,7891.0,5720.0,3258.0,7344.0,5079.0,5299.0,3279.0,5627.0,4995.0,거제시,경남,함목
9101.0,6276.0,2685.0,5310.0,4636.0,8088.0,5845.0,12201.0,8006.0,8204.0,8393.0,거제시,경남,황포
46675.0,33060.0,38635.0,32022.0,29579.0,14782.0,19928.0,28585.0,16763.0,21221.0,25529.0,거제시,경남,흥남
14594.0,17178.0,7382.0,6436.0,5130.0,6326.0,11033.0,5709.0,8950.0,5640.0,3151.0,남해군,경남,두곡월포
24798.0,12599.0,6316.0,4830.0,10410.0,10032.0,14964.0,15208.0,15451.0,15785.0,4320.0,남해군,경남,사촌
202066.0,193816.0,166944.0,115272.0,122133.0,84922.0,78759.0,46688.0,60706.0,41267.0,40826.0,남해군,경남,상주은모래비치
4200.0,43364.0,51282.0,9068.0,8945.0,5241.0,11269.0,8299.0,7404.0,9699.0,7674.0,남해군,경남,설리
59975.0,109492.0,103851.0,69906.0,57746.0,25887.0,27042.0,26829.0,23849.0,30913.0,23349.0,남해군,경남,송정솔바람해변
43400.0,43893.0,35305.0,28100.0,42266.0,41367.0,30583.0,44970.0,24518.0,22160.0,20100.0,사천시,경남,남일대
,,,29350.0,39380.0,49020.0,63841.0,73733.0,66350.0,54074.0,69273.0,창원시,경남,광암
8373.0,16085.0,13477.0,12540.0,10297.0,7820.0,11348.0,10999.0,18683.0,21531.0,14278.0,통영시,경남,비진도
4173.0,2739.0,3018.0,4307.0,3583.0,4303.0,3559.0,7079.0,4389.0,5413.0,5183.0,통영시,경남,사량도대항
7311.0,12457.0,15520.0,12953.0,14002.0,22565.0,19374.0,21951.0,13759.0,25933.0,24479.0,통영시,경남,수륙
428610.0,238300.0,286220.0,102150.0,102750.0,10210.0,11469.0,16090.0,22097.0,7920.0,9360.0,경주,경북,관성솔밭해변
67600.0,155850.0,118910.0,57700.0,59000.0,31615.0,45586.0,24250.0,44417.0,40980.0,36780.0,경주,경북,나정고운모래해변
27130.0,49900.0,36000.0,35150.0,43810.0,24620.0,39020.0,18490.0,16920.0,12730.0,15490.0,경주,경북,봉길대왕암해변
41866.0,88700.0,55150.0,63800.0,86250.0,33900.0,32442.0,22954.0,26555.0,24530.0,29750.0,경주,경북,오류고아라해변
30148.0,118500.0,55220.0,30500.0,31500.0,,,,,,,경주,경북,전촌솔밭
2920.0,3524.0,6685.0,4686.0,8523.0,3874.0,3400.0,3960.0,7697.0,7616.0,6957.0,영덕,경북,경정
378820.0,354599.0,397950.0,337000.0,306930.0,28980.0,19375.0,57607.0,84206.0,60662.0,33140.0,영덕,경북,고래불
19870.0,20200.0,8260.0,10620.0,8888.0,3475.0,6466.0,6076.0,8681.0,5714.0,7155.0,영덕,경북,남호
24500.0,24680.0,21060.0,17622.0,9874.0,8356.0,9678.0,6413.0,15686.0,11590.0,10280.0,영덕,경북,영덕대진
2480.0,2612.0,2656.0,1299.0,1619.0,1573.0,1878.0,2127.0,3535.0,2894.0,6698.0,영덕,경북,오보
80150.0,80100.0,75700.0,50730.0,42485.0,16508.0,48691.0,59234.0,77506.0,55087.0,55747.0,영덕,경북,장사
3310.0,5180.0,7477.0,4716.0,3907.0,5120.0,4665.0,5978.0,10994.0,9098.0,9925.0,영덕,경북,하저
43204.0,43138.0,28249.0,26250.0,24221.0,26607.0,33782.0,22729.0,29335.0,24577.0,27544.0,울진,경북,구산
10675.0,7634.0,5646.0,4817.0,6975.0,10965.0,6288.0,,,,,울진,경북,기성망양
16482.0,10600.0,10396.0,5580.0,5332.0,5700.0,3386.0,3987.0,4535.0,3770.0,9828.0,울진,경북,나곡
28420.0,38593.0,25482.0,27694.0,21049.0,13746.0,4574.0,8414.0,4594.0,7312.0,6149.0,울진,경북,망양정
6547.0,6716.0,5441.0,6180.0,4151.0,9121.0,7109.0,5847.0,8703.0,5845.0,,울진,경북,봉평
10243.0,13275.0,8044.0,9414.0,7421.0,11296.0,8700.0,17846.0,8799.0,9545.0,9570.0,울진,경북,후정
29123.0,31565.0,21425.0,17700.0,32240.0,12753.0,8376.0,18798.0,24290.0,16550.0,11462.0,울진,경북,후포
36450.0,54500.0,67700.0,71615.0,48990.0,30922.0,12773.0,25514.0,27900.0,32718.0,48400.0,포항,경북,구룡포
24940.0,20010.0,10820.0,10930.0,18294.0,18704.0,26155.0,15352.0,23280.0,32792.0,12486.0,포항,경북,도구
1905800.0,2238480.0,2042470.0,2479030.0,50080.0,52026.0,31616.0,33530.0,40400.0,57433.0,18007.0,포항,경북,영일대
1717380.0,1739150.0,1772910.0,1510440.0,61330.0,41214.0,28911.0,124760.0,135557.0,32241.0,16850.0,포항,경북,월포
133800.0,58590.0,61340.0,39530.0,16664.0,25303.0,10055.0,18197.0,29463.0,27579.0,16410.0,포항,경북,칠포
117440.0,123800.0,116290.0,67430.0,20690.0,22808.0,11888.0,17540.0,28655.0,22453.0,16979.0,포항,경북,화진
,,,,,,,,,5260.0,8654.0,포항,경북,신창
,,,,,,,,,,14288.0,포항,경북,포항송도
249200.0,290500.0,277650.0,296230.0,209270.0,150550.0,71950.0,232840.0,45000.0,55800.0,53300.0,기장군,부산,일광
196100.0,370170.0,265700.0,270730.0,195700.0,138860.0,45729.0,142750.0,29400.0,36300.0,27100.0,기장군,부산,임랑
4332300.0,5670000.0,7320000.0,7240300.0,5950000.0,1396700.0,1185000.0,2001100.0,1160400.0,1150428.0,2059061.0,사하구,부산,다대포서측
,,,,,,,,,,525984.0,사하구,부산,다대포동측
7530000.0,9480000.0,10521000.0,8437059.0,6800000.0,1820000.0,1051410.0,3635075.0,2140600.0,2624000.0,3021000.0,서구,부산,부산송도
13108000.0,11946010.0,12128000.0,9335000.0,8450000.0,2760000.0,1230014.0,4208343.0,4317900.0,4538704.0,4574131.0,수영구,부산,광안리
4702000.0,4289002.0,4305000.0,4490000.0,4140000.0,1580111.0,1276193.0,1972576.0,2044000.0,2202686.0,1723888.0,해운대구,부산,부산송정
16085000.0,14497500.0,13709000.0,11260000.0,11202000.0,6892996.0,5040678.0,8814212.0,8218718.0,9116929.0,9994915.0,해운대구,부산,해운대
1673350.0,1851000.0,518300.0,389561.0,529500.0,101801.0,93152.0,299367.0,289160.0,150485.0,327376.0,동구,울산,일산
620610.0,391851.0,480035.0,424115.0,358030.0,54790.0,129480.0,579989.0,1068665.0,850142.0,868887.0,울주군,울산,진하
1854.0,1970.0,,,4250.0,1482.0,,903.0,1516.0,874.0,959.0,옹진군,인천,떼뿌루
3104.0,4180.0,,4420.0,3230.0,1555.0,,1782.0,1568.0,916.0,1045.0,옹진군,인천,서포리
4910.0,5354.0,,,2300.0,3287.0,,3737.0,6437.0,2570.0,6332.0,옹진군,인천,수기
68280.0,62720.0,,88168.0,66234.0,92970.0,,63500.0,67565.0,72306.0,70413.0,옹진군,인천,십리포
11700.0,4451.0,,2027.0,2240.0,1899.0,,1832.0,1730.0,1329.0,1451.0,옹진군,인천,옹암
3532.0,1345.0,,,1640.0,530.0,,814.0,654.0,1717.0,1585.0,옹진군,인천,이일레
39750.0,36960.0,,41889.0,35235.0,36276.0,,43162.0,33553.0,32062.0,26649.0,옹진군,인천,장경리
3912.0,1231.0,,,2750.0,1189.0,,1592.0,694.0,1065.0,1158.0,옹진군,인천,장골
84160.0,53040.0,,65755.0,64480.0,21082.0,4100.0,87360.0,292800.0,238864.0,192260.0,중구,인천,왕산
118850.0,108740.0,,126515.0,120151.0,56000.0,9200.0,201200.0,376130.0,575682.0,408590.0,중구,인천,을왕리
38870.0,40965.0,,30048.0,111228.0,75508.0,14348.0,119412.0,171600.0,197400.0,153800.0,중구,인천,하나개
3876.0,4441.0,4996.0,2910.0,3953.0,3086.0,3166.0,1457.0,1498.0,1686.0,1288.0,고흥군,전남,금장
7550.0,5425.0,5795.0,5384.0,8685.0,5002.0,3925.0,3624.0,2094.0,2440.0,2217.0,고흥군,전남,나로우주
23278.0,24400.0,21280.0,26604.0,20149.0,35717.0,33307.0,14490.0,14155.0,16520.0,13499.0,고흥군,전남,남열해돋이
7747.0,6798.0,6687.0,4425.0,6139.0,4734.0,9063.0,5420.0,2235.0,2300.0,1644.0,고흥군,전남,대전
,2631.0,1400.0,1425.0,1793.0,1171.0,1438.0,2091.0,833.0,662.0,784.0,고흥군,전남,덕흥
8610.0,9656.0,7866.0,8658.0,11782.0,11605.0,8589.0,7913.0,6047.0,4770.0,4860.0,고흥군,전남,발포
5601.0,6978.0,4332.0,2919.0,4206.0,3726.0,4159.0,2527.0,1828.0,3045.0,3571.0,고흥군,전남,연소
998.0,2255.0,2177.0,1451.0,5541.0,3744.0,5291.0,3890.0,978.0,706.0,445.0,고흥군,전남,염포
3254.0,2460.0,2430.0,940.0,990.0,1215.0,1996.0,,1278.0,1530.0,1105.0,고흥군,전남,용동
12304.0,17711.0,13991.0,7910.0,9121.0,16572.0,17384.0,5455.0,5668.0,12419.0,16588.0,고흥군,전남,익금
5229.0,5329.0,4368.0,3708.0,3801.0,5082.0,5741.0,3463.0,2158.0,1496.0,1462.0,고흥군,전남,풍류
14486.0,14878.0,10377.0,11058.0,11092.0,5452.0,6510.0,2219.0,937.0,5642.0,5653.0,목포시,전남,외달도
8455.0,5184.0,4809.0,5096.0,6194.0,,,6921.0,3355.0,2936.0,1710.0,무안군,전남,톱머리
7474.0,7005.0,5055.0,4355.0,5191.0,,,6970.0,2106.0,2219.0,1018.0,무안군,전남,홀통
,,,,,,,,527.0,2129.0,2020.0,무안군,전남,낙지공원
91228.0,82600.0,87800.0,62900.0,74878.0,15206.0,33700.0,42390.0,38010.0,43210.0,35353.0,보성군,전남,율포솔밭
17867.0,4660.0,3180.0,3517.0,4294.0,3342.0,37744.0,33246.0,5174.0,3782.0,14180.0,신안군,전남,대광
434.0,394.0,790.0,800.0,360.0,314.0,,492.0,395.0,1000.0,,신안군,전남,돈목
1085.0,,,,,864.0,1160.0,735.0,958.0,1349.0,1638.0,신안군,전남,배낭기미
10706.0,4404.0,3090.0,5592.0,12430.0,22738.0,17348.0,,3535.0,14775.0,9597.0,신안군,전남,백길
2295.0,1166.0,865.0,2216.0,6759.0,17569.0,17118.0,15847.0,2590.0,3650.0,3119.0,신안군,전남,분계
,,,,,,,7515.0,5015.0,4479.0,3130.0,신안군,전남,설레미
1705.0,829.0,1450.0,2001.0,932.0,2288.0,2284.0,2753.0,1312.0,1327.0,689.0,신안군,전남,시목
,,,,222.0,104.0,,234.0,152.0,39.0,,신안군,전남,신도
27645.0,5665.0,7350.0,4514.0,7724.0,9514.0,11367.0,10444.0,5568.0,4689.0,,신안군,전남,우전
1248.0,1677.0,820.0,2311.0,2084.0,1003.0,878.0,2110.0,1929.0,811.0,,신안군,전남,원평
25700.0,5187.0,6220.0,5262.0,21641.0,13083.0,,10819.0,6515.0,4819.0,3126.0,신안군,전남,짱뚱어
1523.0,1508.0,1345.0,3443.0,8563.0,5952.0,5250.0,7886.0,,1720.0,1436.0,신안군,전남,추포
1979.0,2130.0,1985.0,2331.0,2106.0,2185.0,,1819.0,1896.0,2122.0,1249.0,신안군,전남,하트
,,,,,,,,,,,신안군,전남,홍도
,,,,,,1504.0,632.0,611.0,843.0,,신안군,전남,황성금리
1648.0,1740.0,1970.0,3266.0,3870.0,594.0,1063.0,1045.0,536.0,1372.0,941.0,여수시,전남,유림(거문도)
181400.0,120130.0,124370.0,65546.0,54992.0,27761.0,47322.0,32150.0,38860.0,32254.0,36426.0,여수시,전남,만성리
26590.0,40930.0,63650.0,40703.0,42830.0,11948.0,28368.0,24014.0,10911.0,37583.0,30756.0,여수시,전남,모사금
16093.0,15336.0,10065.0,13428.0,15573.0,16128.0,30264.0,23294.0,14006.0,6909.0,13252.0,여수시,전남,무슬목
35155.0,37370.0,19089.0,32660.0,20616.0,17000.0,19651.0,17782.0,14748.0,25142.0,5383.0,여수시,전남,방죽포
4450.0,7673.0,7372.0,11047.0,9146.0,2312.0,2461.0,4559.0,3110.0,5083.0,1823.0,여수시,전남,안도
38035.0,64030.0,73840.0,33804.0,42193.0,40132.0,38041.0,42177.0,52629.0,75651.0,63142.0,여수시,전남,웅천
2053.0,7405.0,4942.0,6692.0,9259.0,7237.0,9459.0,4064.0,5147.0,3564.0,3165.0,여수시,전남,장등
,,,,,,,2983.0,4941.0,3318.0,2028.0,여수시,전남,낭도
,,,,,,,,,,,여수시,전남,대풍
,,,,,,,,,,,여수시,전남,사도
,,,,,,,,,,,여수시,전남,서도
,,,,,,,,,,,여수시,전남,정강
,,,,,,,,,,,여수시,전남,손죽
,,,,,,,,,,,여수시,전남,신덕
16230.0,35280.0,36505.0,27151.0,26547.0,22342.0,20541.0,24063.0,26140.0,25030.0,18350.0,영광군,전남,가마미
480.0,522.0,923.0,769.0,900.0,1142.0,723.0,975.0,629.0,410.0,325.0,영광군,전남,송이도
29330.0,13770.0,2879.0,3650.0,2146.0,4591.0,,2021.0,2010.0,2327.0,2169.0,완도군,전남,금일명사십리
9830.0,7290.0,5620.0,2177.0,6209.0,3131.0,1181.0,2218.0,2649.0,1491.0,1087.0,완도군,전남,보길예송
4635.0,4078.0,3820.0,1220.0,3150.0,1117.0,1297.0,1895.0,1787.0,1335.0,934.0,완도군,전남,보길중리
1747.0,1806.0,1163.0,759.0,1153.0,749.0,420.0,436.0,726.0,1211.0,957.0,완도군,전남,보길통리
3860.0,5087.0,4230.0,845.0,661.0,1803.0,3333.0,2976.0,2656.0,1704.0,1275.0,완도군,전남,생일금곡
2770.0,1994.0,2849.0,1269.0,1001.0,2797.0,3142.0,1296.0,1727.0,2363.0,685.0,완도군,전남,신지동고
1001159.0,793830.0,634070.0,490873.0,589874.0,509251.0,157929.0,179563.0,227924.0,205727.0,140133.0,완도군,전남,신지명사십리
6550.0,7103.0,7455.0,4036.0,4308.0,4255.0,3083.0,2255.0,2781.0,3415.0,2085.0,완도군,전남,약산가사
1677.0,3543.0,3270.0,1282.0,5426.0,2415.0,2807.0,5255.0,4201.0,2770.0,2269.0,완도군,전남,청산신흥
4321.0,3470.0,2696.0,1606.0,439.0,1211.0,1105.0,4376.0,3172.0,2124.0,1547.0,완도군,전남,청산지리
2625.0,3045.0,4440.0,3180.0,4070.0,,6056.0,6297.0,6879.0,6003.0,6024.0,장흥군,전남,수문
14522.0,36709.0,8890.0,8574.0,48789.0,11146.0,14716.0,12551.0,4428.0,9261.0,10915.0,진도군,전남,가계
3059.0,5144.0,2299.0,3371.0,2671.0,1528.0,778.0,2153.0,485.0,956.0,2200.0,진도군,전남,관매도
3896.0,14078.0,4476.0,3371.0,5596.0,5406.0,5622.0,3419.0,1334.0,1809.0,2520.0,진도군,전남,금갑
2024.0,3914.0,1765.0,1550.0,1940.0,1086.0,663.0,1888.0,559.0,658.0,869.0,진도군,전남,신전
50900.0,46200.0,49160.0,38450.0,43890.0,,,22582.0,16423.0,9590.0,8715.0,함평군,전남,돌머리
1884.0,1414.0,1191.0,857.0,369.0,,,484.0,,,,해남군,전남,사구미
234853.0,32785.0,10665.0,6957.0,10923.0,16996.0,20694.0,14150.0,11107.0,13007.0,17893.0,해남군,전남,송호
2974.0,2583.0,2663.0,2075.0,,,,,,,,해남군,전남,송평
45800.0,38983.0,40822.0,21301.0,49553.0,62045.0,71094.0,41809.0,22171.0,11096.0,14774.0,고창군,전북,구시포
17325.0,16895.0,25790.0,13448.0,28596.0,28372.0,41655.0,24070.0,11023.0,9070.0,8389.0,고창군,전북,고창동호
44303.0,49870.0,27842.0,17467.0,64400.0,54222.0,28457.0,74002.0,52158.0,50702.0,81692.0,군산시,전북,선유도
62208.0,57455.0,30673.0,17188.0,23780.0,51960.0,72684.0,98950.0,35026.0,26892.0,64711.0,부안군,전북,격포
43694.0,73603.0,25870.0,14911.0,24603.0,28033.0,23359.0,15535.0,22320.0,24409.0,30550.0,부안군,전북,고사포
65780.0,74300.0,26470.0,20927.0,30910.0,29538.0,30863.0,19336.0,24721.0,31787.0,27968.0,부안군,전북,모항
,26825.0,27720.0,15253.0,31130.0,56654.0,46290.0,142723.0,98908.0,86527.0,135383.0,부안군,전북,변산
3779.0,7665.0,8873.0,3419.0,6808.0,7135.0,5717.0,6237.0,6107.0,8035.0,4005.0,부안군,전북,위도
15520.0,650.0,5108.0,9480.0,16750.0,18050.0,28010.0,13450.0,10220.0,3913.0,7445.0,서귀포시,제주,신양섭지
340800.0,3850.0,262020.0,154020.0,172200.0,83300.0,105771.0,167400.0,66489.0,126700.0,110880.0,서귀포시,제주,중문색달
112200.0,2800.0,103770.0,42750.0,75820.0,52410.0,45000.0,58720.0,31860.0,47080.0,54950.0,서귀포시,제주,표선
75300.0,900.0,68490.0,11035.0,37670.0,23149.0,23160.0,44660.0,34840.0,14230.0,25370.0,서귀포시,제주,화순금모래
202000.0,257250.0,257200.0,277930.0,235000.0,77087.0,83510.0,98997.0,77260.0,30919.0,66880.0,제주시,제주,곽지
136250.0,232600.0,301800.0,243850.0,213950.0,111900.0,95618.0,117350.0,125350.0,111570.0,110343.0,제주시,제주,금능
69800.0,83450.0,47271.0,71589.0,87169.0,83355.0,56590.0,50100.0,57275.0,56775.0,36026.0,제주시,제주,김녕
166880.0,207210.0,244650.0,211650.0,48551.0,31720.0,41120.0,41400.0,54114.0,68135.0,67960.0,제주시,제주,삼양
,,,,,,28250.0,41180.0,89751.0,32800.0,33650.0,제주시,제주,월정
526000.0,616800.0,438700.0,364090.0,259690.0,64670.0,109414.0,170220.0,114800.0,70627.0,87087.0,제주시,제주,이호테우
643940.0,977900.0,413020.0,717300.0,402869.0,345740.0,223854.0,290280.0,231937.0,425595.0,703064.0,제주시,제주,함덕
646500.0,957140.0,641880.0,414640.0,346910.0,130800.0,105252.0,227900.0,136343.0,145721.0,144845.0,제주시,제주,협재
18444.0,14757.0,12767.0,7565.0,6235.0,8584.0,7728.0,6910.0,4338.0,5389.0,4643.0,당진시,충남,난지섬
71483.0,116183.0,171090.0,43989.0,73414.0,55252.0,104048.0,94156.0,80096.0,88612.0,72275.0,당진시,충남,왜목마을
9113800.0,12477000.0,13507283.0,9491826.0,6630000.0,2945100.0,2811030.0,4838800.0,5744241.0,5641418.0,5352728.0,보령시,충남,대천
1019840.0,1054400.0,941900.0,165600.0,165400.0,240860.0,326126.0,279863.0,343117.0,502755.0,510940.0,보령시,충남,무창포
2175550.0,1952450.0,1613100.0,821000.0,278000.0,371752.0,170063.0,188672.0,194450.0,367314.0,373376.0,서천군,충남,춘장대
27250.0,68190.0,34135.0,33850.0,41385.0,21935.0,8100.0,9360.0,6400.0,3220.0,3715.0,태안군,충남,갈음이
29940.0,53250.0,31260.0,30535.0,24880.0,18605.0,6200.0,7085.0,,,,태안군,충남,곰섬
39805.0,56240.0,32130.0,120.0,39295.0,25180.0,11165.0,12140.0,6845.0,2245.0,2770.0,태안군,충남,구례포
43840.0,58250.0,36000.0,110.0,38705.0,21655.0,5380.0,6560.0,3100.0,2145.0,,태안군,충남,구름포
50830.0,68590.0,37135.0,350.0,46935.0,32635.0,13590.0,14550.0,7470.0,4060.0,3205.0,태안군,충남,기지포
200285.0,260300.0,186280.0,215622.0,258090.0,156700.0,207000.0,291310.0,395070.0,409430.0,431080.0,태안군,충남,꽃지
20970.0,40420.0,32085.0,32085.0,36400.0,19760.0,8695.0,9465.0,5165.0,3720.0,2460.0,태안군,충남,꾸지나무골
40250.0,63610.0,34450.0,46103.0,37770.0,33750.0,9095.0,10382.0,7175.0,6540.0,2395.0,태안군,충남,달산포
51850.0,73630.0,34870.0,53450.0,37885.0,28545.0,12230.0,13325.0,7750.0,6095.0,3280.0,태안군,충남,마검포
356700.0,416100.0,387420.0,386740.0,546350.0,361630.0,427950.0,497435.0,578280.0,695210.0,787630.0,태안군,충남,만리포
220670.0,203150.0,183030.0,202283.0,203180.0,181430.0,168390.0,243170.0,319570.0,215860.0,199850.0,태안군,충남,몽산포
17260.0,51670.0,33575.0,34168.0,33660.0,24280.0,6395.0,6725.0,4440.0,2005.0,2315.0,태안군,충남,바람아래
42800.0,65910.0,30335.0,46348.0,38325.0,36635.0,15705.0,17115.0,5070.0,2155.0,,태안군,충남,밧개
38410.0,43500.0,29965.0,37292.0,33115.0,21975.0,4755.0,5390.0,2180.0,2085.0,,태안군,충남,방주골(백리포)
83440.0,76320.0,36885.0,65548.0,45350.0,32910.0,17370.0,17600.0,13590.0,8475.0,6750.0,태안군,충남,방포
64140.0,80970.0,38080.0,61063.0,48892.0,27210.0,11050.0,13630.0,6900.0,2100.0,,태안군,충남,백사장
142041.0,104612.0,54070.0,100241.0,114905.0,61400.0,33721.0,44210.0,45550.0,32130.0,20730.0,태안군,충남,삼봉
39930.0,66950.0,34270.0,47050.0,37945.0,25940.0,14625.0,17472.0,7620.0,7260.0,4600.0,태안군,충남,샛별
100790.0,127790.0,68255.0,98945.0,90920.0,65730.0,32860.0,39030.0,35310.0,33390.0,17065.0,태안군,충남,신두리
48810.0,69540.0,32635.0,50328.0,39115.0,29275.0,15065.0,17060.0,6970.0,2520.0,,태안군,충남,안면
29540.0,59520.0,34730.0,41263.0,34560.0,22235.0,20450.0,21910.0,16795.0,8640.0,5735.0,태안군,충남,어은돌
84670.0,97110.0,53570.0,78450.0,81530.0,50660.0,17828.0,24625.0,31190.0,48330.0,39060.0,태안군,충남,연포
40140.0,47640.0,31070.0,39617.0,35565.0,23810.0,7765.0,8361.0,3580.0,2245.0,2643.0,태안군,충남,의항
19800.0,52600.0,29910.0,34103.0,35000.0,21255.0,9520.0,10785.0,4385.0,2020.0,2135.0,태안군,충남,장삼포
97130.0,115430.0,50820.0,87793.0,68710.0,44385.0,24400.0,30255.0,15610.0,20955.0,13170.0,태안군,충남,천리포
94690.0,92230.0,50005.0,78975.0,61073.0,46685.0,20560.0,23920.0,19235.0,37770.0,22410.0,태안군,충남,청포대
27710.0,51890.0,33205.0,37602.0,35900.0,26795.0,10950.0,14080.0,9635.0,18060.0,9495.0,태안군,충남,파도리
70970.0,74050.0,55910.0,66977.0,71910.0,52570.0,21410.0,31990.0,36605.0,33030.0,20575.0,태안군,충남,학암포
