date,solar_radiation_sum
2014-01-01,11.08
2014-01-02,10.94
2014-01-03,7.78
2014-01-04,9.03
2014-01-05,7.21
2014-01-06,9.6
2014-01-07,10.62
2014-01-08,2.04
2014-01-09,12.61
2014-01-10,12.16
2014-01-11,11.37
2014-01-12,10.27
2014-01-13,12.75
2014-01-14,12.84
2014-01-15,12.84
2014-01-16,12.7
2014-01-17,12.69
2014-01-18,12.58
2014-01-19,13.18
2014-01-20,9.88
2014-01-21,12.9
2014-01-22,13.4
2014-01-23,13.39
2014-01-24,11.96
2014-01-25,5.0
2014-01-26,12.04
2014-01-27,13.55
2014-01-28,11.85
2014-01-29,13.75
2014-01-30,9.45
2014-01-31,14.3
2014-02-01,10.35
2014-02-02,11.92
2014-02-03,12.18
2014-02-04,15.0
2014-02-05,12.97
2014-02-06,7.76
2014-02-07,4.96
2014-02-08,10.92
2014-02-09,7.24
2014-02-10,10.0
2014-02-11,7.46
2014-02-12,9.39
2014-02-13,7.97
2014-02-14,5.97
2014-02-15,13.82
2014-02-16,12.05
2014-02-17,7.21
2014-02-18,6.29
2014-02-19,9.1
2014-02-20,14.09
2014-02-21,15.02
2014-02-22,13.08
2014-02-23,15.21
2014-02-24,17.74
2014-02-25,17.4
2014-02-26,3.95
2014-02-27,13.4
2014-02-28,8.95
2014-03-01,8.74
2014-03-02,14.39
2014-03-03,16.79
2014-03-04,11.08
2014-03-05,18.76
2014-03-06,18.85
2014-03-07,20.83
2014-03-08,19.7
2014-03-09,18.18
2014-03-10,21.29
2014-03-11,20.84
2014-03-12,5.87
2014-03-13,3.84
2014-03-14,17.6
2014-03-15,21.49
2014-03-16,20.25
2014-03-17,20.79
2014-03-18,19.35
2014-03-19,13.96
2014-03-20,12.67
2014-03-21,20.01
2014-03-22,22.87
2014-03-23,22.88
2014-03-24,23.0
2014-03-25,10.61
2014-03-26,8.58
2014-03-27,20.61
2014-03-28,22.68
2014-03-29,5.59
2014-03-30,11.86
2014-03-31,16.95
2014-04-01,21.07
2014-04-02,23.53
2014-04-03,17.6
2014-04-04,21.17
2014-04-05,20.54
2014-04-06,25.33
2014-04-07,21.27
2014-04-08,25.16
2014-04-09,25.2
2014-04-10,24.57
2014-04-11,15.73
2014-04-12,13.63
2014-04-13,11.87
2014-04-14,25.89
2014-04-15,25.26
2014-04-16,17.15
2014-04-17,18.48
2014-04-18,18.95
2014-04-19,12.2
2014-04-20,21.58
2014-04-21,25.15
2014-04-22,18.09
2014-04-23,26.51
2014-04-24,26.33
2014-04-25,26.65
2014-04-26,21.23
2014-04-27,15.03
2014-04-28,5.45
2014-04-29,16.84
2014-04-30,12.61
2014-05-01,22.9
2014-05-02,27.03
2014-05-03,27.93
2014-05-04,14.12
2014-05-05,28.02
2014-05-06,28.39
2014-05-07,28.41
2014-05-08,20.49
2014-05-09,27.59
2014-05-10,27.83
2014-05-11,24.13
2014-05-12,18.69
2014-05-13,27.81
2014-05-14,6.54
2014-05-15,22.58
2014-05-16,28.14
2014-05-17,27.62
2014-05-18,25.8
2014-05-19,28.03
2014-05-20,7.29
2014-05-21,26.97
2014-05-22,27.38
2014-05-23,25.43
2014-05-24,24.99
2014-05-25,17.85
2014-05-26,21.56
2014-05-27,27.96
2014-05-28,24.9
2014-05-29,28.55
2014-05-30,28.57
2014-05-31,28.94
2014-06-01,20.31
2014-06-02,10.1
2014-06-03,7.28
2014-06-04,13.61
2014-06-05,11.92
2014-06-06,24.48
2014-06-07,26.15
2014-06-08,22.14
2014-06-09,23.38
2014-06-10,11.02
2014-06-11,14.51
2014-06-12,15.0
2014-06-13,23.2
2014-06-14,24.32
2014-06-15,26.12
2014-06-16,24.26
2014-06-17,8.96
2014-06-18,22.38
2014-06-19,25.08
2014-06-20,18.33
2014-06-21,11.28
2014-06-22,14.9
2014-06-23,16.3
2014-06-24,21.52
2014-06-25,22.52
2014-06-26,27.68
2014-06-27,25.67
2014-06-28,23.34
2014-06-29,21.2
2014-06-30,20.18
2014-07-01,24.22
2014-07-02,16.26
2014-07-03,9.03
2014-07-04,19.9
2014-07-05,17.92
2014-07-06,3.93
2014-07-07,12.47
2014-07-08,12.77
2014-07-09,10.47
2014-07-10,18.61
2014-07-11,26.67
2014-07-12,19.24
2014-07-13,10.4
2014-07-14,24.25
2014-07-15,8.95
2014-07-16,15.58
2014-07-17,6.91
2014-07-18,11.6
2014-07-19,21.77
2014-07-20,21.73
2014-07-21,25.19
2014-07-22,24.27
2014-07-23,21.68
2014-07-24,21.29
2014-07-25,20.48
2014-07-26,24.12
2014-07-27,25.86
2014-07-28,18.57
2014-07-29,20.46
2014-07-30,25.37
2014-07-31,23.38
2014-08-01,4.74
2014-08-02,7.32
2014-08-03,12.11
2014-08-04,6.96
2014-08-05,16.12
2014-08-06,22.8
2014-08-07,12.45
2014-08-08,9.13
2014-08-09,18.56
2014-08-10,7.35
2014-08-11,19.67
2014-08-12,25.8
2014-08-13,11.06
2014-08-14,4.76
2014-08-15,10.8
2014-08-16,20.22
2014-08-17,15.71
2014-08-18,4.35
2014-08-19,12.78
2014-08-20,2.9
2014-08-21,16.33
2014-08-22,21.66
2014-08-23,22.05
2014-08-24,9.29
2014-08-25,2.02
2014-08-26,16.96
2014-08-27,11.15
2014-08-28,14.3
2014-08-29,10.16
2014-08-30,18.11
2014-08-31,18.64
2014-09-01,21.75
2014-09-02,14.01
2014-09-03,5.59
2014-09-04,18.2
2014-09-05,23.31
2014-09-06,7.64
2014-09-07,22.73
2014-09-08,20.65
2014-09-09,20.45
2014-09-10,17.18
2014-09-11,19.69
2014-09-12,11.75
2014-09-13,18.25
2014-09-14,16.65
2014-09-15,10.86
2014-09-16,17.65
2014-09-17,4.73
2014-09-18,12.51
2014-09-19,11.54
2014-09-20,20.32
2014-09-21,19.8
2014-09-22,18.55
2014-09-23,9.04
2014-09-24,2.61
2014-09-25,17.29
2014-09-26,19.07
2014-09-27,19.26
2014-09-28,17.97
2014-09-29,14.06
2014-09-30,9.53
2014-10-01,17.18
2014-10-02,14.87
2014-10-03,19.34
2014-10-04,17.13
2014-10-05,12.98
2014-10-06,13.16
2014-10-07,17.56
2014-10-08,18.51
2014-10-09,17.65
2014-10-10,16.76
2014-10-11,14.52
2014-10-12,6.82
2014-10-13,1.96
2014-10-14,15.06
2014-10-15,15.04
2014-10-16,15.4
2014-10-17,17.79
2014-10-18,17.41
2014-10-19,16.29
2014-10-20,4.8
2014-10-21,5.17
2014-10-22,3.98
2014-10-23,14.37
2014-10-24,15.92
2014-10-25,15.79
2014-10-26,15.54
2014-10-27,11.13
2014-10-28,14.69
2014-10-29,13.29
2014-10-30,12.55
2014-10-31,2.79
2014-11-01,5.82
2014-11-02,10.91
2014-11-03,15.04
2014-11-04,14.73
2014-11-05,14.35
2014-11-06,13.23
2014-11-07,9.98
2014-11-08,4.4
2014-11-09,12.42
2014-11-10,12.78
2014-11-11,11.02
2014-11-12,12.51
2014-11-13,13.32
2014-11-14,11.59
2014-11-15,13.3
2014-11-16,10.68
2014-11-17,12.34
2014-11-18,13.14
2014-11-19,12.6
2014-11-20,12.69
2014-11-21,9.7
2014-11-22,11.21
2014-11-23,7.62
2014-11-24,3.42
2014-11-25,5.63
2014-11-26,6.92
2014-11-27,11.11
2014-11-28,3.37
2014-11-29,7.41
2014-11-30,3.03
2014-12-01,6.69
2014-12-02,11.76
2014-12-03,7.1
2014-12-04,8.9
2014-12-05,11.52
2014-12-06,11.64
2014-12-07,8.25
2014-12-08,6.54
2014-12-09,11.76
2014-12-10,6.29
2014-12-11,7.29
2014-12-12,10.1
2014-12-13,10.96
2014-12-14,11.35
2014-12-15,7.39
2014-12-16,10.85
2014-12-17,11.14
2014-12-18,11.72
2014-12-19,7.96
2014-12-20,9.82
2014-12-21,8.84
2014-12-22,9.22
2014-12-23,8.46
2014-12-24,9.75
2014-12-25,11.13
2014-12-26,11.56
2014-12-27,8.38
2014-12-28,8.64
2014-12-29,10.44
2014-12-30,11.2
2014-12-31,9.64
2015-01-01,11.74
2015-01-02,10.42
2015-01-03,11.6
2015-01-04,11.17
2015-01-05,8.14
2015-01-06,11.16
2015-01-07,12.15
2015-01-08,12.14
2015-01-09,11.68
2015-01-10,12.05
2015-01-11,11.83
2015-01-12,9.73
2015-01-13,12.02
2015-01-14,3.55
2015-01-15,6.22
2015-01-16,10.47
2015-01-17,12.99
2015-01-18,13.01
2015-01-19,10.42
2015-01-20,12.6
2015-01-21,5.23
2015-01-22,7.45
2015-01-23,12.02
2015-01-24,13.19
2015-01-25,7.07
2015-01-26,3.77
2015-01-27,9.88
2015-01-28,9.91
2015-01-29,5.62
2015-01-30,12.01
2015-01-31,14.26
2015-02-01,14.62
2015-02-02,12.87
2015-02-03,11.01
2015-02-04,4.44
2015-02-05,13.25
2015-02-06,15.16
2015-02-07,13.29
2015-02-08,16.14
2015-02-09,16.17
2015-02-10,15.79
2015-02-11,12.65
2015-02-12,16.32
2015-02-13,16.58
2015-02-14,16.42
2015-02-15,11.44
2015-02-16,2.8
2015-02-17,13.76
2015-02-18,13.55
2015-02-19,13.86
2015-02-20,17.02
2015-02-21,3.06
2015-02-22,9.52
2015-02-23,14.32
2015-02-24,15.26
2015-02-25,11.78
2015-02-26,15.57
2015-02-27,16.31
2015-02-28,7.71
2015-03-01,16.04
2015-03-02,19.47
2015-03-03,2.65
2015-03-04,19.99
2015-03-05,17.94
2015-03-06,16.38
2015-03-07,18.74
2015-03-08,19.46
2015-03-09,17.7
2015-03-10,21.64
2015-03-11,19.26
2015-03-12,21.31
2015-03-13,14.77
2015-03-14,21.41
2015-03-15,18.98
2015-03-16,18.67
2015-03-17,20.22
2015-03-18,1.67
2015-03-19,15.43
2015-03-20,18.58
2015-03-21,21.96
2015-03-22,22.83
2015-03-23,23.41
2015-03-24,23.04
2015-03-25,23.22
2015-03-26,23.61
2015-03-27,23.02
2015-03-28,23.09
2015-03-29,22.53
2015-03-30,23.13
2015-03-31,9.6
2015-04-01,5.33
2015-04-02,17.64
2015-04-03,11.98
2015-04-04,13.89
2015-04-05,7.6
2015-04-06,3.16
2015-04-07,11.12
2015-04-08,12.15
2015-04-09,22.94
2015-04-10,24.45
2015-04-11,25.38
2015-04-12,16.25
2015-04-13,5.57
2015-04-14,15.45
2015-04-15,24.84
2015-04-16,20.1
2015-04-17,26.37
2015-04-18,19.41
2015-04-19,2.17
2015-04-20,2.78
2015-04-21,26.37
2015-04-22,25.45
2015-04-23,22.53
2015-04-24,24.23
2015-04-25,27.13
2015-04-26,26.94
2015-04-27,26.01
2015-04-28,20.66
2015-04-29,10.13
2015-04-30,14.36
2015-05-01,26.07
2015-05-02,25.72
2015-05-03,4.06
2015-05-04,25.73
2015-05-05,28.47
2015-05-06,19.29
2015-05-07,27.5
2015-05-08,23.84
2015-05-09,23.51
2015-05-10,25.82
2015-05-11,17.35
2015-05-12,18.17
2015-05-13,27.77
2015-05-14,17.97
2015-05-15,18.7
2015-05-16,23.39
2015-05-17,24.97
2015-05-18,3.74
2015-05-19,28.12
2015-05-20,27.29
2015-05-21,28.66
2015-05-22,26.86
2015-05-23,21.47
2015-05-24,27.23
2015-05-25,27.54
2015-05-26,29.11
2015-05-27,28.5
2015-05-28,20.28
2015-05-29,27.46
2015-05-30,6.01
2015-05-31,26.86
2015-06-01,23.22
2015-06-02,19.32
2015-06-03,25.18
2015-06-04,27.77
2015-06-05,4.4
2015-06-06,28.16
2015-06-07,23.17
2015-06-08,8.71
2015-06-09,21.8
2015-06-10,24.54
2015-06-11,7.2
2015-06-12,25.34
2015-06-13,15.7
2015-06-14,21.81
2015-06-15,18.07
2015-06-16,15.25
2015-06-17,15.33
2015-06-18,19.67
2015-06-19,21.22
2015-06-20,10.99
2015-06-21,18.39
2015-06-22,21.49
2015-06-23,24.65
2015-06-24,18.54
2015-06-25,15.53
2015-06-26,12.8
2015-06-27,19.48
2015-06-28,25.16
2015-06-29,26.74
2015-06-30,5.7
2015-07-01,21.69
2015-07-02,26.33
2015-07-03,24.36
2015-07-04,17.38
2015-07-05,21.58
2015-07-06,19.68
2015-07-07,3.73
2015-07-08,2.73
2015-07-09,10.74
2015-07-10,21.8
2015-07-11,15.16
2015-07-12,3.3
2015-07-13,19.04
2015-07-14,23.97
2015-07-15,23.04
2015-07-16,13.85
2015-07-17,9.37
2015-07-18,23.04
2015-07-19,13.68
2015-07-20,10.45
2015-07-21,19.32
2015-07-22,12.6
2015-07-23,7.52
2015-07-24,15.79
2015-07-25,23.36
2015-07-26,25.47
2015-07-27,23.57
2015-07-28,20.79
2015-07-29,22.06
2015-07-30,25.85
2015-07-31,25.01
2015-08-01,25.37
2015-08-02,20.19
2015-08-03,25.34
2015-08-04,25.9
2015-08-05,25.99
2015-08-06,24.4
2015-08-07,24.31
2015-08-08,21.9
2015-08-09,23.23
2015-08-10,23.95
2015-08-11,7.97
2015-08-12,5.28
2015-08-13,22.44
2015-08-14,22.37
2015-08-15,22.27
2015-08-16,16.81
2015-08-17,19.84
2015-08-18,14.46
2015-08-19,13.09
2015-08-20,8.54
2015-08-21,8.22
2015-08-22,17.64
2015-08-23,16.44
2015-08-24,7.78
2015-08-25,1.79
2015-08-26,18.68
2015-08-27,21.34
2015-08-28,19.49
2015-08-29,16.02
2015-08-30,16.84
2015-08-31,18.12
2015-09-01,14.23
2015-09-02,16.9
2015-09-03,19.56
2015-09-04,19.12
2015-09-05,8.99
2015-09-06,18.71
2015-09-07,19.21
2015-09-08,18.11
2015-09-09,20.2
2015-09-10,22.9
2015-09-11,20.1
2015-09-12,3.88
2015-09-13,22.72
2015-09-14,19.79
2015-09-15,17.1
2015-09-16,11.87
2015-09-17,2.71
2015-09-18,19.36
2015-09-19,16.46
2015-09-20,17.34
2015-09-21,19.27
2015-09-22,18.41
2015-09-23,6.72
2015-09-24,9.32
2015-09-25,12.2
2015-09-26,16.42
2015-09-27,16.85
2015-09-28,18.95
2015-09-29,18.28
2015-09-30,6.15
2015-10-01,1.76
2015-10-02,20.67
2015-10-03,17.82
2015-10-04,18.72
2015-10-05,17.12
2015-10-06,18.62
2015-10-07,15.2
2015-10-08,12.91
2015-10-09,15.36
2015-10-10,18.0
2015-10-11,14.08
2015-10-12,14.53
2015-10-13,18.09
2015-10-14,17.76
2015-10-15,16.08
2015-10-16,15.22
2015-10-17,16.1
2015-10-18,17.15
2015-10-19,14.9
2015-10-20,16.27
2015-10-21,15.14
2015-10-22,9.67
2015-10-23,15.56
2015-10-24,13.42
2015-10-25,15.58
2015-10-26,13.5
2015-10-27,5.89
2015-10-28,14.8
2015-10-29,12.82
2015-10-30,15.66
2015-10-31,15.74
2015-11-01,7.47
2015-11-02,14.3
2015-11-03,14.7
2015-11-04,14.25
2015-11-05,13.57
2015-11-06,11.37
2015-11-07,3.73
2015-11-08,2.63
2015-11-09,4.49
2015-11-10,6.11
2015-11-11,6.97
2015-11-12,9.49
2015-11-13,1.7
2015-11-14,6.25
2015-11-15,10.2
2015-11-16,5.47
2015-11-17,2.89
2015-11-18,2.45
2015-11-19,3.82
2015-11-20,5.86
2015-11-21,7.97
2015-11-22,6.32
2015-11-23,2.92
2015-11-24,6.45
2015-11-25,2.33
2015-11-26,11.68
2015-11-27,12.04
2015-11-28,11.38
2015-11-29,9.03
2015-11-30,10.86
2015-12-01,10.05
2015-12-02,5.38
2015-12-03,10.32
2015-12-04,10.88
2015-12-05,9.04
2015-12-06,6.24
2015-12-07,9.08
2015-12-08,9.14
2015-12-09,7.04
2015-12-10,2.01
2015-12-11,3.41
2015-12-12,6.94
2015-12-13,10.19
2015-12-14,4.75
2015-12-15,7.75
2015-12-16,8.14
2015-12-17,11.47
2015-12-18,11.29
2015-12-19,10.72
2015-12-20,3.66
2015-12-21,3.58
2015-12-22,8.39
2015-12-23,4.88
2015-12-24,9.11
2015-12-25,11.43
2015-12-26,10.48
2015-12-27,11.31
2015-12-28,11.41
2015-12-29,11.39
2015-12-30,11.19
2015-12-31,11.09
2016-01-01,11.42
2016-01-02,8.07
2016-01-03,10.78
2016-01-04,11.06
2016-01-05,3.98
2016-01-06,10.92
2016-01-07,11.89
2016-01-08,11.59
2016-01-09,11.94
2016-01-10,11.62
2016-01-11,11.88
2016-01-12,11.84
2016-01-13,11.82
2016-01-14,9.27
2016-01-15,11.87
2016-01-16,4.27
2016-01-17,3.49
2016-01-18,10.63
2016-01-19,11.59
2016-01-20,12.18
2016-01-21,7.52
2016-01-22,12.9
2016-01-23,10.74
2016-01-24,13.04
2016-01-25,13.77
2016-01-26,12.71
2016-01-27,11.61
2016-01-28,2.55
2016-01-29,1.44
2016-01-30,5.85
2016-01-31,13.32
2016-02-01,13.42
2016-02-02,13.94
2016-02-03,15.27
2016-02-04,12.24
2016-02-05,15.14
2016-02-06,15.09
2016-02-07,12.86
2016-02-08,14.89
2016-02-09,15.76
2016-02-10,15.58
2016-02-11,12.85
2016-02-12,2.72
2016-02-13,5.82
2016-02-14,13.0
2016-02-15,17.18
2016-02-16,10.88
2016-02-17,17.2
2016-02-18,15.5
2016-02-19,15.53
2016-02-20,10.12
2016-02-21,17.89
2016-02-22,11.31
2016-02-23,16.9
2016-02-24,9.27
2016-02-25,18.58
2016-02-26,14.78
2016-02-27,17.4
2016-02-28,12.91
2016-02-29,16.44
2016-03-01,19.54
2016-03-02,19.31
2016-03-03,19.32
2016-03-04,5.69
2016-03-05,11.69
2016-03-06,10.41
2016-03-07,17.42
2016-03-08,6.47
2016-03-09,10.75
2016-03-10,16.74
2016-03-11,21.48
2016-03-12,21.64
2016-03-13,11.31
2016-03-14,17.89
2016-03-15,21.69
2016-03-16,16.71
2016-03-17,20.89
2016-03-18,3.15
2016-03-19,20.45
2016-03-20,16.25
2016-03-21,21.15
2016-03-22,22.1
2016-03-23,16.12
2016-03-24,16.86
2016-03-25,16.92
2016-03-26,16.72
2016-03-27,21.82
2016-03-28,23.84
2016-03-29,18.31
2016-03-30,22.92
2016-03-31,14.57
2016-04-01,22.72
2016-04-02,20.47
2016-04-03,4.15
2016-04-04,9.13
2016-04-05,21.32
2016-04-06,17.47
2016-04-07,6.96
2016-04-08,23.45
2016-04-09,23.81
2016-04-10,22.08
2016-04-11,20.03
2016-04-12,20.94
2016-04-13,5.07
2016-04-14,24.56
2016-04-15,24.99
2016-04-16,18.91
2016-04-17,24.6
2016-04-18,19.77
2016-04-19,26.09
2016-04-20,22.31
2016-04-21,4.99
2016-04-22,23.06
2016-04-23,11.3
2016-04-24,24.74
2016-04-25,25.88
2016-04-26,25.49
2016-04-27,2.95
2016-04-28,8.8
2016-04-29,22.86
2016-04-30,26.64
2016-05-01,27.0
2016-05-02,23.98
2016-05-03,8.58
2016-05-04,27.41
2016-05-05,26.67
2016-05-06,6.59
2016-05-07,27.29
2016-05-08,22.43
2016-05-09,16.42
2016-05-10,2.26
2016-05-11,19.0
2016-05-12,27.97
2016-05-13,19.24
2016-05-14,26.26
2016-05-15,17.31
2016-05-16,15.28
2016-05-17,28.83
2016-05-18,28.57
2016-05-19,22.02
2016-05-20,27.81
2016-05-21,27.69
2016-05-22,27.85
2016-05-23,26.85
2016-05-24,4.37
2016-05-25,27.43
2016-05-26,24.2
2016-05-27,24.41
2016-05-28,20.71
2016-05-29,17.34
2016-05-30,28.77
2016-05-31,26.97
2016-06-01,27.45
2016-06-02,28.39
2016-06-03,26.42
2016-06-04,9.05
2016-06-05,22.73
2016-06-06,6.35
2016-06-07,19.03
2016-06-08,12.34
2016-06-09,18.53
2016-06-10,27.3
2016-06-11,23.21
2016-06-12,7.8
2016-06-13,18.22
2016-06-14,19.35
2016-06-15,15.37
2016-06-16,16.24
2016-06-17,29.02
2016-06-18,27.12
2016-06-19,22.26
2016-06-20,22.14
2016-06-21,11.02
2016-06-22,5.82
2016-06-23,26.45
2016-06-24,5.37
2016-06-25,18.23
2016-06-26,25.25
2016-06-27,12.65
2016-06-28,19.27
2016-06-29,11.69
2016-06-30,21.2
2016-07-01,6.31
2016-07-02,3.38
2016-07-03,5.43
2016-07-04,4.32
2016-07-05,14.37
2016-07-06,17.9
2016-07-07,17.05
2016-07-08,19.91
2016-07-09,24.81
2016-07-10,20.64
2016-07-11,10.13
2016-07-12,9.78
2016-07-13,16.02
2016-07-14,21.84
2016-07-15,21.74
2016-07-16,9.19
2016-07-17,20.44
2016-07-18,22.82
2016-07-19,20.86
2016-07-20,21.23
2016-07-21,22.84
2016-07-22,25.86
2016-07-23,22.79
2016-07-24,19.15
2016-07-25,16.75
2016-07-26,21.32
2016-07-27,22.14
2016-07-28,18.37
2016-07-29,21.53
2016-07-30,22.24
2016-07-31,22.9
2016-08-01,22.28
2016-08-02,18.27
2016-08-03,13.27
2016-08-04,22.55
2016-08-05,21.6
2016-08-06,23.96
2016-08-07,23.1
2016-08-08,23.13
2016-08-09,19.25
2016-08-10,22.03
2016-08-11,23.55
2016-08-12,21.87
2016-08-13,22.52
2016-08-14,24.16
2016-08-15,19.37
2016-08-16,11.0
2016-08-17,22.24
2016-08-18,22.96
2016-08-19,22.29
2016-08-20,22.91
2016-08-21,20.41
2016-08-22,21.47
2016-08-23,19.21
2016-08-24,23.36
2016-08-25,21.03
2016-08-26,14.35
2016-08-27,21.34
2016-08-28,3.8
2016-08-29,16.77
2016-08-30,18.38
2016-08-31,22.29
2016-09-01,21.32
2016-09-02,3.07
2016-09-03,6.8
2016-09-04,10.68
2016-09-05,7.44
2016-09-06,12.78
2016-09-07,13.2
2016-09-08,19.43
2016-09-09,16.99
2016-09-10,8.6
2016-09-11,14.3
2016-09-12,2.73
2016-09-13,15.34
2016-09-14,14.49
2016-09-15,15.52
2016-09-16,5.44
2016-09-17,2.08
2016-09-18,6.01
2016-09-19,7.3
2016-09-20,17.11
2016-09-21,13.54
2016-09-22,7.42
2016-09-23,15.71
2016-09-24,17.06
2016-09-25,14.41
2016-09-26,10.63
2016-09-27,15.35
2016-09-28,3.39
2016-09-29,6.89
2016-09-30,3.49
2016-10-01,7.8
2016-10-02,12.51
2016-10-03,13.54
2016-10-04,14.98
2016-10-05,4.18
2016-10-06,18.63
2016-10-07,10.58
2016-10-08,4.56
2016-10-09,18.53
2016-10-10,10.02
2016-10-11,9.95
2016-10-12,15.21
2016-10-13,12.18
2016-10-14,17.34
2016-10-15,14.72
2016-10-16,2.05
2016-10-17,13.57
2016-10-18,8.36
2016-10-19,14.32
2016-10-20,12.94
2016-10-21,7.05
2016-10-22,6.62
2016-10-23,4.95
2016-10-24,12.93
2016-10-25,8.01
2016-10-26,12.64
2016-10-27,6.72
2016-10-28,2.12
2016-10-29,7.2
2016-10-30,15.36
2016-10-31,3.75
2016-11-01,15.43
2016-11-02,15.19
2016-11-03,12.9
2016-11-04,14.43
2016-11-05,13.71
2016-11-06,5.59
2016-11-07,8.56
2016-11-08,9.68
2016-11-09,9.21
2016-11-10,5.2
2016-11-11,11.43
2016-11-12,11.23
2016-11-13,7.9
2016-11-14,5.32
2016-11-15,12.79
2016-11-16,10.67
2016-11-17,12.07
2016-11-18,9.35
2016-11-19,9.03
2016-11-20,11.49
2016-11-21,9.68
2016-11-22,6.52
2016-11-23,9.04
2016-11-24,12.74
2016-11-25,11.79
2016-11-26,5.37
2016-11-27,6.63
2016-11-28,11.94
2016-11-29,11.64
2016-11-30,2.78
2016-12-01,9.9
2016-12-02,11.85
2016-12-03,11.0
2016-12-04,4.65
2016-12-05,10.61
2016-12-06,11.8
2016-12-07,10.04
2016-12-08,10.77
2016-12-09,11.06
2016-12-10,11.41
2016-12-11,11.35
2016-12-12,6.82
2016-12-13,5.6
2016-12-14,4.4
2016-12-15,10.9
2016-12-16,11.6
2016-12-17,11.17
2016-12-18,10.16
2016-12-19,4.24
2016-12-20,9.73
2016-12-21,5.85
2016-12-22,4.46
2016-12-23,7.69
2016-12-24,9.51
2016-12-25,7.0
2016-12-26,1.21
2016-12-27,9.73
2016-12-28,8.47
2016-12-29,11.25
2016-12-30,11.61
2016-12-31,10.81
2017-01-01,10.83
2017-01-02,10.72
2017-01-03,11.4
2017-01-04,10.51
2017-01-05,4.07
2017-01-06,6.77
2017-01-07,7.55
2017-01-08,4.31
2017-01-09,11.01
2017-01-10,11.91
2017-01-11,12.04
2017-01-12,9.1
2017-01-13,10.38
2017-01-14,12.62
2017-01-15,12.9
2017-01-16,12.77
2017-01-17,10.75
2017-01-18,10.91
2017-01-19,11.87
2017-01-20,12.5
2017-01-21,11.99
2017-01-22,12.22
2017-01-23,13.75
2017-01-24,13.83
2017-01-25,13.98
2017-01-26,13.99
2017-01-27,12.42
2017-01-28,13.95
2017-01-29,1.92
2017-01-30,13.28
2017-01-31,12.4
2017-02-01,10.7
2017-02-02,15.07
2017-02-03,14.72
2017-02-04,14.12
2017-02-05,5.76
2017-02-06,15.32
2017-02-07,14.71
2017-02-08,7.97
2017-02-09,16.03
2017-02-10,16.06
2017-02-11,16.23
2017-02-12,16.38
2017-02-13,16.34
2017-02-14,16.49
2017-02-15,16.54
2017-02-16,13.91
2017-02-17,15.32
2017-02-18,17.4
2017-02-19,16.56
2017-02-20,9.35
2017-02-21,16.16
2017-02-22,2.16
2017-02-23,16.94
2017-02-24,18.15
2017-02-25,18.12
2017-02-26,15.16
2017-02-27,12.94
2017-02-28,17.8
2017-03-01,15.26
2017-03-02,15.03
2017-03-03,19.07
2017-03-04,17.79
2017-03-05,12.63
2017-03-06,19.95
2017-03-07,18.03
2017-03-08,17.09
2017-03-09,19.06
2017-03-10,20.55
2017-03-11,20.39
2017-03-12,19.63
2017-03-13,18.44
2017-03-14,14.43
2017-03-15,20.05
2017-03-16,14.06
2017-03-17,21.43
2017-03-18,12.2
2017-03-19,21.57
2017-03-20,11.66
2017-03-21,15.77
2017-03-22,19.53
2017-03-23,13.73
2017-03-24,10.65
2017-03-25,11.25
2017-03-26,11.51
2017-03-27,19.55
2017-03-28,22.0
2017-03-29,7.02
2017-03-30,23.1
2017-03-31,10.85
2017-04-01,10.7
2017-04-02,22.71
2017-04-03,24.23
2017-04-04,24.45
2017-04-05,5.72
2017-04-06,4.04
2017-04-07,24.01
2017-04-08,23.69
2017-04-09,15.77
2017-04-10,19.73
2017-04-11,8.63
2017-04-12,23.21
2017-04-13,24.29
2017-04-14,23.53
2017-04-15,22.47
2017-04-16,24.81
2017-04-17,2.14
2017-04-18,24.31
2017-04-19,26.04
2017-04-20,15.03
2017-04-21,23.2
2017-04-22,22.73
2017-04-23,26.18
2017-04-24,26.72
2017-04-25,13.4
2017-04-26,7.16
2017-04-27,24.6
2017-04-28,26.1
2017-04-29,26.92
2017-04-30,25.28
2017-05-01,27.13
2017-05-02,23.44
2017-05-03,27.18
2017-05-04,23.37
2017-05-05,15.73
2017-05-06,23.95
2017-05-07,27.45
2017-05-08,22.89
2017-05-09,3.85
2017-05-10,14.03
2017-05-11,22.05
2017-05-12,4.09
2017-05-13,26.54
2017-05-14,27.68
2017-05-15,26.78
2017-05-16,17.42
2017-05-17,22.33
2017-05-18,26.45
2017-05-19,27.94
2017-05-20,25.68
2017-05-21,22.95
2017-05-22,28.04
2017-05-23,21.59
2017-05-24,17.26
2017-05-25,26.83
2017-05-26,23.8
2017-05-27,27.96
2017-05-28,27.84
2017-05-29,27.99
2017-05-30,22.3
2017-05-31,17.74
2017-06-01,20.14
2017-06-02,26.09
2017-06-03,26.32
2017-06-04,28.55
2017-06-05,27.13
2017-06-06,7.16
2017-06-07,10.07
2017-06-08,29.26
2017-06-09,26.58
2017-06-10,22.98
2017-06-11,24.03
2017-06-12,21.89
2017-06-13,25.41
2017-06-14,28.53
2017-06-15,28.32
2017-06-16,28.49
2017-06-17,28.71
2017-06-18,28.78
2017-06-19,27.78
2017-06-20,16.48
2017-06-21,24.72
2017-06-22,26.14
2017-06-23,25.78
2017-06-24,23.01
2017-06-25,12.94
2017-06-26,18.46
2017-06-27,18.78
2017-06-28,25.74
2017-06-29,14.65
2017-06-30,17.13
2017-07-01,16.1
2017-07-02,9.53
2017-07-03,16.3
2017-07-04,13.27
2017-07-05,18.2
2017-07-06,16.41
2017-07-07,11.02
2017-07-08,9.54
2017-07-09,22.15
2017-07-10,6.53
2017-07-11,13.77
2017-07-12,26.42
2017-07-13,27.54
2017-07-14,23.21
2017-07-15,11.4
2017-07-16,18.59
2017-07-17,19.25
2017-07-18,18.63
2017-07-19,26.33
2017-07-20,26.17
2017-07-21,22.67
2017-07-22,19.4
2017-07-23,15.31
2017-07-24,18.53
2017-07-25,7.36
2017-07-26,24.93
2017-07-27,26.68
2017-07-28,24.78
2017-07-29,13.5
2017-07-30,20.41
2017-07-31,8.46
2017-08-01,21.0
2017-08-02,23.38
2017-08-03,23.59
2017-08-04,25.43
2017-08-05,25.28
2017-08-06,25.77
2017-08-07,21.12
2017-08-08,22.18
2017-08-09,6.75
2017-08-10,13.44
2017-08-11,18.67
2017-08-12,18.15
2017-08-13,11.11
2017-08-14,2.41
2017-08-15,9.82
2017-08-16,14.99
2017-08-17,17.43
2017-08-18,14.52
2017-08-19,15.83
2017-08-20,13.24
2017-08-21,11.82
2017-08-22,15.33
2017-08-23,18.57
2017-08-24,19.81
2017-08-25,11.93
2017-08-26,24.35
2017-08-27,24.19
2017-08-28,23.12
2017-08-29,18.32
2017-08-30,14.75
2017-08-31,22.57
2017-09-01,19.95
2017-09-02,17.39
2017-09-03,22.15
2017-09-04,16.3
2017-09-05,6.82
2017-09-06,6.26
2017-09-07,8.57
2017-09-08,20.55
2017-09-09,19.31
2017-09-10,17.72
2017-09-11,2.58
2017-09-12,20.46
2017-09-13,22.95
2017-09-14,21.64
2017-09-15,15.49
2017-09-16,8.22
2017-09-17,7.87
2017-09-18,20.53
2017-09-19,18.5
2017-09-20,12.99
2017-09-21,18.37
2017-09-22,18.46
2017-09-23,15.85
2017-09-24,20.31
2017-09-25,19.65
2017-09-26,19.34
2017-09-27,3.77
2017-09-28,16.27
2017-09-29,20.53
2017-09-30,20.21
2017-10-01,7.24
2017-10-02,6.97
2017-10-03,12.6
2017-10-04,9.8
2017-10-05,7.85
2017-10-06,4.66
2017-10-07,12.79
2017-10-08,14.02
2017-10-09,16.5
2017-10-10,15.94
2017-10-11,10.22
2017-10-12,2.09
2017-10-13,17.32
2017-10-14,12.5
2017-10-15,3.96
2017-10-16,3.88
2017-10-17,11.24
2017-10-18,3.72
2017-10-19,11.99
2017-10-20,12.76
2017-10-21,14.06
2017-10-22,8.03
2017-10-23,12.74
2017-10-24,10.49
2017-10-25,15.96
2017-10-26,14.82
2017-10-27,12.05
2017-10-28,5.92
2017-10-29,14.71
2017-10-30,15.03
2017-10-31,15.29
2017-11-01,14.79
2017-11-02,12.37
2017-11-03,13.83
2017-11-04,12.64
2017-11-05,14.61
2017-11-06,13.81
2017-11-07,10.17
2017-11-08,12.07
2017-11-09,13.2
2017-11-10,11.39
2017-11-11,13.78
2017-11-12,10.77
2017-11-13,11.23
2017-11-14,12.74
2017-11-15,10.76
2017-11-16,12.88
2017-11-17,10.97
2017-11-18,13.11
2017-11-19,12.79
2017-11-20,12.4
2017-11-21,12.43
2017-11-22,7.6
2017-11-23,9.65
2017-11-24,11.4
2017-11-25,10.92
2017-11-26,10.18
2017-11-27,8.19
2017-11-28,10.15
2017-11-29,8.81
2017-11-30,7.45
2017-12-01,11.84
2017-12-02,10.53
2017-12-03,10.68
2017-12-04,10.52
2017-12-05,11.61
2017-12-06,10.74
2017-12-07,8.9
2017-12-08,11.58
2017-12-09,10.67
2017-12-10,4.12
2017-12-11,10.91
2017-12-12,11.33
2017-12-13,11.58
2017-12-14,10.67
2017-12-15,10.16
2017-12-16,9.28
2017-12-17,11.44
2017-12-18,10.59
2017-12-19,11.08
2017-12-20,11.03
2017-12-21,11.12
2017-12-22,10.93
2017-12-23,10.03
2017-12-24,1.97
2017-12-25,11.21
2017-12-26,7.25
2017-12-27,11.59
2017-12-28,9.53
2017-12-29,9.39
2017-12-30,6.94
2017-12-31,11.17
2018-01-01,11.4
2018-01-02,11.12
2018-01-03,11.5
2018-01-04,8.71
2018-01-05,9.34
2018-01-06,11.71
2018-01-07,6.09
2018-01-08,1.72
2018-01-09,10.68
2018-01-10,11.41
2018-01-11,12.25
2018-01-12,12.59
2018-01-13,11.67
2018-01-14,11.92
2018-01-15,11.74
2018-01-16,2.31
2018-01-17,3.36
2018-01-18,9.97
2018-01-19,12.23
2018-01-20,12.62
2018-01-21,12.46
2018-01-22,5.25
2018-01-23,13.13
2018-01-24,13.69
2018-01-25,13.47
2018-01-26,14.09
2018-01-27,13.74
2018-01-28,11.51
2018-01-29,13.86
2018-01-30,13.97
2018-01-31,12.5
2018-02-01,14.18
2018-02-02,13.03
2018-02-03,14.68
2018-02-04,15.25
2018-02-05,15.06
2018-02-06,15.53
2018-02-07,15.61
2018-02-08,15.48
2018-02-09,13.01
2018-02-10,5.87
2018-02-11,11.93
2018-02-12,12.76
2018-02-13,16.05
2018-02-14,14.54
2018-02-15,12.77
2018-02-16,10.37
2018-02-17,16.93
2018-02-18,12.27
2018-02-19,11.79
2018-02-20,15.58
2018-02-21,15.33
2018-02-22,16.94
2018-02-23,16.49
2018-02-24,14.42
2018-02-25,10.9
2018-02-26,17.46
2018-02-27,14.89
2018-02-28,2.76
2018-03-01,15.16
2018-03-02,18.46
2018-03-03,13.03
2018-03-04,12.03
2018-03-05,2.35
2018-03-06,14.6
2018-03-07,4.05
2018-03-08,2.54
2018-03-09,10.03
2018-03-10,12.66
2018-03-11,19.67
2018-03-12,19.83
2018-03-13,19.05
2018-03-14,19.41
2018-03-15,2.3
2018-03-16,10.23
2018-03-17,19.92
2018-03-18,12.01
2018-03-19,1.16
2018-03-20,8.48
2018-03-21,1.89
2018-03-22,19.21
2018-03-23,21.52
2018-03-24,20.38
2018-03-25,21.75
2018-03-26,21.9
2018-03-27,21.83
2018-03-28,22.36
2018-03-29,20.6
2018-03-30,20.67
2018-03-31,22.09
2018-04-01,18.14
2018-04-02,19.48
2018-04-03,20.09
2018-04-04,3.49
2018-04-05,3.97
2018-04-06,11.16
2018-04-07,16.11
2018-04-08,22.33
2018-04-09,23.12
2018-04-10,20.73
2018-04-11,22.33
2018-04-12,21.3
2018-04-13,16.31
2018-04-14,1.75
2018-04-15,23.24
2018-04-16,21.4
2018-04-17,20.66
2018-04-18,24.45
2018-04-19,24.72
2018-04-20,24.84
2018-04-21,25.38
2018-04-22,10.71
2018-04-23,2.04
2018-04-24,5.16
2018-04-25,25.58
2018-04-26,20.5
2018-04-27,22.41
2018-04-28,25.59
2018-04-29,24.83
2018-04-30,20.04
2018-05-01,16.6
2018-05-02,5.65
2018-05-03,25.13
2018-05-04,25.89
2018-05-05,24.15
2018-05-06,1.76
2018-05-07,3.84
2018-05-08,13.23
2018-05-09,18.83
2018-05-10,25.91
2018-05-11,25.08
2018-05-12,6.53
2018-05-13,14.12
2018-05-14,26.54
2018-05-15,23.76
2018-05-16,11.07
2018-05-17,7.11
2018-05-18,6.93
2018-05-19,23.76
2018-05-20,21.64
2018-05-21,22.14
2018-05-22,24.44
2018-05-23,14.16
2018-05-24,27.68
2018-05-25,25.32
2018-05-26,27.12
2018-05-27,17.36
2018-05-28,14.28
2018-05-29,18.65
2018-05-30,21.05
2018-05-31,22.22
2018-06-01,27.35
2018-06-02,25.62
2018-06-03,23.17
2018-06-04,22.71
2018-06-05,5.05
2018-06-06,23.82
2018-06-07,27.57
2018-06-08,24.78
2018-06-09,21.52
2018-06-10,11.58
2018-06-11,10.01
2018-06-12,16.35
2018-06-13,23.46
2018-06-14,24.34
2018-06-15,21.88
2018-06-16,20.5
2018-06-17,21.24
2018-06-18,22.02
2018-06-19,10.62
2018-06-20,23.33
2018-06-21,27.24
2018-06-22,20.5
2018-06-23,17.11
2018-06-24,27.47
2018-06-25,24.57
2018-06-26,6.21
2018-06-27,8.28
2018-06-28,2.42
2018-06-29,14.48
2018-06-30,3.31
2018-07-01,14.75
2018-07-02,11.76
2018-07-03,3.29
2018-07-04,21.02
2018-07-05,7.32
2018-07-06,6.87
2018-07-07,16.16
2018-07-08,14.82
2018-07-09,7.79
2018-07-10,24.34
2018-07-11,22.31
2018-07-12,25.29
2018-07-13,23.77
2018-07-14,25.41
2018-07-15,26.71
2018-07-16,27.0
2018-07-17,27.07
2018-07-18,26.39
2018-07-19,26.42
2018-07-20,27.01
2018-07-21,26.39
2018-07-22,19.55
2018-07-23,25.19
2018-07-24,21.36
2018-07-25,25.14
2018-07-26,24.33
2018-07-27,20.61
2018-07-28,25.56
2018-07-29,21.33
2018-07-30,24.85
2018-07-31,25.65
2018-08-01,26.13
2018-08-02,25.95
2018-08-03,25.56
2018-08-04,25.61
2018-08-05,23.71
2018-08-06,17.67
2018-08-07,23.48
2018-08-08,23.37
2018-08-09,22.55
2018-08-10,11.63
2018-08-11,19.88
2018-08-12,16.82
2018-08-13,24.13
2018-08-14,24.19
2018-08-15,18.72
2018-08-16,9.57
2018-08-17,22.27
2018-08-18,20.56
2018-08-19,25.12
2018-08-20,24.79
2018-08-21,24.15
2018-08-22,21.07
2018-08-23,16.53
2018-08-24,18.64
2018-08-25,17.31
2018-08-26,8.37
2018-08-27,10.1
2018-08-28,13.56
2018-08-29,22.17
2018-08-30,15.86
2018-08-31,7.96
2018-09-01,9.61
2018-09-02,12.37
2018-09-03,8.8
2018-09-04,15.06
2018-09-05,22.21
2018-09-06,7.94
2018-09-07,4.14
2018-09-08,6.18
2018-09-09,7.61
2018-09-10,21.41
2018-09-11,16.74
2018-09-12,17.04
2018-09-13,7.28
2018-09-14,6.47
2018-09-15,12.0
2018-09-16,16.77
2018-09-17,16.46
2018-09-18,16.84
2018-09-19,12.29
2018-09-20,5.97
2018-09-21,3.44
2018-09-22,18.81
2018-09-23,18.85
2018-09-24,10.58
2018-09-25,19.12
2018-09-26,9.48
2018-09-27,17.65
2018-09-28,14.06
2018-09-29,1.71
2018-09-30,7.32
2018-10-01,18.95
2018-10-02,18.28
2018-10-03,19.21
2018-10-04,12.14
2018-10-05,2.85
2018-10-06,4.9
2018-10-07,17.18
2018-10-08,16.95
2018-10-09,7.67
2018-10-10,10.05
2018-10-11,17.38
2018-10-12,18.21
2018-10-13,13.47
2018-10-14,14.83
2018-10-15,17.26
2018-10-16,8.11
2018-10-17,14.73
2018-10-18,14.51
2018-10-19,14.96
2018-10-20,16.75
2018-10-21,16.55
2018-10-22,9.68
2018-10-23,14.07
2018-10-24,16.15
2018-10-25,15.6
2018-10-26,4.46
2018-10-27,10.99
2018-10-28,13.55
2018-10-29,11.91
2018-10-30,15.33
2018-10-31,14.46
2018-11-01,14.93
2018-11-02,14.43
2018-11-03,14.49
2018-11-04,14.44
2018-11-05,13.9
2018-11-06,12.81
2018-11-07,6.15
2018-11-08,2.82
2018-11-09,11.07
2018-11-10,13.56
2018-11-11,11.64
2018-11-12,6.89
2018-11-13,9.1
2018-11-14,10.64
2018-11-15,11.69
2018-11-16,5.15
2018-11-17,12.41
2018-11-18,4.23
2018-11-19,12.04
2018-11-20,12.76
2018-11-21,8.33
2018-11-22,12.57
2018-11-23,12.18
2018-11-24,4.56
2018-11-25,9.96
2018-11-26,11.49
2018-11-27,11.71
2018-11-28,11.24
2018-11-29,11.28
2018-11-30,11.3
2018-12-01,6.75
2018-12-02,9.68
2018-12-03,6.33
2018-12-04,2.31
2018-12-05,10.89
2018-12-06,4.91
2018-12-07,8.67
2018-12-08,10.78
2018-12-09,11.02
2018-12-10,10.86
2018-12-11,2.13
2018-12-12,11.32
2018-12-13,10.06
2018-12-14,11.22
2018-12-15,10.95
2018-12-16,1.95
2018-12-17,10.12
2018-12-18,8.66
2018-12-19,10.53
2018-12-20,4.82
2018-12-21,8.94
2018-12-22,8.94
2018-12-23,6.83
2018-12-24,11.34
2018-12-25,8.81
2018-12-26,7.08
2018-12-27,11.14
2018-12-28,11.45
2018-12-29,11.57
2018-12-30,11.56
2018-12-31,9.96
2019-01-01,11.13
2019-01-02,11.46
2019-01-03,11.49
2019-01-04,8.7
2019-01-05,8.8
2019-01-06,10.14
2019-01-07,11.47
2019-01-08,11.35
2019-01-09,10.16
2019-01-10,10.49
2019-01-11,10.71
2019-01-12,3.03
2019-01-13,5.3
2019-01-14,11.67
2019-01-15,11.85
2019-01-16,12.69
2019-01-17,11.91
2019-01-18,12.47
2019-01-19,11.74
2019-01-20,12.53
2019-01-21,12.88
2019-01-22,12.89
2019-01-23,12.92
2019-01-24,12.75
2019-01-25,9.14
2019-01-26,13.69
2019-01-27,13.86
2019-01-28,12.23
2019-01-29,13.53
2019-01-30,13.51
2019-01-31,2.22
2019-02-01,14.56
2019-02-02,14.54
2019-02-03,4.41
2019-02-04,14.5
2019-02-05,14.42
2019-02-06,14.23
2019-02-07,9.01
2019-02-08,13.53
2019-02-09,14.21
2019-02-10,6.28
2019-02-11,15.48
2019-02-12,15.42
2019-02-13,15.81
2019-02-14,8.64
2019-02-15,9.5
2019-02-16,15.93
2019-02-17,16.8
2019-02-18,11.51
2019-02-19,4.14
2019-02-20,16.41
2019-02-21,12.7
2019-02-22,12.64
2019-02-23,12.02
2019-02-24,17.34
2019-02-25,17.25
2019-02-26,14.09
2019-02-27,10.0
2019-02-28,13.4
2019-03-01,18.15
2019-03-02,14.05
2019-03-03,12.56
2019-03-04,14.63
2019-03-05,15.41
2019-03-06,5.58
2019-03-07,17.06
2019-03-08,17.24
2019-03-09,16.04
2019-03-10,2.0
2019-03-11,18.43
2019-03-12,18.96
2019-03-13,16.43
2019-03-14,20.02
2019-03-15,15.41
2019-03-16,17.32
2019-03-17,20.68
2019-03-18,14.39
2019-03-19,20.67
2019-03-20,10.81
2019-03-21,17.91
2019-03-22,21.16
2019-03-23,19.81
2019-03-24,22.26
2019-03-25,16.16
2019-03-26,21.92
2019-03-27,21.08
2019-03-28,14.4
2019-03-29,16.41
2019-03-30,16.96
2019-03-31,20.19
2019-04-01,21.72
2019-04-02,23.43
2019-04-03,23.52
2019-04-04,23.51
2019-04-05,22.46
2019-04-06,23.21
2019-04-07,13.06
2019-04-08,22.7
2019-04-09,17.14
2019-04-10,8.3
2019-04-11,14.64
2019-04-12,17.79
2019-04-13,16.5
2019-04-14,8.8
2019-04-15,24.64
2019-04-16,21.95
2019-04-17,19.75
2019-04-18,23.3
2019-04-19,12.83
2019-04-20,24.46
2019-04-21,15.75
2019-04-22,23.35
2019-04-23,10.32
2019-04-24,8.85
2019-04-25,7.08
2019-04-26,5.83
2019-04-27,24.08
2019-04-28,12.36
2019-04-29,2.88
2019-04-30,17.03
2019-05-01,16.83
2019-05-02,25.77
2019-05-03,26.37
2019-05-04,25.29
2019-05-05,22.93
2019-05-06,20.25
2019-05-07,26.68
2019-05-08,22.77
2019-05-09,23.98
2019-05-10,23.05
2019-05-11,26.67
2019-05-12,24.01
2019-05-13,22.18
2019-05-14,20.8
2019-05-15,20.54
2019-05-16,24.11
2019-05-17,20.39
2019-05-18,5.05
2019-05-19,8.64
2019-05-20,10.84
2019-05-21,27.83
2019-05-22,28.04
2019-05-23,27.16
2019-05-24,27.2
2019-05-25,21.12
2019-05-26,25.77
2019-05-27,5.21
2019-05-28,23.9
2019-05-29,27.96
2019-05-30,22.5
2019-05-31,18.68
2019-06-01,22.64
2019-06-02,24.44
2019-06-03,27.37
2019-06-04,27.05
2019-06-05,26.56
2019-06-06,20.46
2019-06-07,8.84
2019-06-08,24.98
2019-06-09,23.51
2019-06-10,23.63
2019-06-11,21.71
2019-06-12,25.5
2019-06-13,27.75
2019-06-14,7.26
2019-06-15,19.5
2019-06-16,19.32
2019-06-17,21.14
2019-06-18,18.97
2019-06-19,22.07
2019-06-20,26.08
2019-06-21,24.08
2019-06-22,24.54
2019-06-23,21.22
2019-06-24,24.12
2019-06-25,27.55
2019-06-26,5.59
2019-06-27,10.26
2019-06-28,15.49
2019-06-29,4.53
2019-06-30,18.11
2019-07-01,12.11
2019-07-02,24.01
2019-07-03,17.06
2019-07-04,25.38
2019-07-05,22.96
2019-07-06,25.83
2019-07-07,23.49
2019-07-08,19.85
2019-07-09,22.15
2019-07-10,6.89
2019-07-11,17.35
2019-07-12,22.01
2019-07-13,10.38
2019-07-14,24.47
2019-07-15,22.1
2019-07-16,24.39
2019-07-17,19.86
2019-07-18,5.91
2019-07-19,3.19
2019-07-20,3.18
2019-07-21,10.31
2019-07-22,22.7
2019-07-23,19.47
2019-07-24,15.65
2019-07-25,11.51
2019-07-26,20.65
2019-07-27,7.03
2019-07-28,17.65
2019-07-29,17.74
2019-07-30,21.22
2019-07-31,23.76
2019-08-01,24.8
2019-08-02,24.71
2019-08-03,25.36
2019-08-04,25.52
2019-08-05,24.93
2019-08-06,7.52
2019-08-07,22.13
2019-08-08,19.71
2019-08-09,22.88
2019-08-10,22.7
2019-08-11,24.4
2019-08-12,23.91
2019-08-13,24.12
2019-08-14,21.04
2019-08-15,8.14
2019-08-16,21.47
2019-08-17,25.67
2019-08-18,20.1
2019-08-19,16.55
2019-08-20,18.34
2019-08-21,12.19
2019-08-22,6.64
2019-08-23,13.47
2019-08-24,19.94
2019-08-25,15.07
2019-08-26,23.68
2019-08-27,6.62
2019-08-28,6.16
2019-08-29,2.92
2019-08-30,23.34
2019-08-31,20.83
2019-09-01,8.58
2019-09-02,3.0
2019-09-03,7.56
2019-09-04,9.46
2019-09-05,16.57
2019-09-06,14.0
2019-09-07,12.68
2019-09-08,10.64
2019-09-09,20.17
2019-09-10,12.74
2019-09-11,10.25
2019-09-12,7.38
2019-09-13,19.31
2019-09-14,21.6
2019-09-15,17.44
2019-09-16,17.99
2019-09-17,19.99
2019-09-18,19.21
2019-09-19,20.96
2019-09-20,15.99
2019-09-21,2.95
2019-09-22,1.55
2019-09-23,6.1
2019-09-24,20.78
2019-09-25,16.1
2019-09-26,18.65
2019-09-27,8.66
2019-09-28,9.78
2019-09-29,13.34
2019-09-30,14.59
2019-10-01,3.08
2019-10-02,2.78
2019-10-03,15.21
2019-10-04,16.35
2019-10-05,13.0
2019-10-06,14.92
2019-10-07,7.57
2019-10-08,15.9
2019-10-09,18.36
2019-10-10,17.79
2019-10-11,16.86
2019-10-12,14.07
2019-10-13,15.65
2019-10-14,17.19
2019-10-15,9.95
2019-10-16,15.55
2019-10-17,8.88
2019-10-18,2.14
2019-10-19,14.06
2019-10-20,14.39
2019-10-21,12.68
2019-10-22,11.03
2019-10-23,6.19
2019-10-24,5.59
2019-10-25,12.83
2019-10-26,15.39
2019-10-27,15.93
2019-10-28,15.29
2019-10-29,13.32
2019-10-30,15.2
2019-10-31,14.91
2019-11-01,14.57
2019-11-02,11.39
2019-11-03,10.09
2019-11-04,10.36
2019-11-05,14.1
2019-11-06,13.78
2019-11-07,12.17
2019-11-08,13.55
2019-11-09,13.67
2019-11-10,8.42
2019-11-11,11.17
2019-11-12,12.27
2019-11-13,6.23
2019-11-14,13.62
2019-11-15,12.99
2019-11-16,11.11
2019-11-17,4.49
2019-11-18,5.72
2019-11-19,9.12
2019-11-20,12.88
2019-11-21,12.05
2019-11-22,11.11
2019-11-23,11.47
2019-11-24,2.69
2019-11-25,5.65
2019-11-26,8.08
2019-11-27,4.8
2019-11-28,5.76
2019-11-29,12.02
2019-11-30,6.95
2019-12-01,1.72
2019-12-02,11.1
2019-12-03,10.77
2019-12-04,10.72
2019-12-05,11.42
2019-12-06,8.85
2019-12-07,11.38
2019-12-08,11.53
2019-12-09,11.31
2019-12-10,9.05
2019-12-11,10.3
2019-12-12,11.39
2019-12-13,9.17
2019-12-14,11.03
2019-12-15,6.77
2019-12-16,10.26
2019-12-17,5.87
2019-12-18,10.68
2019-12-19,9.84
2019-12-20,10.15
2019-12-21,6.4
2019-12-22,3.9
2019-12-23,9.78
2019-12-24,9.26
2019-12-25,10.29
2019-12-26,2.52
2019-12-27,11.34
2019-12-28,11.06
2019-12-29,3.13
2019-12-30,9.82
2019-12-31,11.66
2020-01-01,10.53
2020-01-02,10.86
2020-01-03,11.26
2020-01-04,9.21
2020-01-05,11.17
2020-01-06,2.07
2020-01-07,1.48
2020-01-08,6.64
2020-01-09,10.86
2020-01-10,11.22
2020-01-11,11.65
2020-01-12,11.68
2020-01-13,7.92
2020-01-14,6.7
2020-01-15,12.22
2020-01-16,9.35
2020-01-17,7.44
2020-01-18,5.08
2020-01-19,8.5
2020-01-20,11.43
2020-01-21,12.72
2020-01-22,3.59
2020-01-23,2.47
2020-01-24,11.95
2020-01-25,4.33
2020-01-26,7.37
2020-01-27,1.1
2020-01-28,9.04
2020-01-29,9.52
2020-01-30,10.94
2020-01-31,9.42
2020-02-01,13.9
2020-02-02,12.97
2020-02-03,13.06
2020-02-04,14.56
2020-02-05,15.13
2020-02-06,13.71
2020-02-07,13.54
2020-02-08,14.99
2020-02-09,12.75
2020-02-10,14.51
2020-02-11,12.1
2020-02-12,1.74
2020-02-13,14.46
2020-02-14,14.4
2020-02-15,12.47
2020-02-16,10.57
2020-02-17,14.61
2020-02-18,16.88
2020-02-19,15.8
2020-02-20,16.57
2020-02-21,15.56
2020-02-22,16.67
2020-02-23,17.56
2020-02-24,15.51
2020-02-25,2.53
2020-02-26,8.45
2020-02-27,5.93
2020-02-28,4.23
2020-02-29,10.47
2020-03-01,12.43
2020-03-02,17.49
2020-03-03,8.96
2020-03-04,16.83
2020-03-05,19.4
2020-03-06,19.18
2020-03-07,6.11
2020-03-08,18.13
2020-03-09,8.9
2020-03-10,5.24
2020-03-11,20.47
2020-03-12,20.39
2020-03-13,17.14
2020-03-14,21.13
2020-03-15,15.53
2020-03-16,20.94
2020-03-17,20.62
2020-03-18,21.27
2020-03-19,18.94
2020-03-20,21.36
2020-03-21,20.83
2020-03-22,19.97
2020-03-23,21.6
2020-03-24,17.81
2020-03-25,21.54
2020-03-26,4.92
2020-03-27,3.93
2020-03-28,7.04
2020-03-29,12.93
2020-03-30,19.83
2020-03-31,21.34
2020-04-01,9.8
2020-04-02,22.42
2020-04-03,22.62
2020-04-04,22.95
2020-04-05,23.72
2020-04-06,23.18
2020-04-07,23.07
2020-04-08,24.06
2020-04-09,23.79
2020-04-10,10.21
2020-04-11,9.75
2020-04-12,8.24
2020-04-13,13.04
2020-04-14,24.73
2020-04-15,18.38
2020-04-16,21.25
2020-04-17,3.77
2020-04-18,18.37
2020-04-19,6.04
2020-04-20,21.23
2020-04-21,24.19
2020-04-22,25.1
2020-04-23,21.24
2020-04-24,24.15
2020-04-25,25.1
2020-04-26,25.71
2020-04-27,20.35
2020-04-28,25.91
2020-04-29,25.82
2020-04-30,25.98
2020-05-01,23.04
2020-05-02,17.44
2020-05-03,6.61
2020-05-04,24.04
2020-05-05,14.38
2020-05-06,25.62
2020-05-07,26.46
2020-05-08,24.39
2020-05-09,4.05
2020-05-10,15.39
2020-05-11,26.8
2020-05-12,26.77
2020-05-13,27.27
2020-05-14,19.69
2020-05-15,3.45
2020-05-16,10.03
2020-05-17,19.38
2020-05-18,8.56
2020-05-19,19.99
2020-05-20,22.36
2020-05-21,17.88
2020-05-22,23.34
2020-05-23,24.32
2020-05-24,20.59
2020-05-25,12.52
2020-05-26,14.54
2020-05-27,26.0
2020-05-28,25.75
2020-05-29,26.46
2020-05-30,19.91
2020-05-31,17.15
2020-06-01,23.43
2020-06-02,26.92
2020-06-03,19.47
2020-06-04,25.51
2020-06-05,22.31
2020-06-06,20.25
2020-06-07,27.24
2020-06-08,27.66
2020-06-09,27.75
2020-06-10,26.67
2020-06-11,14.5
2020-06-12,14.68
2020-06-13,6.43
2020-06-14,9.14
2020-06-15,26.61
2020-06-16,26.56
2020-06-17,16.6
2020-06-18,4.92
2020-06-19,23.57
2020-06-20,22.35
2020-06-21,24.18
2020-06-22,27.65
2020-06-23,27.0
2020-06-24,9.16
2020-06-25,7.54
2020-06-26,26.2
2020-06-27,19.82
2020-06-28,23.3
2020-06-29,10.6
2020-06-30,17.42
2020-07-01,18.23
2020-07-02,19.84
2020-07-03,6.24
2020-07-04,17.37
2020-07-05,17.34
2020-07-06,11.61
2020-07-07,21.09
2020-07-08,22.1
2020-07-09,20.33
2020-07-10,4.38
2020-07-11,10.66
2020-07-12,4.37
2020-07-13,4.03
2020-07-14,7.84
2020-07-15,5.27
2020-07-16,24.91
2020-07-17,26.74
2020-07-18,13.17
2020-07-19,7.97
2020-07-20,14.53
2020-07-21,21.59
2020-07-22,4.26
2020-07-23,3.95
2020-07-24,16.77
2020-07-25,17.35
2020-07-26,24.69
2020-07-27,4.67
2020-07-28,7.09
2020-07-29,10.17
2020-07-30,13.23
2020-07-31,16.26
2020-08-01,18.33
2020-08-02,18.31
2020-08-03,17.2
2020-08-04,19.32
2020-08-05,19.5
2020-08-06,8.44
2020-08-07,7.45
2020-08-08,4.22
2020-08-09,18.78
2020-08-10,10.91
2020-08-11,18.44
2020-08-12,14.09
2020-08-13,21.92
2020-08-14,21.46
2020-08-15,23.7
2020-08-16,25.1
2020-08-17,24.68
2020-08-18,24.66
2020-08-19,24.53
2020-08-20,23.69
2020-08-21,23.17
2020-08-22,18.91
2020-08-23,19.2
2020-08-24,23.57
2020-08-25,23.22
2020-08-26,15.4
2020-08-27,7.0
2020-08-28,16.24
2020-08-29,18.38
2020-08-30,17.34
2020-08-31,16.3
2020-09-01,15.0
2020-09-02,11.97
2020-09-03,21.68
2020-09-04,23.92
2020-09-05,3.29
2020-09-06,6.15
2020-09-07,8.07
2020-09-08,19.75
2020-09-09,16.81
2020-09-10,16.06
2020-09-11,8.58
2020-09-12,14.98
2020-09-13,11.49
2020-09-14,18.08
2020-09-15,19.02
2020-09-16,6.69
2020-09-17,3.62
2020-09-18,7.14
2020-09-19,18.87
2020-09-20,21.82
2020-09-21,18.25
2020-09-22,10.18
2020-09-23,11.39
2020-09-24,12.68
2020-09-25,15.38
2020-09-26,17.22
2020-09-27,15.76
2020-09-28,16.9
2020-09-29,18.35
2020-09-30,16.43
2020-10-01,16.74
2020-10-02,18.65
2020-10-03,15.18
2020-10-04,8.6
2020-10-05,19.72
2020-10-06,18.8
2020-10-07,17.52
2020-10-08,14.44
2020-10-09,11.07
2020-10-10,12.68
2020-10-11,10.7
2020-10-12,15.01
2020-10-13,17.22
2020-10-14,12.78
2020-10-15,16.05
2020-10-16,5.55
2020-10-17,16.53
2020-10-18,16.78
2020-10-19,15.72
2020-10-20,16.44
2020-10-21,8.5
2020-10-22,3.27
2020-10-23,16.66
2020-10-24,16.39
2020-10-25,15.99
2020-10-26,15.33
2020-10-27,14.75
2020-10-28,10.23
2020-10-29,13.89
2020-10-30,12.1
2020-10-31,13.77
2020-11-01,5.7
2020-11-02,7.89
2020-11-03,14.77
2020-11-04,15.1
2020-11-05,13.13
2020-11-06,6.16
2020-11-07,11.71
2020-11-08,13.76
2020-11-09,14.14
2020-11-10,13.62
2020-11-11,13.22
2020-11-12,12.93
2020-11-13,13.06
2020-11-14,10.97
2020-11-15,10.62
2020-11-16,12.16
2020-11-17,8.41
2020-11-18,7.79
2020-11-19,2.48
2020-11-20,11.44
2020-11-21,7.16
2020-11-22,2.15
2020-11-23,12.29
2020-11-24,9.86
2020-11-25,11.75
2020-11-26,8.87
2020-11-27,10.44
2020-11-28,11.78
2020-11-29,11.67
2020-11-30,11.89
2020-12-01,11.26
2020-12-02,6.77
2020-12-03,11.19
2020-12-04,11.08
2020-12-05,11.24
2020-12-06,11.3
2020-12-07,8.07
2020-12-08,10.82
2020-12-09,11.25
2020-12-10,3.84
2020-12-11,8.5
2020-12-12,10.12
2020-12-13,9.59
2020-12-14,10.89
2020-12-15,11.62
2020-12-16,11.51
2020-12-17,11.5
2020-12-18,8.1
2020-12-19,11.71
2020-12-20,11.08
2020-12-21,11.08
2020-12-22,10.63
2020-12-23,7.89
2020-12-24,9.54
2020-12-25,10.76
2020-12-26,10.3
2020-12-27,5.68
2020-12-28,10.94
2020-12-29,8.09
2020-12-30,10.93
2020-12-31,11.79
2021-01-01,9.88
2021-01-02,11.16
2021-01-03,11.06
2021-01-04,11.51
2021-01-05,8.82
2021-01-06,11.76
2021-01-07,12.37
2021-01-08,12.42
2021-01-09,12.28
2021-01-10,12.13
2021-01-11,7.38
2021-01-12,12.2
2021-01-13,11.84
2021-01-14,12.27
2021-01-15,10.1
2021-01-16,12.41
2021-01-17,12.97
2021-01-18,11.14
2021-01-19,13.0
2021-01-20,12.61
2021-01-21,9.87
2021-01-22,2.19
2021-01-23,3.61
2021-01-24,7.67
2021-01-25,8.65
2021-01-26,1.31
2021-01-27,13.09
2021-01-28,12.13
2021-01-29,14.17
2021-01-30,13.0
2021-01-31,13.25
2021-02-01,2.67
2021-02-02,14.93
2021-02-03,14.78
2021-02-04,14.89
2021-02-05,11.23
2021-02-06,14.71
2021-02-07,14.17
2021-02-08,15.56
2021-02-09,15.49
2021-02-10,14.75
2021-02-11,12.38
2021-02-12,12.5
2021-02-13,15.54
2021-02-14,6.13
2021-02-15,14.23
2021-02-16,15.13
2021-02-17,16.81
2021-02-18,16.98
2021-02-19,17.1
2021-02-20,16.52
2021-02-21,16.78
2021-02-22,15.71
2021-02-23,16.77
2021-02-24,13.66
2021-02-25,5.53
2021-02-26,10.1
2021-02-27,8.49
2021-02-28,11.15
2021-03-01,4.15
2021-03-02,9.67
2021-03-03,15.77
2021-03-04,8.31
2021-03-05,14.95
2021-03-06,6.23
2021-03-07,12.29
2021-03-08,13.47
2021-03-09,13.38
2021-03-10,19.62
2021-03-11,15.12
2021-03-12,3.28
2021-03-13,17.92
2021-03-14,15.44
2021-03-15,17.57
2021-03-16,18.04
2021-03-17,19.22
2021-03-18,17.91
2021-03-19,14.72
2021-03-20,3.17
2021-03-21,19.08
2021-03-22,21.72
2021-03-23,22.11
2021-03-24,15.01
2021-03-25,22.14
2021-03-26,20.49
2021-03-27,9.26
2021-03-28,19.53
2021-03-29,22.31
2021-03-30,20.05
2021-03-31,21.85
2021-04-01,15.78
2021-04-02,14.75
2021-04-03,6.72
2021-04-04,6.62
2021-04-05,22.65
2021-04-06,17.87
2021-04-07,22.94
2021-04-08,21.42
2021-04-09,14.14
2021-04-10,22.35
2021-04-11,24.11
2021-04-12,3.7
2021-04-13,18.37
2021-04-14,23.01
2021-04-15,19.4
2021-04-16,17.19
2021-04-17,21.63
2021-04-18,21.83
2021-04-19,25.46
2021-04-20,23.68
2021-04-21,23.74
2021-04-22,16.82
2021-04-23,9.24
2021-04-24,22.04
2021-04-25,22.8
2021-04-26,24.58
2021-04-27,19.58
2021-04-28,23.86
2021-04-29,18.46
2021-04-30,24.63
2021-05-01,15.08
2021-05-02,19.07
2021-05-03,26.31
2021-05-04,9.78
2021-05-05,25.65
2021-05-06,24.84
2021-05-07,22.64
2021-05-08,26.92
2021-05-09,27.03
2021-05-10,15.91
2021-05-11,13.22
2021-05-12,22.27
2021-05-13,25.7
2021-05-14,22.55
2021-05-15,3.83
2021-05-16,4.47
2021-05-17,5.96
2021-05-18,7.71
2021-05-19,24.55
2021-05-20,3.81
2021-05-21,18.91
2021-05-22,26.81
2021-05-23,23.04
2021-05-24,13.05
2021-05-25,23.64
2021-05-26,17.5
2021-05-27,17.23
2021-05-28,22.81
2021-05-29,26.37
2021-05-30,27.49
2021-05-31,24.62
2021-06-01,27.24
2021-06-02,21.57
2021-06-03,5.85
2021-06-04,23.77
2021-06-05,24.41
2021-06-06,26.48
2021-06-07,27.54
2021-06-08,26.62
2021-06-09,27.07
2021-06-10,21.21
2021-06-11,4.71
2021-06-12,6.22
2021-06-13,20.51
2021-06-14,18.13
2021-06-15,3.56
2021-06-16,12.64
2021-06-17,8.78
2021-06-18,13.93
2021-06-19,25.63
2021-06-20,26.88
2021-06-21,26.69
2021-06-22,22.12
2021-06-23,16.71
2021-06-24,17.79
2021-06-25,24.74
2021-06-26,18.7
2021-06-27,26.91
2021-06-28,23.44
2021-06-29,22.86
2021-06-30,22.11
2021-07-01,24.38
2021-07-02,16.65
2021-07-03,7.69
2021-07-04,16.17
2021-07-05,5.18
2021-07-06,2.59
2021-07-07,7.92
2021-07-08,13.04
2021-07-09,11.94
2021-07-10,21.1
2021-07-11,20.03
2021-07-12,18.5
2021-07-13,19.88
2021-07-14,20.33
2021-07-15,21.12
2021-07-16,22.46
2021-07-17,15.52
2021-07-18,20.71
2021-07-19,12.45
2021-07-20,25.3
2021-07-21,22.31
2021-07-22,23.31
2021-07-23,20.47
2021-07-24,18.21
2021-07-25,21.1
2021-07-26,26.75
2021-07-27,24.97
2021-07-28,20.42
2021-07-29,24.06
2021-07-30,23.54
2021-07-31,13.4
2021-08-01,15.64
2021-08-02,20.79
2021-08-03,21.43
2021-08-04,24.96
2021-08-05,24.88
2021-08-06,25.82
2021-08-07,18.34
2021-08-08,5.81
2021-08-09,18.96
2021-08-10,15.64
2021-08-11,12.69
2021-08-12,18.72
2021-08-13,12.13
2021-08-14,6.27
2021-08-15,14.88
2021-08-16,20.32
2021-08-17,7.35
2021-08-18,8.6
2021-08-19,16.37
2021-08-20,18.47
2021-08-21,3.7
2021-08-22,15.76
2021-08-23,7.51
2021-08-24,5.43
2021-08-25,6.02
2021-08-26,22.82
2021-08-27,16.05
2021-08-28,22.12
2021-08-29,14.61
2021-08-30,15.88
2021-08-31,15.58
2021-09-01,5.89
2021-09-02,6.91
2021-09-03,10.26
2021-09-04,11.84
2021-09-05,11.53
2021-09-06,13.32
2021-09-07,12.08
2021-09-08,14.28
2021-09-09,19.18
2021-09-10,5.68
2021-09-11,22.26
2021-09-12,18.89
2021-09-13,8.55
2021-09-14,4.38
2021-09-15,15.79
2021-09-16,12.48
2021-09-17,2.49
2021-09-18,18.64
2021-09-19,18.49
2021-09-20,14.74
2021-09-21,9.31
2021-09-22,18.81
2021-09-23,20.56
2021-09-24,15.94
2021-09-25,11.22
2021-09-26,15.9
2021-09-27,14.31
2021-09-28,8.33
2021-09-29,12.68
2021-09-30,7.56
2021-10-01,19.4
2021-10-02,18.11
2021-10-03,18.95
2021-10-04,17.29
2021-10-05,17.71
2021-10-06,13.47
2021-10-07,17.1
2021-10-08,13.37
2021-10-09,12.08
2021-10-10,16.88
2021-10-11,5.14
2021-10-12,6.41
2021-10-13,7.87
2021-10-14,14.28
2021-10-15,12.92
2021-10-16,2.7
2021-10-17,17.56
2021-10-18,16.95
2021-10-19,15.72
2021-10-20,15.94
2021-10-21,2.67
2021-10-22,15.08
2021-10-23,14.81
2021-10-24,12.75
2021-10-25,13.42
2021-10-26,15.74
2021-10-27,15.29
2021-10-28,14.77
2021-10-29,10.72
2021-10-30,8.06
2021-10-31,14.53
2021-11-01,13.5
2021-11-02,14.45
2021-11-03,13.83
2021-11-04,13.34
2021-11-05,12.88
2021-11-06,12.43
2021-11-07,11.84
2021-11-08,1.76
2021-11-09,9.8
2021-11-10,12.23
2021-11-11,10.23
2021-11-12,10.92
2021-11-13,12.59
2021-11-14,12.82
2021-11-15,12.59
2021-11-16,12.36
2021-11-17,12.59
2021-11-18,12.4
2021-11-19,12.38
2021-11-20,12.01
2021-11-21,6.44
2021-11-22,6.96
2021-11-23,10.79
2021-11-24,10.72
2021-11-25,11.1
2021-11-26,12.04
2021-11-27,11.96
2021-11-28,11.34
2021-11-29,11.4
2021-11-30,0.92
2021-12-01,11.28
2021-12-02,11.7
2021-12-03,10.95
2021-12-04,11.29
2021-12-05,10.9
2021-12-06,8.17
2021-12-07,10.26
2021-12-08,8.97
2021-12-09,6.94
2021-12-10,10.11
2021-12-11,9.58
2021-12-12,5.48
2021-12-13,11.46
2021-12-14,10.7
2021-12-15,9.57
2021-12-16,1.53
2021-12-17,11.14
2021-12-18,11.24
2021-12-19,10.9
2021-12-20,10.62
2021-12-21,10.65
2021-12-22,10.82
2021-12-23,10.9
2021-12-24,7.11
2021-12-25,11.55
2021-12-26,11.66
2021-12-27,11.44
2021-12-28,10.54
2021-12-29,9.41
2021-12-30,11.4
2021-12-31,11.65
2022-01-01,11.48
2022-01-02,11.07
2022-01-03,11.47
2022-01-04,10.5
2022-01-05,5.77
2022-01-06,11.41
2022-01-07,11.64
2022-01-08,11.89
2022-01-09,10.61
2022-01-10,10.56
2022-01-11,12.35
2022-01-12,12.47
2022-01-13,12.15
2022-01-14,12.66
2022-01-15,9.62
2022-01-16,11.68
2022-01-17,11.24
2022-01-18,13.03
2022-01-19,12.74
2022-01-20,12.82
2022-01-21,12.87
2022-01-22,10.83
2022-01-23,6.56
2022-01-24,6.65
2022-01-25,5.32
2022-01-26,13.39
2022-01-27,12.88
2022-01-28,13.63
2022-01-29,12.15
2022-01-30,11.38
2022-01-31,14.54
2022-02-01,12.7
2022-02-02,12.17
2022-02-03,14.69
2022-02-04,14.41
2022-02-05,15.28
2022-02-06,14.62
2022-02-07,11.39
2022-02-08,14.44
2022-02-09,13.4
2022-02-10,14.64
2022-02-11,15.79
2022-02-12,15.43
2022-02-13,8.99
2022-02-14,11.85
2022-02-15,15.0
2022-02-16,16.37
2022-02-17,17.19
2022-02-18,12.85
2022-02-19,7.61
2022-02-20,17.88
2022-02-21,16.19
2022-02-22,17.38
2022-02-23,15.34
2022-02-24,18.46
2022-02-25,18.1
2022-02-26,17.56
2022-02-27,18.65
2022-02-28,14.25
2022-03-01,10.04
2022-03-02,18.71
2022-03-03,18.95
2022-03-04,15.54
2022-03-05,19.61
2022-03-06,20.0
2022-03-07,15.12
2022-03-08,19.06
2022-03-09,19.56
2022-03-10,15.42
2022-03-11,15.26
2022-03-12,14.4
2022-03-13,4.82
2022-03-14,5.77
2022-03-15,20.24
2022-03-16,20.73
2022-03-17,5.03
2022-03-18,5.45
2022-03-19,7.89
2022-03-20,12.57
2022-03-21,18.93
2022-03-22,20.1
2022-03-23,9.39
2022-03-24,21.64
2022-03-25,16.5
2022-03-26,14.94
2022-03-27,21.69
2022-03-28,16.25
2022-03-29,22.5
2022-03-30,8.77
2022-03-31,9.89
2022-04-01,19.76
2022-04-02,20.76
2022-04-03,20.97
2022-04-04,23.1
2022-04-05,19.88
2022-04-06,22.77
2022-04-07,19.94
2022-04-08,23.33
2022-04-09,23.25
2022-04-10,22.11
2022-04-11,16.52
2022-04-12,20.62
2022-04-13,8.38
2022-04-14,8.22
2022-04-15,22.21
2022-04-16,24.4
2022-04-17,25.35
2022-04-18,15.48
2022-04-19,23.29
2022-04-20,25.06
2022-04-21,5.47
2022-04-22,24.56
2022-04-23,16.5
2022-04-24,24.45
2022-04-25,18.5
2022-04-26,5.58
2022-04-27,20.85
2022-04-28,24.35
2022-04-29,10.1
2022-04-30,13.9
2022-05-01,25.03
2022-05-02,19.7
2022-05-03,26.52
2022-05-04,26.97
2022-05-05,26.77
2022-05-06,25.51
2022-05-07,23.32
2022-05-08,22.67
2022-05-09,17.76
2022-05-10,20.15
2022-05-11,23.52
2022-05-12,8.78
2022-05-13,10.7
2022-05-14,26.78
2022-05-15,22.25
2022-05-16,26.14
2022-05-17,26.13
2022-05-18,26.8
2022-05-19,18.75
2022-05-20,21.04
2022-05-21,25.43
2022-05-22,24.97
2022-05-23,24.55
2022-05-24,26.12
2022-05-25,26.91
2022-05-26,24.85
2022-05-27,25.17
2022-05-28,24.92
2022-05-29,27.5
2022-05-30,17.99
2022-05-31,28.12
2022-06-01,24.36
2022-06-02,27.89
2022-06-03,27.34
2022-06-04,22.74
2022-06-05,3.7
2022-06-06,16.83
2022-06-07,15.26
2022-06-08,22.12
2022-06-09,26.67
2022-06-10,23.65
2022-06-11,17.27
2022-06-12,23.96
2022-06-13,10.82
2022-06-14,5.66
2022-06-15,16.89
2022-06-16,24.9
2022-06-17,26.37
2022-06-18,25.35
2022-06-19,25.59
2022-06-20,24.38
2022-06-21,21.96
2022-06-22,25.21
2022-06-23,10.26
2022-06-24,6.85
2022-06-25,14.48
2022-06-26,12.5
2022-06-27,9.27
2022-06-28,19.5
2022-06-29,12.38
2022-06-30,23.34
2022-07-01,26.67
2022-07-02,23.92
2022-07-03,22.05
2022-07-04,24.56
2022-07-05,19.71
2022-07-06,15.42
2022-07-07,21.54
2022-07-08,14.88
2022-07-09,22.14
2022-07-10,21.72
2022-07-11,5.58
2022-07-12,19.24
2022-07-13,8.34
2022-07-14,18.9
2022-07-15,25.56
2022-07-16,24.44
2022-07-17,20.58
2022-07-18,2.09
2022-07-19,16.73
2022-07-20,23.81
2022-07-21,16.84
2022-07-22,21.72
2022-07-23,16.77
2022-07-24,19.2
2022-07-25,17.59
2022-07-26,23.35
2022-07-27,23.85
2022-07-28,17.78
2022-07-29,25.78
2022-07-30,14.81
2022-07-31,11.71
2022-08-01,19.9
2022-08-02,15.6
2022-08-03,20.48
2022-08-04,20.76
2022-08-05,21.37
2022-08-06,20.04
2022-08-07,22.52
2022-08-08,18.16
2022-08-09,11.12
2022-08-10,12.46
2022-08-11,5.77
2022-08-12,21.65
2022-08-13,13.93
2022-08-14,17.67
2022-08-15,21.84
2022-08-16,6.79
2022-08-17,6.92
2022-08-18,21.14
2022-08-19,19.11
2022-08-20,7.53
2022-08-21,22.76
2022-08-22,24.7
2022-08-23,17.05
2022-08-24,6.94
2022-08-25,22.25
2022-08-26,22.89
2022-08-27,19.65
2022-08-28,20.73
2022-08-29,13.06
2022-08-30,8.96
2022-08-31,4.74
2022-09-01,6.7
2022-09-02,3.47
2022-09-03,5.1
2022-09-04,13.96
2022-09-05,5.91
2022-09-06,17.27
2022-09-07,23.52
2022-09-08,22.4
2022-09-09,21.73
2022-09-10,11.66
2022-09-11,15.53
2022-09-12,12.71
2022-09-13,15.02
2022-09-14,18.07
2022-09-15,17.68
2022-09-16,14.7
2022-09-17,11.6
2022-09-18,14.61
2022-09-19,9.32
2022-09-20,16.7
2022-09-21,20.48
2022-09-22,12.79
2022-09-23,20.71
2022-09-24,21.28
2022-09-25,7.69
2022-09-26,7.34
2022-09-27,12.59
2022-09-28,13.54
2022-09-29,19.77
2022-09-30,19.62
2022-10-01,19.27
2022-10-02,17.41
2022-10-03,11.62
2022-10-04,4.44
2022-10-05,7.2
2022-10-06,5.85
2022-10-07,13.44
2022-10-08,15.74
2022-10-09,3.2
2022-10-10,17.44
2022-10-11,18.08
2022-10-12,15.57
2022-10-13,16.38
2022-10-14,16.07
2022-10-15,15.93
2022-10-16,15.41
2022-10-17,16.34
2022-10-18,17.13
2022-10-19,17.37
2022-10-20,17.02
2022-10-21,13.32
2022-10-22,14.52
2022-10-23,15.11
2022-10-24,16.2
2022-10-25,13.14
2022-10-26,11.4
2022-10-27,14.79
2022-10-28,13.87
2022-10-29,10.48
2022-10-30,8.06
2022-10-31,10.34
2022-11-01,14.38
2022-11-02,14.48
2022-11-03,14.1
2022-11-04,15.02
2022-11-05,14.74
2022-11-06,14.41
2022-11-07,13.76
2022-11-08,13.8
2022-11-09,13.56
2022-11-10,12.59
2022-11-11,11.46
2022-11-12,12.2
2022-11-13,9.68
2022-11-14,2.77
2022-11-15,13.14
2022-11-16,12.7
2022-11-17,11.03
2022-11-18,12.61
2022-11-19,10.0
2022-11-20,6.38
2022-11-21,9.99
2022-11-22,2.93
2022-11-23,9.46
2022-11-24,9.1
2022-11-25,10.87
2022-11-26,11.67
2022-11-27,11.67
2022-11-28,9.9
2022-11-29,3.36
2022-11-30,10.34
2022-12-01,10.14
2022-12-02,11.68
2022-12-03,7.27
2022-12-04,10.32
2022-12-05,6.5
2022-12-06,10.15
2022-12-07,10.85
2022-12-08,10.76
2022-12-09,9.63
2022-12-10,10.25
2022-12-11,9.28
2022-12-12,5.86
2022-12-13,10.43
2022-12-14,11.17
2022-12-15,10.94
2022-12-16,8.64
2022-12-17,7.43
2022-12-18,11.31
2022-12-19,11.21
2022-12-20,11.15
2022-12-21,2.97
2022-12-22,10.93
2022-12-23,11.42
2022-12-24,11.06
2022-12-25,11.41
2022-12-26,10.92
2022-12-27,11.33
2022-12-28,9.54
2022-12-29,11.12
2022-12-30,10.86
2022-12-31,11.27
2023-01-01,11.08
2023-01-02,11.09
2023-01-03,11.88
2023-01-04,11.39
2023-01-05,10.71
2023-01-06,11.3
2023-01-07,10.83
2023-01-08,11.6
2023-01-09,11.07
2023-01-10,11.31
2023-01-11,11.72
2023-01-12,11.46
2023-01-13,2.25
2023-01-14,2.01
2023-01-15,1.7
2023-01-16,11.51
2023-01-17,8.85
2023-01-18,11.48
2023-01-19,12.5
2023-01-20,12.65
2023-01-21,13.18
2023-01-22,5.44
2023-01-23,12.66
2023-01-24,13.41
2023-01-25,14.06
2023-01-26,11.11
2023-01-27,14.02
2023-01-28,14.05
2023-01-29,13.78
2023-01-30,14.26
2023-01-31,13.98
2023-02-01,12.92
2023-02-02,12.33
2023-02-03,7.39
2023-02-04,14.55
2023-02-05,15.06
2023-02-06,11.1
2023-02-07,12.51
2023-02-08,15.03
2023-02-09,9.04
2023-02-10,8.94
2023-02-11,9.57
2023-02-12,10.03
2023-02-13,4.18
2023-02-14,12.08
2023-02-15,5.67
2023-02-16,6.31
2023-02-17,10.25
2023-02-18,6.57
2023-02-19,13.78
2023-02-20,14.81
2023-02-21,14.49
2023-02-22,16.63
2023-02-23,16.95
2023-02-24,16.51
2023-02-25,15.58
2023-02-26,17.96
2023-02-27,18.32
2023-02-28,18.21
2023-03-01,4.35
2023-03-02,19.14
2023-03-03,18.9
2023-03-04,13.94
2023-03-05,14.81
2023-03-06,18.96
2023-03-07,18.68
2023-03-08,17.76
2023-03-09,15.41
2023-03-10,19.31
2023-03-11,18.09
2023-03-12,9.83
2023-03-13,20.84
2023-03-14,19.64
2023-03-15,13.32
2023-03-16,18.75
2023-03-17,10.15
2023-03-18,13.44
2023-03-19,21.29
2023-03-20,20.78
2023-03-21,16.05
2023-03-22,16.47
2023-03-23,3.1
2023-03-24,6.94
2023-03-25,18.01
2023-03-26,13.0
2023-03-27,22.05
2023-03-28,21.6
2023-03-29,21.26
2023-03-30,20.76
2023-03-31,22.94
2023-04-01,21.64
2023-04-02,22.7
2023-04-03,21.73
2023-04-04,15.75
2023-04-05,3.12
2023-04-06,15.7
2023-04-07,22.31
2023-04-08,23.82
2023-04-09,24.24
2023-04-10,22.99
2023-04-11,18.32
2023-04-12,25.1
2023-04-13,23.94
2023-04-14,8.53
2023-04-15,6.06
2023-04-16,17.37
2023-04-17,24.26
2023-04-18,6.69
2023-04-19,8.83
2023-04-20,22.47
2023-04-21,21.1
2023-04-22,24.84
2023-04-23,14.4
2023-04-24,8.44
2023-04-25,2.91
2023-04-26,23.23
2023-04-27,24.89
2023-04-28,22.96
2023-04-29,9.21
2023-04-30,25.44
2023-05-01,25.82
2023-05-02,25.31
2023-05-03,15.38
2023-05-04,17.19
2023-05-05,7.51
2023-05-06,5.74
2023-05-07,4.18
2023-05-08,24.05
2023-05-09,27.05
2023-05-10,23.14
2023-05-11,24.72
2023-05-12,18.68
2023-05-13,5.37
2023-05-14,23.68
2023-05-15,26.42
2023-05-16,26.22
2023-05-17,27.04
2023-05-18,3.84
2023-05-19,15.58
2023-05-20,25.92
2023-05-21,25.6
2023-05-22,8.78
2023-05-23,26.72
2023-05-24,21.47
2023-05-25,27.44
2023-05-26,15.75
2023-05-27,20.83
2023-05-28,5.35
2023-05-29,3.57
2023-05-30,12.11
2023-05-31,25.47
2023-06-01,8.63
2023-06-02,25.51
2023-06-03,25.99
2023-06-04,24.04
2023-06-05,11.75
2023-06-06,22.31
2023-06-07,21.62
2023-06-08,15.26
2023-06-09,24.86
2023-06-10,23.51
2023-06-11,18.94
2023-06-12,19.52
2023-06-13,18.4
2023-06-14,18.68
2023-06-15,20.22
2023-06-16,26.38
2023-06-17,26.85
2023-06-18,25.82
2023-06-19,26.7
2023-06-20,23.96
2023-06-21,9.21
2023-06-22,21.16
2023-06-23,23.91
2023-06-24,22.84
2023-06-25,17.92
2023-06-26,5.1
2023-06-27,16.14
2023-06-28,18.69
2023-06-29,8.46
2023-06-30,5.87
2023-07-01,16.53
2023-07-02,23.04
2023-07-03,14.59
2023-07-04,15.29
2023-07-05,22.6
2023-07-06,21.18
2023-07-07,3.87
2023-07-08,6.54
2023-07-09,14.47
2023-07-10,17.29
2023-07-11,10.9
2023-07-12,13.1
2023-07-13,6.97
2023-07-14,5.56
2023-07-15,11.51
2023-07-16,19.16
2023-07-17,19.92
2023-07-18,5.77
2023-07-19,17.1
2023-07-20,23.63
2023-07-21,25.67
2023-07-22,18.79
2023-07-23,20.42
2023-07-24,20.99
2023-07-25,23.8
2023-07-26,17.52
2023-07-27,25.67
2023-07-28,21.28
2023-07-29,26.56
2023-07-30,25.87
2023-07-31,25.47
2023-08-01,25.08
2023-08-02,22.64
2023-08-03,24.19
2023-08-04,23.86
2023-08-05,25.63
2023-08-06,25.12
2023-08-07,24.7
2023-08-08,22.74
2023-08-09,4.9
2023-08-10,8.24
2023-08-11,24.04
2023-08-12,20.71
2023-08-13,23.95
2023-08-14,21.98
2023-08-15,23.31
2023-08-16,13.48
2023-08-17,13.15
2023-08-18,15.67
2023-08-19,18.26
2023-08-20,19.22
2023-08-21,23.71
2023-08-22,22.51
2023-08-23,22.94
2023-08-24,9.3
2023-08-25,20.84
2023-08-26,23.32
2023-08-27,19.56
2023-08-28,19.61
2023-08-29,13.44
2023-08-30,7.61
2023-08-31,16.53
2023-09-01,7.04
2023-09-02,13.54
2023-09-03,19.14
2023-09-04,19.88
2023-09-05,22.45
2023-09-06,21.27
2023-09-07,20.7
2023-09-08,22.23
2023-09-09,23.21
2023-09-10,19.95
2023-09-11,19.56
2023-09-12,17.25
2023-09-13,9.66
2023-09-14,6.88
2023-09-15,14.86
2023-09-16,6.1
2023-09-17,7.89
2023-09-18,16.34
2023-09-19,18.3
2023-09-20,5.5
2023-09-21,4.26
2023-09-22,12.29
2023-09-23,18.29
2023-09-24,16.57
2023-09-25,14.27
2023-09-26,6.22
2023-09-27,14.01
2023-09-28,17.31
2023-09-29,19.3
2023-09-30,8.9
2023-10-01,19.61
2023-10-02,18.33
2023-10-03,6.9
2023-10-04,17.96
2023-10-05,19.0
2023-10-06,17.76
2023-10-07,9.43
2023-10-08,8.36
2023-10-09,9.64
2023-10-10,15.24
2023-10-11,17.04
2023-10-12,17.1
2023-10-13,13.24
2023-10-14,14.21
2023-10-15,17.24
2023-10-16,17.16
2023-10-17,17.52
2023-10-18,16.84
2023-10-19,13.98
2023-10-20,13.85
2023-10-21,13.82
2023-10-22,14.84
2023-10-23,15.81
2023-10-24,13.85
2023-10-25,15.47
2023-10-26,14.63
2023-10-27,13.58
2023-10-28,13.68
2023-10-29,12.78
2023-10-30,14.37
2023-10-31,14.86
2023-11-01,14.46
2023-11-02,14.17
2023-11-03,13.56
2023-11-04,10.54
2023-11-05,10.13
2023-11-06,4.89
2023-11-07,13.99
2023-11-08,13.8
2023-11-09,12.77
2023-11-10,10.89
2023-11-11,11.56
2023-11-12,12.32
2023-11-13,13.77
2023-11-14,13.29
2023-11-15,12.99
2023-11-16,5.61
2023-11-17,12.61
2023-11-18,12.89
2023-11-19,12.5
2023-11-20,12.66
2023-11-21,12.64
2023-11-22,12.21
2023-11-23,10.9
2023-11-24,12.5
2023-11-25,12.18
2023-11-26,8.54
2023-11-27,7.76
2023-11-28,11.59
2023-11-29,6.66
2023-11-30,12.07
2023-12-01,11.67
2023-12-02,11.55
2023-12-03,11.64
2023-12-04,11.51
2023-12-05,8.97
2023-12-06,8.65
2023-12-07,11.18
2023-12-08,10.41
2023-12-09,8.55
2023-12-10,8.94
2023-12-11,1.08
2023-12-12,2.09
2023-12-13,8.79
2023-12-14,1.67
2023-12-15,1.06
2023-12-16,7.89
2023-12-17,11.29
2023-12-18,9.98
2023-12-19,7.72
2023-12-20,8.25
2023-12-21,11.26
2023-12-22,11.33
2023-12-23,10.42
2023-12-24,8.75
2023-12-25,10.64
2023-12-26,10.85
2023-12-27,10.59
2023-12-28,10.74
2023-12-29,10.99
2023-12-30,9.84
2023-12-31,9.41
2024-01-01,8.42
2024-01-02,9.73
2024-01-03,8.21
2024-01-04,11.51
2024-01-05,11.1
2024-01-06,11.26
2024-01-07,11.33
2024-01-08,11.93
2024-01-09,6.11
2024-01-10,9.71
2024-01-11,11.95
2024-01-12,11.56
2024-01-13,12.11
2024-01-14,11.2
2024-01-15,12.34
2024-01-16,11.64
2024-01-17,3.32
2024-01-18,1.16
2024-01-19,3.18
2024-01-20,1.56
2024-01-21,6.12
2024-01-22,12.35
2024-01-23,13.18
2024-01-24,12.55
2024-01-25,13.31
2024-01-26,13.19
2024-01-27,13.27
2024-01-28,13.6
2024-01-29,12.66
2024-01-30,13.32
2024-01-31,6.51
2024-02-01,2.37
2024-02-02,4.15
2024-02-03,4.03
2024-02-04,5.45
2024-02-05,1.71
2024-02-06,5.36
2024-02-07,12.99
2024-02-08,13.13
2024-02-09,7.78
2024-02-10,14.17
2024-02-11,14.48
2024-02-12,15.68
2024-02-13,14.48
2024-02-14,6.78
2024-02-15,10.84
2024-02-16,10.88
2024-02-17,16.41
2024-02-18,9.05
2024-02-19,8.57
2024-02-20,2.73
2024-02-21,3.54
2024-02-22,2.27
2024-02-23,6.01
2024-02-24,6.55
2024-02-25,6.06
2024-02-26,11.76
2024-02-27,9.08
2024-02-28,13.99
2024-02-29,1.98
2024-03-01,18.13
2024-03-02,18.92
2024-03-03,14.17
2024-03-04,16.36
2024-03-05,2.2
2024-03-06,11.87
2024-03-07,6.86
2024-03-08,19.48
2024-03-09,19.69
2024-03-10,20.03
2024-03-11,12.23
2024-03-12,13.76
2024-03-13,20.04
2024-03-14,20.1
2024-03-15,21.09
2024-03-16,20.29
2024-03-17,16.73
2024-03-18,20.1
2024-03-19,14.24
2024-03-20,21.44
2024-03-21,21.64
2024-03-22,16.29
2024-03-23,20.55
2024-03-24,4.7
2024-03-25,4.44
2024-03-26,6.45
2024-03-27,19.61
2024-03-28,2.06
2024-03-29,21.11
2024-03-30,18.15
2024-03-31,18.03
2024-04-01,22.71
2024-04-02,15.47
2024-04-03,2.88
2024-04-04,14.93
2024-04-05,20.35
2024-04-06,16.09
2024-04-07,20.99
2024-04-08,9.4
2024-04-09,22.62
2024-04-10,21.64
2024-04-11,11.27
2024-04-12,22.31
2024-04-13,23.84
2024-04-14,23.39
2024-04-15,6.79
2024-04-16,20.7
2024-04-17,21.55
2024-04-18,24.43
2024-04-19,24.34
2024-04-20,4.28
2024-04-21,4.29
2024-04-22,8.77
2024-04-23,12.98
2024-04-24,16.48
2024-04-25,25.43
2024-04-26,10.63
2024-04-27,25.32
2024-04-28,22.02
2024-04-29,4.35
2024-04-30,15.26
2024-05-01,6.57
2024-05-02,26.15
2024-05-03,26.54
2024-05-04,26.12
2024-05-05,5.57
2024-05-06,20.8
2024-05-07,10.01
2024-05-08,18.77
2024-05-09,25.99
2024-05-10,26.6
2024-05-11,16.98
2024-05-12,12.07
2024-05-13,27.1
2024-05-14,27.36
2024-05-15,27.11
2024-05-16,25.07
2024-05-17,26.06
2024-05-18,27.26
2024-05-19,26.82
2024-05-20,26.67
2024-05-21,24.78
2024-05-22,25.33
2024-05-23,26.59
2024-05-24,27.02
2024-05-25,23.7
2024-05-26,21.52
2024-05-27,23.8
2024-05-28,22.05
2024-05-29,27.0
2024-05-30,16.68
2024-05-31,22.44
2024-06-01,21.94
2024-06-02,20.76
2024-06-03,23.35
2024-06-04,24.47
2024-06-05,25.37
2024-06-06,17.95
2024-06-07,22.13
2024-06-08,8.43
2024-06-09,14.09
2024-06-10,25.95
2024-06-11,26.44
2024-06-12,26.37
2024-06-13,26.43
2024-06-14,27.16
2024-06-15,24.46
2024-06-16,25.11
2024-06-17,14.85
2024-06-18,27.71
2024-06-19,23.67
2024-06-20,13.08
2024-06-21,20.34
2024-06-22,3.12
2024-06-23,9.96
2024-06-24,19.03
2024-06-25,17.48
2024-06-26,22.04
2024-06-27,11.85
2024-06-28,24.84
2024-06-29,12.41
2024-06-30,5.32
2024-07-01,18.03
2024-07-02,8.98
2024-07-03,17.02
2024-07-04,25.68
2024-07-05,21.06
2024-07-06,19.3
2024-07-07,18.3
2024-07-08,8.07
2024-07-09,8.34
2024-07-10,14.34
2024-07-11,15.02
2024-07-12,26.52
2024-07-13,21.04
2024-07-14,11.59
2024-07-15,12.39
2024-07-16,12.37
2024-07-17,12.37
2024-07-18,7.7
2024-07-19,9.28
2024-07-20,17.85
2024-07-21,22.04
2024-07-22,21.47
2024-07-23,14.56
2024-07-24,19.84
2024-07-25,22.0
2024-07-26,24.01
2024-07-27,24.33
2024-07-28,24.08
2024-07-29,24.97
2024-07-30,26.34
2024-07-31,26.02
2024-08-01,24.8
2024-08-02,25.77
2024-08-03,21.56
2024-08-04,22.4
2024-08-05,24.17
2024-08-06,17.26
2024-08-07,22.14
2024-08-08,20.44
2024-08-09,22.97
2024-08-10,24.74
2024-08-11,24.65
2024-08-12,24.94
2024-08-13,22.86
2024-08-14,22.1
2024-08-15,22.28
2024-08-16,22.53
2024-08-17,22.0
2024-08-18,23.53
2024-08-19,22.74
2024-08-20,17.22
2024-08-21,13.85
2024-08-22,20.13
2024-08-23,23.91
2024-08-24,22.56
2024-08-25,21.63
2024-08-26,22.41
2024-08-27,8.67
2024-08-28,17.31
2024-08-29,12.82
2024-08-30,20.6
2024-08-31,23.54
2024-09-01,21.99
2024-09-02,16.67
2024-09-03,11.86
2024-09-04,22.14
2024-09-05,22.92
2024-09-06,16.92
2024-09-07,17.67
2024-09-08,17.73
2024-09-09,21.0
2024-09-10,21.35
2024-09-11,6.0
2024-09-12,14.63
2024-09-13,20.39
2024-09-14,21.19
2024-09-15,11.25
2024-09-16,14.29
2024-09-17,17.96
2024-09-18,18.45
2024-09-19,19.2
2024-09-20,6.7
2024-09-21,2.34
2024-09-22,9.81
2024-09-23,18.81
2024-09-24,12.78
2024-09-25,14.93
2024-09-26,17.46
2024-09-27,16.92
2024-09-28,17.21
2024-09-29,17.97
2024-09-30,17.02
2024-10-01,15.15
2024-10-02,16.3
2024-10-03,5.28
2024-10-04,17.42
2024-10-05,13.87
2024-10-06,4.85
2024-10-07,5.4
2024-10-08,13.89
2024-10-09,14.7
2024-10-10,15.25
2024-10-11,15.78
2024-10-12,16.75
2024-10-13,14.33
2024-10-14,5.71
2024-10-15,6.94
2024-10-16,15.57
2024-10-17,7.94
2024-10-18,8.09
2024-10-19,7.89
2024-10-20,6.92
2024-10-21,8.0
2024-10-22,2.09
2024-10-23,15.99
2024-10-24,16.17
2024-10-25,12.56
2024-10-26,14.4
2024-10-27,6.96
2024-10-28,8.77
2024-10-29,11.15
2024-10-30,14.8
2024-10-31,10.46
2024-11-01,1.05
2024-11-02,8.88
2024-11-03,13.66
2024-11-04,12.24
2024-11-05,9.06
2024-11-06,14.69
2024-11-07,12.16
2024-11-08,9.93
2024-11-09,12.62
2024-11-10,5.83
2024-11-11,11.94
2024-11-12,12.66
2024-11-13,9.48
2024-11-14,9.09
2024-11-15,7.44
2024-11-16,9.32
2024-11-17,6.36
2024-11-18,12.84
2024-11-19,9.51
2024-11-20,11.71
2024-11-21,11.83
2024-11-22,12.47
2024-11-23,10.66
2024-11-24,8.49
2024-11-25,8.79
2024-11-26,5.91
2024-11-27,9.09
2024-11-28,10.44
2024-11-29,10.99
2024-11-30,10.7
2024-12-01,10.35
2024-12-02,11.04
2024-12-03,9.84
2024-12-04,11.15
2024-12-05,8.6
2024-12-06,9.2
2024-12-07,10.07
2024-12-08,11.42
2024-12-09,11.15
2024-12-10,11.3
2024-12-11,8.24
2024-12-12,11.14
2024-12-13,6.47
2024-12-14,11.37
2024-12-15,5.79
2024-12-16,10.86
2024-12-17,10.77
2024-12-18,11.16
2024-12-19,11.17
2024-12-20,8.22
2024-12-21,9.91
2024-12-22,11.34
2024-12-23,10.66
2024-12-24,11.24
2024-12-25,10.14
2024-12-26,9.28
2024-12-27,10.75
2024-12-28,11.19
2024-12-29,10.86
2024-12-30,9.81
2024-12-31,11.48
2025-01-01,11.17
2025-01-02,11.33
2025-01-03,11.63
2025-01-04,11.38
2025-01-05,5.29
2025-01-06,10.85
2025-01-07,10.79
2025-01-08,11.16
2025-01-09,11.56
2025-01-10,11.98
2025-01-11,11.74
2025-01-12,11.99
2025-01-13,12.07
2025-01-14,11.59
2025-01-15,12.56
2025-01-16,12.11
2025-01-17,11.92
2025-01-18,12.15
2025-01-19,11.86
2025-01-20,12.52
2025-01-21,12.5
2025-01-22,11.76
2025-01-23,12.12
2025-01-24,10.53
2025-01-25,8.98
2025-01-26,5.03
2025-01-27,5.94
2025-01-28,12.75
2025-01-29,12.57
2025-01-30,10.62
2025-01-31,10.95
2025-02-01,1.48
2025-02-02,11.92
2025-02-03,14.19
2025-02-04,14.9
2025-02-05,14.9
2025-02-06,14.41
2025-02-07,13.81
2025-02-08,15.53
2025-02-09,15.59
2025-02-10,15.53
2025-02-11,15.76
2025-02-12,4.32
2025-02-13,16.43
2025-02-14,16.17
2025-02-15,6.36
2025-02-16,15.59
2025-02-17,17.02
2025-02-18,17.07
2025-02-19,17.17
2025-02-20,17.35
2025-02-21,16.0
2025-02-22,17.55
2025-02-23,17.27
2025-02-24,18.04
2025-02-25,15.71
2025-02-26,17.7
2025-02-27,15.21
2025-02-28,17.08
2025-03-01,11.38
2025-03-02,5.41
2025-03-03,4.72
2025-03-04,2.16
2025-03-05,7.05
2025-03-06,13.45
2025-03-07,11.9
2025-03-08,12.6
2025-03-09,19.6
2025-03-10,14.2
2025-03-11,19.71
2025-03-12,18.27
2025-03-13,15.95
2025-03-14,20.1
2025-03-15,3.21
2025-03-16,7.14
2025-03-17,17.23
2025-03-18,19.21
2025-03-19,18.38
2025-03-20,21.09
2025-03-21,21.2
2025-03-22,21.36
2025-03-23,21.45
2025-03-24,15.97
2025-03-25,21.93
2025-03-26,22.11
2025-03-27,5.3
2025-03-28,17.97
2025-03-29,19.05
2025-03-30,23.31
2025-03-31,21.25
2025-04-01,22.86
2025-04-02,22.26
2025-04-03,18.85
2025-04-04,19.45
2025-04-05,9.66
2025-04-06,23.49
2025-04-07,24.0
2025-04-08,23.34
2025-04-09,21.04
2025-04-10,20.02
2025-04-11,24.08
2025-04-12,13.77
2025-04-13,20.14
2025-04-14,14.35
2025-04-15,21.89
2025-04-16,22.6
2025-04-17,11.25
2025-04-18,22.13
2025-04-19,18.44
2025-04-20,9.49
2025-04-21,23.41
2025-04-22,4.15
2025-04-23,19.71
2025-04-24,23.94
2025-04-25,23.63
2025-04-26,25.98
2025-04-27,21.19
2025-04-28,22.02
2025-04-29,25.97
2025-04-30,26.0
2025-05-01,17.6
2025-05-02,26.32
2025-05-03,7.84
2025-05-04,26.81
2025-05-05,17.07
2025-05-06,7.44
2025-05-07,24.09
2025-05-08,25.16
2025-05-09,3.38
2025-05-10,21.63
2025-05-11,16.57
2025-05-12,26.83
2025-05-13,23.87
2025-05-14,26.49
2025-05-15,7.7
2025-05-16,7.47
2025-05-17,22.3
2025-05-18,22.99
2025-05-19,26.29
2025-05-20,21.11
2025-05-21,13.22
2025-05-22,16.25
2025-05-23,16.74
2025-05-24,5.66
2025-05-25,22.45
2025-05-26,25.01
2025-05-27,25.49
2025-05-28,25.91
2025-05-29,26.41
2025-05-30,27.94
2025-05-31,26.43
2025-06-01,26.89
2025-06-02,5.16
2025-06-03,17.98
2025-06-04,28.32
2025-06-05,27.4
2025-06-06,14.61
2025-06-07,27.37
2025-06-08,18.83
2025-06-09,18.63
2025-06-10,23.88
2025-06-11,24.44
2025-06-12,15.42
2025-06-13,8.05
2025-06-14,5.49
2025-06-15,21.93
2025-06-16,11.75
2025-06-17,23.61
2025-06-18,26.51
2025-06-19,26.22
2025-06-20,11.49
2025-06-21,5.96
2025-06-22,15.39
2025-06-23,27.33
2025-06-24,5.09
2025-06-25,19.9
2025-06-26,23.68
2025-06-27,26.3
2025-06-28,24.26
2025-06-29,25.73
2025-06-30,25.48
2025-07-01,23.57
2025-07-02,25.63
2025-07-03,26.52
2025-07-04,26.08
2025-07-05,27.39
2025-07-06,26.22
2025-07-07,25.05
2025-07-08,26.61
2025-07-09,24.57
2025-07-10,22.42
2025-07-11,26.16
2025-07-12,25.52
2025-07-13,22.18
2025-07-14,19.71
2025-07-15,22.74
2025-07-16,10.36
2025-07-17,10.57
2025-07-18,7.92
2025-07-19,9.33
2025-07-20,20.82
2025-07-21,22.77
2025-07-22,24.89
2025-07-23,25.99
2025-07-24,26.79
2025-07-25,26.23
2025-07-26,26.29
2025-07-27,26.42
2025-07-28,26.54
2025-07-29,26.89
2025-07-30,26.32
2025-07-31,26.5
2025-08-01,25.46
2025-08-02,24.17
2025-08-03,14.49
2025-08-04,19.64
2025-08-05,20.4
2025-08-06,19.13
2025-08-07,20.06
2025-08-08,20.03
2025-08-09,10.27
2025-08-10,9.99
2025-08-11,18.3
2025-08-12,2.87
2025-08-13,21.98
2025-08-14,22.4
2025-08-15,22.64
2025-08-16,23.34
2025-08-17,24.6
2025-08-18,22.14
2025-08-19,23.09
2025-08-20,22.56
2025-08-21,23.94
2025-08-22,22.06
2025-08-23,23.18
2025-08-24,22.74
2025-08-25,22.42
2025-08-26,19.64
2025-08-27,20.82
2025-08-28,20.88
2025-08-29,22.41
2025-08-30,22.28
2025-08-31,11.0
2025-09-01,15.35
2025-09-02,15.7
2025-09-03,21.13
2025-09-04,21.6
2025-09-05,21.25
2025-09-06,20.15
2025-09-07,16.89
2025-09-08,16.35
2025-09-09,10.86
2025-09-10,15.34
2025-09-11,21.09
2025-09-12,9.35
2025-09-13,9.19
2025-09-14,14.16
2025-09-15,15.26
2025-09-16,19.13
2025-09-17,17.38
2025-09-18,9.85
2025-09-19,12.53
2025-09-20,12.66
2025-09-21,17.92
2025-09-22,12.64
2025-09-23,12.99
2025-09-24,11.78
2025-09-25,4.25
2025-09-26,17.72
2025-09-27,17.14
2025-09-28,9.51
2025-09-29,13.33
2025-09-30,9.04
2025-10-01,18.15
2025-10-02,11.06
2025-10-03,3.24
2025-10-04,8.66
2025-10-05,12.97
2025-10-06,3.67
2025-10-07,6.91
2025-10-08,11.66
2025-10-09,11.29
2025-10-10,14.89
2025-10-11,16.78
2025-10-12,12.33
2025-10-13,5.7
2025-10-14,3.15
2025-10-15,14.08
2025-10-16,9.5
2025-10-17,13.22
2025-10-18,5.67
2025-10-19,4.68
2025-10-20,13.86
2025-10-21,4.22
2025-10-22,11.74
2025-10-23,10.15
2025-10-24,11.35
2025-10-25,12.1
2025-10-26,7.65
2025-10-27,16.17
2025-10-28,15.96
2025-10-29,14.81
2025-10-30,12.21
2025-10-31,11.03
2025-11-01,14.11
2025-11-02,13.96
2025-11-03,9.95
2025-11-04,11.24
2025-11-05,12.83
2025-11-06,13.48
2025-11-07,12.24
2025-11-08,4.42
2025-11-09,12.53
2025-11-10,13.96
2025-11-11,13.1
2025-11-12,9.05
2025-11-13,11.48
2025-11-14,12.41
2025-11-15,12.77
2025-11-16,11.86
2025-11-17,9.32
2025-11-18,13.04
2025-11-19,12.55
2025-11-20,12.21
2025-11-21,12.45
2025-11-22,12.03
2025-11-23,11.35
2025-11-24,10.15
2025-11-25,10.43
2025-11-26,11.35
2025-11-27,8.87
2025-11-28,11.81
2025-11-29,11.49
2025-11-30,10.92
2025-12-01,10.16
2025-12-02,10.62
2025-12-03,11.62
2025-12-04,11.4
2025-12-05,11.76
2025-12-06,11.46
2025-12-07,10.68
2025-12-08,9.65
2025-12-09,11.41
2025-12-10,9.77
2025-12-11,9.32
2025-12-12,3.72
2025-12-13,7.65
2025-12-14,9.03
2025-12-15,10.89
2025-12-16,10.25
2025-12-17,10.51
2025-12-18,10.89
2025-12-19,6.66
2025-12-20,6.96
2025-12-21,4.59
2025-12-22,10.27
2025-12-23,6.77
2025-12-24,1.59
2025-12-25,10.73
2025-12-26,11.51
2025-12-27,10.81
2025-12-28,10.47
2025-12-29,10.79
2025-12-30,11.16
2025-12-31,10.03
2026-01-01,9.13
2026-01-02,11.69
2026-01-03,11.63
2026-01-04,11.11
2026-01-05,8.78
2026-01-06,11.74
2026-01-07,10.9
2026-01-08,12.06
2026-01-09,11.79
2026-01-10,10.87
2026-01-11,12.21
2026-01-12,11.87
2026-01-13,11.94
2026-01-14,11.94
2026-01-15,10.65
2026-01-16,12.26
2026-01-17,12.34
2026-01-18,11.98
2026-01-19,4.27
2026-01-20,11.59
2026-01-21,13.31
2026-01-22,13.36
2026-01-23,12.63
2026-01-24,13.31
2026-01-25,13.65
2026-01-26,10.3
2026-01-27,13.71
2026-01-28,13.22
2026-01-29,13.59
2026-01-30,8.19
2026-01-31,12.98
2026-02-01,13.54
2026-02-02,12.53
2026-02-03,14.57
2026-02-04,13.91
2026-02-05,13.33
2026-02-06,12.82
2026-02-07,13.64
2026-02-08,15.83
2026-02-09,15.38
2026-02-10,3.66
2026-02-11,14.05
2026-02-12,15.98
2026-02-13,15.86
2026-02-14,11.5
2026-02-15,15.84
2026-02-16,10.46
2026-02-17,14.81
2026-02-18,16.33
2026-02-19,16.81
2026-02-20,17.07
2026-02-21,16.5
2026-02-22,15.88
2026-02-23,17.05
2026-02-24,2.28
2026-02-25,7.68
2026-02-26,5.7
2026-02-27,4.27
2026-02-28,9.36
2026-03-01,7.81
2026-03-02,1.97
2026-03-03,7.1
2026-03-04,15.72
2026-03-05,13.33
2026-03-06,11.46
2026-03-07,19.1
2026-03-08,18.28
2026-03-09,16.5
2026-03-10,19.57
2026-03-11,19.0
2026-03-12,16.48
2026-03-13,16.5
2026-03-14,19.34
2026-03-15,13.44
2026-03-16,11.38
2026-03-17,16.73
2026-03-18,2.45
2026-03-19,20.22
2026-03-20,20.89
2026-03-21,20.7
2026-03-22,13.11
2026-03-23,21.37
2026-03-24,18.13
2026-03-25,6.08
2026-03-26,21.58
2026-03-27,20.78
2026-03-28,21.78
2026-03-29,21.07
2026-03-30,11.44
2026-03-31,10.47
2026-04-01,8.11
2026-04-02,22.85
2026-04-03,20.53
2026-04-04,7.66
2026-04-05,20.38
2026-04-06,14.26
2026-04-07,24.43
2026-04-08,23.91
2026-04-09,5.44
2026-04-10,18.73
2026-04-11,22.64
2026-04-12,19.79
2026-04-13,22.34
2026-04-14,7.59
2026-04-15,21.94
2026-04-16,24.7
2026-04-17,8.78
2026-04-18,19.79
2026-04-19,21.5
2026-04-20,19.09
2026-04-21,25.71
2026-04-22,5.08
2026-04-23,9.16
2026-04-24,24.72
2026-04-25,25.51
2026-04-26,21.04
2026-04-27,25.42
2026-04-28,16.79
2026-04-29,14.93
2026-04-30,12.04
2026-05-01,13.32
2026-05-02,20.83
2026-05-03,3.84
2026-05-04,25.26
2026-05-05,26.82
2026-05-06,26.68
2026-05-07,25.26
2026-05-08,27.03
2026-05-09,27.12
2026-05-10,26.93
2026-05-11,21.7
2026-05-12,14.57
2026-05-13,27.22
2026-05-14,26.38
2026-05-15,28.34
2026-05-16,28.94
2026-05-17,28.79
2026-05-18,29.54
2026-05-19,27.68
2026-05-20,3.57
2026-05-21,8.61
2026-05-22,23.9
2026-05-23,11.13
2026-05-24,24.63
2026-05-25,21.61
2026-05-26,18.97
2026-05-27,5.62
2026-05-28,18.19
2026-05-29,26.86
2026-05-30,28.44
2026-05-31,29.72
2026-06-01,23.6
2026-06-02,5.36
2026-06-03,24.04
2026-06-04,16.33
2026-06-05,26.33
2026-06-06,27.73
2026-06-07,14.46
2026-06-08,7.7
2026-06-09,21.73
2026-06-10,26.76
2026-06-11,27.39
2026-06-12,27.84
2026-06-13,28.31
2026-06-14,24.03
2026-06-15,28.64
2026-06-16,26.06
2026-06-17,25.17
2026-06-18,24.03
2026-06-19,10.98
2026-06-20,14.7
2026-06-21,17.02
2026-06-22,9.07
2026-06-23,11.41
2026-06-24,6.35
2026-06-25,12.94
2026-06-26,21.59
2026-06-27,18.8
2026-06-28,28.75
2026-06-29,27.55
2026-06-30,26.05
2026-07-01,4.97
2026-07-02,18.21
2026-07-03,21.23
2026-07-04,14.59
2026-07-05,8.44
2026-07-06,19.3
2026-07-07,18.98
2026-07-08,17.74
2026-07-09,23.95
2026-07-10,23.37
2026-07-11,27.05
2026-07-12,25.93
2026-07-13,26.08
2026-07-14,22.57
2026-07-15,24.06
2026-07-16,24.34
2026-07-17,20.65
2026-07-18,18.17
2026-07-19,19.73
2026-07-20,23.94
2026-07-21,25.74
2026-07-22,26.04
2026-07-23,24.71
2026-07-24,27.13
2026-07-25,22.38
2026-07-26,23.28
2026-07-27,21.96
2026-07-28,21.97
2026-07-29,24.94
2026-07-30,27.53
2026-07-31,26.69
2026-08-01,25.68
2026-08-02,27.12
2026-08-03,25.57
2026-08-04,23.84
2026-08-05,25.4
2026-08-06,26.55
2026-08-07,25.91
2026-08-08,19.18
2026-08-09,13.78
2026-08-10,18.21
2026-08-11,20.91
2026-08-12,20.15
2026-08-13,17.52
2026-08-14,24.82
2026-08-15,17.65
2026-08-16,3.15
2026-08-17,7.58
2026-08-18,14.37
2026-08-19,21.4
2026-08-20,20.99
2026-08-21,15.93
2026-08-22,21.12
2026-08-23,23.02
2026-08-24,24.13
2026-08-25,23.06
2026-08-26,23.14
2026-08-27,13.33
2026-08-28,5.18
2026-08-29,15.24
2026-08-30,18.78
2026-08-31,21.68
2026-09-01,19.79
