examinDe,beachKoreanNm,examinLcDetail,distance_from_estuary_km,ecoli_max,enterococcus_max,any_exceed,date,date,tide_max,tide_min,tide_range,precip_1d_lag,precip_2d_sum_lag,precip_3d_sum_lag,discharge_1d_lag,discharge_3d_sum_lag,temp_1d_lag,wind_max_1d_lag,sewage_discharge_1d_lag,sewage_discharge_3d_sum_lag,CSO_Flag,sensor_temp_mean_1d_lag,sensor_salinity_min_1d_lag,sensor_salinity_mean_1d_lag,sensor_turbidity_max_1d_lag,sensor_turbidity_mean_1d_lag,sensor_ph_mean_1d_lag,sensor_do_mean_1d_lag,sensor_chla_mean_1d_lag,visitor_count_1d_lag
2025-09-02,다대포동측,A2,0.0,20.0,0.5,False,2025-09-02,,,,,12.700000000000001,33.400000000000006,33.39999999999997,188.553,685.4030000000039,26.558333333333334,6.6388942,377850.0,1052956.0,0,,,,,,,,,
2025-09-02,다대포동측,B2,0.5,86.0,15.0,False,2025-09-02,,,,,12.700000000000001,33.400000000000006,33.39999999999997,188.553,685.4030000000039,26.558333333333334,6.6388942,377850.0,1052956.0,0,,,,,,,,,
2025-09-02,다대포동측,C2,1.0,63.0,21.0,False,2025-09-02,,,,,12.700000000000001,33.400000000000006,33.39999999999997,188.553,685.4030000000039,26.558333333333334,6.6388942,377850.0,1052956.0,0,,,,,,,,,
2025-08-26,다대포동측,A2,0.0,187.0,0.5,False,2025-08-26,,,,,0.1,0.2,0.19999999999996448,216.91,716.2900000000038,29.15833333333333,5.555560000000001,351468.0,1090416.0,0,,,,,,,,,
2025-08-26,다대포동측,B2,0.5,31.0,0.5,False,2025-08-26,,,,,0.1,0.2,0.19999999999996448,216.91,716.2900000000038,29.15833333333333,5.555560000000001,351468.0,1090416.0,0,,,,,,,,,
2025-08-26,다대포동측,C2,1.0,95.0,5.0,False,2025-08-26,,,,,0.1,0.2,0.19999999999996448,216.91,716.2900000000038,29.15833333333333,5.555560000000001,351468.0,1090416.0,0,,,,,,,,,
2025-08-18,다대포동측,A2,0.0,0.5,5.0,False,2025-08-18,,,,,0.0,0.0,0.19999999999996448,433.051,1324.344000000004,28.1375,2.8333356,374848.0,1208321.0,0,,,,,,,,,
2025-08-18,다대포동측,B2,0.5,0.5,0.5,False,2025-08-18,,,,,0.0,0.0,0.19999999999996448,433.051,1324.344000000004,28.1375,2.8333356,374848.0,1208321.0,0,,,,,,,,,
2025-08-18,다대포동측,C2,1.0,0.5,0.5,False,2025-08-18,,,,,0.0,0.0,0.19999999999996448,433.051,1324.344000000004,28.1375,2.8333356,374848.0,1208321.0,0,,,,,,,,,
2025-07-30,다대포동측,"A-1,A-2",0.0,30.0,71.0,False,2025-07-30,,,,,0.0,0.0,0.0,194.201,826.5550000000037,29.495833333333334,3.888892,405135.0,1231020.0,0,,,,,,,,,
2025-07-30,다대포동측,"A-1,A-2",0.0,20.0,5.0,False,2025-07-30,,,,,0.0,0.0,0.0,194.201,826.5550000000037,29.495833333333334,3.888892,405135.0,1231020.0,0,,,,,,,,,
2025-07-30,다대포동측,"B-1,B-2",0.5,10.0,10.0,False,2025-07-30,,,,,0.0,0.0,0.0,194.201,826.5550000000037,29.495833333333334,3.888892,405135.0,1231020.0,0,,,,,,,,,
2025-07-30,다대포동측,"B-1,B-2",0.5,41.0,31.0,False,2025-07-30,,,,,0.0,0.0,0.0,194.201,826.5550000000037,29.495833333333334,3.888892,405135.0,1231020.0,0,,,,,,,,,
2025-07-30,다대포동측,"C-1,C-2",1.0,0.5,5.0,False,2025-07-30,,,,,0.0,0.0,0.0,194.201,826.5550000000037,29.495833333333334,3.888892,405135.0,1231020.0,0,,,,,,,,,
2025-07-30,다대포동측,"C-1,C-2",1.0,62.0,77.0,False,2025-07-30,,,,,0.0,0.0,0.0,194.201,826.5550000000037,29.495833333333334,3.888892,405135.0,1231020.0,0,,,,,,,,,
2025-07-14,다대포동측,"A-1,A-2",0.0,10.0,0.5,False,2025-07-14,,,,,22.2,22.2,22.199999999999967,228.636,496.74500000000364,26.454166666666666,4.6388926,389802.0,1134162.0,0,,,,,,,,,
2025-07-14,다대포동측,"A-1,A-2",0.0,0.5,0.5,False,2025-07-14,,,,,22.2,22.2,22.199999999999967,228.636,496.74500000000364,26.454166666666666,4.6388926,389802.0,1134162.0,0,,,,,,,,,
2025-07-14,다대포동측,"B-1,B-2",0.5,10.0,0.5,False,2025-07-14,,,,,22.2,22.2,22.199999999999967,228.636,496.74500000000364,26.454166666666666,4.6388926,389802.0,1134162.0,0,,,,,,,,,
2025-07-14,다대포동측,"B-1,B-2",0.5,0.5,5.0,False,2025-07-14,,,,,22.2,22.2,22.199999999999967,228.636,496.74500000000364,26.454166666666666,4.6388926,389802.0,1134162.0,0,,,,,,,,,
2025-07-14,다대포동측,"C-1,C-2",1.0,10.0,0.5,False,2025-07-14,,,,,22.2,22.2,22.199999999999967,228.636,496.74500000000364,26.454166666666666,4.6388926,389802.0,1134162.0,0,,,,,,,,,
2025-07-14,다대포동측,"C-1,C-2",1.0,10.0,10.0,False,2025-07-14,,,,,22.2,22.2,22.199999999999967,228.636,496.74500000000364,26.454166666666666,4.6388926,389802.0,1134162.0,0,,,,,,,,,
2025-07-03,다대포동측,"A-1,A-2",0.0,10.0,5.0,False,2025-07-03,,,,,0.0,0.0,0.0,320.576,801.8560000000036,28.1125,3.5833362000000006,372314.0,1142963.0,0,,,,,,,,,
2025-07-03,다대포동측,"A-1,A-2",0.0,10.0,5.0,False,2025-07-03,,,,,0.0,0.0,0.0,320.576,801.8560000000036,28.1125,3.5833362000000006,372314.0,1142963.0,0,,,,,,,,,
2025-07-03,다대포동측,"B-1,B-2",0.5,10.0,0.5,False,2025-07-03,,,,,0.0,0.0,0.0,320.576,801.8560000000036,28.1125,3.5833362000000006,372314.0,1142963.0,0,,,,,,,,,
2025-07-03,다대포동측,"B-1,B-2",0.5,31.0,0.5,False,2025-07-03,,,,,0.0,0.0,0.0,320.576,801.8560000000036,28.1125,3.5833362000000006,372314.0,1142963.0,0,,,,,,,,,
2025-07-03,다대포동측,"C-1,C-2",1.0,10.0,0.5,False,2025-07-03,,,,,0.0,0.0,0.0,320.576,801.8560000000036,28.1125,3.5833362000000006,372314.0,1142963.0,0,,,,,,,,,
2025-07-03,다대포동측,"C-1,C-2",1.0,20.0,0.5,False,2025-07-03,,,,,0.0,0.0,0.0,320.576,801.8560000000036,28.1125,3.5833362000000006,372314.0,1142963.0,0,,,,,,,,,
2025-06-11,다대포동측,"A-1,A-2",0.0,0.5,5.0,False,2025-06-11,,,,,0.2,0.2,0.1999999999999716,177.383,488.3370000000036,22.433333333333334,4.5277814,348607.0,1016718.0,0,,,,,,,,,
2025-06-11,다대포동측,"A-1,A-2",0.0,0.5,0.5,False,2025-06-11,,,,,0.2,0.2,0.1999999999999716,177.383,488.3370000000036,22.433333333333334,4.5277814,348607.0,1016718.0,0,,,,,,,,,
2025-06-11,다대포동측,"B-1,B-2",0.5,0.5,0.5,False,2025-06-11,,,,,0.2,0.2,0.1999999999999716,177.383,488.3370000000036,22.433333333333334,4.5277814,348607.0,1016718.0,0,,,,,,,,,
2025-06-11,다대포동측,"B-1,B-2",0.5,0.5,5.0,False,2025-06-11,,,,,0.2,0.2,0.1999999999999716,177.383,488.3370000000036,22.433333333333334,4.5277814,348607.0,1016718.0,0,,,,,,,,,
2025-06-11,다대포동측,"C-1,C-2",1.0,0.5,0.5,False,2025-06-11,,,,,0.2,0.2,0.1999999999999716,177.383,488.3370000000036,22.433333333333334,4.5277814,348607.0,1016718.0,0,,,,,,,,,
2025-06-11,다대포동측,"C-1,C-2",1.0,0.5,0.5,False,2025-06-11,,,,,0.2,0.2,0.1999999999999716,177.383,488.3370000000036,22.433333333333334,4.5277814,348607.0,1016718.0,0,,,,,,,,,
2026-07-02,다대포동측,"A1, A2",0.0,10.0,0.5,False,2026-07-02,,,,,71.4,71.4,71.49999999999996,256.41,547.0200000000038,21.34583333333333,5.916671400000001,449555.0,1116854.0,0,,,,,,,,,
2026-07-02,다대포동측,"A1, A2",0.0,20.0,0.5,False,2026-07-02,,,,,71.4,71.4,71.49999999999996,256.41,547.0200000000038,21.34583333333333,5.916671400000001,449555.0,1116854.0,0,,,,,,,,,
2026-07-02,다대포동측,"B1, B2",0.5,0.5,0.5,False,2026-07-02,,,,,71.4,71.4,71.49999999999996,256.41,547.0200000000038,21.34583333333333,5.916671400000001,449555.0,1116854.0,0,,,,,,,,,
2026-07-02,다대포동측,"B1, B2",0.5,20.0,0.5,False,2026-07-02,,,,,71.4,71.4,71.49999999999996,256.41,547.0200000000038,21.34583333333333,5.916671400000001,449555.0,1116854.0,0,,,,,,,,,
2026-07-02,다대포동측,"C1, C2",1.0,41.0,0.5,False,2026-07-02,,,,,71.4,71.4,71.49999999999996,256.41,547.0200000000038,21.34583333333333,5.916671400000001,449555.0,1116854.0,0,,,,,,,,,
2026-07-02,다대포동측,"C1, C2",1.0,52.0,0.5,False,2026-07-02,,,,,71.4,71.4,71.49999999999996,256.41,547.0200000000038,21.34583333333333,5.916671400000001,449555.0,1116854.0,0,,,,,,,,,
2026-06-10,다대포동측,"A1, A2",0.0,10.0,0.5,False,2026-06-10,,,,,3.2,6.799999999999997,8.899999999999954,131.912,444.7100000000039,20.3,3.2222248,341565.0,1010562.0,0,,,,,,,,,
2026-06-10,다대포동측,"A1, A2",0.0,10.0,0.5,False,2026-06-10,,,,,3.2,6.799999999999997,8.899999999999954,131.912,444.7100000000039,20.3,3.2222248,341565.0,1010562.0,0,,,,,,,,,
2026-06-10,다대포동측,"B1, B2",0.5,10.0,0.5,False,2026-06-10,,,,,3.2,6.799999999999997,8.899999999999954,131.912,444.7100000000039,20.3,3.2222248,341565.0,1010562.0,0,,,,,,,,,
2026-06-10,다대포동측,"B1, B2",0.5,10.0,0.5,False,2026-06-10,,,,,3.2,6.799999999999997,8.899999999999954,131.912,444.7100000000039,20.3,3.2222248,341565.0,1010562.0,0,,,,,,,,,
2026-06-10,다대포동측,"C1, C2",1.0,10.0,0.5,False,2026-06-10,,,,,3.2,6.799999999999997,8.899999999999954,131.912,444.7100000000039,20.3,3.2222248,341565.0,1010562.0,0,,,,,,,,,
2026-06-10,다대포동측,"C1, C2",1.0,0.5,0.5,False,2026-06-10,,,,,3.2,6.799999999999997,8.899999999999954,131.912,444.7100000000039,20.3,3.2222248,341565.0,1010562.0,0,,,,,,,,,
2015-09-21,다대포서측,,0.0,41.0,0.5,False,2015-09-21,,,,,0.0,0.0,2.0,162.325,348.59399999999926,20.283333333333335,2.1388906000000003,425114.0,1452184.0,0,,,,,,,,,
2015-09-21,다대포서측,,0.0,74.0,10.0,False,2015-09-21,,,,,0.0,0.0,2.0,162.325,348.59399999999926,20.283333333333335,2.1388906000000003,425114.0,1452184.0,0,,,,,,,,,
2015-09-21,다대포서측,,0.0,20.0,5.0,False,2015-09-21,,,,,0.0,0.0,2.0,162.325,348.59399999999926,20.283333333333335,2.1388906000000003,425114.0,1452184.0,0,,,,,,,,,
2015-08-04,다대포서측,,0.0,73.0,21.0,False,2015-08-04,,,,,0.0,0.0,0.0,83.779,273.3059999999993,26.145833333333332,5.416671000000001,327041.0,985854.0,0,,,,,,,,,
2015-08-04,다대포서측,,0.0,72.0,26.0,False,2015-08-04,,,,,0.0,0.0,0.0,83.779,273.3059999999993,26.145833333333332,5.416671000000001,327041.0,985854.0,0,,,,,,,,,
2015-08-04,다대포서측,,0.0,320.0,37.0,False,2015-08-04,,,,,0.0,0.0,0.0,83.779,273.3059999999993,26.145833333333332,5.416671000000001,327041.0,985854.0,0,,,,,,,,,
2015-07-28,다대포서측,,0.0,140.0,0.5,False,2015-07-28,,,,,0.2,0.2,0.2,178.985,973.7379999999994,26.1875,5.305559800000001,400205.0,1277285.0,0,,,,,,,,,
2015-07-28,다대포서측,,0.0,52.0,0.5,False,2015-07-28,,,,,0.2,0.2,0.2,178.985,973.7379999999994,26.1875,5.305559800000001,400205.0,1277285.0,0,,,,,,,,,
2015-07-28,다대포서측,,0.0,0.5,5.0,False,2015-07-28,,,,,0.2,0.2,0.2,178.985,973.7379999999994,26.1875,5.305559800000001,400205.0,1277285.0,0,,,,,,,,,
2015-07-16,다대포서측,,0.0,98.0,21.0,False,2015-07-16,,,,,0.0,0.0,5.1,695.985,4001.7629999999995,23.433333333333334,6.611116400000001,486567.0,1516731.0,1,,,,,,,,,
2015-07-16,다대포서측,,0.0,63.0,10.0,False,2015-07-16,,,,,0.0,0.0,5.1,695.985,4001.7629999999995,23.433333333333334,6.611116400000001,486567.0,1516731.0,1,,,,,,,,,
2015-07-16,다대포서측,,0.0,63.0,10.0,False,2015-07-16,,,,,0.0,0.0,5.1,695.985,4001.7629999999995,23.433333333333334,6.611116400000001,486567.0,1516731.0,1,,,,,,,,,
2015-07-02,다대포서측,,0.0,130.0,0.5,False,2015-07-02,,,,,2.4000000000000004,42.09999999999999,42.099999999999994,347.45,1019.1549999999994,21.554166666666664,5.6666712,465487.0,1213059.0,1,,,,,,,,,
2015-07-02,다대포서측,,0.0,220.0,0.5,False,2015-07-02,,,,,2.4000000000000004,42.09999999999999,42.099999999999994,347.45,1019.1549999999994,21.554166666666664,5.6666712,465487.0,1213059.0,1,,,,,,,,,
2015-07-02,다대포서측,,0.0,330.0,16.0,False,2015-07-02,,,,,2.4000000000000004,42.09999999999999,42.099999999999994,347.45,1019.1549999999994,21.554166666666664,5.6666712,465487.0,1213059.0,1,,,,,,,,,
2016-10-04,다대포서측,,0.0,85.0,10.0,False,2016-10-04,,,,,0.0,0.5,8.5,464.619,1575.75,23.75,5.1944486,543435.0,1653278.0,1,,,,,,,,,
2016-10-04,다대포서측,,0.0,120.0,10.0,False,2016-10-04,,,,,0.0,0.5,8.5,464.619,1575.75,23.75,5.1944486,543435.0,1653278.0,1,,,,,,,,,
2016-10-04,다대포서측,,0.0,85.0,21.0,False,2016-10-04,,,,,0.0,0.5,8.5,464.619,1575.75,23.75,5.1944486,543435.0,1653278.0,1,,,,,,,,,
2016-08-22,다대포서측,,0.0,97.0,26.0,False,2016-08-22,2016-08-22,,,,0.0,0.0,0.0,48.829,122.12500000000006,27.45,4.9722262,412643.0,1325866.0,0,,,,,,,,,330000.0
2016-08-22,다대포서측,,0.0,210.0,26.0,False,2016-08-22,2016-08-22,,,,0.0,0.0,0.0,48.829,122.12500000000006,27.45,4.9722262,412643.0,1325866.0,0,,,,,,,,,330000.0
2016-08-22,다대포서측,,0.0,41.0,5.0,False,2016-08-22,2016-08-22,,,,0.0,0.0,0.0,48.829,122.12500000000006,27.45,4.9722262,412643.0,1325866.0,0,,,,,,,,,330000.0
2016-08-17,다대포서측,,0.0,250.0,15.0,False,2016-08-17,2016-08-17,,,,32.5,36.3,36.300000000000004,374.55,602.212,27.170833333333334,4.7777816,560844.0,1421206.0,1,,,,,,,,,120000.0
2016-08-17,다대포서측,,0.0,290.0,16.0,False,2016-08-17,2016-08-17,,,,32.5,36.3,36.300000000000004,374.55,602.212,27.170833333333334,4.7777816,560844.0,1421206.0,1,,,,,,,,,120000.0
2016-08-17,다대포서측,,0.0,480.0,16.0,False,2016-08-17,2016-08-17,,,,32.5,36.3,36.300000000000004,374.55,602.212,27.170833333333334,4.7777816,560844.0,1421206.0,1,,,,,,,,,120000.0
2016-08-09,다대포서측,,0.0,41.0,10.0,False,2016-08-09,2016-08-09,,,,1.0,1.0,1.0000000000000036,164.588,542.2180000000001,28.6125,1.9166682000000004,432428.0,1301292.0,0,,,,,,,,,300000.0
2016-08-09,다대포서측,,0.0,96.0,10.0,False,2016-08-09,2016-08-09,,,,1.0,1.0,1.0000000000000036,164.588,542.2180000000001,28.6125,1.9166682000000004,432428.0,1301292.0,0,,,,,,,,,300000.0
2016-08-09,다대포서측,,0.0,150.0,15.0,False,2016-08-09,2016-08-09,,,,1.0,1.0,1.0000000000000036,164.588,542.2180000000001,28.6125,1.9166682000000004,432428.0,1301292.0,0,,,,,,,,,300000.0
2016-07-26,다대포서측,,0.0,41.0,5.0,False,2016-07-26,2016-07-26,,,,4.2,4.9,4.900000000000001,187.755,508.43899999999996,26.395833333333332,3.2222248,466740.0,1408264.0,0,,,,,,,,,110000.0
2016-07-26,다대포서측,,0.0,84.0,15.0,False,2016-07-26,2016-07-26,,,,4.2,4.9,4.900000000000001,187.755,508.43899999999996,26.395833333333332,3.2222248,466740.0,1408264.0,0,,,,,,,,,110000.0
2016-07-26,다대포서측,,0.0,52.0,0.5,False,2016-07-26,2016-07-26,,,,4.2,4.9,4.900000000000001,187.755,508.43899999999996,26.395833333333332,3.2222248,466740.0,1408264.0,0,,,,,,,,,110000.0
2016-07-19,다대포서측,,0.0,31.0,21.0,False,2016-07-19,2016-07-19,,,,0.0,0.0,6.000000000000001,498.585,1154.471,24.03333333333333,2.5555576,483580.0,1508711.0,1,,,,,,,,,30000.0
2016-07-19,다대포서측,,0.0,10.0,37.0,False,2016-07-19,2016-07-19,,,,0.0,0.0,6.000000000000001,498.585,1154.471,24.03333333333333,2.5555576,483580.0,1508711.0,1,,,,,,,,,30000.0
2016-07-19,다대포서측,,0.0,0.5,31.0,False,2016-07-19,2016-07-19,,,,0.0,0.0,6.000000000000001,498.585,1154.471,24.03333333333333,2.5555576,483580.0,1508711.0,1,,,,,,,,,30000.0
2016-07-11,다대포서측,,0.0,52.0,15.0,False,2016-07-11,2016-07-11,,,,0.0,0.0,2.7,920.83,5656.942,24.445833333333336,2.9722246,496303.0,1659379.0,0,,,,,,,,,70000.0
2016-07-11,다대포서측,,0.0,740.0,150.0,True,2016-07-11,2016-07-11,,,,0.0,0.0,2.7,920.83,5656.942,24.445833333333336,2.9722246,496303.0,1659379.0,0,,,,,,,,,70000.0
2016-07-11,다대포서측,,0.0,480.0,60.0,False,2016-07-11,2016-07-11,,,,0.0,0.0,2.7,920.83,5656.942,24.445833333333336,2.9722246,496303.0,1659379.0,0,,,,,,,,,70000.0
2016-05-12,다대포서측,,0.0,650.0,21.0,True,2016-05-12,,,,,0.0,20.09999999999999,21.2,444.241,1198.562,14.5375,4.5000036,525127.0,1541163.0,1,,,,,,,,,
2016-05-12,다대포서측,,0.0,241.0,10.0,False,2016-05-12,,,,,0.0,20.09999999999999,21.2,444.241,1198.562,14.5375,4.5000036,525127.0,1541163.0,1,,,,,,,,,
2016-05-12,다대포서측,,0.0,345.0,21.0,False,2016-05-12,,,,,0.0,20.09999999999999,21.2,444.241,1198.562,14.5375,4.5000036,525127.0,1541163.0,1,,,,,,,,,
2017-07-13,다대포서측,인명구조장비함앞,0.0,10.0,31.0,False,2017-07-13,2017-07-13,,,,0.0,2.800000000000007,13.3,288.64,900.817,26.77916666666667,4.916670600000001,446936.0,1370342.0,0,,,,,,,,,25000.0
2017-07-13,다대포서측,중앙주차장앞,0.5,10.0,41.0,False,2017-07-13,2017-07-13,,,,0.0,2.800000000000007,13.3,288.64,900.817,26.77916666666667,4.916670600000001,446936.0,1370342.0,0,,,,,,,,,25000.0
2017-07-13,다대포서측,동편두번째돌계단,0.0,15.0,30.0,False,2017-07-13,2017-07-13,,,,0.0,2.800000000000007,13.3,288.64,900.817,26.77916666666667,4.916670600000001,446936.0,1370342.0,0,,,,,,,,,25000.0
2017-07-07,다대포서측,인명구조장비함앞,0.0,10.0,75.0,False,2017-07-07,2017-07-07,,,,2.8,10.500000000000007,26.1,243.058,2006.0949999999998,24.150000000000002,5.0555596000000005,489081.0,1488759.0,1,,,,,,,,,12000.0
2017-07-07,다대포서측,중앙주차장앞,0.5,10.0,97.0,False,2017-07-07,2017-07-07,,,,2.8,10.500000000000007,26.1,243.058,2006.0949999999998,24.150000000000002,5.0555596000000005,489081.0,1488759.0,1,,,,,,,,,12000.0
2017-07-07,다대포서측,동편두번째돌계단,0.0,16.0,108.0,True,2017-07-07,2017-07-07,,,,2.8,10.500000000000007,26.1,243.058,2006.0949999999998,24.150000000000002,5.0555596000000005,489081.0,1488759.0,1,,,,,,,,,12000.0
2017-06-09,다대포서측,인명구조장비함앞,0.0,26.0,121.0,True,2017-06-09,,,,,0.0,13.400000000000006,16.200000000000003,161.122,292.1530000000001,20.429166666666667,5.305559800000001,399548.0,1224114.0,0,,,,,,,,,
2017-06-09,다대포서측,중앙주차장앞,0.5,21.0,52.0,False,2017-06-09,,,,,0.0,13.400000000000006,16.200000000000003,161.122,292.1530000000001,20.429166666666667,5.305559800000001,399548.0,1224114.0,0,,,,,,,,,
2017-06-09,다대포서측,동편두번째돌계단,0.0,21.0,63.0,False,2017-06-09,,,,,0.0,13.400000000000006,16.200000000000003,161.122,292.1530000000001,20.429166666666667,5.305559800000001,399548.0,1224114.0,0,,,,,,,,,
2017-05-15,다대포서측,,0.0,121.0,26.0,False,2017-05-15,,,,,0.0,0.0,18.4,65.765,250.07900000000006,17.891666666666666,7.0833390000000005,387165.0,1284938.0,0,,,,,,,,,
2017-05-15,다대포서측,,0.0,52.0,21.0,False,2017-05-15,,,,,0.0,0.0,18.4,65.765,250.07900000000006,17.891666666666666,7.0833390000000005,387165.0,1284938.0,0,,,,,,,,,
2017-05-15,다대포서측,,0.0,63.0,21.0,False,2017-05-15,,,,,0.0,0.0,18.4,65.765,250.07900000000006,17.891666666666666,7.0833390000000005,387165.0,1284938.0,0,,,,,,,,,
2018-09-12,다대포서측,인면구조장비함앞,0.0,638.0,138.0,True,2018-09-12,,,,,0.0,0.0,0.3000000000000071,282.204,704.6040000000005,20.770833333333332,8.472229,405553.0,1240171.0,0,,,,,,,,,
2018-09-12,다대포서측,중앙공영주차장앞,0.5,309.0,86.0,False,2018-09-12,,,,,0.0,0.0,0.3000000000000071,282.204,704.6040000000005,20.770833333333332,8.472229,405553.0,1240171.0,0,,,,,,,,,
2018-09-12,다대포서측,두번째돌계단앞,0.0,183.0,72.0,False,2018-09-12,,,,,0.0,0.0,0.3000000000000071,282.204,704.6040000000005,20.770833333333332,8.472229,405553.0,1240171.0,0,,,,,,,,,
2018-08-22,다대포서측,인면구조장비함앞,0.0,20.0,21.0,False,2018-08-22,2018-08-22,,,,0.0,0.0,0.0,124.105,536.33,26.558333333333334,3.1111136,354273.0,1039529.0,0,,,,,,,,,80000.0
2018-08-22,다대포서측,중앙공영주차장앞,0.5,41.0,16.0,False,2018-08-22,2018-08-22,,,,0.0,0.0,0.0,124.105,536.33,26.558333333333334,3.1111136,354273.0,1039529.0,0,,,,,,,,,80000.0
2018-08-22,다대포서측,두번째돌계단앞,0.0,74.0,21.0,False,2018-08-22,2018-08-22,,,,0.0,0.0,0.0,124.105,536.33,26.558333333333334,3.1111136,354273.0,1039529.0,0,,,,,,,,,80000.0
2018-08-09,다대포서측,인면구조장비함앞,0.0,41.0,5.0,False,2018-08-09,2018-08-09,,,,0.30000000000000004,0.30000000000001426,3.0,75.17,252.70100000000005,26.95,4.3333368000000005,358622.0,1078189.0,0,,,,,,,,,185000.0
2018-08-09,다대포서측,중앙공영주차장앞,0.5,120.0,10.0,False,2018-08-09,2018-08-09,,,,0.30000000000000004,0.30000000000001426,3.0,75.17,252.70100000000005,26.95,4.3333368000000005,358622.0,1078189.0,0,,,,,,,,,185000.0
2018-08-09,다대포서측,두번째돌계단앞,0.0,52.0,1.0,False,2018-08-09,2018-08-09,,,,0.30000000000000004,0.30000000000001426,3.0,75.17,252.70100000000005,26.95,4.3333368000000005,358622.0,1078189.0,0,,,,,,,,,185000.0
2018-08-02,다대포서측,인면구조장비함앞,0.0,84.0,5.0,False,2018-08-02,2018-08-02,,,,0.0,0.0,1.8,55.13,266.14300000000003,29.570833333333336,4.916670600000001,362147.0,1110607.0,0,,,,,,,,,230000.0
2018-08-02,다대포서측,중앙공영주차장앞,0.5,41.0,1.0,False,2018-08-02,2018-08-02,,,,0.0,0.0,1.8,55.13,266.14300000000003,29.570833333333336,4.916670600000001,362147.0,1110607.0,0,,,,,,,,,230000.0
2018-08-02,다대포서측,두번째돌계단앞,0.0,20.0,5.0,False,2018-08-02,2018-08-02,,,,0.0,0.0,1.8,55.13,266.14300000000003,29.570833333333336,4.916670600000001,362147.0,1110607.0,0,,,,,,,,,230000.0
2018-07-26,다대포서측,인면구조장비함앞,0.0,399.0,116.0,True,2018-07-26,2018-07-26,,,,0.0,0.0,0.0,87.352,296.56500000000005,29.045833333333334,5.277782,392906.0,1159022.0,0,,,,,,,,,60000.0
2018-07-26,다대포서측,중앙공영주차장앞,0.5,355.0,95.0,False,2018-07-26,2018-07-26,,,,0.0,0.0,0.0,87.352,296.56500000000005,29.045833333333334,5.277782,392906.0,1159022.0,0,,,,,,,,,60000.0
2018-07-26,다대포서측,두번째돌계단앞,0.0,399.0,32.0,False,2018-07-26,2018-07-26,,,,0.0,0.0,0.0,87.352,296.56500000000005,29.045833333333334,5.277782,392906.0,1159022.0,0,,,,,,,,,60000.0
2018-07-19,다대포서측,인면구조장비함앞,0.0,30.0,10.0,False,2018-07-19,2018-07-19,,,,0.2,0.20000000000001422,0.2,256.689,572.936,27.620833333333334,4.138892200000001,401982.0,1236632.0,0,,,,,,,,,45000.0
2018-07-19,다대포서측,중앙공영주차장앞,0.5,10.0,1.0,False,2018-07-19,2018-07-19,,,,0.2,0.20000000000001422,0.2,256.689,572.936,27.620833333333334,4.138892200000001,401982.0,1236632.0,0,,,,,,,,,45000.0
2018-07-19,다대포서측,두번째돌계단앞,0.0,52.0,1.0,False,2018-07-19,2018-07-19,,,,0.2,0.20000000000001422,0.2,256.689,572.936,27.620833333333334,4.138892200000001,401982.0,1236632.0,0,,,,,,,,,45000.0
2018-06-04,다대포서측,인면구조장비함앞,0.0,345.0,21.0,False,2018-06-04,,,,,0.0,0.0,0.0,109.231,321.1370000000002,21.1375,4.4722258,354489.0,1109142.0,0,,,,,,,,,
2018-06-04,다대포서측,중앙공영주차장앞,0.5,291.0,21.0,False,2018-06-04,,,,,0.0,0.0,0.0,109.231,321.1370000000002,21.1375,4.4722258,354489.0,1109142.0,0,,,,,,,,,
2018-06-04,다대포서측,두번째돌계단앞,0.0,292.0,536.0,True,2018-06-04,,,,,0.0,0.0,0.0,109.231,321.1370000000002,21.1375,4.4722258,354489.0,1109142.0,0,,,,,,,,,
2018-06-04,다대포서측,인면구조장비함앞,0.0,62.0,5.0,False,2018-06-04,,,,,0.0,0.0,0.0,109.231,321.1370000000002,21.1375,4.4722258,354489.0,1109142.0,0,,,,,,,,,
2018-06-04,다대포서측,중앙공영주차장앞,0.5,97.0,5.0,False,2018-06-04,,,,,0.0,0.0,0.0,109.231,321.1370000000002,21.1375,4.4722258,354489.0,1109142.0,0,,,,,,,,,
2018-06-04,다대포서측,두번째돌계단앞,0.0,86.0,1.0,False,2018-06-04,,,,,0.0,0.0,0.0,109.231,321.1370000000002,21.1375,4.4722258,354489.0,1109142.0,0,,,,,,,,,
2019-09-25,다대포서측,A,0.0,2987.0,1038.0,True,2019-09-25,,,,,0.0,5.8,130.0,2564.854,7635.7040000000015,18.60833333333333,3.722225200000001,522381.0,1513046.0,1,,,,,,,,,
2019-09-25,다대포서측,B,0.5,238.0,93.0,False,2019-09-25,,,,,0.0,5.8,130.0,2564.854,7635.7040000000015,18.60833333333333,3.722225200000001,522381.0,1513046.0,1,,,,,,,,,
2019-09-25,다대포서측,C,1.0,256.0,95.0,False,2019-09-25,,,,,0.0,5.8,130.0,2564.854,7635.7040000000015,18.60833333333333,3.722225200000001,522381.0,1513046.0,1,,,,,,,,,
2019-08-20,다대포서측,A,0.0,0.5,0.5,False,2019-08-20,2019-08-20,,,,1.3,1.8,1.8,129.445,467.89900000000137,26.258333333333336,4.3888924000000005,411551.0,1255426.0,0,,,,,,,,,120000.0
2019-08-20,다대포서측,B,0.5,0.5,0.5,False,2019-08-20,2019-08-20,,,,1.3,1.8,1.8,129.445,467.89900000000137,26.258333333333336,4.3888924000000005,411551.0,1255426.0,0,,,,,,,,,120000.0
2019-08-20,다대포서측,C,1.0,0.5,5.0,False,2019-08-20,2019-08-20,,,,1.3,1.8,1.8,129.445,467.89900000000137,26.258333333333336,4.3888924000000005,411551.0,1255426.0,0,,,,,,,,,120000.0
2019-08-13,다대포서측,A,0.0,0.5,0.5,False,2019-08-13,2019-08-13,,,,0.2,0.4,0.4,158.595,557.7650000000015,27.995833333333334,4.805559400000001,436249.0,1304164.0,0,,,,,,,,,155000.0
2019-08-13,다대포서측,B,0.5,0.5,5.0,False,2019-08-13,2019-08-13,,,,0.2,0.4,0.4,158.595,557.7650000000015,27.995833333333334,4.805559400000001,436249.0,1304164.0,0,,,,,,,,,155000.0
2019-08-13,다대포서측,C,1.0,0.5,0.5,False,2019-08-13,2019-08-13,,,,0.2,0.4,0.4,158.595,557.7650000000015,27.995833333333334,4.805559400000001,436249.0,1304164.0,0,,,,,,,,,155000.0
2019-08-01,다대포서측,A,0.0,0.5,0.5,False,2019-08-01,2019-08-01,,,,0.1,1.1,3.3000000000000003,241.078,731.7280000000014,27.383333333333336,5.6944490000000005,475115.0,1403893.0,0,,,,,,,,,270000.0
2019-08-01,다대포서측,B,0.5,0.5,0.5,False,2019-08-01,2019-08-01,,,,0.1,1.1,3.3000000000000003,241.078,731.7280000000014,27.383333333333336,5.6944490000000005,475115.0,1403893.0,0,,,,,,,,,270000.0
2019-08-01,다대포서측,C,1.0,0.5,0.5,False,2019-08-01,2019-08-01,,,,0.1,1.1,3.3000000000000003,241.078,731.7280000000014,27.383333333333336,5.6944490000000005,475115.0,1403893.0,0,,,,,,,,,270000.0
2019-07-16,다대포서측,A,0.0,63.0,93.0,False,2019-07-16,2019-07-16,,,,0.5,1.0,3.999999999999986,155.219,412.3900000000009,23.212500000000002,3.750003,403480.0,1193142.0,0,,,,,,,,,65000.0
2019-07-16,다대포서측,B,0.5,62.0,269.0,True,2019-07-16,2019-07-16,,,,0.5,1.0,3.999999999999986,155.219,412.3900000000009,23.212500000000002,3.750003,403480.0,1193142.0,0,,,,,,,,,65000.0
2019-07-16,다대포서측,C,1.0,63.0,430.0,True,2019-07-16,2019-07-16,,,,0.5,1.0,3.999999999999986,155.219,412.3900000000009,23.212500000000002,3.750003,403480.0,1193142.0,0,,,,,,,,,65000.0
2019-07-09,다대포서측,A,0.0,20.0,433.0,True,2019-07-09,2019-07-09,,,,3.5999999999999996,4.300000000000014,4.299999999999986,143.9,401.67200000000093,21.941666666666666,6.611116400000001,395488.0,1204042.0,0,,,,,,,,,26000.0
2019-07-09,다대포서측,B,0.5,20.0,362.0,True,2019-07-09,2019-07-09,,,,3.5999999999999996,4.300000000000014,4.299999999999986,143.9,401.67200000000093,21.941666666666666,6.611116400000001,395488.0,1204042.0,0,,,,,,,,,26000.0
2019-07-09,다대포서측,C,1.0,20.0,86.0,False,2019-07-09,2019-07-09,,,,3.5999999999999996,4.300000000000014,4.299999999999986,143.9,401.67200000000093,21.941666666666666,6.611116400000001,395488.0,1204042.0,0,,,,,,,,,26000.0
2019-06-17,다대포서측,A,0.0,0.5,10.0,False,2019-06-17,2019-06-17,,,,0.5,11.700000000000014,24.1,123.095,345.6940000000009,19.541666666666668,4.583337,359602.0,1184792.0,0,,,,,,,,,0.0
2019-06-17,다대포서측,B,0.5,0.5,10.0,False,2019-06-17,2019-06-17,,,,0.5,11.700000000000014,24.1,123.095,345.6940000000009,19.541666666666668,4.583337,359602.0,1184792.0,0,,,,,,,,,0.0
2019-06-17,다대포서측,C,1.0,20.0,0.5,False,2019-06-17,2019-06-17,,,,0.5,11.700000000000014,24.1,123.095,345.6940000000009,19.541666666666668,4.583337,359602.0,1184792.0,0,,,,,,,,,0.0
2020-09-15,다대포서측,A,0.0,638.0,1180.0,True,2020-09-15,,,,,0.1,0.6000000000000142,9.199999999999987,620.826,2185.607000000001,21.433333333333334,4.6944482,458336.0,1417687.0,1,23.225,3.727,5.746270833333333,37.5,31.237152777777776,7.873125,8.481979166666667,2.068402777777778,
2020-09-15,다대포서측,B,0.5,8164.0,12098.0,True,2020-09-15,,,,,0.1,0.6000000000000142,9.199999999999987,620.826,2185.607000000001,21.433333333333334,4.6944482,458336.0,1417687.0,1,23.225,3.727,5.746270833333333,37.5,31.237152777777776,7.873125,8.481979166666667,2.068402777777778,
2020-09-15,다대포서측,C,1.0,161.0,3066.0,True,2020-09-15,,,,,0.1,0.6000000000000142,9.199999999999987,620.826,2185.607000000001,21.433333333333334,4.6944482,458336.0,1417687.0,1,23.225,3.727,5.746270833333333,37.5,31.237152777777776,7.873125,8.481979166666667,2.068402777777778,
2020-08-19,다대포서측,A,0.0,0.5,0.5,False,2020-08-19,2020-08-19,,,,0.0,0.0,0.0,627.333,3112.69,27.59583333333333,3.694447400000001,494063.0,1486596.0,0,1.1700704225352112,0.0,0.2633133802816901,26.74,1.1882394366197182,0.374612676056338,0.4150704225352112,0.1804577464788732,23400.0
2020-08-19,다대포서측,B,0.5,0.5,0.5,False,2020-08-19,2020-08-19,,,,0.0,0.0,0.0,627.333,3112.69,27.59583333333333,3.694447400000001,494063.0,1486596.0,0,1.1700704225352112,0.0,0.2633133802816901,26.74,1.1882394366197182,0.374612676056338,0.4150704225352112,0.1804577464788732,23400.0
2020-08-19,다대포서측,C,1.0,0.5,0.5,False,2020-08-19,2020-08-19,,,,0.0,0.0,0.0,627.333,3112.69,27.59583333333333,3.694447400000001,494063.0,1486596.0,0,1.1700704225352112,0.0,0.2633133802816901,26.74,1.1882394366197182,0.374612676056338,0.4150704225352112,0.1804577464788732,23400.0
2020-08-14,다대포서측,A,0.0,41.0,26.0,False,2020-08-14,2020-08-14,,,,0.0,5.300000000000014,19.399999999999984,3642.857,16114.124,27.3125,5.8055602,541676.0,1671956.0,1,0.0,0.0,0.0,0.0,0.0,0.0,0.0,0.0,98100.0
2020-08-14,다대포서측,B,0.5,20.0,5.0,False,2020-08-14,2020-08-14,,,,0.0,5.300000000000014,19.399999999999984,3642.857,16114.124,27.3125,5.8055602,541676.0,1671956.0,1,0.0,0.0,0.0,0.0,0.0,0.0,0.0,0.0,98100.0
2020-08-14,다대포서측,C,1.0,20.0,0.5,False,2020-08-14,2020-08-14,,,,0.0,5.300000000000014,19.399999999999984,3642.857,16114.124,27.3125,5.8055602,541676.0,1671956.0,1,0.0,0.0,0.0,0.0,0.0,0.0,0.0,0.0,98100.0
2020-08-04,다대포서측,A,0.0,0.5,15.0,False,2020-08-04,2020-08-04,,,,0.9,1.7000000000000144,2.3999999999999857,2496.989,7626.853000000001,26.566666666666666,6.666672,505620.0,1558713.0,0,23.675901639344264,0.06,0.0616229508196721,46.07,41.13852459016393,7.355573770491803,8.528524590163935,3.102786885245902,117000.0
2020-08-04,다대포서측,B,0.5,0.5,5.0,False,2020-08-04,2020-08-04,,,,0.9,1.7000000000000144,2.3999999999999857,2496.989,7626.853000000001,26.566666666666666,6.666672,505620.0,1558713.0,0,23.675901639344264,0.06,0.0616229508196721,46.07,41.13852459016393,7.355573770491803,8.528524590163935,3.102786885245902,117000.0
2020-08-04,다대포서측,C,1.0,0.5,15.0,False,2020-08-04,2020-08-04,,,,0.9,1.7000000000000144,2.3999999999999857,2496.989,7626.853000000001,26.566666666666666,6.666672,505620.0,1558713.0,0,23.675901639344264,0.06,0.0616229508196721,46.07,41.13852459016393,7.355573770491803,8.528524590163935,3.102786885245902,117000.0
2020-07-21,다대포서측,A,0.0,86.0,5.0,False,2020-07-21,2020-07-21,,,,8.200000000000001,14.900000000000016,17.19999999999999,805.054,2438.146000000002,24.983333333333334,8.472229,466716.0,1390107.0,1,16.257971530249108,0.0,1.5834483985765124,58.85,27.87238434163701,5.215338078291815,2.129786476868328,2.081067615658363,27000.0
2020-07-21,다대포서측,B,0.5,31.0,16.0,False,2020-07-21,2020-07-21,,,,8.200000000000001,14.900000000000016,17.19999999999999,805.054,2438.146000000002,24.983333333333334,8.472229,466716.0,1390107.0,1,16.257971530249108,0.0,1.5834483985765124,58.85,27.87238434163701,5.215338078291815,2.129786476868328,2.081067615658363,27000.0
2020-07-21,다대포서측,C,1.0,86.0,16.0,False,2020-07-21,2020-07-21,,,,8.200000000000001,14.900000000000016,17.19999999999999,805.054,2438.146000000002,24.983333333333334,8.472229,466716.0,1390107.0,1,16.257971530249108,0.0,1.5834483985765124,58.85,27.87238434163701,5.215338078291815,2.129786476868328,2.081067615658363,27000.0
2020-07-17,다대포서측,A,0.0,10.0,0.5,False,2020-07-17,2020-07-17,,,,0.0,5.700000000000014,9.799999999999986,1817.442,10791.321,20.7,4.611114800000001,553480.0,1706859.0,1,22.427256944444444,0.892,1.6655208333333331,77.67,59.70486111111112,7.235104166666667,4.499756944444445,2.862430555555556,36000.0
2020-07-17,다대포서측,B,0.5,20.0,10.0,False,2020-07-17,2020-07-17,,,,0.0,5.700000000000014,9.799999999999986,1817.442,10791.321,20.7,4.611114800000001,553480.0,1706859.0,1,22.427256944444444,0.892,1.6655208333333331,77.67,59.70486111111112,7.235104166666667,4.499756944444445,2.862430555555556,36000.0
2020-07-17,다대포서측,C,1.0,41.0,0.5,False,2020-07-17,2020-07-17,,,,0.0,5.700000000000014,9.799999999999986,1817.442,10791.321,20.7,4.611114800000001,553480.0,1706859.0,1,22.427256944444444,0.892,1.6655208333333331,77.67,59.70486111111112,7.235104166666667,4.499756944444445,2.862430555555556,36000.0
2020-07-09,다대포서측,A,0.0,10.0,10.0,False,2020-07-09,2020-07-09,,,,0.5,0.6,5.699999999999985,407.652,1118.139000000002,23.391666666666666,3.694447400000001,443072.0,1326976.0,0,24.569027777777777,6.822,9.134972222222222,20.95,16.700763888888886,7.960277777777778,6.634375,1.7434722222222223,34500.0
2020-07-09,다대포서측,B,0.5,20.0,10.0,False,2020-07-09,2020-07-09,,,,0.5,0.6,5.699999999999985,407.652,1118.139000000002,23.391666666666666,3.694447400000001,443072.0,1326976.0,0,24.569027777777777,6.822,9.134972222222222,20.95,16.700763888888886,7.960277777777778,6.634375,1.7434722222222223,34500.0
2020-07-09,다대포서측,C,1.0,10.0,0.5,False,2020-07-09,2020-07-09,,,,0.5,0.6,5.699999999999985,407.652,1118.139000000002,23.391666666666666,3.694447400000001,443072.0,1326976.0,0,24.569027777777777,6.822,9.134972222222222,20.95,16.700763888888886,7.960277777777778,6.634375,1.7434722222222223,34500.0
2020-06-17,다대포서측,A,0.0,135.0,10.0,False,2020-06-17,2020-06-17,,,,0.0,0.0,31.599999999999987,279.971,1369.2500000000018,22.683333333333334,5.3888932,430281.0,1394958.0,0,9.855972222222222,0.0,6.4195625000000005,16.61,6.279444444444445,3.1702430555555554,1.491458333333333,0.1991666666666666,0.0
2020-06-17,다대포서측,B,0.5,135.0,0.5,False,2020-06-17,2020-06-17,,,,0.0,0.0,31.599999999999987,279.971,1369.2500000000018,22.683333333333334,5.3888932,430281.0,1394958.0,0,9.855972222222222,0.0,6.4195625000000005,16.61,6.279444444444445,3.1702430555555554,1.491458333333333,0.1991666666666666,0.0
2020-06-17,다대포서측,C,1.0,86.0,48.0,False,2020-06-17,2020-06-17,,,,0.0,0.0,31.599999999999987,279.971,1369.2500000000018,22.683333333333334,5.3888932,430281.0,1394958.0,0,9.855972222222222,0.0,6.4195625000000005,16.61,6.279444444444445,3.1702430555555554,1.491458333333333,0.1991666666666666,0.0
2021-09-29,다대포서측,다대B,0.5,10.0,20.0,False,2021-09-29,,,,,4.6,4.600000000000007,4.599999999999985,130.568,511.58800000000093,22.075,5.2222264,394472.0,1154740.0,0,,,,,,,,,
2021-09-29,다대포서측,다대C,1.0,5.0,10.0,False,2021-09-29,,,,,4.6,4.600000000000007,4.599999999999985,130.568,511.58800000000093,22.075,5.2222264,394472.0,1154740.0,0,,,,,,,,,
2021-08-31,다대포서측,,0.0,0.5,0.5,False,2021-08-31,2021-08-31,,,,3.5999999999999996,4.600000000000007,6.899999999999985,1077.127,3562.826000000001,25.995833333333334,3.5000028000000003,509401.0,1595791.0,1,,,,,,,,,4912.0
2021-08-31,다대포서측,,0.0,0.5,10.0,False,2021-08-31,2021-08-31,,,,3.5999999999999996,4.600000000000007,6.899999999999985,1077.127,3562.826000000001,25.995833333333334,3.5000028000000003,509401.0,1595791.0,1,,,,,,,,,4912.0
2021-08-31,다대포서측,,0.0,10.0,5.0,False,2021-08-31,2021-08-31,,,,3.5999999999999996,4.600000000000007,6.899999999999985,1077.127,3562.826000000001,25.995833333333334,3.5000028000000003,509401.0,1595791.0,1,,,,,,,,,4912.0
2021-08-10,다대포서측,,0.0,0.5,0.5,False,2021-08-10,2021-08-10,,,,10.4,50.20000000000001,55.399999999999984,504.885,1194.0160000000014,26.40833333333333,5.611115600000001,477981.0,1338886.0,1,,,,,,,,,62340.0
2021-08-10,다대포서측,,0.0,52.0,26.0,False,2021-08-10,2021-08-10,,,,10.4,50.20000000000001,55.399999999999984,504.885,1194.0160000000014,26.40833333333333,5.611115600000001,477981.0,1338886.0,1,,,,,,,,,62340.0
2021-08-10,다대포서측,,0.0,41.0,5.0,False,2021-08-10,2021-08-10,,,,10.4,50.20000000000001,55.399999999999984,504.885,1194.0160000000014,26.40833333333333,5.611115600000001,477981.0,1338886.0,1,,,,,,,,,62340.0
2021-08-03,다대포서측,,0.0,0.5,10.0,False,2021-08-03,2021-08-03,,,,5.9,10.800000000000015,11.499999999999988,447.843,698.8610000000014,27.833333333333332,3.8333364000000008,380609.0,1129035.0,0,,,,,,,,,36816.0
2021-08-03,다대포서측,,0.0,0.5,5.0,False,2021-08-03,2021-08-03,,,,5.9,10.800000000000015,11.499999999999988,447.843,698.8610000000014,27.833333333333332,3.8333364000000008,380609.0,1129035.0,0,,,,,,,,,36816.0
2021-08-03,다대포서측,,0.0,0.5,0.5,False,2021-08-03,2021-08-03,,,,5.9,10.800000000000015,11.499999999999988,447.843,698.8610000000014,27.833333333333332,3.8333364000000008,380609.0,1129035.0,0,,,,,,,,,36816.0
2021-07-29,다대포서측,,0.0,10.0,0.5,False,2021-07-29,2021-07-29,,,,0.2,0.20000000000001422,0.1999999999999867,150.342,583.5910000000014,27.0,3.8055586,417574.0,1262010.0,0,,,,,,,,,21300.0
2021-07-29,다대포서측,,0.0,0.5,0.5,False,2021-07-29,2021-07-29,,,,0.2,0.20000000000001422,0.1999999999999867,150.342,583.5910000000014,27.0,3.8055586,417574.0,1262010.0,0,,,,,,,,,21300.0
2021-07-29,다대포서측,,0.0,41.0,0.5,False,2021-07-29,2021-07-29,,,,0.2,0.20000000000001422,0.1999999999999867,150.342,583.5910000000014,27.0,3.8055586,417574.0,1262010.0,0,,,,,,,,,21300.0
2021-07-22,다대포서측,,0.0,1467.0,135.0,True,2021-07-22,2021-07-22,,,,0.0,0.40000000000001423,5.999999999999987,387.854,1359.6220000000014,26.925,6.2222272,442245.0,1332368.0,0,,,,,,,,,20600.0
2021-07-22,다대포서측,,0.0,2486.0,92.0,True,2021-07-22,2021-07-22,,,,0.0,0.40000000000001423,5.999999999999987,387.854,1359.6220000000014,26.925,6.2222272,442245.0,1332368.0,0,,,,,,,,,20600.0
2021-07-22,다대포서측,,0.0,2755.0,162.0,True,2021-07-22,2021-07-22,,,,0.0,0.40000000000001423,5.999999999999987,387.854,1359.6220000000014,26.925,6.2222272,442245.0,1332368.0,0,,,,,,,,,20600.0
2021-07-15,다대포서측,,0.0,10.0,5.0,False,2021-07-15,2021-07-15,,,,1.4000000000000001,3.300000000000014,4.899999999999986,702.712,4014.9990000000016,26.708333333333332,4.583337,503532.0,1559730.0,0,,,,,,,,,14702.0
2021-07-15,다대포서측,,0.0,0.5,0.5,False,2021-07-15,2021-07-15,,,,1.4000000000000001,3.300000000000014,4.899999999999986,702.712,4014.9990000000016,26.708333333333332,4.583337,503532.0,1559730.0,0,,,,,,,,,14702.0
2021-07-15,다대포서측,,0.0,10.0,0.5,False,2021-07-15,2021-07-15,,,,1.4000000000000001,3.300000000000014,4.899999999999986,702.712,4014.9990000000016,26.708333333333332,4.583337,503532.0,1559730.0,0,,,,,,,,,14702.0
2021-06-08,다대포서측,,0.0,11199.0,0.5,True,2021-06-08,2021-06-08,,,,0.0,0.0,0.0,200.932,844.4700000000009,21.279166666666665,4.3333368000000005,374302.0,1133043.0,0,21.93208333333333,10.25,13.761020833333331,30.0,24.541666666666668,7.658923611111111,7.153576388888889,3.637534722222222,0.0
2021-06-08,다대포서측,,0.0,9208.0,0.5,True,2021-06-08,2021-06-08,,,,0.0,0.0,0.0,200.932,844.4700000000009,21.279166666666665,4.3333368000000005,374302.0,1133043.0,0,21.93208333333333,10.25,13.761020833333331,30.0,24.541666666666668,7.658923611111111,7.153576388888889,3.637534722222222,0.0
2021-06-08,다대포서측,,0.0,8164.0,0.5,True,2021-06-08,2021-06-08,,,,0.0,0.0,0.0,200.932,844.4700000000009,21.279166666666665,4.3333368000000005,374302.0,1133043.0,0,21.93208333333333,10.25,13.761020833333331,30.0,24.541666666666668,7.658923611111111,7.153576388888889,3.637534722222222,0.0
2022-09-26,다대포서측,,0.0,63.0,10.0,False,2022-09-26,,,,,0.1,0.10000000000001422,0.0999999999999858,116.468,358.8950000000018,19.291666666666668,4.583337,374528.0,1165033.0,0,23.00625,14.36,18.51269097222222,24.0,21.11458333333333,8.038194444444445,7.298981132075472,3.9724714828897336,
2022-09-26,다대포서측,,0.0,246.0,10.0,False,2022-09-26,,,,,0.1,0.10000000000001422,0.0999999999999858,116.468,358.8950000000018,19.291666666666668,4.583337,374528.0,1165033.0,0,23.00625,14.36,18.51269097222222,24.0,21.11458333333333,8.038194444444445,7.298981132075472,3.9724714828897336,
2022-09-26,다대포서측,,0.0,74.0,26.0,False,2022-09-26,,,,,0.1,0.10000000000001422,0.0999999999999858,116.468,358.8950000000018,19.291666666666668,4.583337,374528.0,1165033.0,0,23.00625,14.36,18.51269097222222,24.0,21.11458333333333,8.038194444444445,7.298981132075472,3.9724714828897336,
2022-08-30,다대포서측,,0.0,110.0,43.0,False,2022-08-30,2022-08-30,,,,0.0,0.0,0.0,153.814,626.6810000000012,23.3875,3.8055586,387035.0,1174196.0,0,25.325952380952383,22.742,31.66140873015873,19.0,15.868217054263566,7.926070175438596,3.563139534883721,3.2982170542635663,77501.0
2022-08-30,다대포서측,,0.0,75.0,32.0,False,2022-08-30,2022-08-30,,,,0.0,0.0,0.0,153.814,626.6810000000012,23.3875,3.8055586,387035.0,1174196.0,0,25.325952380952383,22.742,31.66140873015873,19.0,15.868217054263566,7.926070175438596,3.563139534883721,3.2982170542635663,77501.0
2022-08-30,다대포서측,,0.0,74.0,10.0,False,2022-08-30,2022-08-30,,,,0.0,0.0,0.0,153.814,626.6810000000012,23.3875,3.8055586,387035.0,1174196.0,0,25.325952380952383,22.742,31.66140873015873,19.0,15.868217054263566,7.926070175438596,3.563139534883721,3.2982170542635663,77501.0
2022-08-16,다대포서측,,0.0,41.0,48.0,False,2022-08-16,2022-08-16,,,,1.1,4.700000000000013,15.099999999999984,323.719,1440.212000000001,28.9375,8.4166734,345923.0,1059403.0,0,28.957118055555554,2.06,8.037118055555556,29.0,23.4375,7.995451388888889,6.095208333333334,3.707152777777778,102865.0
2022-08-16,다대포서측,,0.0,155.0,42.0,False,2022-08-16,2022-08-16,,,,1.1,4.700000000000013,15.099999999999984,323.719,1440.212000000001,28.9375,8.4166734,345923.0,1059403.0,0,28.957118055555554,2.06,8.037118055555556,29.0,23.4375,7.995451388888889,6.095208333333334,3.707152777777778,102865.0
2022-08-16,다대포서측,,0.0,20.0,42.0,False,2022-08-16,2022-08-16,,,,1.1,4.700000000000013,15.099999999999984,323.719,1440.212000000001,28.9375,8.4166734,345923.0,1059403.0,0,28.957118055555554,2.06,8.037118055555556,29.0,23.4375,7.995451388888889,6.095208333333334,3.707152777777778,102865.0
2022-08-09,다대포서측,,0.0,0.5,87.0,False,2022-08-09,2022-08-09,,,,0.5,0.7000000000000142,1.3999999999999857,180.664,809.9910000000008,29.0625,7.166672400000001,361917.0,1053225.0,0,28.539125874125872,9.032,14.098573426573427,26.0,23.01048951048951,8.188391608391608,4.549895104895104,3.9391258741258737,57570.0
2022-08-09,다대포서측,,0.0,0.5,68.0,False,2022-08-09,2022-08-09,,,,0.5,0.7000000000000142,1.3999999999999857,180.664,809.9910000000008,29.0625,7.166672400000001,361917.0,1053225.0,0,28.539125874125872,9.032,14.098573426573427,26.0,23.01048951048951,8.188391608391608,4.549895104895104,3.9391258741258737,57570.0
2022-08-09,다대포서측,,0.0,0.5,89.0,False,2022-08-09,2022-08-09,,,,0.5,0.7000000000000142,1.3999999999999857,180.664,809.9910000000008,29.0625,7.166672400000001,361917.0,1053225.0,0,28.539125874125872,9.032,14.098573426573427,26.0,23.01048951048951,8.188391608391608,4.549895104895104,3.9391258741258737,57570.0
2022-07-26,다대포서측,,0.0,10.0,5.0,False,2022-07-26,2022-07-26,,,,1.9,28.400000000000013,28.899999999999984,205.596,513.1170000000008,25.570833333333336,4.5277814,431328.0,1294228.0,0,26.15822299651568,9.061,14.168968641114985,26.0,20.951219512195124,7.94411149825784,4.311742160278746,4.3183275261324034,57641.0
2022-07-26,다대포서측,,0.0,20.0,0.5,False,2022-07-26,2022-07-26,,,,1.9,28.400000000000013,28.899999999999984,205.596,513.1170000000008,25.570833333333336,4.5277814,431328.0,1294228.0,0,26.15822299651568,9.061,14.168968641114985,26.0,20.951219512195124,7.94411149825784,4.311742160278746,4.3183275261324034,57641.0
2022-07-26,다대포서측,,0.0,10.0,5.0,False,2022-07-26,2022-07-26,,,,1.9,28.400000000000013,28.899999999999984,205.596,513.1170000000008,25.570833333333336,4.5277814,431328.0,1294228.0,0,26.15822299651568,9.061,14.168968641114985,26.0,20.951219512195124,7.94411149825784,4.311742160278746,4.3183275261324034,57641.0
2022-07-20,다대포서측,,0.0,10.0,10.0,False,2022-07-20,2022-07-20,,,,1.9000000000000001,74.40000000000002,74.69999999999999,565.894,1098.9210000000007,25.666666666666668,4.1944478,527211.0,1363706.0,1,27.001093117408907,2.58,6.68029718875502,24.0,20.988888888888887,8.21450184501845,4.458877192982456,4.940175438596492,47588.0
2022-07-20,다대포서측,,0.0,30.0,5.0,False,2022-07-20,2022-07-20,,,,1.9000000000000001,74.40000000000002,74.69999999999999,565.894,1098.9210000000007,25.666666666666668,4.1944478,527211.0,1363706.0,1,27.001093117408907,2.58,6.68029718875502,24.0,20.988888888888887,8.21450184501845,4.458877192982456,4.940175438596492,47588.0
2022-07-20,다대포서측,,0.0,0.5,0.5,False,2022-07-20,2022-07-20,,,,1.9000000000000001,74.40000000000002,74.69999999999999,565.894,1098.9210000000007,25.666666666666668,4.1944478,527211.0,1363706.0,1,27.001093117408907,2.58,6.68029718875502,24.0,20.988888888888887,8.21450184501845,4.458877192982456,4.940175438596492,47588.0
2022-07-07,다대포서측,,0.0,20.0,5.0,False,2022-07-07,2022-07-07,,,,0.5,4.300000000000014,6.499999999999986,113.413,356.57400000000086,26.474999999999998,3.5000028000000003,407549.0,1201421.0,0,24.78985576923077,17.138,20.65574519230769,16.0,14.533653846153848,7.994375,4.979855769230769,3.3648076923076924,50411.0
2022-07-07,다대포서측,,0.0,0.5,5.0,False,2022-07-07,2022-07-07,,,,0.5,4.300000000000014,6.499999999999986,113.413,356.57400000000086,26.474999999999998,3.5000028000000003,407549.0,1201421.0,0,24.78985576923077,17.138,20.65574519230769,16.0,14.533653846153848,7.994375,4.979855769230769,3.3648076923076924,50411.0
2022-07-07,다대포서측,,0.0,0.5,0.5,False,2022-07-07,2022-07-07,,,,0.5,4.300000000000014,6.499999999999986,113.413,356.57400000000086,26.474999999999998,3.5000028000000003,407549.0,1201421.0,0,24.78985576923077,17.138,20.65574519230769,16.0,14.533653846153848,7.994375,4.979855769230769,3.3648076923076924,50411.0
2022-06-13,다대포서측,다대포A,0.0,20.0,10.0,False,2022-06-13,,,,,0.0,0.20000000000001422,0.1999999999999858,106.623,327.05800000000085,19.883333333333333,6.5833386,350179.0,1096756.0,0,21.53081784386617,16.074,20.08389962825279,43.0,22.57201646090535,8.141115241635688,7.119685314685315,3.55006993006993,
2022-06-13,다대포서측,다대포B,0.5,5.0,0.5,False,2022-06-13,,,,,0.0,0.20000000000001422,0.1999999999999858,106.623,327.05800000000085,19.883333333333333,6.5833386,350179.0,1096756.0,0,21.53081784386617,16.074,20.08389962825279,43.0,22.57201646090535,8.141115241635688,7.119685314685315,3.55006993006993,
2022-06-13,다대포서측,다대포C,1.0,16.0,0.5,False,2022-06-13,,,,,0.0,0.20000000000001422,0.1999999999999858,106.623,327.05800000000085,19.883333333333333,6.5833386,350179.0,1096756.0,0,21.53081784386617,16.074,20.08389962825279,43.0,22.57201646090535,8.141115241635688,7.119685314685315,3.55006993006993,
2023-09-12,다대포서측,다대포 A2,0.0,15.0,0.5,False,2023-09-12,,,,,2.9,3.3,3.2999999999999856,328.59,1004.7230000000036,24.275000000000002,3.3888916,428146.0,1307202.0,0,,,,,,,,,
2023-09-12,다대포서측,다대포 B2,0.5,21.0,0.5,False,2023-09-12,,,,,2.9,3.3,3.2999999999999856,328.59,1004.7230000000036,24.275000000000002,3.3888916,428146.0,1307202.0,0,,,,,,,,,
2023-09-12,다대포서측,다대포 C2,1.0,5.0,31.0,False,2023-09-12,,,,,2.9,3.3,3.2999999999999856,328.59,1004.7230000000036,24.275000000000002,3.3888916,428146.0,1307202.0,0,,,,,,,,,
2023-08-28,다대포서측,다대포 A2,0.0,441.0,223.0,True,2023-08-28,2023-08-28,,,,0.1,0.1,0.5999999999999858,847.132,5721.811000000004,26.15833333333333,6.138893800000001,499286.0,1563599.0,0,,,,,,,,,122767.0
2023-08-28,다대포서측,다대포 B2,0.5,277.0,238.0,True,2023-08-28,2023-08-28,,,,0.1,0.1,0.5999999999999858,847.132,5721.811000000004,26.15833333333333,6.138893800000001,499286.0,1563599.0,0,,,,,,,,,122767.0
2023-08-28,다대포서측,다대포 C2,1.0,319.0,169.0,True,2023-08-28,2023-08-28,,,,0.1,0.1,0.5999999999999858,847.132,5721.811000000004,26.15833333333333,6.138893800000001,499286.0,1563599.0,0,,,,,,,,,122767.0
2023-08-16,다대포서측,다대포 A1,0.0,910.0,605.0,True,2023-08-16,2023-08-16,,,,0.0,0.4,0.4999999999999858,598.887,3148.983000000004,27.166666666666668,5.0555596000000005,476515.0,1414869.0,0,,,,,,,,,122816.0
2023-08-16,다대포서측,다대포 B2,0.5,1032.0,638.0,True,2023-08-16,2023-08-16,,,,0.0,0.4,0.4999999999999858,598.887,3148.983000000004,27.166666666666668,5.0555596000000005,476515.0,1414869.0,0,,,,,,,,,122816.0
2023-08-16,다대포서측,다대포 C2,1.0,1715.0,958.0,True,2023-08-16,2023-08-16,,,,0.0,0.4,0.4999999999999858,598.887,3148.983000000004,27.166666666666668,5.0555596000000005,476515.0,1414869.0,0,,,,,,,,,122816.0
2023-08-08,다대포서측,다대포  A1,0.0,26.0,20.0,False,2023-08-08,2023-08-08,,,,0.0,0.1,0.0999999999999858,230.247,686.4320000000027,29.97083333333333,7.027783400000001,396746.0,1175888.0,0,,,,,,,,,76901.0
2023-08-08,다대포서측,다대포  B1,0.5,49.0,63.0,False,2023-08-08,2023-08-08,,,,0.0,0.1,0.0999999999999858,230.247,686.4320000000027,29.97083333333333,7.027783400000001,396746.0,1175888.0,0,,,,,,,,,76901.0
2023-08-08,다대포서측,다대포  C1,1.0,21.0,41.0,False,2023-08-08,2023-08-08,,,,0.0,0.1,0.0999999999999858,230.247,686.4320000000027,29.97083333333333,7.027783400000001,396746.0,1175888.0,0,,,,,,,,,76901.0
2023-08-01,다대포서측,다대포 A1,0.0,21.0,10.0,False,2023-08-01,2023-08-01,,,,0.0,0.0,0.0,292.154,1069.4930000000027,28.233333333333334,3.722225200000001,424643.0,1319087.0,0,,,,,,,,,95208.0
2023-08-01,다대포서측,다대포 B1,0.5,31.0,10.0,False,2023-08-01,2023-08-01,,,,0.0,0.0,0.0,292.154,1069.4930000000027,28.233333333333334,3.722225200000001,424643.0,1319087.0,0,,,,,,,,,95208.0
2023-08-01,다대포서측,다대포 C1,1.0,67.0,31.0,False,2023-08-01,2023-08-01,,,,0.0,0.0,0.0,292.154,1069.4930000000027,28.233333333333334,3.722225200000001,424643.0,1319087.0,0,,,,,,,,,95208.0
2023-07-27,다대포서측,다대포 A2,0.0,5.0,0.5,False,2023-07-27,2023-07-27,,,,2.8000000000000003,6.9,11.999999999999986,1548.97,5373.1550000000025,26.204166666666666,3.2222248,530322.0,1579741.0,1,29.065135135135137,14.16,14.363243243243245,439.0,314.3243243243243,7.095945945945946,5.171891891891892,5.059189189189189,55373.0
2023-07-27,다대포서측,다대포 B2,0.5,5.0,10.0,False,2023-07-27,2023-07-27,,,,2.8000000000000003,6.9,11.999999999999986,1548.97,5373.1550000000025,26.204166666666666,3.2222248,530322.0,1579741.0,1,29.065135135135137,14.16,14.363243243243245,439.0,314.3243243243243,7.095945945945946,5.171891891891892,5.059189189189189,55373.0
2023-07-27,다대포서측,다대포 C2,1.0,16.0,10.0,False,2023-07-27,2023-07-27,,,,2.8000000000000003,6.9,11.999999999999986,1548.97,5373.1550000000025,26.204166666666666,3.2222248,530322.0,1579741.0,1,29.065135135135137,14.16,14.363243243243245,439.0,314.3243243243243,7.095945945945946,5.171891891891892,5.059189189189189,55373.0
2023-07-19,다대포서측,다대A2,0.0,11008.0,26490.0,True,2023-07-19,2023-07-19,,,,58.6,67.0,117.6,5147.167,18847.446000000004,24.641666666666666,7.027783400000001,561210.0,1680347.0,1,28.24725,13.89,13.93175,194.0,191.675,7.5125,2.38875,3.2902500000000003,15048.0
2023-07-19,다대포서측,다대B2,0.5,8742.0,26490.0,True,2023-07-19,2023-07-19,,,,58.6,67.0,117.6,5147.167,18847.446000000004,24.641666666666666,7.027783400000001,561210.0,1680347.0,1,28.24725,13.89,13.93175,194.0,191.675,7.5125,2.38875,3.2902500000000003,15048.0
2023-07-19,다대포서측,다대C2,1.0,15830.0,39575.0,True,2023-07-19,2023-07-19,,,,58.6,67.0,117.6,5147.167,18847.446000000004,24.641666666666666,7.027783400000001,561210.0,1680347.0,1,28.24725,13.89,13.93175,194.0,191.675,7.5125,2.38875,3.2902500000000003,15048.0
2023-07-04,다대포서측,다대포 A2,0.0,36.0,428.0,True,2023-07-04,2023-07-04,,,,0.6,0.6,1.9999999999999858,753.976,4808.637000000002,24.208333333333332,4.305559000000001,421928.0,1343311.0,0,28.81083333333333,13.77,14.009166666666664,186.0,185.69444444444449,7.398055555555555,3.485,3.258055555555556,38366.0
2023-07-04,다대포서측,다대포 B2,0.5,32.0,226.0,True,2023-07-04,2023-07-04,,,,0.6,0.6,1.9999999999999858,753.976,4808.637000000002,24.208333333333332,4.305559000000001,421928.0,1343311.0,0,28.81083333333333,13.77,14.009166666666664,186.0,185.69444444444449,7.398055555555555,3.485,3.258055555555556,38366.0
2023-07-04,다대포서측,다대포 C2,1.0,241.0,1785.0,True,2023-07-04,2023-07-04,,,,0.6,0.6,1.9999999999999858,753.976,4808.637000000002,24.208333333333332,4.305559000000001,421928.0,1343311.0,0,28.81083333333333,13.77,14.009166666666664,186.0,185.69444444444449,7.398055555555555,3.485,3.258055555555556,38366.0
2023-06-07,다대포서측,다대포A,0.0,5.0,10.0,False,2023-06-07,,,,,0.4,0.40000000000001423,0.3999999999999858,177.738,795.4220000000017,19.433333333333334,5.1111152,406277.0,1241449.0,0,25.1625,15.82,16.47068181818182,574.0,565.1818181818181,8.155,7.606136363636364,10.29181818181818,
2023-06-07,다대포서측,다대포B,0.5,26.0,10.0,False,2023-06-07,,,,,0.4,0.40000000000001423,0.3999999999999858,177.738,795.4220000000017,19.433333333333334,5.1111152,406277.0,1241449.0,0,25.1625,15.82,16.47068181818182,574.0,565.1818181818181,8.155,7.606136363636364,10.29181818181818,
2023-06-07,다대포서측,다대포C,1.0,0.5,20.0,False,2023-06-07,,,,,0.4,0.40000000000001423,0.3999999999999858,177.738,795.4220000000017,19.433333333333334,5.1111152,406277.0,1241449.0,0,25.1625,15.82,16.47068181818182,574.0,565.1818181818181,8.155,7.606136363636364,10.29181818181818,
2024-09-05,다대포서측,a2,0.0,5.0,74.0,False,2024-09-05,,,,,0.0,0.1,1.7999999999999636,128.566,448.5140000000036,24.745833333333334,5.8055602,478910.0,1409303.0,0,27.844590163934427,14.4,24.10672131147541,43.0,28.983606557377048,8.277868852459017,3.9072131147540974,2.695081967213115,
2024-09-05,다대포서측,b2,0.5,37.0,41.0,False,2024-09-05,,,,,0.0,0.1,1.7999999999999636,128.566,448.5140000000036,24.745833333333334,5.8055602,478910.0,1409303.0,0,27.844590163934427,14.4,24.10672131147541,43.0,28.983606557377048,8.277868852459017,3.9072131147540974,2.695081967213115,
2024-09-05,다대포서측,c2,1.0,16.0,63.0,False,2024-09-05,,,,,0.0,0.1,1.7999999999999636,128.566,448.5140000000036,24.745833333333334,5.8055602,478910.0,1409303.0,0,27.844590163934427,14.4,24.10672131147541,43.0,28.983606557377048,8.277868852459017,3.9072131147540974,2.695081967213115,
2024-08-19,다대포서측,a1,0.0,79.0,0.5,False,2024-08-19,,,,,0.2,1.2999999999999998,2.099999999999968,521.793,714.0140000000036,27.491666666666664,5.361115400000001,356999.0,1063023.0,0,,,,,,,,,
2024-08-19,다대포서측,b1,0.5,80.0,41.0,False,2024-08-19,,,,,0.2,1.2999999999999998,2.099999999999968,521.793,714.0140000000036,27.491666666666664,5.361115400000001,356999.0,1063023.0,0,,,,,,,,,
2024-08-19,다대포서측,c1,1.0,61.0,63.0,False,2024-08-19,,,,,0.2,1.2999999999999998,2.099999999999968,521.793,714.0140000000036,27.491666666666664,5.361115400000001,356999.0,1063023.0,0,,,,,,,,,
2024-08-09,다대포서측,a1,0.0,26.0,262.0,True,2024-08-09,,,,,5.6000000000000005,8.3,11.399999999999968,261.963,1183.1720000000037,28.412499999999998,3.5277806000000003,398259.0,1187619.0,0,27.14968253968254,0.03,3.775555555555556,260.0,129.66666666666666,8.115555555555556,6.207460317460318,4.410793650793651,
2024-08-09,다대포서측,b1,0.5,48.0,292.0,True,2024-08-09,,,,,5.6000000000000005,8.3,11.399999999999968,261.963,1183.1720000000037,28.412499999999998,3.5277806000000003,398259.0,1187619.0,0,27.14968253968254,0.03,3.775555555555556,260.0,129.66666666666666,8.115555555555556,6.207460317460318,4.410793650793651,
2024-08-09,다대포서측,c1,1.0,37.0,288.0,True,2024-08-09,,,,,5.6000000000000005,8.3,11.399999999999968,261.963,1183.1720000000037,28.412499999999998,3.5277806000000003,398259.0,1187619.0,0,27.14968253968254,0.03,3.775555555555556,260.0,129.66666666666666,8.115555555555556,6.207460317460318,4.410793650793651,
2024-07-29,다대포서측,a1,0.0,16.0,109.0,True,2024-07-29,,,,,0.7,4.0,5.899999999999968,416.857,1156.1930000000036,27.991666666666664,5.4722266,444471.0,1508324.0,0,,,,,,,,,
2024-07-29,다대포서측,b1,0.5,43.0,63.0,False,2024-07-29,,,,,0.7,4.0,5.899999999999968,416.857,1156.1930000000036,27.991666666666664,5.4722266,444471.0,1508324.0,0,,,,,,,,,
2024-07-29,다대포서측,c1,1.0,55.0,131.0,True,2024-07-29,,,,,0.7,4.0,5.899999999999968,416.857,1156.1930000000036,27.991666666666664,5.4722266,444471.0,1508324.0,0,,,,,,,,,
2024-07-22,다대포서측,a1,0.0,79.0,148.0,True,2024-07-22,,,,,1.0,1.9,29.099999999999966,1292.867,3896.4180000000033,27.5,7.527783800000001,427203.0,1374596.0,0,25.87655172413793,0.1,0.3282758620689655,104.0,59.44827586206897,7.641724137931034,7.565344827586207,13.865172413793102,
2024-07-22,다대포서측,b2,0.5,95.0,201.0,True,2024-07-22,,,,,1.0,1.9,29.099999999999966,1292.867,3896.4180000000033,27.5,7.527783800000001,427203.0,1374596.0,0,25.87655172413793,0.1,0.3282758620689655,104.0,59.44827586206897,7.641724137931034,7.565344827586207,13.865172413793102,
2024-07-22,다대포서측,c1,1.0,86.0,171.0,True,2024-07-22,,,,,1.0,1.9,29.099999999999966,1292.867,3896.4180000000033,27.5,7.527783800000001,427203.0,1374596.0,0,25.87655172413793,0.1,0.3282758620689655,104.0,59.44827586206897,7.641724137931034,7.565344827586207,13.865172413793102,
2024-07-08,다대포서측,A1,0.0,77.0,122.0,True,2024-07-08,,,,,0.1,0.9,0.8999999999999716,225.073,1099.3300000000036,25.8125,7.2777836,383545.0,1238399.0,0,25.35959183673469,4.5,6.368163265306123,17.0,14.591836734693878,7.6971428571428575,5.791224489795918,2.242857142857143,
2024-07-08,다대포서측,B2,0.5,37.0,52.0,False,2024-07-08,,,,,0.1,0.9,0.8999999999999716,225.073,1099.3300000000036,25.8125,7.2777836,383545.0,1238399.0,0,25.35959183673469,4.5,6.368163265306123,17.0,14.591836734693878,7.6971428571428575,5.791224489795918,2.242857142857143,
2024-07-08,다대포서측,c1,1.0,48.0,98.0,False,2024-07-08,,,,,0.1,0.9,0.8999999999999716,225.073,1099.3300000000036,25.8125,7.2777836,383545.0,1238399.0,0,25.35959183673469,4.5,6.368163265306123,17.0,14.591836734693878,7.6971428571428575,5.791224489795918,2.242857142857143,
2024-07-04,다대포서측,A1,0.0,220.0,620.0,True,2024-07-04,,,,,1.8,30.5,30.69999999999997,1630.786,3744.561000000004,25.633333333333336,8.9722294,464444.0,1405174.0,1,24.989636363636365,0.11,0.1521818181818181,26.0,22.036363636363635,7.594363636363636,6.690545454545455,3.3374545454545457,
2024-07-04,다대포서측,B2,0.5,87.0,446.0,True,2024-07-04,,,,,1.8,30.5,30.69999999999997,1630.786,3744.561000000004,25.633333333333336,8.9722294,464444.0,1405174.0,1,24.989636363636365,0.11,0.1521818181818181,26.0,22.036363636363635,7.594363636363636,6.690545454545455,3.3374545454545457,
2024-07-04,다대포서측,c2,1.0,84.0,459.0,True,2024-07-04,,,,,1.8,30.5,30.69999999999997,1630.786,3744.561000000004,25.633333333333336,8.9722294,464444.0,1405174.0,1,24.989636363636365,0.11,0.1521818181818181,26.0,22.036363636363635,7.594363636363636,6.690545454545455,3.3374545454545457,
2024-06-04,다대포서측,a1,0.0,0.5,31.0,False,2024-06-04,,,,,2.5,3.3,3.5999999999999788,276.819,831.9780000000035,18.283333333333335,5.1944486,335222.0,987888.0,0,22.14,10.42,13.091666666666669,130.0,43.25,8.325166666666666,7.9905,3.7755,
2024-06-04,다대포서측,b1,0.5,5.0,63.0,False,2024-06-04,,,,,2.5,3.3,3.5999999999999788,276.819,831.9780000000035,18.283333333333335,5.1944486,335222.0,987888.0,0,22.14,10.42,13.091666666666669,130.0,43.25,8.325166666666666,7.9905,3.7755,
2024-06-04,다대포서측,c1,1.0,5.0,73.0,False,2024-06-04,,,,,2.5,3.3,3.5999999999999788,276.819,831.9780000000035,18.283333333333335,5.1944486,335222.0,987888.0,0,22.14,10.42,13.091666666666669,130.0,43.25,8.325166666666666,7.9905,3.7755,
2025-09-02,다대포서측,A2,0.0,85.0,0.5,False,2025-09-02,,,,,12.700000000000001,33.400000000000006,33.39999999999997,188.553,685.4030000000039,26.558333333333334,6.6388942,377850.0,1052956.0,0,,,,,,,,,
2025-09-02,다대포서측,B2,0.5,41.0,21.0,False,2025-09-02,,,,,12.700000000000001,33.400000000000006,33.39999999999997,188.553,685.4030000000039,26.558333333333334,6.6388942,377850.0,1052956.0,0,,,,,,,,,
2025-09-02,다대포서측,C2,1.0,41.0,5.0,False,2025-09-02,,,,,12.700000000000001,33.400000000000006,33.39999999999997,188.553,685.4030000000039,26.558333333333334,6.6388942,377850.0,1052956.0,0,,,,,,,,,
2025-08-26,다대포서측,A2,0.0,160.0,5.0,False,2025-08-26,,,,,0.1,0.2,0.19999999999996448,216.91,716.2900000000038,29.15833333333333,5.555560000000001,351468.0,1090416.0,0,,,,,,,,,
2025-08-26,다대포서측,B2,0.5,108.0,5.0,False,2025-08-26,,,,,0.1,0.2,0.19999999999996448,216.91,716.2900000000038,29.15833333333333,5.555560000000001,351468.0,1090416.0,0,,,,,,,,,
2025-08-26,다대포서측,C2,1.0,108.0,0.5,False,2025-08-26,,,,,0.1,0.2,0.19999999999996448,216.91,716.2900000000038,29.15833333333333,5.555560000000001,351468.0,1090416.0,0,,,,,,,,,
2025-08-18,다대포서측,A2,0.0,0.5,0.5,False,2025-08-18,,,,,0.0,0.0,0.19999999999996448,433.051,1324.344000000004,28.1375,2.8333356,374848.0,1208321.0,0,,,,,,,,,
2025-08-18,다대포서측,B2,0.5,0.5,0.5,False,2025-08-18,,,,,0.0,0.0,0.19999999999996448,433.051,1324.344000000004,28.1375,2.8333356,374848.0,1208321.0,0,,,,,,,,,
2025-08-18,다대포서측,C2,1.0,0.5,0.5,False,2025-08-18,,,,,0.0,0.0,0.19999999999996448,433.051,1324.344000000004,28.1375,2.8333356,374848.0,1208321.0,0,,,,,,,,,
2025-07-30,다대포서측,A2,0.0,87.0,75.0,False,2025-07-30,,,,,0.0,0.0,0.0,194.201,826.5550000000037,29.495833333333334,3.888892,405135.0,1231020.0,0,,,,,,,,,
2025-07-30,다대포서측,B2,0.5,93.0,121.0,True,2025-07-30,,,,,0.0,0.0,0.0,194.201,826.5550000000037,29.495833333333334,3.888892,405135.0,1231020.0,0,,,,,,,,,
2025-07-30,다대포서측,C2,1.0,42.0,74.0,False,2025-07-30,,,,,0.0,0.0,0.0,194.201,826.5550000000037,29.495833333333334,3.888892,405135.0,1231020.0,0,,,,,,,,,
2025-07-14,다대포서측,"A-1,A-2",0.0,52.0,10.0,False,2025-07-14,,,,,22.2,22.2,22.199999999999967,228.636,496.74500000000364,26.454166666666666,4.6388926,389802.0,1134162.0,0,,,,,,,,,
2025-07-14,다대포서측,"A-1,A-2",0.0,0.5,26.0,False,2025-07-14,,,,,22.2,22.2,22.199999999999967,228.636,496.74500000000364,26.454166666666666,4.6388926,389802.0,1134162.0,0,,,,,,,,,
2025-07-14,다대포서측,"B-1,B-2",0.5,75.0,10.0,False,2025-07-14,,,,,22.2,22.2,22.199999999999967,228.636,496.74500000000364,26.454166666666666,4.6388926,389802.0,1134162.0,0,,,,,,,,,
2025-07-14,다대포서측,"B-1,B-2",0.5,10.0,21.0,False,2025-07-14,,,,,22.2,22.2,22.199999999999967,228.636,496.74500000000364,26.454166666666666,4.6388926,389802.0,1134162.0,0,,,,,,,,,
2025-07-14,다대포서측,"C-1,C-2",1.0,41.0,16.0,False,2025-07-14,,,,,22.2,22.2,22.199999999999967,228.636,496.74500000000364,26.454166666666666,4.6388926,389802.0,1134162.0,0,,,,,,,,,
2025-07-14,다대포서측,"C-1,C-2",1.0,110.0,16.0,False,2025-07-14,,,,,22.2,22.2,22.199999999999967,228.636,496.74500000000364,26.454166666666666,4.6388926,389802.0,1134162.0,0,,,,,,,,,
2025-07-03,다대포서측,"A-1,A-2",0.0,75.0,10.0,False,2025-07-03,,,,,0.0,0.0,0.0,320.576,801.8560000000036,28.1125,3.5833362000000006,372314.0,1142963.0,0,,,,,,,,,
2025-07-03,다대포서측,"A-1,A-2",0.0,63.0,15.0,False,2025-07-03,,,,,0.0,0.0,0.0,320.576,801.8560000000036,28.1125,3.5833362000000006,372314.0,1142963.0,0,,,,,,,,,
2025-07-03,다대포서측,"B-1,B-2",0.5,63.0,0.5,False,2025-07-03,,,,,0.0,0.0,0.0,320.576,801.8560000000036,28.1125,3.5833362000000006,372314.0,1142963.0,0,,,,,,,,,
2025-07-03,다대포서측,"B-1,B-2",0.5,135.0,0.5,False,2025-07-03,,,,,0.0,0.0,0.0,320.576,801.8560000000036,28.1125,3.5833362000000006,372314.0,1142963.0,0,,,,,,,,,
2025-07-03,다대포서측,"C-1,C-2",1.0,63.0,0.5,False,2025-07-03,,,,,0.0,0.0,0.0,320.576,801.8560000000036,28.1125,3.5833362000000006,372314.0,1142963.0,0,,,,,,,,,
2025-07-03,다대포서측,"C-1,C-2",1.0,63.0,0.5,False,2025-07-03,,,,,0.0,0.0,0.0,320.576,801.8560000000036,28.1125,3.5833362000000006,372314.0,1142963.0,0,,,,,,,,,
2025-06-11,다대포서측,"A-1,A-2",0.0,0.5,0.5,False,2025-06-11,,,,,0.2,0.2,0.1999999999999716,177.383,488.3370000000036,22.433333333333334,4.5277814,348607.0,1016718.0,0,,,,,,,,,
2025-06-11,다대포서측,"A-1,A-2",0.0,0.5,0.5,False,2025-06-11,,,,,0.2,0.2,0.1999999999999716,177.383,488.3370000000036,22.433333333333334,4.5277814,348607.0,1016718.0,0,,,,,,,,,
2025-06-11,다대포서측,"B-1,B-2",0.5,10.0,5.0,False,2025-06-11,,,,,0.2,0.2,0.1999999999999716,177.383,488.3370000000036,22.433333333333334,4.5277814,348607.0,1016718.0,0,,,,,,,,,
2025-06-11,다대포서측,"B-1,B-2",0.5,10.0,0.5,False,2025-06-11,,,,,0.2,0.2,0.1999999999999716,177.383,488.3370000000036,22.433333333333334,4.5277814,348607.0,1016718.0,0,,,,,,,,,
2025-06-11,다대포서측,"C-1,C-2",1.0,0.5,5.0,False,2025-06-11,,,,,0.2,0.2,0.1999999999999716,177.383,488.3370000000036,22.433333333333334,4.5277814,348607.0,1016718.0,0,,,,,,,,,
2025-06-11,다대포서측,"C-1,C-2",1.0,0.5,10.0,False,2025-06-11,,,,,0.2,0.2,0.1999999999999716,177.383,488.3370000000036,22.433333333333334,4.5277814,348607.0,1016718.0,0,,,,,,,,,
2026-07-02,다대포서측,"A1, A2",0.0,20.0,0.5,False,2026-07-02,,,,,71.4,71.4,71.49999999999996,256.41,547.0200000000038,21.34583333333333,5.916671400000001,449555.0,1116854.0,0,,,,,,,,,
2026-07-02,다대포서측,"A1, A2",0.0,51.0,0.5,False,2026-07-02,,,,,71.4,71.4,71.49999999999996,256.41,547.0200000000038,21.34583333333333,5.916671400000001,449555.0,1116854.0,0,,,,,,,,,
2026-07-02,다대포서측,"B1, B2",0.5,52.0,0.5,False,2026-07-02,,,,,71.4,71.4,71.49999999999996,256.41,547.0200000000038,21.34583333333333,5.916671400000001,449555.0,1116854.0,0,,,,,,,,,
2026-07-02,다대포서측,"B1, B2",0.5,10.0,0.5,False,2026-07-02,,,,,71.4,71.4,71.49999999999996,256.41,547.0200000000038,21.34583333333333,5.916671400000001,449555.0,1116854.0,0,,,,,,,,,
2026-07-02,다대포서측,"C1, C2",1.0,10.0,0.5,False,2026-07-02,,,,,71.4,71.4,71.49999999999996,256.41,547.0200000000038,21.34583333333333,5.916671400000001,449555.0,1116854.0,0,,,,,,,,,
2026-07-02,다대포서측,"C1, C2",1.0,0.5,0.5,False,2026-07-02,,,,,71.4,71.4,71.49999999999996,256.41,547.0200000000038,21.34583333333333,5.916671400000001,449555.0,1116854.0,0,,,,,,,,,
2026-06-10,다대포서측,"A1, A2",0.0,10.0,0.5,False,2026-06-10,,,,,3.2,6.799999999999997,8.899999999999954,131.912,444.7100000000039,20.3,3.2222248,341565.0,1010562.0,0,,,,,,,,,
2026-06-10,다대포서측,"A1, A2",0.0,10.0,0.5,False,2026-06-10,,,,,3.2,6.799999999999997,8.899999999999954,131.912,444.7100000000039,20.3,3.2222248,341565.0,1010562.0,0,,,,,,,,,
2026-06-10,다대포서측,"B1, B2",0.5,10.0,0.5,False,2026-06-10,,,,,3.2,6.799999999999997,8.899999999999954,131.912,444.7100000000039,20.3,3.2222248,341565.0,1010562.0,0,,,,,,,,,
2026-06-10,다대포서측,"B1, B2",0.5,0.5,0.5,False,2026-06-10,,,,,3.2,6.799999999999997,8.899999999999954,131.912,444.7100000000039,20.3,3.2222248,341565.0,1010562.0,0,,,,,,,,,
2026-06-10,다대포서측,"C1, C2",1.0,10.0,0.5,False,2026-06-10,,,,,3.2,6.799999999999997,8.899999999999954,131.912,444.7100000000039,20.3,3.2222248,341565.0,1010562.0,0,,,,,,,,,
2026-06-10,다대포서측,"C1, C2",1.0,10.0,0.5,False,2026-06-10,,,,,3.2,6.799999999999997,8.899999999999954,131.912,444.7100000000039,20.3,3.2222248,341565.0,1010562.0,0,,,,,,,,,
