distance_from_estuary_km,precip_daily,temp_daily,wind_max,gijang_discharge_m3_day,discharge_95th_thresh,precip_1d_lag,precip_2d_sum_lag,precip_3d_sum_lag,precip_5d_sum_lag,temp_1d_lag,wind_max_1d_lag,gijang_discharge_1d_lag,gijang_thresh_1d_lag,CSO_Flag_Rain,Dual_CSO_Flag,month,is_weekend,avg_water_temp,avg_water_temp_1d_lag,tide_range,tide_range_1d_lag,wind_sin,wind_cos,wind_sin_1d_lag,wind_cos_1d_lag,dry_days_count,actual,predicted_prob,predicted_class,is_error
0.0,0.2,23.90833333333333,13.8,6030.7,7641.57,0.5,0.7,1.0,1.0,23.133333333333336,12.9,2421.0,5179.600000000001,0.0,0.0,7.0,0.0,17.8,17.9,93.0,99.0,-0.5562956155003048,-0.8309844692743282,-0.5135412520581701,-0.8580649057236445,0.0,0,0.5603431,1,True
0.5,0.2,23.90833333333333,13.8,6030.7,7641.57,0.5,0.7,1.0,1.0,23.133333333333336,12.9,2421.0,5179.600000000001,0.0,0.0,7.0,0.0,17.8,17.9,93.0,99.0,-0.5562956155003048,-0.8309844692743282,-0.5135412520581701,-0.8580649057236445,0.0,0,0.52550894,1,True
1.0,0.2,23.90833333333333,13.8,6030.7,7641.57,0.5,0.7,1.0,1.0,23.133333333333336,12.9,2421.0,5179.600000000001,0.0,0.0,7.0,0.0,17.8,17.9,93.0,99.0,-0.5562956155003048,-0.8309844692743282,-0.5135412520581701,-0.8580649057236445,0.0,0,0.4318288,1,True
0.0,0.0,25.34166666666667,21.8,6020.1,7678.479999999999,0.0,1.0,11.1,34.5,25.141666666666666,14.7,4416.4,5512.845000000001,0.0,0.0,7.0,0.0,16.9,18.4,59.0,46.0,-0.9414705448120378,-0.3370952584230822,-0.0488497697956132,-0.998806137341434,2.0,0,0.5603431,1,True
0.5,0.0,25.34166666666667,21.8,6020.1,7678.479999999999,0.0,1.0,11.1,34.5,25.141666666666666,14.7,4416.4,5512.845000000001,0.0,0.0,7.0,0.0,16.9,18.4,59.0,46.0,-0.9414705448120378,-0.3370952584230822,-0.0488497697956132,-0.998806137341434,2.0,0,0.4318288,1,True
1.0,0.0,25.34166666666667,21.8,6020.1,7678.479999999999,0.0,1.0,11.1,34.5,25.141666666666666,14.7,4416.4,5512.845000000001,0.0,0.0,7.0,0.0,16.9,18.4,59.0,46.0,-0.9414705448120378,-0.3370952584230822,-0.0488497697956132,-0.998806137341434,2.0,0,0.5603431,1,True
0.0,0.7000000000000001,25.09583333333333,12.3,5934.4,7107.659999999999,0.2,0.2,1.8,3.7,23.34583333333333,10.6,1859.4,5126.3,0.0,0.0,7.0,0.0,22.0,20.0,105.0,106.0,-0.0975828997591494,-0.9952273999818312,0.9040825496607784,-0.4273578633871924,0.0,0,0.39819255,1,True
0.0,0.0,24.945833333333336,14.3,6012.9,7250.365,1.6,4.399999999999986,5.300000000000001,10.2,24.21666666666667,13.6,929.7,5370.140000000001,0.0,0.0,8.0,0.0,19.84,20.71,137.0,149.0,-0.2436150117860221,-0.9698720152847468,-0.47101188121941,-0.8821268660176678,1.0,0,0.51137733,1,True
0.5,0.0,24.945833333333336,14.3,6012.9,7250.365,1.6,4.399999999999986,5.300000000000001,10.2,24.21666666666667,13.6,929.7,5370.140000000001,0.0,0.0,8.0,0.0,19.84,20.71,137.0,149.0,-0.2436150117860221,-0.9698720152847468,-0.47101188121941,-0.8821268660176678,1.0,0,0.44739825,1,True
1.0,0.0,24.945833333333336,14.3,6012.9,7250.365,1.6,4.399999999999986,5.300000000000001,10.2,24.21666666666667,13.6,929.7,5370.140000000001,0.0,0.0,8.0,0.0,19.84,20.71,137.0,149.0,-0.2436150117860221,-0.9698720152847468,-0.47101188121941,-0.8821268660176678,1.0,0,0.49016732,1,True
0.0,0.0,21.2875,12.6,5551.5,7107.659999999999,0.0,0.0,0.6000000000000036,2.8,21.154166666666665,17.0,2820.7,4966.4,0.0,0.0,9.0,1.0,23.8,23.3,78.0,65.0,0.8821268660176678,0.4710118812194099,0.9698720152847468,0.2436150117860223,3.0,0,0.3519211,1,True
0.5,0.0,21.2875,12.6,5552.0,7107.659999999999,0.0,0.0,0.6000000000000036,2.8,21.154166666666665,17.0,2820.7,4966.4,0.0,0.0,9.0,1.0,23.8,23.3,78.0,65.0,0.8821268660176678,0.4710118812194099,0.9698720152847468,0.2436150117860223,3.0,0,0.33666018,1,True
1.0,0.0,21.2875,12.6,5552.0,7107.659999999999,0.0,0.0,0.6000000000000036,2.8,21.154166666666665,17.0,2820.7,4966.4,0.0,0.0,9.0,1.0,23.8,23.3,78.0,65.0,0.8821268660176678,0.4710118812194099,0.9698720152847468,0.2436150117860223,3.0,0,0.3319925,1,True
0.0,0.0,21.75,16.3,6383.3,8106.594999999999,2.4000000000000004,42.09999999999999,42.1,42.29999999999999,22.070833333333336,20.4,2041.3,5952.6900000000005,1.0,0.0,7.0,0.0,19.3,19.9,115.0,102.0,-0.9238795325112866,0.38268343236509,-0.6717205893229901,-0.7408045962867502,1.0,0,0.3587347,1,True
1.0,0.8,27.59583333333333,14.3,6104.0,7107.659999999999,0.2,0.2,0.2,12.6,26.975,19.1,2338.4,4966.4,0.0,0.0,7.0,0.0,20.2,20.6,67.0,52.0,-0.1460830285624117,-0.9892723329629884,-0.3826834323650896,-0.9238795325112868,0.0,0,0.39819255,1,True
0.0,0.0,26.9125,18.6,6104.8,7623.115,0.0,0.0,0.0,0.0,26.84583333333333,19.5,3016.3,5232.9000000000015,0.0,0.0,8.0,0.0,16.5,17.1,117.0,131.0,-0.5962248749656155,-0.8028174751911148,-0.5962248749656155,-0.8028174751911148,6.0,0,0.5603431,1,True
0.5,0.0,26.9125,18.6,6104.8,7623.115,0.0,0.0,0.0,0.0,26.84583333333333,19.5,3016.3,5232.9000000000015,0.0,0.0,8.0,0.0,16.5,17.1,117.0,131.0,-0.5962248749656155,-0.8028174751911148,-0.5962248749656155,-0.8028174751911148,6.0,0,0.52550894,1,True
0.0,0.0,24.9125,17.7,5980.6,8106.594999999999,17.7,22.9,22.9,23.4,25.104166666666668,14.6,450.7,5880.935,1.0,0.0,8.0,0.0,25.3,24.8,101.0,107.0,0.8580649057236446,0.5135412520581701,0.47101188121941,0.8821268660176678,1.0,1,0.19987996,0,True
0.5,0.0,24.9125,17.7,5980.6,8106.594999999999,17.7,22.9,22.9,23.4,25.104166666666668,14.6,450.7,5880.935,1.0,0.0,8.0,0.0,25.3,24.8,101.0,107.0,0.8580649057236446,0.5135412520581701,0.47101188121941,0.8821268660176678,1.0,0,0.3587347,1,True
1.0,0.0,24.9125,17.7,5980.6,8106.594999999999,17.7,22.9,22.9,23.4,25.104166666666668,14.6,450.7,5880.935,1.0,0.0,8.0,0.0,25.3,24.8,101.0,107.0,0.8580649057236446,0.5135412520581701,0.47101188121941,0.8821268660176678,1.0,0,0.34369174,1,True
0.0,0.0,21.225,15.9,5865.9,7393.07,0.0,0.0,2.0,37.9,20.4125,7.7,2381.4,5263.539999999999,0.0,0.0,9.0,0.0,23.5,23.3,48.0,61.0,0.7408045962867501,-0.6717205893229901,0.7727335734973508,-0.6347305132022678,3.0,0,0.6070349,1,True
1.0,0.0,21.225,15.9,5866.4,7393.07,0.0,0.0,2.0,37.9,20.4125,7.7,2381.4,5263.539999999999,0.0,0.0,9.0,0.0,23.5,23.3,48.0,61.0,0.7408045962867501,-0.6717205893229901,0.7727335734973508,-0.6347305132022678,3.0,0,0.40403563,1,True
0.0,0.0,16.508333333333333,14.5,6383.3,7963.889999999999,0.0,20.09999999999999,21.2,21.2,14.879166666666668,16.2,3257.1,5126.300000000001,1.0,0.0,5.0,0.0,15.2,15.1,84.0,103.0,-0.0488497697956132,-0.998806137341434,-0.47101188121941,-0.8821268660176678,2.0,0,0.42204756,1,True
0.5,0.0,16.508333333333333,14.5,6383.3,7963.889999999999,0.0,20.09999999999999,21.2,21.2,14.879166666666668,16.2,3257.1,5126.300000000001,1.0,0.0,5.0,0.0,15.2,15.1,84.0,103.0,-0.0488497697956132,-0.998806137341434,-0.47101188121941,-0.8821268660176678,2.0,1,0.1459178,0,True
1.0,0.0,16.508333333333333,14.5,6383.3,7963.889999999999,0.0,20.09999999999999,21.2,21.2,14.879166666666668,16.2,3257.1,5126.300000000001,1.0,0.0,5.0,0.0,15.2,15.1,84.0,103.0,-0.0488497697956132,-0.998806137341434,-0.47101188121941,-0.8821268660176678,2.0,0,0.58509356,1,True
0.0,0.0,24.2875,16.2,6045.8,7535.775,0.0,0.0,6.000000000000001,7.300000000000001,24.6875,9.2,4785.9,5179.600000000001,0.0,0.0,7.0,0.0,20.8,20.3,102.0,90.0,0.1959461442425177,0.980614658546613,0.2907021935982524,0.9568135840576074,3.0,0,0.5703604,1,True
0.5,0.0,24.2875,16.2,6045.8,7535.775,0.0,0.0,6.000000000000001,7.300000000000001,24.6875,9.2,4785.9,5179.600000000001,0.0,0.0,7.0,0.0,20.8,20.3,102.0,90.0,0.1959461442425177,0.980614658546613,0.2907021935982524,0.9568135840576074,3.0,0,0.5626998,1,True
1.0,0.0,24.2875,16.2,6045.8,7535.775,0.0,0.0,6.000000000000001,7.300000000000001,24.6875,9.2,4785.9,5179.600000000001,0.0,0.0,7.0,0.0,20.8,20.3,102.0,90.0,0.1959461442425177,0.980614658546613,0.2907021935982524,0.9568135840576074,3.0,0,0.5408247,1,True
0.0,0.7,27.354166666666668,18.3,6104.3,7393.07,4.2,4.9,4.900000000000001,4.9,27.025,11.6,1408.7,5316.840000000001,0.0,0.0,7.0,0.0,19.3,20.7,84.0,99.0,-0.3826834323650896,-0.9238795325112868,0.7727335734973511,0.6347305132022676,0.0,0,0.36917064,1,True
0.5,0.7,27.354166666666668,18.3,6104.3,7393.07,4.2,4.9,4.900000000000001,4.9,27.025,11.6,1408.7,5316.840000000001,0.0,0.0,7.0,0.0,19.3,20.7,84.0,99.0,-0.3826834323650896,-0.9238795325112868,0.7727335734973511,0.6347305132022676,0.0,0,0.36917064,1,True
1.0,0.7,27.354166666666668,18.3,6104.3,7393.07,4.2,4.9,4.900000000000001,4.9,27.025,11.6,1408.7,5316.840000000001,0.0,0.0,7.0,0.0,19.3,20.7,84.0,99.0,-0.3826834323650896,-0.9238795325112868,0.7727335734973511,0.6347305132022676,0.0,0,0.55385953,1,True
0.5,0.1,27.745833333333334,17.1,6487.6,7054.359999999999,1.0,1.0,1.0000000000000036,1.4,29.229166666666668,6.9,1457.2,5126.300000000001,0.0,0.0,8.0,0.0,27.2,23.4,73.0,85.0,0.9809551553491916,0.1942343512199721,0.47101188121941,0.8821268660176678,0.0,0,0.35117185,1,True
0.0,0.0,27.48333333333333,16.3,6023.2,7054.359999999999,0.0,0.0,0.0,0.0,27.633333333333336,17.9,3407.3,5073.0,0.0,0.0,8.0,0.0,28.5,28.2,110.0,124.0,0.9238795325112868,0.3826834323650898,0.2436150117860225,0.9698720152847468,6.0,0,0.40989533,1,True
1.0,0.0,27.48333333333333,16.3,6023.2,7054.359999999999,0.0,0.0,0.0,0.0,27.633333333333336,17.9,3407.3,5073.0,0.0,0.0,8.0,0.0,28.5,28.2,110.0,124.0,0.9238795325112868,0.3826834323650898,0.2436150117860225,0.9698720152847468,6.0,0,0.33666018,1,True
0.0,5.1,24.89583333333333,21.7,6018.0,7678.479999999999,1.9,7.900000000000007,15.2,27.7,24.741666666666664,18.8,2349.8,5126.300000000001,0.0,0.0,7.0,0.0,17.4,17.8,84.0,75.0,-0.9040825496607784,0.4273578633871923,-0.7071067811865475,-0.7071067811865477,0.0,0,0.49284488,1,True
1.0,5.1,24.89583333333333,21.7,6018.0,7678.479999999999,1.9,7.900000000000007,15.2,27.7,24.741666666666664,18.8,2349.8,5126.300000000001,0.0,0.0,7.0,0.0,17.4,17.8,84.0,75.0,-0.9040825496607784,0.4273578633871923,-0.7071067811865475,-0.7071067811865477,0.0,0,0.4960528,1,True
0.5,0.2,27.525,15.6,6109.2,7107.659999999999,6.4,7.80000000000001,7.900000000000004,10.000000000000002,26.8,14.6,1380.4,4966.4,0.0,0.0,7.0,0.0,18.2,17.6,71.0,64.0,-0.3826834323650896,-0.9238795325112868,-0.67172058932299,0.7408045962867502,0.0,0,0.40869665,1,True
1.0,0.2,27.525,15.6,6109.2,7107.659999999999,6.4,7.80000000000001,7.900000000000004,10.000000000000002,26.8,14.6,1380.4,4966.4,0.0,0.0,7.0,0.0,18.2,17.6,71.0,64.0,-0.3826834323650896,-0.9238795325112868,-0.67172058932299,0.7408045962867502,0.0,0,0.40869665,1,True
0.0,0.0,25.9125,18.6,6004.7,7197.065,0.0,5.000000000000009,5.000000000000004,5.000000000000004,26.29583333333333,15.5,2820.7,4966.4,0.0,0.0,8.0,0.0,26.3,25.7,45.0,40.0,0.8580649057236446,0.5135412520581701,0.9892723329629884,0.1460830285624116,2.0,0,0.7064718,1,True
0.5,0.0,25.9125,18.6,6004.7,7197.065,0.0,5.000000000000009,5.000000000000004,5.000000000000004,26.29583333333333,15.5,2820.7,4966.4,0.0,0.0,8.0,0.0,26.3,25.7,45.0,40.0,0.8580649057236446,0.5135412520581701,0.9892723329629884,0.1460830285624116,2.0,0,0.65474707,1,True
0.5,0.0,27.1375,15.6,6794.4,8154.4299999999985,0.1,0.1,4.800000000000014,5.5,26.445833333333336,14.0,5988.6,8632.974999999999,0.0,0.0,7.0,0.0,21.1,21.6,119.0,107.0,-0.5962248749656155,-0.8028174751911148,-0.0488497697956132,-0.998806137341434,1.0,1,0.18253852,0,True
1.0,0.0,28.1,11.1,6682.7,7440.904999999999,0.0,0.0,0.0,0.0,27.995833333333334,14.0,6752.3,7298.199999999999,0.0,0.0,7.0,0.0,17.4,17.0,76.0,101.0,-0.2436150117860221,-0.9698720152847468,1.2246467991473532e-16,-1.0,8.0,0,0.39020827,1,True
0.0,0.0,29.9,9.7,6683.3,7440.904999999997,0.0,0.0,0.0,0.0,29.879166666666663,15.7,6771.4,7107.659999999998,0.0,0.0,7.0,0.0,19.1,18.9,86.0,78.0,0.3370952584230821,-0.941470544812038,-1.0,-1.8369701987210292e-16,15.0,0,0.52550894,1,True
0.5,0.0,29.9,9.7,6683.3,7440.904999999997,0.0,0.0,0.0,0.0,29.879166666666663,15.7,6771.4,7107.659999999998,0.0,0.0,7.0,0.0,19.1,18.9,86.0,78.0,0.3370952584230821,-0.941470544812038,-1.0,-1.8369701987210292e-16,15.0,1,0.17852686,0,True
0.0,0.0,28.28333333333333,15.2,5923.1,7625.18,0.0,0.0,3.300000000000014,8.2,28.641666666666666,14.9,4008.7,5459.545000000001,0.0,0.0,8.0,0.0,27.6,27.4,83.0,94.0,0.6717205893229902,0.7408045962867501,0.9892723329629884,-0.1460830285624117,3.0,0,0.5338432,1,True
1.0,0.0,28.28333333333333,15.2,5923.1,7625.18,0.0,0.0,3.300000000000014,8.2,28.641666666666666,14.9,4008.7,5459.545000000001,0.0,0.0,8.0,0.0,27.6,27.4,83.0,94.0,0.6717205893229902,0.7408045962867501,0.9892723329629884,-0.1460830285624117,3.0,0,0.5338432,1,True
0.0,1.5,27.254166666666663,12.3,6588.3,7482.475,0.0,0.3,2.7000000000000144,2.9000000000000004,26.629166666666663,14.1,1380.4,5210.24,0.0,0.0,8.0,0.0,27.1,27.3,100.0,77.0,0.9952273999818312,-0.0975828997591493,0.7727335734973511,0.6347305132022676,0.0,0,0.541415,1,True
0.5,1.5,27.254166666666663,12.3,6588.3,7482.475,0.0,0.3,2.7000000000000144,2.9000000000000004,26.629166666666663,14.1,1380.4,5210.239999999999,0.0,0.0,8.0,0.0,27.1,27.3,100.0,77.0,0.9952273999818312,-0.0975828997591493,0.7727335734973511,0.6347305132022676,0.0,0,0.5909441,1,True
1.0,1.5,27.254166666666663,12.3,6588.3,7482.475,0.0,0.3,2.7000000000000144,2.9000000000000004,26.629166666666663,14.1,1380.4,5210.239999999999,0.0,0.0,8.0,0.0,27.1,27.3,100.0,77.0,0.9952273999818312,-0.0975828997591493,0.7727335734973511,0.6347305132022676,0.0,0,0.61300945,1,True
0.0,0.3,28.625,24.6,6022.9,7197.065,0.0,0.0,0.0,0.0,26.65416666666667,11.5,2083.1,5459.545000000001,0.0,0.0,8.0,0.0,26.1,26.4,58.0,43.0,0.3826834323650898,0.9238795325112868,-0.5962248749656155,-0.8028174751911148,0.0,0,0.6001912,1,True
0.5,0.3,28.625,24.6,6022.9,7197.065,0.0,0.0,0.0,0.0,26.65416666666667,11.5,2083.1,5459.545,0.0,0.0,8.0,0.0,26.1,26.4,58.0,43.0,0.3826834323650898,0.9238795325112868,-0.5962248749656155,-0.8028174751911148,0.0,0,0.49618918,1,True
1.0,0.3,28.625,24.6,6022.9,7197.065,0.0,0.0,0.0,0.0,26.65416666666667,11.5,2083.1,5459.545,0.0,0.0,8.0,0.0,26.1,26.4,58.0,43.0,0.3826834323650898,0.9238795325112868,-0.5962248749656155,-0.8028174751911148,0.0,0,0.6883425,1,True
0.0,0.0,21.766666666666666,21.5,5797.3,7107.659999999999,0.1,0.2,1.0000000000000142,24.1,21.166666666666668,32.1,2618.1,5232.9000000000015,0.0,0.0,9.0,0.0,22.0,21.9,133.0,137.0,0.1959461442425177,0.980614658546613,0.3826834323650898,0.9238795325112868,1.0,0,0.63099587,1,True
1.0,0.0,21.766666666666666,21.5,5797.3,7107.659999999999,0.1,0.2,1.0000000000000142,24.1,21.166666666666668,32.1,2618.1,5232.9000000000015,0.0,0.0,9.0,0.0,22.0,21.9,133.0,137.0,0.1959461442425177,0.980614658546613,0.3826834323650898,0.9238795325112868,1.0,0,0.5992431,1,True
0.0,1.0,20.275,16.2,6160.9,8249.3,1.8,13.500000000000002,23.30000000000001,23.30000000000001,19.1125,16.3,1437.0,6059.290000000001,1.0,0.0,6.0,0.0,19.3,19.3,106.0,107.0,-0.74080459628675,-0.6717205893229903,0.8309844692743282,-0.5562956155003048,0.0,0,0.8196803,1,True
0.5,1.0,20.275,16.2,6160.9,8249.3,1.8,13.500000000000002,23.30000000000001,23.30000000000001,19.1125,16.3,1437.0,6059.290000000001,1.0,0.0,6.0,0.0,19.3,19.3,106.0,107.0,-0.74080459628675,-0.6717205893229903,0.8309844692743282,-0.5562956155003048,0.0,0,0.8196803,1,True
1.0,1.0,20.275,16.2,6160.9,8249.3,1.8,13.500000000000002,23.30000000000001,23.30000000000001,19.1125,16.3,1437.0,6059.290000000001,1.0,0.0,6.0,0.0,19.3,19.3,106.0,107.0,-0.74080459628675,-0.6717205893229903,0.8309844692743282,-0.5562956155003048,0.0,1,0.15826456,0,True
0.0,0.0,23.804166666666664,9.8,6027.8,7604.659999999999,0.0,0.0,1.0000000000000284,84.4,22.383333333333336,10.0,3641.4,5019.7,0.0,0.0,7.0,0.0,16.9,16.7,122.0,119.0,-0.5562956155003048,-0.8309844692743282,-1.0,-1.8369701987210292e-16,3.0,0,0.5603431,1,True
1.0,0.0,23.804166666666664,9.8,6027.8,7604.659999999999,0.0,0.0,1.0000000000000284,84.4,22.383333333333336,10.0,3641.4,5019.7,0.0,0.0,7.0,0.0,16.9,16.7,122.0,119.0,-0.5562956155003048,-0.8309844692743282,-1.0,-1.8369701987210292e-16,3.0,0,0.4318288,1,True
0.0,0.1,22.866666666666664,14.8,6578.4,7535.775,1.6,1.6,3.5000000000000284,13.3,22.695833333333336,11.5,2377.5,5232.9000000000015,0.0,0.0,7.0,0.0,22.3,22.0,95.0,90.0,1.0,6.123233995736766e-17,0.8821268660176678,-0.47101188121941,0.0,0,0.6800834,1,True
0.0,0.0,28.379166666666663,22.1,6035.6,7197.065,0.1,0.2,0.2000000000000284,1.6000000000000285,28.14583333333333,15.5,2055.2,5352.9450000000015,0.0,0.0,8.0,0.0,26.6,26.5,87.0,71.0,0.9040825496607784,0.4273578633871923,-0.3370952584230819,-0.941470544812038,1.0,0,0.67106515,1,True
0.5,0.0,28.379166666666663,22.1,6035.6,7197.065,0.1,0.2,0.2000000000000284,1.6000000000000285,28.14583333333333,15.5,2055.2,5352.945000000001,0.0,0.0,8.0,0.0,26.6,26.5,87.0,71.0,0.9040825496607784,0.4273578633871923,-0.3370952584230819,-0.941470544812038,1.0,0,0.7064718,1,True
0.0,3.0,25.454166666666666,25.5,6052.1,7393.07,2.9,3.1,3.100000000000028,18.100000000000023,25.933333333333334,16.3,2081.9,5423.4400000000005,0.0,0.0,8.0,0.0,25.6,24.8,85.0,93.0,-0.3370952584230822,0.9414705448120378,0.6347305132022676,0.7727335734973511,0.0,0,0.64201057,1,True
0.5,3.0,25.454166666666666,25.5,6052.1,7393.07,2.9,3.1,3.100000000000028,18.100000000000023,25.933333333333334,16.3,2081.9,5423.4400000000005,0.0,0.0,8.0,0.0,25.6,24.8,85.0,93.0,-0.3370952584230822,0.9414705448120378,0.6347305132022676,0.7727335734973511,0.0,0,0.64115655,1,True
1.0,3.0,25.454166666666666,25.5,6052.1,7393.07,2.9,3.1,3.100000000000028,18.100000000000023,25.933333333333334,16.3,2081.9,5423.4400000000005,0.0,0.0,8.0,0.0,25.6,24.8,85.0,93.0,-0.3370952584230822,0.9414705448120378,0.6347305132022676,0.7727335734973511,0.0,0,0.31003305,1,True
0.0,0.0,21.1875,9.7,6422.0,8212.39,0.0,0.0,33.800000000000054,185.7,22.316666666666663,16.6,3906.6,5721.035000000001,1.0,0.0,6.0,0.0,18.93,18.68,65.0,54.0,-0.858064905723645,0.5135412520581694,0.9952273999818312,-0.0975828997591493,3.0,0,0.32684958,1,True
1.0,0.0,21.1875,9.7,6422.0,8212.39,0.0,0.0,33.800000000000054,185.7,22.316666666666663,16.6,3906.6,5721.035000000001,1.0,0.0,6.0,0.0,18.92,18.68,65.0,54.0,-0.858064905723645,0.5135412520581694,0.9952273999818312,-0.0975828997591493,3.0,0,0.32684958,1,True
0.5,9.4,22.2875,15.9,6028.9,7393.07,0.4,1.1,4.6000000000000565,13.700000000000028,23.72083333333333,8.8,3375.2,5370.140000000001,0.0,0.0,7.0,0.0,16.7,16.2,89.0,98.0,0.6717205893229902,0.7408045962867501,-0.4710118812194107,0.8821268660176674,0.0,0,0.65647984,1,True
1.0,9.4,22.2875,15.9,6028.9,7393.07,0.4,1.1,4.6000000000000565,13.700000000000028,23.72083333333333,8.8,3375.2,5370.140000000001,0.0,0.0,7.0,0.0,16.7,16.2,89.0,98.0,0.6717205893229902,0.7408045962867501,-0.4710118812194107,0.8821268660176674,0.0,0,0.61746264,1,True
0.0,0.0,20.725,14.0,5979.0,7250.365,0.3,5.300000000000014,9.200000000000044,159.30000000000004,20.375,14.2,2574.6,5423.4400000000005,0.0,0.0,7.0,0.0,21.1,20.7,68.0,50.0,0.5548444274479992,-0.8319541221304826,0.9040825496607784,-0.4273578633871924,1.0,0,0.67106515,1,True
1.0,0.0,20.725,14.0,5979.0,7250.365,0.3,5.300000000000014,9.200000000000044,159.30000000000004,20.375,14.2,2574.6,5423.4400000000005,0.0,0.0,7.0,0.0,21.1,20.7,68.0,50.0,0.5548444274479992,-0.8319541221304826,0.9040825496607784,-0.4273578633871924,1.0,0,0.67106515,1,True
0.0,15.2,25.15833333333333,13.9,6049.8,7250.365,5.8,12.100000000000014,13.800000000000043,14.100000000000028,25.225,27.9,3087.5,5316.840000000001,0.0,0.0,7.0,0.0,18.0,19.3,113.0,105.0,1.2246467991473532e-16,-1.0,-0.8580649057236444,-0.5135412520581705,0.0,0,0.40202004,1,True
1.0,15.2,25.15833333333333,13.9,6049.8,7250.365,5.8,12.100000000000014,13.800000000000043,14.100000000000028,25.225,27.9,3087.5,5316.840000000001,0.0,0.0,7.0,0.0,18.0,19.3,113.0,105.0,1.2246467991473532e-16,-1.0,-0.8580649057236444,-0.5135412520581705,0.0,0,0.40202004,1,True
1.0,0.2,27.9375,24.3,6909.6,7850.565,0.0,3.000000000000014,15.10000000000005,53.30000000000002,27.820833333333336,22.7,6689.1,6802.995,0.0,0.0,8.0,0.0,12.9,13.7,43.0,35.0,-0.9952273999818312,-0.0975828997591497,-1.0,-1.8369701987210292e-16,0.0,0,0.34608737,1,True
0.5,0.0,26.02916666666667,17.1,6140.2,7604.659999999999,0.0,0.0,0.0,0.0,28.079166666666666,12.4,3441.5,5232.9000000000015,0.0,0.0,8.0,0.0,18.7,17.2,130.0,130.0,-0.5548444274479993,0.8319541221304825,0.9040825496607784,0.4273578633871923,7.0,0,0.4969203,1,True
1.0,0.0,26.02916666666667,17.1,6140.2,7604.659999999999,0.0,0.0,0.0,0.0,28.079166666666666,12.4,3441.5,5232.9000000000015,0.0,0.0,8.0,0.0,18.7,17.2,130.0,130.0,-0.5548444274479993,0.8319541221304825,0.9040825496607784,0.4273578633871923,7.0,0,0.5626982,1,True
0.0,0.7,22.14583333333333,10.1,6316.3,7393.07,0.2,0.8000000000000302,13.100000000000042,21.50000000000001,21.59166666666667,15.2,901.4,5156.94,0.0,0.0,9.0,0.0,21.060000000000002,19.999999999999996,96.0,71.0,0.980614658546613,-0.1959461442425175,0.2436150117860224,-0.9698720152847468,0.0,0,0.6621488,1,True
1.0,0.7,22.14583333333333,10.1,6316.8,7393.07,0.2,0.8000000000000302,13.100000000000042,21.50000000000001,21.59166666666667,15.2,901.4,5156.939999999999,0.0,0.0,9.0,0.0,21.060000000000002,20.009999999999998,96.0,71.0,0.980614658546613,-0.1959461442425175,0.2436150117860224,-0.9698720152847468,0.0,0,0.40403563,1,True
0.0,0.0,22.2,11.8,0.0,4859.799999999999,0.0,0.0,0.0,13.500000000000009,22.120833333333334,16.4,4621.0,4859.799999999999,0.0,0.0,6.0,0.0,15.4,15.2,91.0,77.0,0.5962248749656158,0.8028174751911146,0.1460830285624119,-0.9892723329629882,4.0,0,0.80282164,1,True
1.0,0.0,22.2,11.8,0.0,4859.799999999999,0.0,0.0,0.0,13.500000000000009,22.120833333333334,16.4,4621.0,4859.799999999999,0.0,0.0,6.0,0.0,15.4,15.2,91.0,77.0,0.5962248749656158,0.8028174751911146,0.1460830285624119,-0.9892723329629882,4.0,0,0.7790858,1,True
0.0,0.0,26.820833333333336,10.3,0.0,4859.799999999999,1.0,1.300000000000043,1.3000000000000196,1.4000000000000177,26.554166666666664,14.5,2849.0,4913.1,0.0,0.0,7.0,0.0,26.3,26.0,83.0,92.0,0.9455185755993168,-0.3255681544571566,0.9998766324816606,-0.0157073173118207,1.0,0,0.5775245,1,True
0.5,0.0,26.820833333333336,10.3,0.0,4859.799999999999,1.0,1.300000000000043,1.3000000000000196,1.4000000000000177,26.554166666666664,14.5,2849.0,4913.1,0.0,0.0,7.0,0.0,26.3,26.0,83.0,92.0,0.9455185755993168,-0.3255681544571566,0.9998766324816606,-0.0157073173118207,1.0,0,0.49812296,1,True
0.0,0.3,27.291666666666668,15.4,6441.8,7767.884999999999,6.1,30.100000000000044,33.40000000000002,33.40000000000002,27.9875,13.3,0.0,4859.799999999999,1.0,0.0,8.0,0.0,25.8,25.4,35.0,33.0,-0.4446351791849275,-0.8957117602394128,-0.0871557427476579,-0.9961946980917455,0.0,0,0.48372066,1,True
1.0,10.7,23.241666666666664,20.6,0.0,4859.799999999999,4.7,5.800000000000043,5.800000000000001,9.200000000000006,21.7,20.0,0.0,4859.799999999999,0.0,0.0,9.0,0.0,23.5,23.4,28.0,49.0,-0.2689198206152655,-0.9631625667976582,0.5562956155003047,0.8309844692743283,0.0,0,0.35637602,1,True
0.0,0.9,18.8125,26.5,5889.8,7107.659999999999,0.0,0.3000000000000427,0.3,1.8000000000000145,19.23333333333333,22.7,0.0,5392.8,0.0,0.0,6.0,0.0,19.3,19.3,117.0,101.0,0.7431448254773942,0.6691306063588582,0.997314477224458,0.0732381971276318,0.0,0,0.34026945,1,True
0.5,0.9,18.8125,26.5,5889.8,7107.659999999999,0.0,0.3000000000000427,0.3,1.8000000000000145,19.23333333333333,22.7,0.0,5392.8,0.0,0.0,6.0,0.0,19.3,19.3,117.0,101.0,0.7431448254773942,0.6691306063588582,0.997314477224458,0.0732381971276318,0.0,0,0.4962517,1,True
1.0,0.9,18.8125,26.5,5889.8,7107.659999999999,0.0,0.3000000000000427,0.3,1.8000000000000145,19.23333333333333,22.7,0.0,5392.8,0.0,0.0,6.0,0.0,19.3,19.3,117.0,101.0,0.7431448254773942,0.6691306063588582,0.997314477224458,0.0732381971276318,0.0,0,0.47654808,1,True
0.0,1.0,26.704166666666666,16.1,6319.5,7821.1849999999995,4.2,91.80000000000004,91.79999999999998,92.9,25.204166666666666,10.5,1992.8,5073.0,1.0,0.0,7.0,0.0,17.3,17.7,73.0,89.0,0.027921638723569,-0.9996101150403544,-0.3436596945856159,-0.9390942520947092,0.0,0,0.48564374,1,True
0.5,1.0,26.704166666666666,16.1,6319.5,7821.1849999999995,4.2,91.80000000000004,91.79999999999998,92.9,25.204166666666666,10.5,1992.8,5073.0,1.0,0.0,7.0,0.0,17.3,17.7,73.0,89.0,0.027921638723569,-0.9996101150403544,-0.3436596945856159,-0.9390942520947092,0.0,0,0.48564374,1,True
1.0,1.0,26.704166666666666,16.1,6319.5,7821.1849999999995,4.2,91.80000000000004,91.79999999999998,92.9,25.204166666666666,10.5,1992.8,5073.0,1.0,0.0,7.0,0.0,17.3,17.7,73.0,89.0,0.027921638723569,-0.9996101150403544,-0.3436596945856159,-0.9390942520947092,0.0,1,0.10520708,0,True
0.0,0.0,24.791666666666668,14.8,5400.0,5392.8,2.9,16.90000000000004,18.599999999999984,32.80000000000001,25.02083333333333,12.2,5558.0,5392.8,0.0,0.0,7.0,0.0,21.9,20.8,74.0,60.0,0.9466492601156964,0.3222656952305111,-0.989776230907789,0.1426289337055114,1.0,0,0.40989533,1,True
0.5,0.0,24.791666666666668,14.8,5400.0,5392.8,2.9,16.90000000000004,18.599999999999984,32.80000000000001,25.02083333333333,12.2,5558.0,5392.8,0.0,0.0,7.0,0.0,21.9,20.8,74.0,60.0,0.9466492601156964,0.3222656952305111,-0.989776230907789,0.1426289337055114,1.0,0,0.40989533,1,True
1.0,0.0,24.791666666666668,14.8,5400.0,5392.8,2.9,16.90000000000004,18.599999999999984,32.80000000000001,25.02083333333333,12.2,5558.0,5392.8,0.0,0.0,7.0,0.0,21.9,20.8,74.0,60.0,0.9466492601156964,0.3222656952305111,-0.989776230907789,0.1426289337055114,1.0,1,0.16802429,0,True
0.0,2.4000000000000004,27.575,23.1,0.0,5392.8,13.5,17.90000000000004,25.799999999999983,27.900000000000013,26.704166666666666,27.8,0.0,5392.8,1.0,0.0,8.0,0.0,18.8,21.7,89.0,86.0,-0.5195191118795094,-0.8544588301328073,-0.698415285431006,-0.7156927337037358,0.0,0,0.30718595,1,True
0.5,2.4000000000000004,27.575,23.1,0.0,5392.8,13.5,17.90000000000004,25.799999999999983,27.900000000000013,26.704166666666666,27.8,0.0,5392.8,1.0,0.0,8.0,0.0,18.8,21.7,89.0,86.0,-0.5195191118795094,-0.8544588301328073,-0.698415285431006,-0.7156927337037358,0.0,0,0.30718595,1,True
0.0,15.6,26.84166666666667,25.6,6108.5,7678.479999999999,0.6000000000000001,3.4000000000000425,6.899999999999986,15.300000000000011,28.98333333333333,29.8,5464.0,5392.8,0.0,0.0,8.0,0.0,13.3,14.0,107.0,117.0,-0.9964928592495044,0.0836778433323154,-0.9329535348254888,-0.3599968081200515,0.0,0,0.6800834,1,True
0.0,7.7,22.9,17.4,0.0,5392.8,0.0,0.0,0.0,0.1000000000000142,23.39583333333333,16.2,1063.2,5126.300000000001,0.0,0.0,8.0,0.0,25.1,24.6,118.0,112.0,0.7169106076504828,0.6971651028545646,0.5210096318405764,0.8535507972753275,0.0,0,0.41384453,1,True
0.5,7.7,22.9,17.4,0.0,5392.8,0.0,0.0,0.0,0.1000000000000142,23.39583333333333,16.2,1063.2,5126.300000000001,0.0,0.0,8.0,0.0,25.1,24.6,118.0,112.0,0.7169106076504828,0.6971651028545646,0.5210096318405764,0.8535507972753275,0.0,1,0.16802429,0,True
1.0,7.7,22.9,17.4,0.0,5392.8,0.0,0.0,0.0,0.1000000000000142,23.39583333333333,16.2,1063.2,5126.300000000001,0.0,0.0,8.0,0.0,25.1,24.6,118.0,112.0,0.7169106076504828,0.6971651028545646,0.5210096318405764,0.8535507972753275,0.0,0,0.5444741,1,True
0.0,0.3,20.23333333333333,12.6,6466.0,7107.659999999999,0.2,0.2000000000000426,0.2,0.2000000000000142,19.775,16.6,0.0,5392.8,0.0,0.0,9.0,0.0,18.860000000000003,18.729999999999997,114.0,108.0,0.9993283937786562,0.0366437087065562,0.5934188866037015,0.8048937973559142,0.0,0,0.40869665,1,True
0.5,0.3,20.23333333333333,12.6,6466.0,7107.659999999999,0.2,0.2000000000000426,0.2,0.2000000000000142,19.775,16.6,0.0,5392.8,0.0,0.0,9.0,0.0,18.860000000000003,18.729999999999997,114.0,108.0,0.9993283937786562,0.0366437087065562,0.5934188866037015,0.8048937973559142,0.0,1,0.28530148,0,True
0.0,0.0,20.883333333333333,14.6,6480.0,7298.2,0.0,0.0,0.0,6.100000000000029,19.775,14.7,6443.0,7298.2,0.0,0.0,6.0,0.0,16.1,16.4,107.0,117.0,-0.5269557954966775,-0.849892692986864,-0.1564344650402307,-0.9876883405951378,4.0,0,0.7659388,1,True
1.0,0.0,20.883333333333333,14.6,6480.0,7298.2,0.0,0.0,0.0,6.100000000000029,19.775,14.7,6443.0,7298.2,0.0,0.0,6.0,0.0,16.1,16.4,107.0,117.0,-0.5269557954966775,-0.849892692986864,-0.1564344650402307,-0.9876883405951378,4.0,0,0.7103971,1,True
0.0,0.0,27.7375,31.2,6657.0,7298.2,0.0,0.1000000000000355,0.1,0.1000000000000284,28.73333333333333,25.7,7031.0,7298.2,0.0,0.0,8.0,0.0,18.549999999999997,17.750000000000004,66.0,88.0,0.971134279909636,0.2385334575785808,0.9552783621223436,-0.2957080500440466,2.0,0,0.7107271,1,True
0.5,2.2,27.7625,19.1,6583.0,7298.2,2.6,2.7000000000000286,6.8,35.90000000000003,27.53333333333333,17.8,1437.0,5103.6399999999985,0.0,0.0,8.0,0.0,24.6,24.8,71.0,81.0,-0.1702094991660329,-0.98540789848349,-0.1184039683065009,-0.9929655081065368,0.0,0,0.8589353,1,True
0.5,0.8999999999999999,25.325,27.5,5972.0,7298.2,0.0,0.8000000000000285,1.0,151.60000000000002,25.65,27.2,6149.0,7298.2,0.0,0.0,9.0,0.0,26.2,25.7,63.0,87.0,0.4725507648690539,0.8813034520649923,0.6768759696826607,0.7360970871197343,0.0,0,0.6980061,1,True
0.0,0.0,16.195833333333333,9.0,6554.0,7298.2,0.0,0.0,0.0,0.0,16.820833333333333,18.4,6462.0,7298.2,0.0,0.0,10.0,0.0,22.8,22.6,44.0,65.0,0.9914448613738104,0.1305261922200517,-0.8443279255020155,0.535826794978996,6.0,0,0.7107271,1,True
0.5,0.0,16.195833333333333,9.0,6554.0,7298.2,0.0,0.0,0.0,0.0,16.820833333333333,18.4,6462.0,7298.2,0.0,0.0,10.0,0.0,22.8,22.6,44.0,65.0,0.9914448613738104,0.1305261922200517,-0.8443279255020155,0.535826794978996,6.0,0,0.68642175,1,True
0.0,0.0,29.23333333333333,16.7,6697.8,7440.904999999997,0.0,0.0,0.3000000000000133,8.800000000000015,29.429166666666664,15.1,6799.0,7107.659999999998,0.0,0.0,7.0,0.0,13.8,14.3,52.0,49.0,-0.2215484976194675,-0.9751493543055632,-0.9945218953682734,0.1045284632676529,3.0,0,0.39020827,1,True
0.5,0.0,29.23333333333333,16.7,6697.8,7440.904999999997,0.0,0.0,0.3000000000000133,8.800000000000015,29.429166666666664,15.1,6799.0,7107.659999999998,0.0,0.0,7.0,0.0,13.8,14.3,52.0,49.0,-0.2215484976194675,-0.9751493543055632,-0.9945218953682734,0.1045284632676529,3.0,0,0.39020827,1,True
0.5,6.6000000000000005,25.55,24.0,6012.8,7107.659999999999,0.0,0.0,0.2000000000000177,6.700000000000011,27.4875,10.8,1728.5,5179.6,0.0,0.0,8.0,0.0,18.3,14.9,43.0,62.0,0.7771459614569709,0.6293203910498375,0.9964928592495044,0.0836778433323154,0.0,0,0.3940182,1,True
1.0,6.6000000000000005,25.55,24.0,6012.8,7107.659999999999,0.0,0.0,0.2000000000000177,6.700000000000011,27.4875,10.8,1728.5,5179.6,0.0,0.0,8.0,0.0,18.3,14.9,43.0,62.0,0.7771459614569709,0.6293203910498375,0.9964928592495044,0.0836778433323154,0.0,0,0.47654808,1,True
0.5,24.0,26.729166666666668,23.6,5878.5,7054.359999999999,0.0,0.0,0.2000000000000213,20.50000000000001,27.7125,11.8,3057.3,5126.3,0.0,0.0,9.0,0.0,26.4,26.8,140.0,137.0,-0.5000000000000001,-0.8660254037844386,-0.938493022759556,0.3452981989985347,0.0,1,0.13785487,0,True
1.0,24.0,26.729166666666668,23.6,5878.5,7054.359999999999,0.0,0.0,0.2000000000000213,20.50000000000001,27.7125,11.8,3057.3,5126.3,0.0,0.0,9.0,0.0,26.4,26.8,140.0,137.0,-0.5000000000000001,-0.8660254037844386,-0.938493022759556,0.3452981989985347,0.0,0,0.30464816,1,True
0.0,5.4,19.8375,7.8,5983.8,7107.659999999999,0.0,0.0,0.0,0.0,21.225,12.0,2378.1,5019.7,0.0,0.0,6.0,0.0,15.4,15.6,93.0,92.0,0.6441236297613865,0.7649214009184319,0.6045991148623746,-0.7965299180241965,0.0,0,0.3940182,1,True
0.5,5.4,19.8375,7.8,5983.8,7107.659999999999,0.0,0.0,0.0,0.0,21.225,12.0,2378.1,5019.7,0.0,0.0,6.0,0.0,15.4,15.6,93.0,92.0,0.6441236297613865,0.7649214009184319,0.6045991148623746,-0.7965299180241965,0.0,0,0.4044924,1,True
1.0,5.4,19.8375,7.8,5983.8,7107.659999999999,0.0,0.0,0.0,0.0,21.225,12.0,2378.1,5019.7,0.0,0.0,6.0,0.0,15.4,15.6,93.0,92.0,0.6441236297613865,0.7649214009184319,0.6045991148623746,-0.7965299180241965,0.0,0,0.4962517,1,True
0.0,0.0,28.816666666666663,18.7,6128.7,7250.365,0.0,0.0,0.0,0.0,28.8,17.5,4382.6,5543.485000000001,0.0,0.0,7.0,0.0,13.7,14.1,51.0,66.0,-0.0401317925325597,-0.999194395114446,-0.5431744499506708,-0.8396198645344132,8.0,0,0.44596344,1,True
0.5,0.0,28.816666666666663,18.7,6128.7,7250.365,0.0,0.0,0.0,0.0,28.8,17.5,4382.6,5543.485000000001,0.0,0.0,7.0,0.0,13.7,14.1,51.0,66.0,-0.0401317925325597,-0.999194395114446,-0.5431744499506708,-0.8396198645344132,8.0,0,0.44596344,1,True
1.0,0.0,28.816666666666663,18.7,6128.7,7250.365,0.0,0.0,0.0,0.0,28.8,17.5,4382.6,5543.485000000001,0.0,0.0,7.0,0.0,13.7,14.1,51.0,66.0,-0.0401317925325597,-0.999194395114446,-0.5431744499506708,-0.8396198645344132,8.0,0,0.44596344,1,True
0.0,16.2,25.625,19.7,6330.1,8106.594999999999,3.0,5.6000000000000565,57.20000000000003,82.70000000000003,24.84166666666667,20.3,1992.8,5792.790000000001,1.0,0.0,7.0,0.0,19.7,21.4,86.0,96.0,-0.1495353434437094,-0.988756381047006,0.3987490689252461,-0.917060074385124,0.0,0,0.72507805,1,True
0.5,16.2,25.625,19.7,6330.1,8106.594999999999,3.0,5.6000000000000565,57.20000000000003,82.70000000000003,24.84166666666667,20.3,1992.8,5792.790000000001,1.0,0.0,7.0,0.0,19.7,21.4,86.0,96.0,-0.1495353434437094,-0.988756381047006,0.3987490689252461,-0.917060074385124,0.0,1,0.21426393,0,True
1.0,16.2,25.625,19.7,6330.1,8106.594999999999,3.0,5.6000000000000565,57.20000000000003,82.70000000000003,24.84166666666667,20.3,1992.8,5792.790000000001,1.0,0.0,7.0,0.0,19.7,21.4,86.0,96.0,-0.1495353434437094,-0.988756381047006,0.3987490689252461,-0.917060074385124,0.0,1,0.21426393,0,True
0.0,0.0,27.65833333333333,13.7,6115.4,7107.659999999999,0.0,0.0,0.0,0.2000000000000355,27.745833333333334,10.7,3685.0,5126.300000000001,0.0,0.0,7.0,0.0,21.1,19.7,85.0,95.0,0.8737722230354652,0.4863353804234905,0.90630778703665,0.4226182617406994,5.0,0,0.3319925,1,True
0.5,0.0,27.65833333333333,13.7,6115.4,7107.659999999999,0.0,0.0,0.0,0.2000000000000355,27.745833333333334,10.7,3685.0,5126.300000000001,0.0,0.0,7.0,0.0,21.1,19.7,85.0,95.0,0.8737722230354652,0.4863353804234905,0.90630778703665,0.4226182617406994,5.0,0,0.33666018,1,True
1.0,0.0,27.65833333333333,13.7,6115.4,7107.659999999999,0.0,0.0,0.0,0.2000000000000355,27.745833333333334,10.7,3685.0,5126.300000000001,0.0,0.0,7.0,0.0,21.1,19.7,85.0,95.0,0.8737722230354652,0.4863353804234905,0.90630778703665,0.4226182617406994,5.0,0,0.3940182,1,True
0.5,2.0,28.025,14.8,6693.0,7440.904999999999,0.2,0.2000000000000568,0.2000000000000293,6.100000000000029,28.166666666666668,17.4,6474.7,7298.199999999999,0.0,0.0,8.0,0.0,16.3,16.7,73.0,58.0,0.0348994967025011,-0.9993908270190958,-0.0401317925325597,-0.999194395114446,0.0,0,0.416126,1,True
1.0,2.0,28.025,14.8,6693.0,7440.904999999999,0.2,0.2000000000000568,0.2000000000000293,6.100000000000029,28.166666666666668,17.4,6474.7,7298.199999999999,0.0,0.0,8.0,0.0,16.3,16.7,73.0,58.0,0.0348994967025011,-0.9993908270190958,-0.0401317925325597,-0.999194395114446,0.0,0,0.48564374,1,True
0.5,1.4,28.433333333333334,22.9,6783.1,8241.77,0.3,1.000000000000057,1.1000000000000294,1.4000000000000292,28.77916666666667,18.8,5333.0,8725.25,0.0,0.0,8.0,0.0,12.5,13.3,111.0,114.0,-0.0697564737441252,-0.9975640502598242,0.0087265354983739,-0.9999619230641712,0.0,0,0.57105756,1,True
