inspecYm,inspecDivision,inspecArea,water01,water02,waterComment,sample_date
20140513,개장전,송도 1,19,4,적합,2014-05-13
20140513,개장전,송도 2,13,6,적합,2014-05-13
20140513,개장전,송도 3,10,10,적합,2014-05-13
20140602,개장1차,송도 1,8,16,적합,2014-06-02
20140602,개장1차,송도 2,6,16,적합,2014-06-02
20140602,개장1차,송도 3,10,47,적합,2014-06-02
20140610,개장2차,송도 1,6,16,적합,2014-06-10
20140610,개장2차,송도 2,2,<1,적합,2014-06-10
20140610,개장2차,송도 3,6,5,적합,2014-06-10
20140617,개장3차,송도 1,17,10,적합,2014-06-17
20140617,개장3차,송도 2,26,15,적합,2014-06-17
20140617,개장3차,송도 3,28,21,적합,2014-06-17
20140624,개장4차,송도 1,10,6,적합,2014-06-24
20140624,개장4차,송도 2,5,2,적합,2014-06-24
20140624,개장4차,송도 3,21,27,적합,2014-06-24
20140701,개장5차,송도 1,4,47,적합,2014-07-01
20140701,개장5차,송도 2,6,32,적합,2014-07-01
20140701,개장5차,송도 3,10,26,적합,2014-07-01
20140715,개장6차,송도 1,10,38,적합,2014-07-15
20140715,개장6차,송도 2,6,26,적합,2014-07-15
20140715,개장6차,송도 3,17,21,적합,2014-07-15
20140722,개장7차,송도 1,5,5,적합,2014-07-22
20140722,개장7차,송도 2,10,230,적합,2014-07-22
20140722,개장7차,송도 3,<1,<1,적합,2014-07-22
20140729,개장8차,송도 1,<1,72,적합,2014-07-29
20140729,개장8차,송도 2,<1,<1,적합,2014-07-29
20140729,개장8차,송도 3,<1,5,적합,2014-07-29
20140812,개장9차,송도 1,<1,110,적합,2014-08-12
20140812,개장9차,송도 2,5,21,적합,2014-08-12
20140812,개장9차,송도 3,10,38,적합,2014-08-12
20140827,개장10차,송도 1,37,820,적합,2014-08-27
20140827,개장10차,송도 2,21,640,적합,2014-08-27
20140827,개장10차,송도 3,5,170,적합,2014-08-27
20140902,개장11차,송도 1,<1,110,적합,2014-09-02
20140902,개장11차,송도 2,<1,21,적합,2014-09-02
20140902,개장11차,송도 3,<1,38,적합,2014-09-02
20140921,폐장후,송도 1,5,61,적합,2014-09-21
20140921,폐장후,송도 2,5,67,적합,2014-09-21
20140921,폐장후,송도 3,<1,49,적합,2014-09-21
20150506,개장전,송도 1,<1,10,적합,2015-05-06
20150506,개장전,송도 2,5,<1,적합,2015-05-06
20150506,개장전,송도 3,<1,31,적합,2015-05-06
20150516,개장전1차,송도1,43,399,적합,2015-05-16
20150516,개장전1차,송도2,21,74,적합,2015-05-16
20150516,개장전1차,송도3,5,31,적합,2015-05-16
20150616,개장2차,송도 1,32,170,적합,2015-06-16
20150616,개장2차,송도 2,42,130,적합,2015-06-16
20150616,개장2차,송도 3,55,250,적합,2015-06-16
20150627,시험기록지,송도1,5,52,적합,2015-06-27
20150627,시험기록지,송도2,0,20,적합,2015-06-27
20150627,시험기록지,송도3,5,31,적합,2015-06-27
20150702,개장3차,송도 1,<1,10,적합,2015-07-02
20150702,개장3차,송도 2,<1,<1,적합,2015-07-02
20150702,개장3차,송도 3,<1,10,적합,2015-07-02
20150716,개장4차,송도 1,<1,10,적합,2015-07-16
20150716,개장4차,송도 2,10,10,적합,2015-07-16
20150716,개장4차,송도 3,5,20,적합,2015-07-16
20150728,개장5차,송도 1,<1,<1,적합,2015-07-28
20150728,개장5차,송도 2,<1,20,적합,2015-07-28
20150728,개장5차,송도 3,<1,20,적합,2015-07-28
20150804,개장6차,송도 1,<1,10,적합,2015-08-04
20150804,개장6차,송도 2,<1,<1,적합,2015-08-04
20150804,개장6차,송도 3,<1,20,적합,2015-08-04
20150811,개장7차,송도 1,26,320,부적합,2015-08-11
20150811,개장7차,송도 2,21,31,부적합,2015-08-11
20150811,개장7차,송도 3,600,350,부적합,2015-08-11
20150818,개장8차,송도 1,<1,150,적합,2015-08-18
20150818,개장8차,송도 2,<1,20,적합,2015-08-18
20150818,개장8차,송도 3,<1,150,적합,2015-08-18
20150903,개장9차,송도 1,160,480,적합,2015-09-03
20150903,개장9차,송도 2,54,350,적합,2015-09-03
20150903,개장9차,송도 3,<1,210,적합,2015-09-03
20150921,폐장후,송도 1,10,130,적합,2015-09-21
20150921,폐장후,송도 2,5,150,적합,2015-09-21
20150921,폐장후,송도 3,10,220,적합,2015-09-21
20160512,개장전,송도1,0,0,적합,2016-05-12
20160512,개장전,송도2,5,0,적합,2016-05-12
20160512,개장전,송도3,0,0,적합,2016-05-12
20160607,개장기1차,송도1,21,10,적합,2016-06-07
20160607,개장기1차,송도2,10,0,적합,2016-06-07
20160607,개장기1차,송도3,10,10,적합,2016-06-07
20160627,개장기2차,송도1,5,52,적합,2016-06-27
20160627,개장기2차,송도2,0,20,적합,2016-06-27
20160627,개장기2차,송도3,5,31,적합,2016-06-27
20160711,개장기3차,송도1,0,10,적합,2016-07-11
20160711,개장기3차,송도2,0,0,적합,2016-07-11
20160711,개장기3차,송도3,0,20,적합,2016-07-11
20160719,개장기4차,송도1,37,20,적합,2016-07-19
20160719,개장기4차,송도2,5,10,적합,2016-07-19
20160719,개장기4차,송도3,0,10,적합,2016-07-19
20160726,개장기5차,송도1,16,41,적합,2016-07-26
20160726,개장기5차,송도2,15,63,적합,2016-07-26
20160726,개장기5차,송도3,0,20,적합,2016-07-26
20160809,개장기6차,송도1,60,231,적합,2016-08-09
20160809,개장기6차,송도2,80,171,적합,2016-08-09
20160809,개장기6차,송도3,38,199,적합,2016-08-09
20160817,개장기7차,송도1,5,135,적합,2016-08-17
20160817,개장기7차,송도2,26,250,적합,2016-08-17
20160817,개장기7차,송도3,32,223,적합,2016-08-17
20160822,개장기8차,송도1,5,74,적합,2016-08-22
20160822,개장기8차,송도2,0,75,적합,2016-08-22
20160822,개장기8차,송도3,0,187,적합,2016-08-22
20160907,개장기9차,송도1,90,393,적합,2016-09-07
20160907,폐장후,송도1,90,393,적합,2016-09-07
20160907,개장기9차,송도2,16,171,적합,2016-09-07
20160907,폐장후,송도2,16,171,적합,2016-09-07
20160907,개장기9차,송도3,55,223,적합,2016-09-07
20160907,폐장후,송도3,55,223,적합,2016-09-07
20170515,개장전,송도1,10,10,적합,2017-05-15
20170515,개장전,송도2,5,20,적합,2017-05-15
20170515,개장전,송도3,43,74,적합,2017-05-15
20170609,개장기 1차,송도1,5,20,적합,2017-06-09
20170609,개장기 1차,송도2,5,20,적합,2017-06-09
20170609,개장기 1차,송도3,10,31,적합,2017-06-09
20170622,개장기 2차,송도1,0,0,적합,2017-06-22
20170622,개장기 2차,송도2,0,20,적합,2017-06-22
20170622,개장기 2차,송도3,0,0,적합,2017-06-22
20170707,개장기 3차,송도1,0,20,적합,2017-07-07
20170707,개장기 3차,송도2,10,20,적합,2017-07-07
20170707,개장기 3차,송도3,10,31,적합,2017-07-07
20170713,개장기 3차,송도1,5,63,적합,2017-07-13
20170713,개장기 4차,송도1,5,63,적합,2017-07-13
20170713,개장기 3차,송도2,0,31,적합,2017-07-13
20170713,개장기 4차,송도2,0,31,적합,2017-07-13
20170713,개장기 3차,송도3,10,41,적합,2017-07-13
20170713,개장기 4차,송도3,10,41,적합,2017-07-13
20170719,개장기 5차,송도1,0,0,적합,2017-07-19
20170719,개장기 5차,송도2,5,0,적합,2017-07-19
20170719,개장기 5차,송도3,15,0,적합,2017-07-19
20170727,개장기 6차,송도1,0,20,적합,2017-07-27
20170727,개장기 6차,송도2,0,0,적합,2017-07-27
20170727,개장기 6차,송도3,5,0,적합,2017-07-27
20170802,개장기 7차,송도1,26,179,적합,2017-08-02
20170802,개장기 7차,송도2,31,242,적합,2017-08-02
20170802,개장기 7차,송도3,10,169,적합,2017-08-02
20170811,개장기 8차,송도1,21,97,적합,2017-08-11
20170811,개장기 8차,송도2,10,85,적합,2017-08-11
20170811,개장기 8차,송도3,21,161,적합,2017-08-11
20170817,개장기 9차,송도1,15,131,적합,2017-08-17
20170817,개장기 9차,송도2,21,181,적합,2017-08-17
20170817,개장기 9차,송도3,86,441,적합,2017-08-17
20170823,개장기 10차,송도1,0,63,적합,2017-08-23
20170823,개장기 10차,송도2,5,96,적합,2017-08-23
20170823,개장기 10차,송도3,5,96,적합,2017-08-23
20170904,개장기 11차,송도1,0,10,적합,2017-09-04
20170904,개장기 11차,송도2,10,10,적합,2017-09-04
20170904,개장기 11차,송도3,5,31,적합,2017-09-04
20180516,개장전,송도1,43,399,적합,2018-05-16
20180516,개장전,송도2,21,74,적합,2018-05-16
20180516,개장전,송도3,5,31,적합,2018-05-16
20180604,1차,송도1,10,31,적합,2018-06-04
20180604,1차,송도2,15,20,적합,2018-06-04
20180604,1차,송도3,5,30,적합,2018-06-04
20180618,2차,송도1,5,86,적합,2018-06-18
20180618,2차,송도2,5,63,적합,2018-06-18
20180618,2차,송도3,0,62,적합,2018-06-18
20180712,3차,송도1,88,512,적합,2018-07-12
20180712,3차,송도2,60,399,적합,2018-07-12
20180712,3차,송도3,81,108,적합,2018-07-12
20180719,4차,송도1,0,10,적합,2018-07-19
20180719,4차,송도2,0,0,적합,2018-07-19
20180719,4차,송도3,0,0,적합,2018-07-19
20180726,5차,송도1,0,122,적합,2018-07-26
20180726,5차,송도2,0,52,적합,2018-07-26
20180726,5차,송도3,0,10,적합,2018-07-26
20180802,6차,송도1,26,892,적합,2018-08-02
20180802,6차,송도2,32,773,적합,2018-08-02
20180802,6차,송도3,32,414,적합,2018-08-02
20180809,7차,송도1,5,411,적합,2018-08-09
20180809,7차,송도2,31,633,적합,2018-08-09
20180809,7차,송도3,37,379,적합,2018-08-09
20180822,8차,송도1,49,272,적합,2018-08-22
20180822,8차,송도2,48,189,적합,2018-08-22
20180822,8차,송도3,74,187,적합,2018-08-22
20180912,폐장후,송도1,10,235,적합,2018-09-12
20180912,폐장후,송도2,10,315,적합,2018-09-12
20180912,폐장후,송도3,5,223,적합,2018-09-12
20190514,개장전,송도1,58,0,적합,2019-05-14
20190514,개장전 5월 14일,송도1,58,0,적합,2019-05-14
20190514,개장전,송도2,52,20,적합,2019-05-14
20190514,개장전 5월 14일,송도2,52,20,적합,2019-05-14
20190514,개장전,송도3,55,30,적합,2019-05-14
20190514,개장전 5월 14일,송도3,55,30,적합,2019-05-14
20190604,개장중 6월 4일,송도1,5,0,적합,2019-06-04
20190604,개장중6월4일,송도1,5,0,적합,2019-06-04
20190604,개장중 6월 4일,송도2,0,0,적합,2019-06-04
20190604,개장중6월4일,송도2,0,0,적합,2019-06-04
20190604,개장중 6월 4일,송도3,0,0,적합,2019-06-04
20190604,개장중6월4일,송도3,0,0,적합,2019-06-04
20190618,개장중 6월 18일,송도1,20,0,적합,2019-06-18
20190618,개장중6월18일,송도1,20,0,적합,2019-06-18
20190618,개장중 6월 18일,송도2,0,10,적합,2019-06-18
20190618,개장중6월18일,송도2,0,10,적합,2019-06-18
20190618,개장중 6월 18일,송도3,10,0,적합,2019-06-18
20190618,개장중6월18일,송도3,10,0,적합,2019-06-18
20190704,개장중 7월 4일,송도1,32,10,적합,2019-07-04
20190704,개장중 7월 4일,송도2,21,0,적합,2019-07-04
20190704,개장중 7월 4일,송도3,32,30,적합,2019-07-04
20190716,개장중 7월 16일,송도1,0,0,적합,2019-07-16
20190716,개장중 7월 16일,송도2,0,0,적합,2019-07-16
20190716,개장중 7월 16일,송도3,5,0,적합,2019-07-16
20190730,개장중 7월 30일,송도1,339,41,부적합,2019-07-30
20190730,개장중 7월 30일,송도2,861,41,부적합,2019-07-30
20190730,개장중 7월 30일,송도3,"1,538",52,부적합,2019-07-30
20190801,개장중 8월 1일,송도1,32,0,적합,2019-08-01
20190801,개장중 8월 1일,송도2,21,0,적합,2019-08-01
20190801,개장중 8월 1일,송도3,15,10,적합,2019-08-01
20190813,개장중 8월 13일,송도1,0,0,적합,2019-08-13
20190813,개장중 8월 13일,송도2,0,0,적합,2019-08-13
20190813,개장중 8월 13일,송도3,0,0,적합,2019-08-13
20190820,개장중 8월 20일,송도1,0,52,적합,2019-08-20
20190820,개장중 8월 20일,송도2,0,41,적합,2019-08-20
20190820,개장중 8월 20일,송도3,0,20,적합,2019-08-20
20200617,개장전 6월 17일,송도1,68,52,적합,2020-06-17
20200617,개장전 6월 17일,송도2,21,10,적합,2020-06-17
20200617,개장전 6월 17일,송도3,125,161,적합,2020-06-17
20200709,개장중 7월 9일,송도1,5,0,적합,2020-07-09
20200709,개장중 7월 9일,송도2,0,0,적합,2020-07-09
20200709,개장중 7월 9일,송도3,0,0,적합,2020-07-09
20200717,개장중 7월17일,송도1,5,10,적합,2020-07-17
20200717,개장중 7월17일,송도2,0,10,적합,2020-07-17
20200717,개장중 7월17일,송도3,0,0,적합,2020-07-17
20200721,개장중 7월 21일,송도1,5,0,적합,2020-07-21
20200721,개장중 7월 21일,송도2,16,10,적합,2020-07-21
20200721,개장중 7월 21일,송도3,5,0,적합,2020-07-21
20200804,개장중 8월 14일,송도1,5,120,적합,2020-08-04
20200804,개장중 8월 4일,송도1,10,10,적합,2020-08-04
20200804,개장중 8월 14일,송도2,21,74,적합,2020-08-04
20200804,개장중 8월 4일,송도2,21,74,적합,2020-08-04
20200804,개장중 8월 14일,송도3,10,86,적합,2020-08-04
20200804,개장중 8월 4일,송도3,10,86,적합,2020-08-04
20200814,개장중 8월 14일,송도1,5,120,적합,2020-08-14
20200814,개장중 8월 14일,송도2,0,169,적합,2020-08-14
20200814,개장중 8월 14일,송도3,10,108,적합,2020-08-14
20200819,개장중 8월 19일,송도1,0,0,적합,2020-08-19
20200819,개장중 8월 19일,송도2,15,0,적합,2020-08-19
20200819,개장중 8월 19일,송도3,0,0,적합,2020-08-19
20200915,폐장후 9월 15일,송도1,26,52,적합,2020-09-15
20200915,폐장후 9월 15일,송도2,5,52,적합,2020-09-15
20200915,폐장후 9월 15일,송도3,32,97,적합,2020-09-15
20210608,개장전 6월 8일,송도1,10,31,적합,2021-06-08
20210608,개장중 6월 8일,송도1,10,31,적합,2021-06-08
20210608,개장전 6월 8일,송도2,32,266,적합,2021-06-08
20210608,개장중 6월 8일,송도2,32,266,적합,2021-06-08
20210608,개장전 6월 8일,송도3,157,452,적합,2021-06-08
20210608,개장중 6월 8일,송도3,157,452,적합,2021-06-08
20210715,개장중 7월 15일,송도1,0,134,적합,2021-07-15
20210715,개장중 7월 15일,송도2,16,52,적합,2021-07-15
20210715,개장중 7월 15일,송도3,21,63,적합,2021-07-15
20210722,개장중 7월 22일,송도1,10,20,적합,2021-07-22
20210722,개장중 7월 22일,송도2,5,20,적합,2021-07-22
20210722,개장중 7월 22일,송도3,0,30,적합,2021-07-22
20210729,개장중 7월 29일,송도1,0,20,적합,2021-07-29
20210729,개장중 7월 29일,송도2,10,10,적합,2021-07-29
20210729,개장중 7월 29일,송도3,0,96,적합,2021-07-29
20210803,개장중 8월 3일,송도1,0,52,적합,2021-08-03
20210803,개장중 8월 3일,송도2,0,31,적합,2021-08-03
20210803,개장중 8월 3일,송도3,21,168,적합,2021-08-03
20210810,개장중 8월 10일,송도1,0,160,적합,2021-08-10
20210810,개장중 8월 10일,송도2,5,265,적합,2021-08-10
20210810,개장중 8월 10일,송도3,0,197,적합,2021-08-10
20210831,개장중 8월 31일,송도1,0,292,적합,2021-08-31
20210831,개장중 8월 31일,송도2,10,309,적합,2021-08-31
20210831,개장중 8월 31일,송도3,26,327,적합,2021-08-31
20210929,폐장후 9월 29일,송도1,10,20,적합,2021-09-29
20210929,폐장후 9월 29일,송도2,10,135,적합,2021-09-29
20210929,폐장후 9월 29일,송도3,5,86,적합,2021-09-29
20220613,개장전 6월 13일,송도1,214,86,부적합,2022-06-13
20220613,개장전 6월 13일,송도2,16,0,부적합,2022-06-13
20220613,개장전 6월 13일,송도3,453,"1,483",부적합,2022-06-13
20220629,개장전 6월 29일,송도1,155,400,적합,2022-06-29
20220629,개장전 6월 29일,송도2,78,384,적합,2022-06-29
20220629,개장전 6월 29일,송도3,43,422,적합,2022-06-29
20220707,개장중 7월 7일,송도1,5,31,적합,2022-07-07
20220707,개장중 7월 7일,송도2,0,41,적합,2022-07-07
20220707,개장중 7월 7일,송도3,5,10,적합,2022-07-07
20220720,개장중 7월 20일,송도1,0,121,적합,2022-07-20
20220720,개장중 7월 20일,송도2,0,0,적합,2022-07-20
20220720,개장중 7월 20일,송도3,0,0,적합,2022-07-20
20220726,개장중 7월 26일,송도1,21,97,적합,2022-07-26
20220726,개장중 7월 26일,송도2,5,46,적합,2022-07-26
20220726,개장중 7월 26일,송도3,10,256,적합,2022-07-26
20220803,개장중 8월 3일,송도1,5,323,적합,2022-08-03
20220803,개장중 8월 3일,송도2,0,63,적합,2022-08-03
20220803,개장중 8월 3일,송도3,5,160,적합,2022-08-03
20220809,개장중 8월 9일,송도1,0,109,적합,2022-08-09
20220809,개장중 8월 9일,송도2,0,75,적합,2022-08-09
20220809,개장중 8월 9일,송도3,10,97,적합,2022-08-09
20220816,개장중 8월 16일,송도1,112,326,적합,2022-08-16
20220816,개장중 8월 16일,송도2,49,156,적합,2022-08-16
20220816,개장중 8월 16일,송도3,26,226,적합,2022-08-16
20220830,개장중 8월 30일,송도1,5,20,적합,2022-08-30
20220830,개장중 8월 30일,송도2,0,75,적합,2022-08-30
20220830,개장중 8월 30일,송도3,5,209,적합,2022-08-30
20220926,폐장후 9월 26일,송도1,10,41,적합,2022-09-26
20220926,폐장후 9월 26일,송도2,15,72,적합,2022-09-26
20220926,폐장후 9월 26일,송도3,31,84,적합,2022-09-26
20230607,개장전 6월 7일,송도1,0,31,적합,2023-06-07
20230607,개장전 6월 7일,송도2,0,0,적합,2023-06-07
20230607,개장전 6월 7일,송도3,0,0,적합,2023-06-07
20230704,개장중 7월 4일,송도-A1,64,52,적합,2023-07-04
20230704,개장중 7월 4일,송도-A2,77,52,적합,2023-07-04
20230704,개장중 7월 4일,송도-B1,53,10,적합,2023-07-04
20230704,개장중 7월 4일,송도-B2,26,10,적합,2023-07-04
20230704,개장중 7월 4일,송도-C1,31,31,적합,2023-07-04
20230704,개장중 7월 4일,송도-C2,26,31,적합,2023-07-04
20230719,개장중 7월 19일,송도-A1,296,"1,076",부적합,2023-07-19
20230719,개장중 7월 19일,송도-A2,291,771,부적합,2023-07-19
20230719,개장중 7월 19일,송도-B1,317,"1,267",부적합,2023-07-19
20230719,개장중 7월 19일,송도-B2,299,"1,223",부적합,2023-07-19
20230719,개장중 7월 19일,송도-C1,523,"1,989",부적합,2023-07-19
20230719,개장중 7월 19일,송도-C2,657,"1,376",부적합,2023-07-19
20230727,개장중 7월 27일,송도-A1,10,175,적합,2023-07-27
20230727,개장중 7월 27일,송도-A2,21,203,적합,2023-07-27
20230727,개장중 7월 27일,송도-B1,15,216,적합,2023-07-27
20230727,개장중 7월 27일,송도-B2,16,109,적합,2023-07-27
20230727,개장중 7월 27일,송도-C1,31,185,적합,2023-07-27
20230727,개장중 7월 27일,송도-C2,21,231,적합,2023-07-27
20230801,개장중 8월 1일,송도-A1,5,41,적합,2023-08-01
20230801,개장중 8월 1일,송도-A2,16,63,적합,2023-08-01
20230801,개장중 8월 1일,송도-B1,21,52,적합,2023-08-01
20230801,개장중 8월 1일,송도-B2,49,63,적합,2023-08-01
20230801,개장중 8월 1일,송도-C1,16,218,적합,2023-08-01
20230801,개장중 8월 1일,송도-C2,15,63,적합,2023-08-01
20230808,개장중 8월 8일,송도-A1,5,905,적합,2023-08-08
20230808,개장중 8월 8일,송도-A2,0,932,적합,2023-08-08
20230808,개장중 8월 8일,송도-B1,5,479,적합,2023-08-08
20230808,개장중 8월 8일,송도-B2,5,479,적합,2023-08-08
20230808,개장중 8월 8일,송도-C1,0,282,적합,2023-08-08
20230808,개장중 8월 8일,송도-C2,10,233,적합,2023-08-08
20230816,개장중 8월 16일,송도-A1,180,"1,187",부적합,2023-08-16
20230816,개장중 8월 16일,송도-A2,155,620,부적합,2023-08-16
20230816,개장중 8월 16일,송도-B1,153,884,부적합,2023-08-16
20230816,개장중 8월 16일,송도-B2,282,695,부적합,2023-08-16
20230816,개장중 8월 16일,송도-C1,189,816,부적합,2023-08-16
20230816,개장중 8월 16일,송도-C2,178,857,부적합,2023-08-16
20230823,개장중 8월 23일,송도-A1,16,"14,136",부적합,2023-08-23
20230823,개장중 8월 23일,송도-A2,21,"15,531",부적합,2023-08-23
20230823,개장중 8월 23일,송도-B1,5,"15,531",부적합,2023-08-23
20230823,개장중 8월 23일,송도-B2,10,"17,329",부적합,2023-08-23
20230823,개장중 8월 23일,송도-C1,16,"17,329",부적합,2023-08-23
20230823,개장중 8월 23일,송도-C2,5,"15,531",부적합,2023-08-23
20230828,개장중 8월 28일,송도-A1,5,52,적합,2023-08-28
20230828,개장중 8월 28일,송도-A2,5,63,적합,2023-08-28
20230828,개장중 8월 28일,송도-B1,10,98,적합,2023-08-28
20230828,개장중 8월 28일,송도-B2,5,97,적합,2023-08-28
20230828,개장중 8월 28일,송도-C1,5,98,적합,2023-08-28
20230828,개장중 8월 28일,송도-C2,26,110,적합,2023-08-28
20230912,폐장후 9월 12일,송도-A1,0,31,적합,2023-09-12
20230912,폐장후 9월 12일,송도-A2,0,122,적합,2023-09-12
20230912,폐장후 9월 12일,송도-B1,0,148,적합,2023-09-12
20230912,폐장후 9월 12일,송도-B2,0,75,적합,2023-09-12
20230912,폐장후 9월 12일,송도-C1,0,181,적합,2023-09-12
20230912,폐장후 9월 12일,송도-C2,5,134,적합,2023-09-12
20240603,개장전,송도1,0,10,적합,2024-06-03
20240603,개장전,송도2,5,0,적합,2024-06-03
20240603,개장전,송도3,5,0,적합,2024-06-03
20240603,개장전,송도4,0,0,적합,2024-06-03
20240603,개장전,송도5,0,0,적합,2024-06-03
20240603,개장전,송도6,0,0,적합,2024-06-03
20240703,개장중1차,송도1,220,627,부적합,2024-07-03
20240703,개장중1차,송도2,96,480,적합,2024-07-03
20240703,개장중1차,송도3,92,441,적합,2024-07-03
20240703,개장중1차,송도4,253,683,부적합,2024-07-03
20240703,개장중1차,송도5,94,428,적합,2024-07-03
20240703,개장중1차,송도6,83,457,적합,2024-07-03
20240715,개장중2차,송도1,21,689,부적합,2024-07-15
20240715,개장중3차,송도2,10,364,적합,2024-07-15
20240715,개장중4차,송도3,5,473,적합,2024-07-15
20240715,개장중5차,송도4,15,443,적합,2024-07-15
20240715,개장중6차,송도5,10,381,적합,2024-07-15
20240715,개장중7차,송도6,32,644,부적합,2024-07-15
20240729,개장중3차,송도1,32,663,부적합,2024-07-29
20240729,개장중3차,송도2,26,495,적합,2024-07-29
20240729,개장중3차,송도3,21,474,적합,2024-07-29
20240729,개장중3차,송도4,26,908,부적합,2024-07-29
20240729,개장중3차,송도5,48,650,부적합,2024-07-29
20240729,개장중3차,송도6,21,703,부적합,2024-07-29
20240805,개장중3차-재검사,송도1,0,0,적합,2024-08-05
20240805,개장중3차-재검사,송도2,0,0,적합,2024-08-05
20240805,개장중3차-재검사,송도3,0,0,적합,2024-08-05
20240805,개장중3차-재검사,송도4,0,0,적합,2024-08-05
20240805,개장중3차-재검사,송도5,0,0,적합,2024-08-05
20240805,개장중3차-재검사,송도6,0,0,적합,2024-08-05
20240819,개장중4차,송도1,0,0,적합,2024-08-19
20240819,개장중4차,송도2,21,0,적합,2024-08-19
20240819,개장중4차,송도3,0,0,적합,2024-08-19
20240819,개장중4차,송도4,0,10,적합,2024-08-19
20240819,개장중4차,송도5,0,0,적합,2024-08-19
20240819,개장중4차,송도6,0,10,적합,2024-08-19
20240902,폐장후,송도1,0,0,적합,2024-09-02
20240902,폐장후,송도2,0,0,적합,2024-09-02
20240902,폐장후,송도3,0,0,적합,2024-09-02
20240902,폐장후,송도4,0,10,적합,2024-09-02
20240902,폐장후,송도5,0,10,적합,2024-09-02
20240902,폐장후,송도6,0,0,적합,2024-09-02
20250613,개장전,송도1,16,228,적합,2025-06-13
20250613,개장전,송도2,0,173,적합,2025-06-13
20250613,개장전,송도3,26,173,적합,2025-06-13
20250613,개장전,송도4,5,121,적합,2025-06-13
20250613,개장전,송도5,16,73,적합,2025-06-13
20250613,개장전,송도6,0,146,적합,2025-06-13
20250703,개장중1차,송도1,0,20,적합,2025-07-03
20250703,개장중1차,송도2,5,20,적합,2025-07-03
20250703,개장중1차,송도3,0,20,적합,2025-07-03
20250703,개장중1차,송도4,0,0,적합,2025-07-03
20250703,개장중1차,송도5,0,63,적합,2025-07-03
20250703,개장중1차,송도6,0,20,적합,2025-07-03
20250716,개장중2차,송도1,16,173,적합,2025-07-16
20250716,개장중2차,송도2,10,86,적합,2025-07-16
20250716,개장중2차,송도3,21,20,적합,2025-07-16
20250716,개장중2차,송도4,42,512,부적합,2025-07-16
20250716,개장중2차,송도5,21,393,적합,2025-07-16
20250716,개장중2차,송도6,10,98,적합,2025-07-16
20250730,개장중3차,송도1,0,20,적합,2025-07-30
20250730,개장중3차,송도2,5,10,적합,2025-07-30
20250730,개장중3차,송도3,10,63,적합,2025-07-30
20250730,개장중3차,송도4,5,98,적합,2025-07-30
20250730,개장중3차,송도5,0,52,적합,2025-07-30
20250730,개장중3차,송도6,10,41,적합,2025-07-30
20250813,개장중4차,송도1,32,331,적합,2025-08-13
20250813,개장중4차,송도2,32,275,적합,2025-08-13
20250813,개장중4차,송도3,32,495,적합,2025-08-13
20250813,개장중4차,송도4,38,373,적합,2025-08-13
20250813,개장중4차,송도5,32,135,적합,2025-08-13
20250813,개장중4차,송도6,37,158,적합,2025-08-13
20250826,개장중4차,송도1,5,203,적합,2025-08-26
20250826,개장중4차,송도2,5,121,적합,2025-08-26
20250826,개장중4차,송도3,10,246,적합,2025-08-26
20250826,개장중4차,송도4,26,262,적합,2025-08-26
20250826,개장중4차,송도5,0,41,적합,2025-08-26
20250826,개장중4차,송도6,5,299,적합,2025-08-26
20250916,폐장후,송도1,16,199,적합,2025-09-16
20250916,폐장후,송도2,26,173,적합,2025-09-16
20250916,폐장후,송도3,0,156,적합,2025-09-16
20250916,폐장후,송도4,38,121,적합,2025-09-16
20250916,폐장후,송도5,32,86,적합,2025-09-16
20250916,폐장후,송도6,42,131,적합,2025-09-16
