¿œ¿⁄,jungang_vol,yeongdo_vol
20260915,null,
20260914,58017,
20260913,58257,
20260912,59643,
20260911,59878,
20260910,60640,
20260909,62839,null
20260908,61814,null
20260907,61830,null
20260906,60770,null
20260905,60630,null
20260904,59722,null
20260903,62564,null
20260902,62233,null
20260901,63502,null
20260831,62450,null
20260830,60276,null
20260829,75580,null
20260828,68976,null
20260827,60882,null
20260826,61231,null
20260825,61131,null
20260824,60274,null
20260823,59589,null
20260822,59738,null
20260821,60231,null
20260820,60391,null
20260819,61549,null
20260818,78117,null
20260817,77672,null
20260816,69418,null
20260815,56207,null
20260814,56116,null
20260813,57508,null
20260812,58153,null
20260811,58839,null
20260810,58606,null
20260809,57735,null
20260808,56435,null
20260807,56783,null
20260806,55808,null
20260805,56919,null
20260804,57949,null
20260803,59727,null
20260802,57624,null
20260801,58711,null
20260731,56715,null
20260730,56305,null
20260729,54102,null
20260728,56974,null
20260727,55500,null
20260726,53950,null
20260725,53198,null
20260724,57212,null
20260723,56559,null
20260722,57709,null
20260721,57166,null
20260720,57554,null
20260719,57995,null
20260718,60206,null
20260717,59134,null
20260716,61150,null
20260715,60827,null
20260714,61225,null
20260713,58928,null
20260712,59362,null
20260711,60601,null
20260710,59598,null
20260709,56754,null
20260708,57138,null
20260707,61844,null
20260706,62147,null
20260705,60059,null
20260704,62909,null
20260703,63144,null
20260702,60432,null
20260701,70133,null
20260630,61945,null
20260629,59564,null
20260628,60881,null
20260627,60323,null
20260626,62892,null
20260625,58985,null
20260624,60589,null
20260623,58247,null
20260622,68436,null
20260621,66828,null
20260620,68956,null
20260619,59616,null
20260618,59294,null
20260617,58176,null
20260616,58117,null
20260615,58171,null
20260614,58125,null
20260613,58581,null
20260612,59275,null
20260611,55575,null
20260610,56996,null
20260609,54060,null
20260608,55770,null
20260607,55643,null
20260606,58567,null
20260605,60958,null
20260604,59463,null
20260603,58925,null
20260602,70435,null
20260601,58950,null
20260531,59656,null
20260530,61312,null
20260529,62823,null
20260528,66118,null
20260527,72860,null
20260526,61377,null
20260525,56917,null
20260524,57244,null
20260523,59188,null
20260522,59934,null
20260521,64289,null
20260520,59370,null
20260519,58947,null
20260518,56800,null
20260517,55557,null
20260516,56513,null
20260515,56880,null
20260514,59300,null
20260513,58525,null
20260512,57909,null
20260511,58427,null
20260510,57945,null
20260509,58319,null
20260508,58415,null
20260507,58373,null
20260506,59574,null
20260505,59118,null
20260504,56530,null
20260503,63230,null
20260502,61299,null
20260501,64569,null
20260430,61593,null
20260429,64461,null
20260428,60524,null
20260427,60137,null
20260426,57314,null
20260425,58330,null
20260424,60992,null
20260423,64050,null
20260422,58919,null
20260421,60726,null
20260420,60511,null
20260419,62045,null
20260418,67344,null
20260417,60865,null
20260416,63619,null
20260415,62193,null
20260414,59574,null
20260413,62100,null
20260412,61551,null
20260411,68814,null
20260410,72078,null
20260409,69305,null
20260408,61451,null
20260407,58312,null
20260406,58192,null
20260405,50991,null
20260404,74183,null
20260403,56304,null
20260402,57049,null
20260401,58140,null
20260331,65621,null
20260330,59542,null
20260329,57695,null
20260328,57262,null
20260327,56872,null
20260326,57212,null
20260325,58623,null
20260324,58424,null
20260323,57277,null
20260322,49359,null
20260321,53575,null
20260320,55550,null
20260319,50337,null
20260318,52168,null
20260317,53114,null
20260316,53056,null
20260315,49787,null
20260314,51991,null
20260313,52696,null
20260312,53437,null
20260311,55917,null
20260310,54153,null
20260309,52461,null
20260308,51756,null
20260307,52652,null
20260306,55688,null
20260305,55696,null
20260304,56736,null
20260303,58611,null
20260302,56005,null
20260301,55929,null
20260228,57656,null
20260227,61364,null
20260226,56815,null
20260225,54640,null
20260224,61181,null
20260223,52833,null
20260222,54730,null
20260221,53185,null
20260220,51312,null
20260219,53636,null
20260218,52169,null
20260217,59826,null
20260216,58632,null
20260215,55066,null
20260214,56145,null
20260213,58947,null
20260212,57739,null
20260211,55764,null
20260210,53451,null
20260209,55175,null
20260208,51629,null
20260207,57555,null
20260206,57942,null
20260205,58652,null
20260204,56196,null
20260203,55355,null
20260202,58740,null
20260201,49846,null
20260131,53192,null
20260130,53410,null
20260129,55781,27290
20260128,54813,28230
20260127,51531,28700
20260126,58432,29770
20260125,62485,30330
20260124,54658,29790
20260123,55806,29400
20260122,55412,29300
20260121,51725,29160
20260120,52992,29930
20260119,59666,30770
20260118,58495,30980
20260117,54561,30870
20260116,57932,29860
20260115,53709,28740
20260114,51204,28570
20260113,53399,28500
20260112,57235,29590
20260111,51328,29560
20260110,53330,29930
20260109,54866,30020
20260108,51966,30520
20260107,51852,32050
20260106,55516,32450
20260105,54599,32330
20260104,52836,32460
20260103,50899,30720
20260102,55934,30840
20260101,51338,30420
20251231,52169,30660
20251230,52519,30380
20251229,52222,30260
20251228,51636,29990
20251227,51644,29720
20251226,52223,29480
20251225,53645,30950
20251224,61699,47060
20251223,53740,30590
20251222,54752,30850
20251221,53909,31390
20251220,53215,30700
20251219,51760,29930
20251218,55626,30410
20251217,56664,29990
20251216,55825,29560
20251215,51093,30220
20251214,49509,30110
20251213,49795,30320
20251212,53046,29880
20251211,51872,30210
20251210,53225,30090
20251209,55012,29810
20251208,64020,30830
20251207,66993,31280
20251206,73492,31760
20251205,60465,29340
20251204,59725,31170
20251203,60930,30960
20251202,65403,31730
20251201,62677,31650
20251130,56633,31380
20251129,62389,31460
20251128,63398,32630
20251127,62873,31240
20251126,84128,32790
20251125,81116,31840
20251124,80447,31890
20251123,73919,31330
20251122,83322,31640
20251121,83130,32630
20251120,77803,33680
20251119,65267,31420
20251118,64523,287120
20251117,64611,32830
20251116,64890,31340
20251115,68881,31390
20251114,67927,32490
20251113,69196,32830
20251112,70845,33490
20251111,72933,35080
20251110,70474,33870
20251109,76657,51830
20251108,68971,37530
20251107,69366,31140
20251106,72060,31630
20251105,77387,33530
20251104,73345,33540
20251103,71683,34440
20251102,62756,34070
20251101,61545,33790
20251031,59673,33240
20251030,64255,34720
20251029,68286,34950
20251028,69639,34410
20251027,69488,34170
20251026,71705,33400
20251025,76503,34800
20251024,78001,45210
20251023,75550,35890
20251022,73768,36450
20251021,77516,35340
20251020,66270,35090
20251019,69268,35870
20251018,75846,44330
20251017,67615,35910
20251016,71072,49660
20251015,65840,34630
20251014,66845,44210
20251013,63458,33560
20251012,62239,33740
20251011,64026,34920
20251010,64279,38310
20251009,61260,33730
20251008,60483,35040
20251007,61434,37550
20251006,63428,38780
20251005,63368,41900
20251004,64269,56060
20251003,73204,52100
20251002,61194,32070
20251001,60637,32380
20250930,62310,32270
20250929,62323,32720
20250928,59520,34010
20250927,61008,32070
20250926,61865,33790
20250925,62449,34950
20250924,60806,35360
20250923,63099,35860
20250922,62147,33740
20250921,61564,34770
20250920,57803,43850
20250919,57746,32380
20250918,66264,32070
20250917,64642,36350
20250916,64309,33150
20250915,64993,33770
20250914,66749,36230
20250913,63811,47730
20250912,61548,33040
20250911,66093,32730
20250910,66270,33670
20250909,66789,37770
20250908,66091,34380
20250907,63958,33900
20250906,63317,33650
20250905,62906,33630
20250904,64719,34080
20250903,64116,34640
20250902,66979,33860
20250901,65233,40280
20250831,64171,32490
20250830,64320,32920
20250829,64496,34390
20250828,64764,34690
20250827,65264,34380
20250826,65470,33830
20250825,65942,35060
20250824,60508,34730
20250823,60398,35020
20250822,62098,35770
20250821,60415,36000
20250820,59000,36470
20250819,61156,36800
20250818,62332,37810
20250817,59431,37920
20250816,60484,40030
20250815,55537,42700
20250814,59356,49600
20250813,67932,65820
20250812,91324,73500
20250811,80696,52760
20250810,96546,59310
20250809,64806,42710
20250808,60318,35700
20250807,62400,35500
20250806,62177,40230
20250805,60741,39410
20250804,57256,44370
20250803,62992,39860
20250802,62358,36680
20250801,64477,35020
20250731,64566,34210
20250730,63070,33930
20250729,62567,34630
20250728,60514,36510
20250727,64236,35650
20250726,68217,36840
20250725,67840,37810
20250724,70005,37080
20250723,71071,39170
20250722,70258,41620
20250721,62274,47470
20250720,61143,61360
20250719,68586,65990
20250718,75532,54330
20250717,82133,39680
20250716,77247,43800
20250715,79053,57710
20250714,119684,74790
20250713,73176,43790
20250712,59065,33540
20250711,60007,33800
20250710,59749,34080
20250709,59257,34320
20250708,60279,34050
20250707,59686,35580
20250706,57097,35190
20250705,59005,33890
20250704,59951,34460
20250703,60982,36470
20250702,59560,36450
20250701,62297,37510
20250630,62993,39220
20250629,68378,39670
20250628,75110,41050
20250627,83196,44690
20250626,85903,52170
20250625,64477,71528
20250624,89081,52510
20250623,87340,55120
20250622,97716,61990
20250621,67154,43440
20250620,65115,35680
20250619,67227,35600
20250618,71447,38520
20250617,72020,46530
20250616,63223,66850
20250615,65402,64280
20250614,97392,59440
20250613,57339,34010
20250612,54955,31860
20250611,54802,31720
20250610,52710,31560
20250609,54126,32720
20250608,54333,33190
20250607,52905,31410
20250606,54263,31080
20250605,53026,31810
20250604,53467,32770
20250603,53432,40100
20250602,55584,30920
20250601,57158,32790
20250531,55135,32760
20250530,60106,33470
20250529,64296,34340
20250528,65658,33810
20250527,64429,33880
20250526,66445,32630
20250525,62964,33040
20250524,64619,34820
20250523,61561,32600
20250522,61561,33020
20250521,71352,34390
20250520,75962,35410
20250519,71756,35390
20250518,71502,36130
20250517,71266,48420
20250516,72898,41460
20250515,70036,30520
20250514,71279,31270
20250513,76026,31890
20250512,73820,33300
20250511,68427,34720
20250510,64653,45790
20250509,68669,46480
20250508,59450,30780
20250507,57687,32450
20250506,58749,36230
20250505,53702,29250
20250504,56459,29920
20250503,59011,33500
20250502,68427,36740
20250501,60429,38750
20250430,56784,31250
20250429,54884,31750
20250428,55907,33820
20250427,52796,32090
20250426,54048,32540
20250425,58480,35450
20250424,63032,38350
20250423,64384,47660
20250422,59135,48170
20250421,55832,39910
20250420,53309,36730
20250419,54614,35140
20250418,55383,35320
20250417,54851,34120
20250416,55975,33430
20250415,54565,33050
20250414,55883,40030
20250413,56422,45480
20250412,52220,36060
20250411,49368,32270
20250410,47892,30680
20250409,47453,30800
20250408,46739,30780
20250407,48401,31440
20250406,52949,31380
20250405,51010,30190
20250404,51553,31090
20250403,51810,30340
20250402,54359,31280
20250401,53453,30940
20250331,59795,30840
20250330,63102,30930
20250329,66226,31840
20250328,67722,34010
20250327,69420,46320
20250326,57495,35230
20250325,56092,31180
20250324,55540,32140
20250323,54704,31450
20250322,56183,30920
20250321,59069,32200
20250320,57987,31570
20250319,55906,32900
20250318,56915,30960
20250317,58122,31740
20250316,56129,40450
20250315,57414,35280
20250314,54194,30420
20250313,54660,31490
20250312,55766,30430
20250311,57703,29430
20250310,55830,29980
20250309,55679,30440
20250308,56316,29760
20250307,57765,31250
20250306,55914,29990
20250305,53890,34640
20250304,59073,47720
20250303,62638,44520
20250302,54965,33340
20250301,53396,31340
20250228,53917,30450
20250227,54914,29950
20250226,54067,30020
20250225,52975,29170
20250224,54080,29260
20250223,54841,29980
20250222,54792,30180
20250221,55015,29590
20250220,55047,29140
20250219,55437,29890
20250218,53210,29580
20250217,54487,30380
20250216,54097,30790
20250215,52254,33320
20250214,49574,32350
20250213,47676,32410
20250212,53951,40240
20250211,56202,29760
20250210,54244,30010
20250209,54563,29390
20250208,55289,30040
20250207,56027,29820
20250206,56733,29240
20250205,57069,29300
20250204,57288,29340
20250203,56397,30812
20250202,55168,33857
20250201,58085,42050
20250131,57626,31333
20250130,54461,30697
20250129,50947,31076
20250128,53813,34369
20250127,54916,36060
20250126,52647,30286
20250125,53900,30412
20250124,56963,29556
20250123,57030,28951
20250122,56531,29505
20250121,56760,29266
20250120,57530,30979
20250119,54414,31002
20250118,55651,30914
20250117,54773,30740
20250116,55784,29811
20250115,58706,30596
20250114,60058,33733
20250113,58509,31764
20250112,54835,33402
20250111,55575,32710
20250110,55251,30957
20250109,56682,29713
20250108,57422,31061
20250107,57909,30827
20250106,57333,305453
20250105,53433,30293
20250104,55259,30940
20250103,56782,30830
20250102,58248,30470
20250101,56055,30020
20241231,58008,30860
20241230,57507,30790
20241229,56394,30990
20241228,55095,31630
20241227,55420,30920
20241226,56037,30540
20241225,57444,30810
20241224,55544,30770
20241223,54553,31840
20241222,57205,31050
20241221,58019,31140
20241220,56231,31590
20241219,56639,31270
20241218,57063,32370
20241217,58871,32960
20241216,56956,31870
20241215,57289,31770
20241214,58844,32770
20241213,59452,31620
20241212,60246,31280
20241211,61770,31290
20241210,60187,30090
20241209,58200,309990
20241208,60287,31820
20241207,58125,32490
20241206,59436,32250
20241205,60453,32020
20241204,59509,31380
20241203,60431,32030
20241202,60961,31140
20241201,58523,32630
20241130,58167,33250
20241129,60041,33850
20241128,62338,32490
20241127,62349,36070
20241126,63705,52430
20241125,58608,33000
20241124,58322,32870
20241123,57811,32240
20241122,58031,33150
20241121,58577,33030
20241120,60070,34120
20241119,57577,34880
20241118,56828,35510
20241117,56203,32780
20241116,57899,33510
20241115,61909,33370
20241114,59126,34160
20241113,58208,40010
20241112,56810,38030
20241111,59779,37400
20241110,59208,36370
20241109,62115,36080
20241108,61874,36720
20241107,64863,37770
20241106,65191,39570
20241105,67589,42420
20241104,68461,46150
20241103,66855,52670
20241102,72239,68170
20241101,72984,59380
20241031,63033,37030
20241030,63364,36240
20241029,64218,36600
20241028,61838,42160
20241027,62211,43680
20241026,58524,41810
20241025,62856,45220
20241024,68202,50520
20241023,68592,60110
20241022,79406,68140
20241021,56478,38600
20241020,56203,39520
20241019,60979,49100
20241018,61638,39880
20241017,59850,40370
20241016,60807,42810
20241015,61712,48330
20241014,57214,34530
20241013,53644,31940
20241012,53968,31330
20241011,57014,32370
20241010,56141,33420
20241009,52799,32530
20241008,54691,36310
20241007,51277,39710
20241006,53043,35800
20241005,53604,33100
20241004,55625,37460
20241003,57648,38110
20241002,55929,32970
20241001,53433,33850
20240930,52411,35380
20240929,56055,34970
20240928,56140,36770
20240927,57299,37910
20240926,57902,39130
20240925,58766,39620
20240924,58380,43980
20240923,53059,55780
20240922,58902,60420
20240921,90646,63980
20240920,57306,40930
20240919,52672,34230
20240918,51709,33730
20240917,51976,33610
20240916,53305,35780
20240915,54623,34470
20240914,53301,35280
20240913,51350,35270
20240912,56033,34590
20240911,61357,46540
20240910,62464,34420
20240909,59320,34870
20240908,52307,34140
20240907,54122,32760
20240906,53889,32640
20240905,55997,32340
20240904,54093,33270
20240903,56166,32610
20240902,55777,32780
20240901,56950,33360
20240831,54497,33260
20240830,56096,34880
20240829,59449,36210
20240828,57784,35440
20240827,58688,34470
20240826,62752,34870
20240825,59441,33420
20240824,59581,34740
20240823,61968,37890
20240822,62069,41650
20240821,61191,48550
20240820,64967,48360
20240819,59132,34720
20240818,53570,34260
20240817,54939,33120
20240816,57037,32800
20240815,54672,33430
20240814,56613,34510
20240813,57552,36020
20240812,54487,36600
20240811,53701,37850
20240810,53028,37210
20240809,55044,35440
20240808,53515,35680
20240807,52116,36200
20240806,53770,35830
20240805,55720,37280
20240804,55449,36590
20240803,59844,37500
20240802,55020,37950
20240801,55362,37750
20240731,58175,38580
20240730,57728,39680
20240729,56792,41670
20240728,57374,46050
20240727,59018,48330
20240726,68608,54130
20240725,70851,65610
20240724,82763,67650
20240723,56219,38280
20240722,56427,43120
20240721,54495,47990
20240720,53300,46870
20240719,53197,56880
20240718,57518,60260
20240717,68321,66390
20240716,63273,73200
20240715,57285,71380
20240714,62046,69120
20240713,56959,38210
20240712,57075,41440
20240711,54822,50660
20240710,53513,52880
20240709,56774,36030
20240708,56642,37070
20240707,57140,36580
20240706,58416,38270
20240705,57074,45200
20240704,60669,48640
20240703,57356,59970
20240702,59901,65040
20240701,54074,53480
20240630,61098,61200
20240629,60006,46280
20240628,54537,36920
20240627,50215,35730
20240626,54018,34890
20240625,54564,35200
20240624,52804,35470
20240623,51146,42660
20240622,54251,44060
20240621,50155,34560
20240620,49186,34560
20240619,49595,34970
20240618,51734,36170
20240617,50385,37230
20240616,49311,36240
20240615,51325,35820
20240614,52385,34360
20240613,52911,37600
20240612,50437,37730
20240611,50658,36790
20240610,48031,39060
20240609,48606,66530
20240608,51393,50680
20240607,49675,33560
20240606,47325,32120
20240605,50350,32190
20240604,52008,32340
20240603,49088,33050
20240602,49758,33990
20240601,49206,34160
20240531,47875,33740
20240530,48322,33330
20240529,50936,33900
20240528,52865,37520
20240527,47339,46760
20240526,39319,41770
20240525,46551,36900
20240524,53717,38210
20240523,56423,37600
20240522,47741,36540
20240521,50011,36810
20240520,52517,36770
20240519,52213,36210
20240518,52094,35770
20240517,54506,37870
20240516,52499,37710
20240515,49762,39360
20240514,49730,42650
20240513,53079,45860
20240512,57544,67710
20240511,52311,40190
20240510,52655,42860
20240509,53268,42710
20240508,53676,48260
20240507,54026,65130
20240506,58771,69150
20240505,58435,49390
20240504,53977,34580
20240503,51757,36420
20240502,53875,38410
20240501,58178,42170
20240430,55824,51010
20240429,59307,61730
20240428,52062,35040
20240427,52093,33700
20240426,56298,33030
20240425,52525,33700
20240424,51906,38490
20240423,55393,40950
20240422,51685,40960
20240421,55445,49620
20240420,56274,48370
20240419,52944,33370
20240418,55914,33810
20240417,52962,34940
20240416,50848,44200
20240415,62288,50220
20240414,55273,34610
20240413,53918,34360
20240412,53740,34350
20240411,52883,31990
20240410,52794,34600
20240409,52813,37050
20240408,53716,37460
20240407,58593,39430
20240406,57859,42100
20240405,56360,47570
20240404,58514,66210
20240403,71685,73720
20240402,57410,37350
20240401,55430,36170
20240331,50775,40620
20240330,54618,43360
20240329,64171,62650
20240328,69993,54720
20240327,52907,35570
20240326,61552,53730
20240325,59709,41970
20240324,50215,33010
20240323,46942,38040
20240322,53406,32790
20240321,54218,31030
20240320,54121,30320
20240319,53865,30710
20240318,53400,30380
20240317,53728,30770
20240316,54360,30730
20240315,52634,31100
20240314,54332,31560
20240313,52289,32930
20240312,54828,37700
20240311,48867,35730
20240310,49188,31470
20240309,52114,31590
20240308,48794,31850
20240307,50571,31750
20240306,52280,32790
20240305,56521,40760
20240304,53022,31110
20240303,50863,32500
20240302,52987,32460
20240301,55313,33506
20240229,55541,45610
20240228,51230,32460
20240227,53818,31870
20240226,52986,32520
20240225,51078,34790
20240224,50582,34810
20240223,50641,35480
20240222,51950,40380
20240221,52794,46350
20240220,49036,51600
20240219,67655,59980
20240218,48353,32450
20240217,48337,29320
20240216,49395,29250
20240215,50650,37390
20240214,51346,34400
20240213,48544,31240
20240212,48760,31460
20240211,49019,31480
20240210,51399,31300
20240209,50720,34570
20240208,51906,3341
20240207,51601,32330
20240206,53037,33530
20240205,55937,54230
20240204,52209,37790
20240203,53226,35450
20240202,53847,32110
20240201,52374,32900
20240131,52064,31120
20240130,48110,30890
20240129,49682,31200
20240128,47943,31840
20240127,45545,32610
20240126,51673,31520
20240125,52421,31640
20240124,49832,30940
20240123,51355,30920
20240122,51817,33330
20240121,52009,44530
20240120,55142,49600
20240119,54637,30930
20240118,55569,43070
20240117,51446,28900
20240116,51207,28820
20240115,51704,28660
20240114,49299,30000
20240113,53521,29680
20240112,52523,29420
20240111,48707,29160
20240110,53683,34180
20240109,51288,29290
20240108,51246,29220
20240107,50668,29600
20240106,51956,29780
20240105,52512,29850
20240104,51569,29960
20240103,50448,30130
20240102,50852,29870
20240101,50598,29750
20231231,51923,31490
20231230,47857,33480
20231229,47479,30707
20231228,50239,30790
20231227,51501,30750
20231226,48439,30830
20231225,52178,30740
20231224,52922,29690
20231223,49663,29430
20231222,50487,29080
20231221,51725,29420
20231220,52743,30530
20231219,52507,30770
20231218,49392,32120
20231217,50500,34510
20231216,61001,50930
20231215,65478,63230
20231214,58088,46820
20231213,51859,28950
20231212,53887,39350
20231211,58417,53010
20231210,50503,28960
20231209,54943,28830
20231208,52334,28830
20231207,53668,29120
20231206,54373,28790
20231205,54617,28720
20231204,54186,28440
20231203,52619,28430
20231202,51704,28100
20231201,51465,27770
20231130,53509,28120
20231129,53464,28500
20231128,53120,28750
20231127,53729,28220
20231126,51805,27770
20231125,53409,28320
20231124,51877,28240
20231123,56551,29850
20231122,53620,30980
20231121,52128,30100
20231120,53836,29690
20231119,52455,28540
20231118,53674,28750
20231117,55603,29560
20231116,53772,36980
20231115,54915,29210
20231114,55252,29660
20231113,53906,29790
20231112,52321,29380
20231111,52722,28460
20231110,54109,29370
20231109,51774,29820
20231108,52999,29080
20231107,55156,29500
20231106,58216,36730
20231105,51480,29210
20231104,52194,31160
20231103,56161,28830
20231102,53775,30290
20231101,54818,29630
20231031,52690,29910
20231030,54595,30070
20231029,56805,30100
20231028,56705,29970
20231027,56428,30940
20231026,55288,26660
20231025,55047,29430
20231024,54639,28290
20231023,48256,28630
20231022,52775,28320
20231021,51791,28440
20231020,52293,28320
20231019,54361,29530
20231018,56721,29360
20231017,53279,30600
20231016,51609,31940
20231015,52783,32520
20231014,56444,32110
20231013,48653,31930
20231012,49544,32120
20231011,48111,33030
20231010,54436,32380
20231009,60065,32630
20231008,59668,30910
20231007,55250,35600
20231006,61518,33900
20231005,61542,29350
20231004,60432,34670
20231003,59561,32470
20231002,59633,32680
20231001,61750,32480
20230930,60352,33320
20230929,61885,34210
20230928,60403,37740
20230927,64958,38830
20230926,63053,35810
20230925,64491,38040
20230924,67672,40310
20230923,67715,42300
20230922,66408,46900
20230921,68686,61360
20230920,70082,54930
20230919,71047,56890
20230918,72808,69210
20230917,86136,71680
20230916,72979,57090
20230915,56405,41430
20230914,58117,57520
20230913,57981,39370
20230912,61666,35690
20230911,63777,34990
20230910,60896,34600
20230909,59916,34610
20230908,61332,36540
20230907,63716,37480
20230906,62688,39910
20230905,61679,45400
20230904,65695,56050
20230903,72889,68920
20230902,74516,72720
20230901,74489,71720
20230831,63510,57640
20230830,63510,42570
20230829,64892,44990
20230828,60746,35400
20230827,61458,36400
20230826,63932,38380
20230825,63828,43360
20230824,71258,61560
20230823,67299,36400
20230822,61855,36210
20230821,61226,38430
20230820,60898,45630
20230819,64807,51700
20230818,60977,42350
20230817,61261,35970
20230816,62612,36250
20230815,63987,37530
20230814,61363,36960
20230813,60127,39320
20230812,64647,45680
20230811,77241,63770
20230810,112276,73710
20230809,74173,53970
20230808,54925,33690
20230807,56557,33610
20230806,56414,33960
20230805,57559,35340
20230804,58469,35150
20230803,60804,34120
20230802,55430,34960
20230801,58622,34660
20230731,59597,35110
20230730,58319,34560
20230729,60859,35640
20230728,57733,35780
20230727,58930,36270
20230726,57313,37130
20230725,56431,38950
20230724,58657,42850
20230723,57169,39180
20230722,52992,41530
20230721,67043,35530
20230720,62222,40390
20230719,86843,61340
20230718,83580,68740
20230717,82163,73610
20230716,85711,67520
20230715,72074,61630
20230714,81673,74170
20230713,83473,71850
20230712,90187,69440
20230711,71422,55560
20230710,70275,55580
20230709,74468,71910
20230708,76761,70900
20230707,68956,50660
20230706,63428,43150
20230705,70948,61550
20230704,62354,39950
20230703,64275,35680
20230702,62007,38030
20230701,70300,42220
20230630,76435,56420
20230629,66741,48250
20230628,86568,61680
20230627,63584,48360
20230626,68380,55160
20230625,59916,38300
20230624,56374,30430
20230623,58393,31820
20230622,59932,32990
20230621,69220,48420
20230620,56599,30950
20230619,57155,32430
20230618,54731,30570
20230617,55271,30620
20230616,56690,31440
20230615,55655,31710
20230614,56766,31720
20230613,57745,32120
20230612,57867,33150
20230611,58313,36740
20230610,57556,31670
20230609,55676,31300
20230608,55561,30430
20230607,56742,34000
20230606,56605,31670
20230605,57893,32640
20230604,58757,36090
20230603,57828,37450
20230602,60530,48340
20230601,58618,46230
20230531,60573,43700
20230530,67966,60150
20230529,63641,44100
20230528,58498,28370
20230527,52770,29800
20230526,53840,31910
20230525,53831,29440
20230524,53498,30400
20230523,52796,31060
20230522,55124,32400
20230521,57699,33440
20230520,57297,38320
20230519,59595,53870
20230518,58425,48720
20230517,54171,32890
20230516,51549,32230
20230515,54137,32760
20230514,57182,33850
20230513,63150,49560
20230512,55490,31970
20230511,53364,33320
20230510,53920,34470
20230509,82571,35570
20230508,86322,45700
20230507,91196,63890
20230506,90977,66120
20230505,92015,55100
20230504,81106,29050
20230503,87665,29250
20230502,83304,30270
20230501,80869,32580
20230430,84960,32780
20230429,90404,45100
20230428,83501,30730
20230427,87026,31250
20230426,83094,33190
20230425,83901,45060
20230424,83420,30320
20230423,76373,29990
20230422,81004,29810
20230421,87211,30410
20230420,82747,31070
20230419,85431,30690
20230418,86844,29910
20230417,85680,31790
20230416,82195,34930
20230415,88105,42410
20230414,86874,39130
20230413,79500,29690
20230412,80151,32650
20230411,81083,32390
20230410,85759,32120
20230409,83750,33840
20230408,80157,37160
20230407,88484,44960
20230406,82881,44570
20230405,89554,54380
20230404,76509,29690
20230403,77656,32710
20230402,74878,31860
20230401,70405,35280
20230331,77615,31960
20230330,77709,30930
20230329,75905,33630
20230328,76331,29750
20230327,78847,31710
20230326,79368,32120
20230325,86166,35610
20230324,81899,40780
20230323,88593,56620
20230322,76414,31680
20230321,74532,29120
20230320,73240,28930
20230319,78257,29240
20230318,78754,28210
20230317,77018,28290
20230316,79256,27590
20230315,75847,27080
20230314,76863,27920
20230313,73563,27850
20230312,80084,35910
20230311,77121,28800
20230310,80433,28720
20230309,85200,28200
20230308,79603,28060
20230307,72426,28200
20230306,81532,28650
20230305,77228,28180
20230304,75798,27350
20230303,76663,27710
20230302,76792,28210
20230301,78852,27270
20230228,76981,27280
20230227,79052,28090
20230226,79241,27860
20230225,76067,28520
20230224,77512,27940
20230223,78713,28010
20230222,76846,28110
20230221,82700,27795
20230220,77715,28030
20230219,78955,29600
20230218,79065,38310
20230217,79630,28640
20230216,80617,28040
20230215,77642,28500
20230214,78625,27960
20230213,79352,27910
20230212,75004,28810
20230211,77751,30740
20230210,74924,53720
20230209,77552,30650
20230208,76741,27570
20230207,77208,28240
20230206,76975,28620
20230205,75005,28260
20230204,77526,29530
20230203,76338,28760
20230202,77042,28690
20230201,80111,28600
20230131,76921,29470
20230130,76210,30140
20230129,77788,30170
20230128,80531,29380
20230127,77548,29190
20230126,76110,28400
20230125,75884,30290
20230124,81222,32450
20230123,81850,30770
20230122,76786,29450
20230121,81283,28910
20230120,84965,28610
20230119,86662,27880
20230118,64368,27780
20230117,79026,24900
20230116,85503,28240
20230115,83568,31680
20230114,85680,36090
20230113,89437,42060
20230112,81034,29160
20230111,77053,29910
20230110,74156,30450
20230109,81716,30090
20230108,69681,28850
20230107,77585,28110
20230106,77935,26610
20230105,76645,27210
20230104,76851,28270
20230103,75422,28870
20230102,74911,29050
20230101,73765,26960
20221231,74785,null
20221230,75348,31520
20221229,75064,34280
20221228,76231,null
20221227,74920,null
20221226,78746,null
20221225,71802,null
20221224,73876,null
20221223,78176,11111
20221222,75591,
20221221,83176,
20221220,74983,
20221219,72047,
20221218,79031,
20221217,72720,
20221216,74953,
20221215,74795,
20221214,79296,
20221213,78409,
20221212,75009,
20221211,81090,
20221210,78113,
20221209,81090,
20221208,78055,
20221207,78808,
20221206,79470,
20221205,80623,
20221204,83134,
20221203,81675,
20221202,80099,
20221201,78447,
20221130,84793,
20221129,91165,
20221128,82987,
20221127,81939,
20221126,83078,
20221125,71501,
20221124,76313,
20221123,82330,
20221122,78927,
20221121,80924,
20221120,78219,
20221119,83211,
20221118,81066,
20221117,74231,
20221116,77843,
20221115,76396,
20221114,72443,
20221113,80481,
20221112,76753,
20221111,75504,
20221110,79927,
20221109,71639,
20221108,70779,
20221107,77189,
20221106,83493,
20221105,70101,
20221104,78645,
20221103,75433,
20221102,74140,
20221101,80508,
20221031,78276,
20221030,78320,
20221029,75295,
20221028,70828,
20221027,75036,
20221026,79316,
20221025,82798,
20221024,81589,
20221023,82024,
20221022,81260,
20221021,80226,
20221020,86831,
20221019,80029,
20221018,83607,
20221017,78125,
20221016,83307,
20221015,84244,
20221014,81989,
20221013,83298,
20221012,82914,
20221011,83990,
20221010,80962,
20221009,82455,
20221008,83838,
20221007,86564,
20221006,68656,
20221005,83346,
20221004,81672,
20221003,80444,
20221002,80444,
20221001,79526,
20220930,84732,
20220929,80963,
20220928,80398,
20220927,82437,
20220926,79565,
20220925,84708,
20220924,84090,
20220923,86378,
20220922,83296,
20220921,85431,
20220920,86970,
20220919,98037,
20220918,89887,
20220917,86029,
20220916,85672,
20220915,85333,
20220914,90947,
20220913,82548,
20220912,78624,
20220911,78069,
20220910,80555,
20220909,86379,
20220908,90014,
20220907,96767,
20220906,104916,
20220905,97354,
20220904,86552,
20220903,92028,
20220902,102318,
20220901,90786,
20220831,91934,
20220830,83242,
20220829,85829,
20220828,85750,
20220827,85866,
20220826,70616,
20220825,82258,
20220824,89933,
20220823,88430,
20220822,89826,
20220821,86904,
20220820,87430,
20220819,83487,
20220818,87044,
20220817,93716,
20220816,79373,
20220815,79667,
20220814,80664,
20220813,85196,
20220812,78941,
20220811,81524,
20220810,75739,
20220809,76100,
20220808,74480,
20220807,80237,
20220806,80650,
20220805,82662,
20220804,82775,
20220803,79618,
20220802,78113,
20220801,79987,
20220731,84706,
20220730,82767,
20220729,84201,
20220728,81750,
20220727,86682,
20220726,80771,
20220725,79752,
20220724,91497,
20220723,86267,
20220722,87225,
20220721,90153,
20220720,89145,
20220719,82782,
20220718,93124,
20220717,80802,
20220716,87824,
20220715,87350,
20220714,87875,
20220713,84804,
20220712,88900,
20220711,86269,
20220710,78803,
20220709,74871,
20220708,75876,
20220707,74783,
20220706,78240,
20220705,86706,
20220704,85333,
20220703,85155,
20220702,92082,
20220701,78813,
20220630,88139,
20220629,92732,
20220628,88000,
20220627,89753,
20220626,81335,
20220625,85117,
20220624,91101,
20220623,83711,
20220622,75248,
20220621,78190,
20220620,76955,
20220619,79644,
20220618,75064,
20220617,74864,
20220616,75481,
20220615,77322,
20220614,78398,
20220613,78136,
20220612,74560,
20220611,71899,
20220610,75735,
20220609,77198,
20220608,73262,
20220607,76031,
20220606,87563,
20220605,85137,
20220604,77677,
20220603,75201,
20220602,77672,
20220601,73166,
20220531,78942,
20220530,84711,
20220529,79957,
20220528,78622,
20220527,76242,
20220526,77015,
20220525,80182,
20220524,76967,
20220523,76416,
20220522,71879,
20220521,73863,
20220520,77574,
20220519,78747,
20220518,73931,
20220517,77519,
20220516,74987,
20220515,76425,
20220514,76644,
20220513,78160,
20220512,77457,
20220511,75886,
20220510,72449,
20220509,76306,
20220508,71767,
20220507,79269,
20220506,75393,
20220505,76801,
20220504,80881,
20220503,74920,
20220502,75461,
20220501,77318,
20220430,72084,
20220429,80939,
20220428,79296,
20220427,88180,
20220426,91011,
20220425,75963,
20220424,72798,
20220423,74514,
20220422,74516,
20220421,78225,
20220420,76701,
20220419,71306,
20220418,74361,
20220417,69949,
20220416,70703,
20220415,76634,
20220414,72323,
20220413,71634,
20220412,78176,
20220411,70128,
20220410,71866,
20220409,68511,
20220408,74400,
20220407,73587,
20220406,77416,
20220405,73964,
20220404,78060,
20220403,74799,
20220402,75318,
20220401,78197,
20220331,68907,
20220330,78959,
20220329,79728,
20220328,75666,
20220327,80463,
20220326,82336,
20220325,73609,
20220324,74373,
20220323,70351,
20220322,67996,
20220321,67064,
20220320,65576,
20220319,69057,
20220318,76275,
20220317,66715,
20220316,65060,
20220315,67731,
20220314,65909,
20220313,62393,
20220312,66759,
20220311,68242,
20220310,68800,
20220309,63336,
20220308,68495,
20220307,69348,
20220306,67459,
20220305,68002,
20220304,65841,
20220303,69217,
20220302,68432,
20220301,66391,
20220228,67764,
20220227,65935,
20220226,65863,
20220225,67307,
20220224,69230,
20220223,68813,
20220222,70043,
20220221,70805,
20220220,68741,
20220219,68943,
20220218,72028,
20220217,68679,
20220216,69771,
20220215,68635,
20220214,70000,
20220213,66036,
20220212,67230,
20220211,71285,
20220210,68924,
20220209,72137,
20220208,72827,
20220207,73619,
20220206,69232,
20220205,69041,
20220204,69992,
20220203,71366,
20220202,70018,
20220201,69336,
20220131,71069,
20220130,65017,
20220129,69527,
20220128,70457,
20220127,69941,
20220126,71926,
20220125,71163,
20220124,69639,
20220123,71190,
20220122,70039,
20220121,67918,
20220120,66045,
20220119,68242,
20220118,69753,
20220117,68760,
20220116,66759,
20220115,67935,
20220114,62004,
20220113,66943,
20220112,66591,
20220111,68397,
20220110,70938,
20220109,67226,
20220108,64843,
20220107,66788,
20220106,71025,
20220105,69532,
20220104,68109,
20220103,69733,
20220102,66653,
20220101,65149,
20211231,68155,
20211230,68707,
20211229,69626,
20211228,69037,
20211227,67529,
20211226,64523,
20211225,64928,
20211224,68226,
20211223,70935,
20211222,61766,
20211221,65610,
20211220,67009,
20211219,68906,
20211218,70413,
20211217,67140,
20211216,69019,
20211215,68098,
20211214,70890,
20211213,58887,
20211212,56939,
20211211,68538,
20211210,70408,
20211209,68454,
20211208,71388,
20211207,68413,
20211206,67237,
20211205,60741,
20211204,66880,
20211203,67587,
20211202,69137,
20211201,70663,
20211130,68984,
20211129,70702,
20211128,69286,
20211127,70215,
20211126,70606,
20211125,69586,
20211124,69665,
20211123,68531,
20211122,72537,
20211121,70685,
20211120,70304,
20211119,67763,
20211118,69005,
20211117,64175,
20211116,69826,
20211115,69200,
20211114,67184,
20211113,71451,
20211112,68569,
20211111,69680,
20211110,73098,
20211109,73389,
20211108,78247,
20211107,71281,
20211106,74923,
20211105,73125,
20211104,74842,
20211103,72790,
20211102,68786,
20211101,68222,
20211031,72604,
20211030,76676,
20211029,68731,
20211028,72533,
20211027,72289,
20211026,71252,
20211025,69452,
20211024,75648,
20211023,73243,
20211022,73701,
20211021,70978,
20211020,76961,
20211019,75909,
20211018,71704,
20211017,76445,
20211016,80767,
20211015,78857,
20211014,78460,
20211013,72342,
20211012,76741,
20211011,74487,
20211010,69584,
20211009,78343,
20211008,80542,
20211007,80673,
20211006,81016,
20211005,73993,
20211004,69366,
20211003,71659,
20211002,69276,
20211001,85758,
20210930,92321,
20210929,80781,
20210928,79261,
20210927,73404,
20210926,72824,
20210925,78827,
20210924,77743,
20210923,79255,
20210922,79375,
20210921,80182,
20210920,77191,
20210919,75375,
20210918,79097,
20210917,92451,
20210916,74513,
20210915,76042,
20210914,86167,
20210913,80615,
20210912,75001,
20210911,71930,
20210910,79484,
20210909,78391,
20210908,80437,
20210907,81777,
20210906,79678,
20210905,77885,
20210904,76845,
20210903,78704,
20210902,78695,
20210901,80622,
20210831,78731,
20210830,83487,
20210829,79994,
20210828,87965,
20210827,79895,
20210826,93457,
20210825,90191,
20210824,100739,
20210823,91821,
20210822,90312,
20210821,96940,
20210820,84857,
20210819,75807,
20210818,86077,
20210817,81456,
20210816,77819,
20210815,70675,
20210814,82690,
20210813,81619,
20210812,79034,
20210811,83935,
20210810,85653,
20210809,83615,
20210808,81933,
20210807,78326,
20210806,82630,
20210805,83165,
20210804,79833,
20210803,82552,
20210802,74978,
20210801,78560,
20210731,77689,
20210730,75434,
20210729,82610,
20210728,81609,
20210727,83912,
20210726,83911,
20210725,72447,
20210724,79930,
20210723,81150,
20210722,78854,
20210721,83536,
20210720,84837,
20210719,84339,
20210718,75822,
20210717,74961,
20210716,80109,
20210715,81597,
20210714,82228,
20210713,81699,
20210712,80691,
20210711,78819,
20210710,79761,
20210709,76014,
20210708,85160,
20210707,84756,
20210706,91339,
20210705,84147,
20210704,92343,
20210703,83677,
20210702,80970,
20210701,80890,
20210630,80610,
20210629,78214,
20210628,76164,
20210627,76442,
20210626,81653,
20210625,81852,
20210624,82388,
20210623,79993,
20210622,77056,
20210621,72758,
20210620,72862,
20210619,82877,
20210618,85151,
20210617,87934,
20210616,93935,
20210615,81511,
20210614,86045,
20210613,76290,
20210612,83277,
20210611,91529,
20210610,72680,
20210609,70299,
20210608,70601,
20210607,73415,
20210606,67033,
20210605,75219,
20210604,77721,
20210603,82076,
20210602,70557,
20210601,73832,
20210531,75755,
20210530,75247,
20210529,71602,
20210528,73213,
20210527,70562,
20210526,72822,
20210525,74378,
20210524,75314,
20210523,70578,
20210522,71040,
20210521,83377,
20210520,80812,
20210519,69120,
20210518,77501,
20210517,78268,
20210516,90331,
20210515,76904,
20210514,70276,
20210513,68310,
20210512,68084,
20210511,70759,
20210510,73614,
20210509,70864,
20210508,71009,
20210507,73479,
20210506,76990,
20210505,87496,
20210504,73867,
20210503,68808,
20210502,69840,
20210501,75891,
20210430,75733,
20210429,76267,
20210428,74790,
20210427,74536,
20210426,69426,
20210425,65394,
20210424,75785,
20210423,73152,
20210422,75740,
20210421,72354,
20210420,77912,
20210419,76455,
20210418,64632,
20210417,71574,
20210416,74353,
20210415,76842,
20210414,82050,
20210413,84165,
20210412,75555,
20210411,74221,
20210410,77121,
20210409,78305,
20210408,79440,
20210407,74968,
20210406,80335,
20210405,83435,
20210404,90696,
20210403,85857,
20210402,80468,
20210401,75041,
20210331,74680,
20210330,77789,
20210329,81100,
20210328,76214,
20210327,78330,
20210326,77811,
20210325,73698,
20210324,76389,
20210323,73665,
20210322,73897,
20210321,76857,
20210320,77839,
20210319,74573,
20210318,78296,
20210317,76883,
20210316,72398,
20210315,76466,
20210314,72248,
20210313,80212,
20210312,82372,
20210311,71996,
20210310,73184,
20210309,72269,
20210308,73287,
20210307,74862,
20210306,71899,
20210305,75265,
20210304,74285,
20210303,77489,
20210302,85617,
20210301,76572,
20210228,65512,
20210227,69781,
20210226,74916,
20210225,75827,
20210224,72749,
20210223,71648,
20210222,77682,
20210221,72315,
20210220,73807,
20210219,73964,
20210218,71247,
20210217,73633,
20210216,70147,
20210215,77739,
20210214,76007,
20210213,70813,
20210212,71863,
20210211,71348,
20210210,70588,
20210209,73765,
20210208,70980,
20210207,72835,
20210206,75668,
20210205,74596,
20210204,73625,
20210203,74491,
20210202,71352,
20210201,78036,
20210131,69823,
20210130,70073,
20210129,73090,
20210128,72535,
20210127,74810,
20210126,78624,
20210125,71381,
20210124,72034,
20210123,72212,
20210122,73366,
20210121,71568,
20210120,71457,
20210119,69092,
20210118,70891,
20210117,70965,
20210116,69651,
20210115,70806,
20210114,71648,
20210113,76704,
20210112,73024,
20210111,71345,
20210110,73568,
20210109,72107,
20210108,72608,
20210107,73834,
20210106,77137,
20210105,74239,
20210104,75625,
20210103,69756,
20210102,72755,
20210101,74710,
20201231,71512,
20201230,78785,
20201229,76516,
20201228,78761,
20201227,73924,
20201226,75128,
20201225,74356,
20201224,78168,
20201223,72917,
20201222,72590,
20201221,76327,
20201220,75261,
20201219,76182,
20201218,74676,
20201217,75078,
20201216,77517,
20201215,78274,
20201214,75457,
20201213,79030,
20201212,79222,
20201211,72389,
20201210,74803,
20201209,74559,
20201208,77095,
20201207,73860,
20201206,74358,
20201205,74994,
20201204,75465,
20201203,77006,
20201202,76320,
20201201,76118,
20201130,73929,
20201129,72963,
20201128,70890,
20201127,78339,
20201126,75202,
20201125,74450,
20201124,71904,
20201123,74866,
20201122,77450,
20201121,79116,
20201120,76125,
20201119,78146,
20201118,74591,
20201117,75867,
20201116,78053,
20201115,76360,
20201114,77889,
20201113,75036,
20201112,77684,
20201111,77828,
20201110,79221,
20201109,77949,
20201108,72195,
20201107,76661,
20201106,81430,
20201105,82442,
20201104,80852,
20201103,81617,
20201102,80569,
20201101,78584,
20201031,76475,
20201030,80582,
20201029,82783,
20201028,82925,
20201027,81204,
20201026,80979,
20201025,81069,
20201024,81562,
20201023,79099,
20201022,79375,
20201021,79341,
20201020,80936,
20201019,81727,
20201018,81131,
20201017,81982,
20201016,87421,
20201015,83700,
20201014,85152,
20201013,83026,
20201012,80063,
20201011,80898,
20201010,82476,
20201009,82382,
20201008,83784,
20201007,82136,
20201006,79493,
20201005,81682,
20201004,79626,
20201003,79186,
20201002,81016,
20201001,81752,
20200930,82844,
20200929,81442,
20200928,80350,
20200927,81427,
20200926,81243,
20200925,83136,
20200924,81980,
20200923,83527,
20200922,86332,
20200921,84396,
20200920,84356,
20200919,84836,
20200918,84435,
20200917,85754,
20200916,85850,
20200915,87886,
20200914,85614,
20200913,81381,
20200912,85589,
20200911,84082,
20200910,84371,
20200909,85544,
20200908,87698,
20200907,91975,
20200906,87601,
20200905,86150,
20200904,67266,
20200903,75090,
20200902,88761,
20200901,82348,
20200831,82240,
20200830,81301,
20200829,85702,
20200828,85520,
20200827,83957,
20200826,85370,
20200825,85668,
20200824,85432,
20200823,82234,
20200822,82996,
20200821,85442,
20200820,82740,
20200819,85173,
20200818,84881,
20200817,85046,
20200816,85380,
20200815,86883,
20200814,87987,
20200813,86422,
20200812,86077,
20200811,85521,
20200810,86272,
20200809,85678,
20200808,82766,
20200807,82158,
20200806,85889,
20200805,74823,
20200804,79711,
20200803,85385,
20200802,85378,
20200801,86467,
20200731,89745,
20200730,92918,
20200729,92815,
20200728,94170,
20200727,88399,
20200726,82452,
20200725,85726,
20200724,90228,
20200723,90074,
20200722,86015,
20200721,83550,
20200720,84916,
20200719,79640,
20200718,80809,
20200717,81502,
20200716,84615,
20200715,89378,
20200714,92362,
20200713,92322,
20200712,84341,
20200711,82533,
20200710,87643,
20200709,81301,
20200708,78132,
20200707,77685,
20200706,76830,
20200705,81237,
20200704,77515,
20200703,80351,
20200702,83653,
20200701,76794,
20200630,84303,
20200629,84505,
20200628,81273,
20200627,83466,
20200626,84376,
20200625,83750,
20200624,86442,
20200623,82658,
20200622,79961,
20200621,77614,
20200620,80248,
20200619,87290,
20200618,81463,
20200617,85393,
20200616,82662,
20200615,83569,
20200614,84266,
20200613,83453,
20200612,76919,
20200611,79892,
20200610,78137,
20200609,77856,
20200608,77371,
20200607,75976,
20200606,77116,
20200605,75938,
20200604,77308,
20200603,74192,
20200602,86428,
20200601,78225,
20200531,77213,
20200530,78034,
20200529,79401,
20200528,74155,
20200527,77775,
20200526,80571,
20200525,77711,
20200524,74631,
20200523,73796,
20200522,77069,
20200521,77824,
20200520,76409,
20200519,78248,
20200518,78090,
20200517,77202,
20200516,76991,
20200515,78204,
20200514,76476,
20200513,77624,
20200512,78347,
20200511,79033,
20200510,79318,
20200509,78046,
20200508,74208,
20200507,74523,
20200506,74427,
20200505,75203,
20200504,74635,
20200503,72688,
20200502,72144,
20200501,73996,
20200430,73319,
20200429,73142,
20200428,71525,
20200427,76077,
20200426,72297,
20200425,75028,
20200424,74868,
20200423,76964,
20200422,78215,
20200421,79450,
20200420,76419,
20200419,77609,
20200418,76672,
20200417,79877,
20200416,77651,
20200415,72131,
20200414,74297,
20200413,75380,
20200412,74524,
20200411,73000,
20200410,74629,
20200409,75921,
20200408,78790,
20200407,75581,
20200406,75378,
20200405,74917,
20200404,77238,
20200403,78200,
20200402,80997,
20200401,83077,
20200331,78443,
20200330,73507,
20200329,73394,
20200328,75276,
20200327,76813,
20200326,79635,
20200325,74032,
20200324,75572,
20200323,76704,
20200322,73537,
20200321,74147,
20200320,73869,
20200319,76026,
20200318,76554,
20200317,76574,
20200316,78220,
20200315,77299,
20200314,76386,
20200313,76955,
20200312,77273,
20200311,79971,
20200310,83742,
20200309,76413,
20200308,76886,
20200307,78125,
20200306,77521,
20200305,77405,
20200304,76934,
20200303,79713,
20200302,77862,
20200301,76775,
20200229,79801,
20200228,80438,
20200227,78667,
20200226,79237,
20200225,77773,
20200224,79006,
20200223,76270,
20200222,79319,
20200221,84769,
20200220,85021,
20200219,81559,
20200218,80549,
20200217,79602,
20200216,78998,
20200215,80778,
20200214,84099,
20200213,90421,
20200212,88704,
20200211,81675,
20200210,76869,
20200209,76649,
20200208,80367,
20200207,79924,
20200206,80091,
20200205,80684,
20200204,90085,
20200203,83258,
20200202,81294,
20200201,84237,
20200131,90169,
20200130,84510,
20200129,85366,
20200128,87296,
20200127,89199,
20200126,81305,
20200125,79067,
20200124,81134,
20200123,84392,
20200122,80524,
20200121,80153,
20200120,82329,
20200119,81390,
20200118,81346,
20200117,83450,
20200116,85485,
20200115,85187,
20200114,82674,
20200113,82191,
20200112,82585,
20200111,81377,
20200110,82401,
20200109,88109,
20200108,88730,
20200107,89987,
20200106,87617,
20200105,87273,
20200104,87779,
20200103,87022,
20200102,82567,
20200101,80937,
20191231,85697,
20191230,87703,
20191229,79714,
20191228,82183,
20191227,86819,
20191226,86580,
20191225,83973,
20191224,84588,
20191223,85063,
20191222,81437,
20191221,83780,
20191220,84978,
20191219,87663,
20191218,85284,
20191217,85284,
20191216,86924,
20191215,84356,
20191214,84090,
20191213,86134,
20191212,89310,
20191211,89310,
20191210,87520,
20191209,87246,
20191208,83593,
20191207,86770,
20191206,88325,
20191205,85860,
20191204,87600,
20191203,87600,
20191202,91372,
20191201,92760,
20191130,93645,
20191129,87803,
20191128,90885,
20191127,89743,
20191126,77620,
20191125,94224,
20191124,91676,
20191123,91675,
20191122,91076,
20191121,88493,
20191120,90863,
20191119,91178,
20191118,91817,
20191117,93677,
20191116,91030,
20191115,88393,
20191114,91598,
20191113,89180,
20191112,92490,
20191111,92772,
20191110,91988,
20191109,94272,
20191108,94536,
20191107,94190,
20191106,92959,
20191105,95162,
20191104,96303,
20191103,95450,
20191102,94174,
20191101,96084,
20191031,94165,
20191030,97117,
20191029,95264,
20191028,90586,
20191027,92631,
20191026,94217,
20191025,91746,
20191024,91107,
20191023,92988,
20191022,93435,
20191021,91587,
20191020,91985,
20191019,95564,
20191018,97606,
20191017,98020,
20191016,97099,
20191015,97785,
20191014,96427,
20191013,94085,
20191012,93567,
20191011,96858,
20191010,99906,
20191009,92064,
20191008,101173,
20191007,99515,
20191006,94016,
20191005,95074,
20191004,102954,
20191003,105936,
20191002,103773,
20191001,101804,
20190930,101098,
20190929,104706,
20190928,104068,
20190927,97800,
20190926,102674,
20190925,104593,
20190924,104947,
20190923,105377,
20190922,102866,
20190921,100129,
20190920,97965,
20190919,97002,
20190918,104825,
20190917,100890,
20190916,97027,
20190915,96691,
20190914,94207,
20190913,96507,
20190912,97689,
20190911,97768,
20190910,99152,
20190909,97961,
20190908,93035,
20190907,100203,
20190906,99649,
20190905,97346,
20190904,98084,
20190903,96611,
20190902,98056,
20190901,98076,
20190831,96409,
20190830,96290,
20190829,97116,
20190828,89437,
20190827,98220,
20190826,98898,
20190825,101194,
20190824,101959,
20190823,100913,
20190822,103326,
20190821,100964,
20190820,100016,
20190819,101657,
20190818,100247,
20190817,98441,
20190816,98941,
20190815,105138,
20190814,103516,
20190813,100812,
20190812,98888,
20190811,97871,
20190810,99520,
20190809,101387,
20190808,103731,
20190807,106235,
20190806,106240,
20190805,100438,
20190804,100438,
20190803,102561,
20190802,99239,
20190801,98280,
20190731,100493,
20190730,100816,
20190729,97719,
20190728,97859,
20190727,97654,
20190726,97642,
20190725,98407,
20190724,99783,
20190723,99564,
20190722,104144,
20190721,105437,
20190720,107622,
20190719,102322,
20190718,96741,
20190717,95338,
20190716,98888,
20190715,97697,
20190714,95611,
20190713,98652,
20190712,98083,
20190711,97713,
20190710,97098,
20190709,96747,
20190708,93093,
20190707,92095,
20190706,93852,
20190705,97611,
20190704,98749,
20190703,98239,
20190702,100544,
20190701,102319,
20190630,101490,
20190629,98714,
20190628,98803,
20190627,100548,
20190626,99439,
20190625,91333,
20190624,93777,
20190623,91841,
20190622,95952,
20190621,96936,
20190620,98672,
20190619,97310,
20190618,95693,
20190617,95607,
20190616,95594,
20190615,97431,
20190614,95804,
20190613,96729,
20190612,94848,
20190611,97555,
20190610,96817,
20190609,94450,
20190608,96792,
20190607,100986,
20190606,93905,
20190605,86746,
20190604,100039,
20190603,93466,
20190602,93622,
20190601,94843,
20190531,94364,
20190530,98065,
20190529,97436,
20190528,96367,
20190527,98035,
20190526,94372,
20190525,91904,
20190524,93476,
20190523,96583,
20190522,94430,
20190521,93311,
20190520,94855,
20190519,93165,
20190518,95930,
20190517,92699,
20190516,93707,
20190515,92398,
20190514,93374,
20190513,92573,
20190512,91781,
20190511,91732,
20190510,93469,
20190509,93205,
20190508,91602,
20190507,91544,
20190506,90202,
20190505,92197,
20190504,93141,
20190503,80672,
20190502,94475,
20190501,93122,
20190430,93591,
20190429,90294,
20190428,90202,
20190427,90677,
20190426,94360,
20190425,92353,
20190424,95329,
20190423,91343,
20190422,76815,
20190421,56885,
20190420,60301,
20190419,86642,
20190418,92035,
20190417,92788,
20190416,91653,
20190415,91537,
20190414,90214,
20190413,90350,
20190412,92361,
20190411,91771,
20190410,95518,
20190409,91991,
20190408,93625,
20190407,90560,
20190406,90738,
20190405,90389,
20190404,90304,
20190403,89835,
20190402,90490,
20190401,90596,
20190331,88756,
20190330,90841,
20190329,90409,
20190328,90787,
20190327,92738,
20190326,94443,
20190325,93494,
20190324,90373,
20190323,93593,
20190322,98356,
20190321,99240,
20190320,94516,
20190319,90988,
20190318,92064,
20190317,91955,
20190316,89091,
20190315,93877,
20190314,93753,
20190313,91873,
20190312,89938,
20190311,92978,
20190310,101197,
20190309,91154,
20190308,89627,
20190307,90373,
20190306,92977,
20190305,92469,
20190304,92784,
20190303,91916,
20190302,92715,
20190301,92623,
20190228,93504,
20190227,93079,
20190226,93461,
20190225,92031,
20190224,90173,
20190223,90911,
20190222,92002,
20190221,93519,
20190220,96570,
20190219,95967,
20190218,92331,
20190217,91211,
20190216,91391,
20190215,93145,
20190214,91776,
20190213,91568,
20190212,90623,
20190211,91564,
20190210,89200,
20190209,90311,
20190208,90583,
20190207,92353,
20190206,91624,
20190205,90203,
20190204,93860,
20190203,95952,
20190202,92330,
20190201,94051,
20190131,94712,
20190130,88636,
20190129,84716,
20190128,89199,
20190127,87527,
20190126,87246,
20190125,89127,
20190124,88908,
20190123,87639,
20190122,88654,
20190121,88656,
20190120,87808,
20190119,87784,
20190118,88699,
20190117,89146,
20190116,88328,
20190115,88961,
20190114,88214,
20190113,85006,
20190112,86318,
20190111,86900,
20190110,85817,
20190109,87313,
20190108,86311,
20190107,85043,
20190106,84141,
20190105,85148,
20190104,86849,
20190103,87258,
20190102,88138,
20190101,85774,
20181231,86317,
20181230,84034,
20181229,85514,
20181228,86980,
20181227,88893,
20181226,83673,
20181225,86937,
20181224,87282,
20181223,88118,
20181222,89443,
20181221,90699,
20181220,90861,
20181219,89681,
20181218,91424,
20181217,87863,
20181216,86319,
20181215,86554,
20181214,85972,
20181213,88869,
20181212,88949,
20181211,88640,
20181210,89066,
20181209,86460,
20181208,85702,
20181207,86639,
20181206,88645,
20181205,89039,
20181204,90361,
20181203,90850,
20181202,89060,
20181201,87868,
20181130,90974,
20181129,89598,
20181128,89111,
20181127,89230,
20181126,89308,
20181125,90545,
20181124,88936,
20181123,89219,
20181122,90185,
20181121,90731,
20181120,89039,
20181119,96807,
20181118,88311,
20181117,89338,
20181116,90384,
20181115,90673,
20181114,93560,
20181113,91897,
20181112,91035,
20181111,88091,
20181110,92508,
20181109,94519,
20181108,93839,
20181107,88061,
20181106,90949,
20181105,91860,
20181104,84548,
20181103,86925,
20181102,91023,
20181101,90321,
20181031,90519,
20181030,90151,
20181029,91452,
20181028,91040,
20181027,87785,
20181026,90370,
20181025,93821,
20181024,92252,
20181023,89986,
20181022,92964,
20181021,89537,
20181020,88032,
20181019,88815,
20181018,91480,
20181017,91380,
20181016,91621,
20181015,95249,
20181014,87987,
20181013,88402,
20181012,88995,
20181011,89592,
20181010,90512,
20181009,89982,
20181008,92453,
20181007,97205,
20181006,99341,
20181005,96655,
20181004,91228,
20181003,87994,
20181002,88761,
20181001,94548,
20180930,97089,
20180929,98025,
20180928,94776,
20180927,91596,
20180926,89243,
20180925,90222,
20180924,89748,
20180923,91613,
20180922,94452,
20180921,97151,
20180920,93082,
20180919,94158,
20180918,92442,
20180917,89828,
20180916,88996,
20180915,91132,
20180914,91623,
20180913,90870,
20180912,92364,
20180911,90845,
20180910,97081,
20180909,91865,
20180908,92524,
20180907,93379,
20180906,93346,
20180905,94815,
20180904,94473,
20180903,101978,
20180902,92444,
20180901,98029,
20180831,91541,
20180830,92331,
20180829,90460,
20180828,93243,
20180827,91856,
20180826,89774,
20180825,85918,
20180824,88044,
20180823,91798,
20180822,87977,
20180821,89659,
20180820,88817,
20180819,87070,
20180818,86205,
20180817,91338,
20180816,88903,
20180815,85230,
20180814,86489,
20180813,88808,
20180812,82905,
20180811,88459,
20180810,89361,
20180809,89110,
20180808,85405,
20180807,87112,
20180806,90019,
20180805,87149,
20180804,85706,
20180803,88257,
20180802,89098,
20180801,88526,
20180731,84697,
20180730,88993,
20180729,87175,
20180728,88323,
20180727,91968,
20180726,91223,
20180725,91536,
20180724,84469,
20180723,75297,
20180722,86292,
20180721,87793,
20180720,87885,
20180719,85627,
20180718,88410,
20180717,87687,
20180716,86906,
20180715,90029,
20180714,90967,
20180713,91686,
20180712,95020,
20180711,89782,
20180710,92517,
20180709,94400,
20180708,86748,
20180707,84188,
20180706,93957,
20180705,103314,
20180704,107168,
20180703,114917,
20180702,92379,
20180701,92995,
20180630,94744,
20180629,96106,
20180628,93998,
20180627,85833,
20180626,89139,
20180625,89145,
20180624,88276,
20180623,88755,
20180622,91990,
20180621,89274,
20180620,86422,
20180619,92694,
20180618,92957,
20180617,90622,
20180616,90598,
20180615,91327,
20180614,88285,
20180613,93661,
20180612,91217,
20180611,93966,
20180610,85580,
20180609,86567,
20180608,89108,
20180607,84701,
20180606,88692,
20180605,91041,
20180604,92878,
20180603,87261,
20180602,88571,
20180601,91250,
20180531,91383,
20180530,85653,
20180529,80706,
20180528,96353,
20180527,91866,
20180526,87405,
20180525,68552,
20180524,101417,
20180523,95324,
20180522,88472,
20180521,93052,
20180520,90745,
20180519,88892,
20180518,91604,
20180517,93955,
20180516,92338,
20180515,92526,
20180514,90258,
20180513,91947,
20180512,85906,
20180511,87573,
20180510,84734,
20180509,88231,
20180508,84689,
20180507,89051,
20180506,88558,
20180505,86544,
20180504,80815,
20180503,92064,
20180502,89223,
20180501,85882,
20180430,88917,
20180429,84886,
20180428,84437,
20180427,92246,
20180426,87976,
20180425,84728,
20180424,92474,
20180423,90665,
20180422,82798,
20180421,85283,
20180420,88845,
20180419,90522,
20180418,91703,
20180417,86868,
20180416,87100,
20180415,88441,
20180414,89459,
20180413,86785,
20180412,88320,
20180411,75891,
20180410,99300,
20180409,92756,
20180408,83780,
20180407,87964,
20180406,93442,
20180405,87010,
20180404,82512,
20180403,86845,
20180402,88372,
20180401,86266,
20180331,85088,
20180330,89340,
20180329,88643,
20180328,88482,
20180327,89206,
20180326,88982,
20180325,88315,
20180324,87822,
20180323,89278,
20180322,90172,
20180321,96733,
20180320,90676,
20180319,100350,
20180318,88073,
20180317,88049,
20180316,92332,
20180315,93857,
20180314,85591,
20180313,88861,
20180312,89096,
20180311,87518,
20180310,86100,
20180309,88374,
20180308,99088,
20180307,88338,
20180306,89615,
20180305,90463,
20180304,84957,
20180303,86710,
20180302,84802,
20180301,85114,
20180228,90637,
20180227,85854,
20180226,87165,
20180225,85835,
20180224,86174,
20180223,88729,
20180222,87709,
20180221,86307,
20180220,90914,
20180219,86918,
20180218,84559,
20180217,87160,
20180216,89178,
20180215,90344,
20180214,89005,
20180213,88523,
20180212,87685,
20180211,78579,
20180210,89132,
20180209,90638,
20180208,90566,
20180207,92171,
20180206,88685,
20180205,90296,
20180204,85518,
20180203,85634,
20180202,91133,
20180201,88374,
20180131,82759,
20180130,86524,
20180129,88945,
20180128,88937,
20180127,87547,
20180126,88683,
20180125,87784,
20180124,89004,
20180123,86037,
20180122,85736,
20180121,84697,
20180120,84440,
20180119,83835,
20180118,83297,
20180117,86544,
20180116,90648,
20180115,85697,
20180114,85165,
20180113,81853,
20180112,85126,
20180111,85157,
20180110,85802,
20180109,84645,
20180108,85684,
20180107,83029,
20180106,84699,
20180105,84114,
20180104,87170,
20180103,86821,
20180102,86167,
20180101,83714,
20171231,84739,
20171230,84117,
20171229,86420,
20171228,82740,
20171227,82960,
20171226,85918,
20171225,82065,
20171224,85026,
20171223,86876,
20171222,83974,
20171221,86190,
20171220,85431,
20171219,86215,
20171218,89142,
20171217,83785,
20171216,83426,
20171215,85714,
20171214,85164,
20171213,83505,
20171212,83618,
20171211,86620,
20171210,84074,
20171209,84505,
20171208,84988,
20171207,89528,
20171206,85039,
20171205,83542,
20171204,83920,
20171203,81766,
20171202,83590,
20171201,84343,
20171130,85840,
20171129,86619,
20171128,85383,
20171127,87220,
20171126,83323,
20171125,84860,
20171124,86491,
20171123,86829,
20171122,86794,
20171121,82066,
20171120,86608,
20171119,88641,
20171118,84203,
20171117,86132,
20171116,84926,
20171115,85457,
20171114,86938,
20171113,85990,
20171112,85042,
20171111,81935,
20171110,84022,
20171109,88265,
20171108,89782,
20171107,88914,
20171106,87141,
20171105,86737,
20171104,87515,
20171103,89260,
20171102,90466,
20171101,88660,
20171031,88721,
20171030,83064,
20171029,86749,
20171028,88969,
20171027,86073,
20171026,89077,
20171025,91919,
20171024,82643,
20171023,87011,
20171022,84433,
20171021,84883,
20171020,87148,
20171019,87581,
20171018,81206,
20171017,81326,
20171016,84883,
20171015,86212,
20171014,84189,
20171013,84583,
20171012,88621,
20171011,86311,
20171010,83695,
20171009,80231,
20171008,85473,
20171007,86862,
20171006,81994,
20171005,81677,
20171004,82871,
20171003,89631,
20171002,91913,
20171001,80170,
20170930,82509,
20170929,85120,
20170928,85456,
20170927,85860,
20170926,86003,
20170925,85546,
20170924,81280,
20170923,83037,
20170922,87860,
20170921,86725,
20170920,75387,
20170919,87497,
20170918,85780,
20170917,87549,
20170916,83056,
20170915,83707,
20170914,87766,
20170913,93746,
20170912,90041,
20170911,88086,
20170910,85604,
20170909,84875,
20170908,85969,
20170907,87709,
20170906,88117,
20170905,89304,
20170904,82226,
20170903,80583,
20170902,85539,
20170901,87503,
20170831,85517,
20170830,82470,
20170829,83412,
20170828,84158,
20170827,79897,
20170826,81464,
20170825,84709,
20170824,85549,
20170823,86633,
20170822,90573,
20170821,88136,
20170820,87355,
20170819,87714,
20170818,85782,
20170817,88067,
20170816,85910,
20170815,87920,
20170814,87985,
20170813,85500,
20170812,86771,
20170811,86119,
20170810,86715,
20170809,90268,
20170808,88137,
20170807,85675,
20170806,84061,
20170805,86063,
20170804,91100,
20170803,84391,
20170802,84252,
20170801,86930,
20170731,89966,
20170730,82829,
20170729,87331,
20170728,84760,
20170727,87488,
20170726,86205,
20170725,85953,
20170724,89912,
20170723,83467,
20170722,82847,
20170721,84559,
20170720,86234,
20170719,85059,
20170718,86998,
20170717,83552,
20170716,83097,
20170715,83290,
20170714,83834,
20170713,82920,
20170712,88845,
20170711,86428,
20170710,84715,
20170709,82488,
20170708,88655,
20170707,87492,
20170706,100425,
20170705,92467,
20170704,86466,
20170703,75734,
20170702,57009,
20170701,76459,
20170630,79781,
20170629,80310,
20170628,75641,
20170627,77364,
20170626,80406,
20170625,84607,
20170624,82975,
20170623,82380,
20170622,81720,
20170621,83360,
20170620,81218,
20170619,80785,
20170618,78674,
20170617,81321,
20170616,81171,
20170615,80913,
20170614,79757,
20170613,79266,
20170612,77579,
20170611,80080,
20170610,80517,
20170609,80358,
20170608,78092,
20170607,81429,
20170606,77450,
20170605,78767,
20170604,78413,
20170603,78942,
20170602,81198,
20170601,80666,
20170531,81802,
20170530,80541,
20170529,81551,
20170528,78237,
20170527,82209,
20170526,82261,
20170525,84128,
20170524,84093,
20170523,80045,
20170522,82745,
20170521,78479,
20170520,78881,
20170519,75193,
20170518,79362,
20170517,76065,
20170516,82791,
20170515,79694,
20170514,81535,
20170513,84010,
20170512,88202,
20170511,82298,
20170510,83577,
20170509,88072,
20170508,81017,
20170507,79770,
20170506,81915,
20170505,83855,
20170504,83250,
20170503,79910,
20170502,80967,
20170501,83820,
20170430,82590,
20170429,85400,
20170428,86322,
20170427,72020,
20170426,76749,
20170425,78130,
20170424,76877,
20170423,80466,
20170422,81981,
20170421,80340,
20170420,81501,
20170419,84563,
20170418,81480,
20170417,82036,
20170416,83615,
20170415,85683,
20170414,85800,
20170413,82322,
20170412,79553,
20170411,92113,
20170410,80798,
20170409,77870,
20170408,83974,
20170407,90632,
20170406,86890,
20170405,79210,
20170404,77855,
20170403,80890,
20170402,80370,
20170401,81320,
20170331,83320,
20170330,85140,
20170329,75260,
20170328,56567,
20170327,50043,
20170326,57798,
20170325,81396,
20170324,84045,
20170323,83168,
20170322,83406,
20170321,93816,
20170320,91226,
20170319,83011,
20170318,82097,
20170317,81966,
20170316,83941,
20170315,85358,
20170314,85317,
20170313,84209,
20170312,82611,
20170311,79482,
20170310,79491,
20170309,77938,
20170308,76405,
20170307,75105,
20170306,74041,
20170305,73325,
20170304,76927,
20170303,80053,
20170302,83494,
20170301,85750,
20170228,86027,
20170227,86888,
20170226,84151,
20170225,83111,
20170224,86546,
20170223,88187,
20170222,90242,
20170221,85078,
20170220,85080,
20170219,85004,
20170218,83787,
20170217,94055,
20170216,86107,
20170215,83792,
20170214,84365,
20170213,89759,
20170212,85429,
20170211,84954,
20170210,84965,
20170209,86492,
20170208,84037,
20170207,84386,
20170206,86750,
20170205,89606,
20170204,83349,
20170203,82932,
20170202,86811,
20170201,84009,
20170131,80327,
20170130,83613,
20170129,81871,
20170128,87482,
20170127,87922,
20170126,86742,
20170125,86119,
20170124,88823,
20170123,86189,
20170122,87130,
20170121,84631,
20170120,86729,
20170119,85169,
20170118,83400,
20170117,82779,
20170116,83414,
20170115,81106,
20170114,82207,
20170113,86081,
20170112,82257,
20170111,83050,
20170110,83398,
20170109,90024,
20170108,95131,
20170107,85075,
20170106,86952,
20170105,82653,
20170104,81842,
20170103,85127,
20170102,83058,
20170101,82873,
20161231,84573,
20161230,84276,
20161229,84051,
20161228,83020,
20161227,83849,
20161226,88214,
20161225,83201,
20161224,83010,
20161223,84382,
20161222,98861,
20161221,85249,
20161220,81113,
20161219,85274,
20161218,81482,
20161217,81474,
20161216,82148,
20161215,83085,
20161214,84674,
20161213,84965,
20161212,82904,
20161211,84276,
20161210,82605,
20161209,82410,
20161208,80125,
20161207,82147,
20161206,84204,
20161205,84214,
20161204,83056,
20161203,84843,
20161202,83036,
20161201,84383,
20161130,85235,
20161129,83422,
20161128,83383,
20161127,82049,
20161126,82040,
20161125,82742,
20161124,85303,
20161123,86880,
20161122,84131,
20161121,83896,
20161120,84780,
20161119,86842,
20161118,87397,
20161117,84277,
20161116,89962,
20161115,87932,
20161114,90223,
20161113,83873,
20161112,84946,
20161111,83156,
20161110,84165,
20161109,84464,
20161108,85910,
20161107,86541,
20161106,85738,
20161105,87243,
20161104,84078,
20161103,86741,
20161102,84491,
20161101,79743,
20161031,84963,
20161030,85547,
20161029,86360,
20161028,88724,
20161027,87948,
20161026,88998,
20161025,87821,
20161024,85085,
20161023,87811,
20161022,88394,
20161021,91911,
20161020,89735,
20161019,91054,
20161018,88265,
20161017,86308,
20161016,90928,
20161015,87741,
20161014,87073,
20161013,89616,
20161012,86348,
20161011,82536,
20161010,88317,
20161009,94238,
20161008,104352,
20161007,100797,
20161006,103010,
20161005,105093,
20161004,87991,
20161003,89850,
20161002,89925,
20161001,91939,
20160930,100266,
20160929,101791,
20160928,103461,
20160927,86342,
20160926,84793,
20160925,81734,
20160924,84960,
20160923,84669,
20160922,88180,
20160921,91380,
20160920,99057,
20160919,82374,
20160918,91613,
20160917,84497,
20160916,88211,
20160915,85716,
20160914,88739,
20160913,87817,
20160912,95928,
20160911,85298,
20160910,87265,
20160909,90516,
20160908,92227,
20160907,91531,
20160906,90705,
20160905,94166,
20160904,94221,
20160903,114775,
20160902,107345,
20160901,91060,
20160831,95811,
20160830,95618,
20160829,99842,
20160828,114323,
20160827,88976,
20160826,89416,
20160825,88816,
20160824,90645,
20160823,89476,
20160822,90448,
20160821,91866,
20160820,91116,
20160819,89902,
20160818,89155,
20160817,88786,
20160816,99846,
20160815,94613,
20160814,86222,
20160813,82123,
20160812,85749,
20160811,85610,
20160810,84648,
20160809,86147,
20160808,86650,
20160807,85702,
20160806,85707,
20160805,90415,
20160804,90551,
20160803,87358,
20160802,82965,
20160801,86512,
20160731,87465,
20160730,89232,
20160729,85993,
20160728,85640,
20160727,87964,
20160726,86336,
20160725,86799,
20160724,86255,
20160723,88439,
20160722,88601,
20160721,89061,
20160720,91433,
20160719,88599,
20160718,89388,
20160717,86321,
20160716,87606,
20160715,91813,
20160714,93569,
20160713,88460,
20160712,88574,
20160711,100118,
20160710,87831,
20160709,89484,
20160708,90654,
20160707,90287,
20160706,93481,
20160705,98807,
20160704,109223,
20160703,102039,
20160702,101343,
20160701,88123,
20160630,85813,
20160629,84295,
20160628,85514,
20160627,77427,
20160626,84347,
20160625,91679,
20160624,105520,
20160623,87472,
20160622,90275,
20160621,91473,
20160620,89320,
20160619,87770,
20160618,88390,
20160617,87194,
20160616,88695,
20160615,86242,
20160614,86293,
20160613,85866,
20160612,88858,
20160611,85313,
20160610,88405,
20160609,89829,
20160608,90614,
20160607,90965,
20160606,90371,
20160605,93387,
20160604,92637,
20160603,91335,
20160602,87769,
20160601,84523,
20160531,88919,
20160530,82724,
20160529,82421,
20160528,84853,
20160527,84005,
20160526,86362,
20160525,87371,
20160524,97999,
20160523,84480,
20160522,85336,
20160521,83699,
20160520,80552,
20160519,75594,
20160518,83056,
20160517,85961,
20160516,89354,
20160515,83606,
20160514,85204,
20160513,81374,
20160512,88119,
20160511,86497,
20160510,86393,
20160509,84402,
20160508,81608,
20160507,84469,
20160506,86080,
20160505,91025,
20160504,72486,
20160503,65982,
20160502,71649,
20160501,76313,
20160430,84942,
20160429,85395,
20160428,86184,
20160427,90905,
20160426,80550,
20160425,88992,
20160424,91840,
20160423,98561,
20160422,101392,
20160421,97533,
20160420,88086,
20160419,88086,
20160418,90412,
20160417,87438,
20160416,86588,
20160415,87748,
20160414,81868,
20160413,85070,
20160412,90796,
20160411,85446,
20160410,85673,
20160409,89430,
20160408,91946,
20160407,89687,
20160406,82915,
20160405,81885,
20160404,80536,
20160403,75773,
20160402,78477,
20160401,82580,
20160331,84662,
20160330,79705,
20160329,83313,
20160328,79022,
20160327,80411,
20160326,82457,
20160325,84531,
20160324,84888,
20160323,84906,
20160322,82934,
20160321,84248,
20160320,83937,
20160319,86105,
20160318,94065,
20160317,84068,
20160316,76840,
20160315,79690,
20160314,81730,
20160313,87880,
20160312,83663,
20160311,85038,
20160310,83269,
20160309,88764,
20160308,84492,
20160307,83680,
20160306,84371,
20160305,81907,
20160304,81569,
20160303,76907,
20160302,81407,
20160301,82087,
20160229,83308,
20160228,83162,
20160227,81079,
20160226,82376,
20160225,83140,
20160224,82574,
20160223,84415,
20160222,81645,
20160221,79041,
20160220,80683,
20160219,81060,
20160218,82236,
20160217,82114,
20160216,79968,
20160215,81689,
20160214,79881,
20160213,86212,
20160212,84491,
20160211,80100,
20160210,80852,
20160209,76971,
20160208,77385,
20160207,80817,
20160206,79997,
20160205,79337,
20160204,79789,
20160203,80231,
20160202,81962,
20160201,82714,
20160131,82627,
20160130,85506,
20160129,113561,
20160128,82251,
20160127,83383,
20160126,81707,
20160125,76653,
20160124,79415,
20160123,83173,
20160122,77528,
20160121,79804,
20160120,77891,
20160119,80108,
20160118,77662,
20160117,81589,
20160116,81739,
20160115,80309,
20160114,84239,
20160113,79646,
20160112,81152,
20160111,79171,
20160110,80445,
20160109,81978,
20160108,80210,
20160107,81516,
20160106,77656,
20160105,77576,
20160104,84815,
20160103,79187,
20160102,79877,
20160101,81234,
20151231,83628,
20151230,83086,
20151229,84336,
20151228,83794,
20151227,82508,
20151226,82567,
20151225,83122,
20151224,83654,
20151223,83594,
20151222,81650,
20151221,87104,
20151220,80045,
20151219,83366,
20151218,81153,
20151217,84317,
20151216,83549,
20151215,80740,
20151214,76877,
20151213,80758,
20151212,79288,
20151211,89180,
20151210,85343,
20151209,79754,
20151208,82438,
20151207,78679,
20151206,77419,
20151205,76008,
20151204,80018,
20151203,79044,
20151202,80043,
20151201,67205,
20151130,85379,
20151129,82900,
20151128,83329,
20151127,86035,
20151126,82010,
20151125,84464,
20151124,80781,
20151123,80393,
20151122,81568,
20151121,81290,
20151120,79953,
20151119,80629,
20151118,80987,
20151117,84954,
20151116,83622,
20151115,81970,
20151114,85751,
20151113,87362,
20151112,83844,
20151111,84164,
20151110,86541,
20151109,84109,
20151108,90436,
20151107,86501,
20151106,85731,
20151105,81320,
20151104,80566,
20151103,79324,
20151102,80645,
20151101,81980,
20151031,77648,
20151030,82235,
20151029,82361,
20151028,78530,
20151027,86280,
20151026,84080,
20151025,86515,
20151024,88386,
20151023,87300,
20151022,84647,
20151021,85231,
20151020,84296,
20151019,87236,
20151018,82918,
20151017,82224,
20151016,88093,
20151015,83590,
20151014,87645,
20151013,87008,
20151012,88550,
20151011,81770,
20151010,84716,
20151009,88187,
20151008,88524,
20151007,86980,
20151006,81331,
20151005,82150,
20151004,85337,
20151003,92132,
20151002,95046,
20151001,99873,
20150930,86600,
20150929,89193,
20150928,90209,
20150927,92240,
20150926,92763,
20150925,90664,
20150924,104084,
20150923,92915,
20150922,84408,
20150921,90005,
20150920,91513,
20150919,92561,
20150918,96018,
20150917,109284,
20150916,88332,
20150915,88728,
20150914,87221,
20150913,90033,
20150912,92152,
20150911,93841,
20150910,93995,
20150909,84802,
20150908,91078,
20150907,84620,
20150906,91163,
20150905,90921,
20150904,90431,
20150903,87375,
20150902,88816,
20150901,91467,
20150831,90865,
20150830,89746,
20150829,89549,
20150828,88866,
20150827,88827,
20150826,92523,
20150825,90914,
20150824,85980,
20150823,88069,
20150822,92864,
20150821,96548,
20150820,79690,
20150819,74718,
20150818,90105,
20150817,88211,
20150816,89068,
20150815,92158,
20150814,88027,
20150813,91514,
20150812,90400,
20150811,84646,
20150810,84646,
20150809,84108,
20150808,84185,
20150807,88646,
20150806,89877,
20150805,84206,
20150804,86948,
20150803,91658,
20150802,86780,
20150801,86304,
20150731,73594,
20150730,90308,
20150729,85920,
20150728,82572,
20150727,87144,
20150726,89926,
20150725,88264,
20150724,94835,
20150723,96068,
20150722,89325,
20150721,85035,
20150720,83907,
20150719,82890,
20150718,80606,
20150717,83741,
20150716,84295,
20150715,85406,
20150714,94460,
20150713,106965,
20150712,95040,
20150711,80738,
20150710,86117,
20150709,95538,
20150708,103527,
20150707,88864,
20150706,84104,
20150705,82313,
20150704,80649,
20150703,83583,
20150702,83252,
20150701,84764,
20150630,84764,
20150629,83159,
20150628,80396,
20150627,83328,
20150626,89100,
20150625,82348,
20150624,84482,
20150623,83693,
20150622,81056,
20150621,79335,
20150620,83651,
20150619,82050,
20150618,82534,
20150617,81094,
20150616,79744,
20150615,82344,
20150614,78930,
20150613,79261,
20150612,82383,
20150611,85392,
20150610,78167,
20150609,84925,
20150608,83448,
20150607,82746,
20150606,82740,
20150605,84128,
20150604,81623,
20150603,81648,
20150602,81957,
20150601,81304,
20150531,81122,
20150530,79674,
20150529,82568,
20150528,83412,
20150527,82838,
20150526,85825,
20150525,83902,
20150524,91156,
20150523,83271,
20150522,86202,
20150521,89998,
20150520,93587,
20150519,95899,
20150518,93160,
20150517,84596,
20150516,92933,
20150515,104332,
20150514,124347,
20150513,101060,
20150512,110305,
20150511,87624,
20150510,84156,
20150509,84460,
20150508,89759,
20150507,83571,
20150506,89811,
20150505,86188,
20150504,96624,
20150503,96797,
20150502,87852,
20150501,84523,
20150430,100392,
20150429,98271,
20150428,117616,
20150427,100686,
20150426,82460,
20150425,85188,
20150424,86649,
20150423,92083,
20150422,105175,
20150421,110674,
20150420,144685,
20150419,155081,
20150418,85148,
20150417,83882,
20150416,87987,
20150415,83827,
20150414,89554,
20150413,89945,
20150412,85208,
20150411,85685,
20150410,90841,
20150409,90704,
20150408,87409,
20150407,90486,
20150406,95845,
20150405,102658,
20150404,96053,
20150403,103044,
20150402,87158,
20150401,85212,
20150331,84201,
20150330,88075,
20150329,84112,
20150328,84690,
20150327,86544,
20150326,84989,
20150325,84313,
20150324,88005,
20150323,85977,
20150322,83876,
20150321,92450,
20150320,87220,
20150319,95974,
20150318,107134,
20150317,83364,
20150316,82370,
20150315,85394,
20150314,84418,
20150313,90197,
20150312,89125,
20150311,82114,
20150310,87724,
20150309,87060,
20150308,86190,
20150307,88372,
20150306,76246,
20150305,83303,
20150304,84287,
20150303,78702,
20150302,81399,
20150301,80578,
20150228,82625,
20150227,82209,
20150226,83947,
20150225,83078,
20150224,84481,
20150223,81988,
20150222,80994,
20150221,82206,
20150220,83428,
20150219,84250,
20150218,83978,
20150217,82950,
20150216,86747,
20150215,81030,
20150214,79094,
20150213,86212,
20150212,88828,
20150211,89380,
20150210,86401,
20150209,86518,
20150208,86737,
20150207,88083,
20150206,86645,
20150205,89094,
20150204,88511,
20150203,86556,
20150202,83351,
20150201,89714,
20150131,86203,
20150130,85365,
20150129,87922,
20150128,86897,
20150127,89185,
20150126,89967,
20150125,87867,
20150124,88052,
20150123,88043,
20150122,90798,
20150121,91610,
20150120,89489,
20150119,89180,
20150118,91760,
20150117,94733,
20150116,91375,
20150115,89453,
20150114,87230,
20150113,86888,
20150112,86207,
20150111,89030,
20150110,88608,
20150109,87738,
20150108,87149,
20150107,90036,
20150106,89225,
20150105,88042,
20150104,85805,
20150103,88722,
20150102,85231,
20150101,80407,
20141231,85345,
20141230,81136,
20141229,82746,
20141228,76890,
20141227,82974,
20141226,90937,
20141225,87878,
20141224,87292,
20141223,84167,
20141222,90862,
20141221,87299,
20141220,90714,
20141219,85457,
20141218,80082,
20141217,81273,
20141216,82503,
20141215,86793,
20141214,79476,
20141213,77243,
20141212,79587,
20141211,73665,
20141210,80296,
20141209,70894,
20141208,67152,
20141207,72150,
20141206,74140,
20141205,74710,
20141204,73992,
20141203,77714,
20141202,73828,
20141201,72977,
20141130,81325,
20141129,77343,
20141128,78628,
20141127,81730,
20141126,80444,
20141125,86710,
20141124,79992,
20141123,74381,
20141122,74245,
20141121,73801,
20141120,81475,
20141119,71606,
20141118,71958,
20141117,72139,
20141116,71580,
20141115,71065,
20141114,71672,
20141113,67205,
20141112,74991,
20141111,76556,
20141110,76602,
20141109,73680,
20141108,76869,
20141107,83342,
20141106,78614,
20141105,76813,
20141104,83339,
20141103,87206,
20141102,85522,
20141101,89614,
20141031,87132,
20141030,86520,
20141029,84000,
20141028,81858,
20141027,92648,
20141026,96151,
20141025,92105,
20141024,93943,
20141023,98380,
20141022,106231,
20141021,97260,
20141020,114173,
20141019,94460,
20141018,99124,
20141017,99861,
20141016,100316,
20141015,101289,
20141014,114604,
20141013,132210,
20141012,92934,
20141011,89526,
20141010,99072,
20141009,101744,
20141008,96729,
20141007,87780,
20141006,88561,
20141005,90800,
20141004,87034,
20141003,92984,
20141002,93387,
20141001,93604,
20140930,91836,
20140929,90451,
20140928,91218,
20140927,95238,
20140926,98131,
20140925,112859,
20140924,137856,
20140923,101325,
20140922,92373,
20140921,93926,
20140920,96156,
20140919,95131,
20140918,96576,
20140917,97842,
20140916,97599,
20140915,98669,
20140914,96448,
20140913,95925,
20140912,102965,
20140911,102672,
20140910,98891,
20140909,98100,
20140908,100298,
20140907,100367,
20140906,95650,
20140905,98909,
20140904,116560,
20140903,125083,
20140902,97831,
20140901,99932,
20140831,102248,
20140830,103062,
20140829,100865,
20140828,104926,
20140827,134625,
20140826,110565,
20140825,98533,
20140824,93853,
20140823,99196,
20140822,102605,
20140821,126021,
20140820,135456,
20140819,136218,
20140818,136952,
20140817,100459,
20140816,115699,
20140815,145559,
20140814,129212,
20140813,97929,
20140812,99300,
20140811,102786,
20140810,105604,
20140809,97480,
20140808,99620,
20140807,99901,
20140806,102792,
20140805,107496,
20140804,123082,
20140803,133411,
20140802,104667,
20140801,91764,
20140731,93094,
20140730,92401,
20140729,88567,
20140728,86018,
20140727,89401,
20140726,88952,
20140725,86354,
20140724,89569,
20140723,89407,
20140722,90399,
20140721,96231,
20140720,97364,
20140719,104744,
20140718,115310,
20140717,94298,
20140716,101988,
20140715,96463,
20140714,92258,
20140713,90420,
20140712,80800,
20140711,90423,
20140710,84108,
20140709,94967,
20140708,98456,
20140707,95015,
20140706,103727,
20140705,108274,
20140704,85477,
20140703,97906,
20140702,87838,
20140701,87615,
20140630,91511,
20140629,89188,
20140628,92187,
20140627,89429,
20140626,86591,
20140625,84110,
20140624,87939,
20140623,88127,
20140622,89909,
20140621,85754,
20140620,87732,
20140619,86265,
20140618,86547,
20140617,86614,
20140616,88841,
20140615,89149,
20140614,91950,
20140613,92138,
20140612,89099,
20140611,87772,
20140610,83883,
20140609,85838,
20140608,87944,
20140607,88860,
20140606,88597,
20140605,90588,
20140604,88479,
20140603,89833,
20140602,90137,
20140601,88678,
20140531,89746,
20140530,87783,
20140529,89329,
20140528,83864,
20140527,88449,
20140526,95224,
20140525,92627,
20140524,88409,
20140523,87684,
20140522,87764,
20140521,87550,
20140520,85465,
20140519,88863,
20140518,93190,
20140517,95445,
20140516,87332,
20140515,93606,
20140514,88857,
20140513,99162,
20140512,96660,
20140511,85956,
20140510,80274,
20140509,68452,
20140508,96079,
20140507,83794,
20140506,83703,
20140505,83720,
20140504,82488,
20140503,86415,
20140502,85936,
20140501,93578,
20140430,101290,
20140429,134801,
20140428,150182,
20140427,86799,
20140426,84663,
20140425,86090,
20140424,83974,
20140423,85051,
20140422,88971,
20140421,88563,
20140420,89438,
20140419,97444,
20140418,93442,
20140417,93802,
20140416,86142,
20140415,84433,
20140414,83118,
20140413,90668,
20140412,82752,
20140411,84124,
20140410,77887,
20140409,82937,
20140408,81236,
20140407,77107,
20140406,83706,
20140405,82931,
20140404,83783,
20140403,88336,
20140402,76557,
20140401,86914,
20140331,86246,
20140330,97460,
20140329,100736,
20140328,91275,
20140327,89748,
20140326,102134,
20140325,86980,
20140324,85172,
20140323,80051,
20140322,85903,
20140321,83329,
20140320,86017,
20140319,77645,
20140318,81367,
20140317,79913,
20140316,85387,
20140315,82338,
20140314,82050,
20140313,144312,
20140312,114252,
20140311,73216,
20140310,70392,
20140309,68721,
20140308,69959,
20140307,69996,
20140306,71118,
20140305,79196,
20140304,74454,
20140303,74956,
20140302,77273,
20140301,81047,
20140228,83682,
20140227,82013,
20140226,87728,
20140225,79994,
20140224,78170,
20140223,77091,
20140222,79193,
20140221,78309,
20140220,79879,
20140219,75517,
20140218,77471,
20140217,82246,
20140216,81589,
20140215,79225,
20140214,85863,
20140213,73852,
20140212,73852,
20140211,78022,
20140210,83610,
20140209,79992,
20140208,88928,
20140207,82577,
20140206,82125,
20140205,80094,
20140204,79825,
20140203,78947,
20140202,83353,
20140201,82607,
20140131,81084,
20140130,82222,
20140129,86294,
20140128,87084,
20140127,81314,
20140126,80416,
20140125,91630,
20140124,82915,
20140123,85262,
20140122,78331,
20140121,84185,
20140120,81381,
20140119,84692,
20140118,80948,
20140117,83034,
20140116,83313,
20140115,82985,
20140114,79065,
20140113,82639,
20140112,83531,
20140111,81998,
20140110,80262,
20140109,88008,
20140108,95529,
20140107,78627,
20140106,75037,
20140105,75361,
20140104,73305,
20140103,75449,
20140102,81800,
20140101,87788,
